{"benchmarks": [[0.785824968945235, 0.8114989106543362, 0.8304475243203342, 0.8080149628221989, 0.7960900361649692, 0.7871530260890722, 0.7870949539355934, 0.7859927681274712, 0.7812179736793041, 0.7878117500804365], [1.662912898696959, 1.684015678241849, 1.6859415732324123, 1.6900291927158833, 1.818857077974826, 1.7021618247963488, 1.661726902704686, 1.8729175231419504, 1.6735081849619746, 1.6889749080874026], [4.488337671849877, 4.572990202810615, 4.482403594069183, 4.605728866066784, 4.492347978055477, 4.731419496238232, 4.458576303906739, 4.457104878965765, 4.4941460164263844, 4.6330548310652375], [13.872652973979712, 13.370044184383005, 13.39621062297374, 13.852843175176531, 13.817259949166328, 13.874743381980807, 13.51839143782854, 13.571610623970628, 13.392769412137568, 13.490581882186234], [41.7563585722819, 42.64785778615624, 42.036042178049684, 41.911709441803396, 41.439985727891326, 41.389719295781106, 41.33602660801262, 41.68261127220467, 42.08356583863497, 42.180137360002846], [131.12026403890923, 130.39269369188696, 131.20420065429062, 129.79004419781268, 130.41152618918568, 131.10860157944262, 130.85561037622392, 132.51034292811528, 130.89918459998444, 131.81875397870317], [412.22537921834737, 410.5950397308916, 412.3485949886963, 410.5999020882882, 413.6708077536896, 415.42390231601894, 414.2321977936663, 414.1101263691671, 413.4479060419835, 411.31544070784]], "medians": [787.4823880847543, 1687.4582406599075, 4493.246997240931, 13545.001030899584, 41834.03400704265, 131003.89308971353, 412898.2505153399], "lengs": [10.0, 31.622776601683796, 100.0, 316.2277660168379, 1000.0, 3162.277660168379, 10000.0]}