{"benchmarks": [[1069.1642387760803, 1063.2604944190243, 1104.7349920650013, 1089.5551265260438, 1029.0080347199691, 1082.793996995897, 1094.7985552609898, 1072.5274792769924, 1032.3253881970886, 1080.5410523760365]], "medians": [1076534.2658265145], "lengs": [19998.61869632745]}