{"benchmarks": [[11.801865299697965, 11.852227699011564, 11.925360360182822, 11.93837478896603, 11.917795554734766, 11.98188384436071, 11.99777808599174, 11.962367891333997, 11.835490602068603, 12.08952002087608], [19.912753875833005, 20.176265872083604, 19.8647615397349, 20.03886615904048, 19.69508184166625, 20.029135919176042, 20.088509358931333, 19.94401312386617, 20.07216642703861, 19.930067331064492], [32.17575846379623, 31.67063360195607, 34.68700951896608, 31.842621870804578, 32.09280093293637, 31.755730675067753, 31.77157541597262, 31.875470181927085, 31.569849099963903, 32.29107469506562], [55.12656248221174, 54.866336192935705, 56.5066983490251, 55.81999035086483, 55.88167485920712, 55.51767981424928, 55.876515474170446, 55.94100240897387, 55.863391225691885, 56.45537992194295], [106.57743655983359, 106.35995905520394, 107.22905906289816, 105.0237337462604, 105.23050861712545, 105.70408796612173, 106.70823395391926, 105.54589126911014, 105.5236694952473, 108.9331021681428], [216.8399150860496, 217.68779909890145, 216.25827063899487, 215.3786486708559, 214.7196360900998, 216.7221342646517, 215.67655077995732, 214.74253003112972, 215.73242512671277, 217.20484830997884], [445.32765567302704, 449.06808367790654, 450.577405794058, 448.1910428502597, 450.8254420137964, 451.2581385108642, 449.9780556601472, 451.04598297923803, 456.72808653721586, 452.22880693431944]], "medians": [11931.867574574426, 19986.574521521106, 31859.04602636583, 55869.953349931166, 106032.02351066284, 215995.34788285382, 450701.4239039272], "lengs": [10.0, 21.544346900318832, 46.41588833612778, 100.0, 215.44346900318823, 464.15888336127773, 1000.0]}