{"benchmarks": [[0.3278453750535846, 0.3218990438617766, 0.3313087746500969, 0.32984517700970173, 0.32564849499613047, 0.3260497390292585, 0.32659582933411, 0.32446612417697906, 0.3257139711640775, 0.32856875099241734], [0.32553158421069384, 0.32572811283171177, 0.32814043667167425, 0.33159284107387066, 0.32484010979533195, 0.3253266219981015, 0.32551463693380356, 0.3293801504187286, 0.3279144875705242, 0.32583387894555926], [0.3292944789864123, 0.33438280085101724, 0.34142016619443893, 0.3377215969376266, 0.3410559268668294, 0.32828855281695724, 0.3428945569321513, 0.342515679076314, 0.3434695331379771, 0.3413199922069907], [0.3448348380625248, 0.34352600714191794, 0.340001477394253, 0.3315678481012583, 0.32507112761959434, 0.32860835967585444, 0.3291759821586311, 0.3258215091191232, 0.3282321519218385, 0.32340226089581847], [0.3243322581984103, 0.3263211268931627, 0.3250255770981312, 0.3288078932091594, 0.32656954880803823, 0.325684264767915, 0.32950791297480464, 0.32747066393494606, 0.3262064950540662, 0.33763590501621366], [0.33531859004870057, 0.3282649531029165, 0.3296208642423153, 0.33280497789382935, 0.32656877813860774, 0.3255560430698097, 0.3263135850429535, 0.32746139727532864, 0.3262014160864055, 0.32631111703813076], [0.3236547438427806, 0.35166339110583067, 0.34968126518651843, 0.3325506360270083, 0.32827537320554256, 0.3277227678336203, 0.3283170172944665, 0.3276401641778648, 0.3329156907275319, 0.3290653261356056]], "medians": [326.32278418168426, 325.7809958886355, 341.18795953691006, 328.89217091724277, 326.4453378506005, 327.0150877069682, 328.69117171503603], "lengs": [10.0, 31.622776601683796, 100.0, 316.2277660168379, 1000.0, 3162.277660168379, 10000.0]}