{"benchmarks": [[0.27573802787810564, 0.1939470856450498, 0.1723555950447917, 0.15475635509938002, 0.15851787524297833, 0.1544258389621973, 0.15262974705547094, 0.15247902693226933, 0.15667487168684602, 0.15318306116387248], [0.1534186159260571, 0.1519824438728392, 0.15397708490490913, 0.16043860465288162, 0.1596946269273758, 0.15620436985045671, 0.15350444708019495, 0.15285116992890835, 0.15234828414395452, 0.15437940694391727], [0.16068380512297153, 0.15965408878400922, 0.151985723990947, 0.1514196670614183, 0.15585807291790843, 0.15564551204442978, 0.15301783895120025, 0.1532303486019373, 0.1566256508231163, 0.15295717073604465], [0.15306977275758982, 0.1524728392250836, 0.15335579216480255, 0.15483928890898824, 0.15313378302380443, 0.1551090618595481, 0.15338853187859058, 0.15280001796782017, 0.16459921887144446, 0.1621772451326251], [0.1619977680966258, 0.16156856017187238, 0.16040296526625752, 0.1551470709964633, 0.15440587606281042, 0.15166074270382524, 0.15810606582090259, 0.15332183428108692, 0.15303755598142743, 0.1532818959094584], [0.1614883621223271, 0.16060361173003912, 0.15939723514020443, 0.15959617495536804, 0.15953274397179484, 0.16097349394112825, 0.15922137862071395, 0.16308662202209234, 0.1594719118438661, 0.1584022301249206], [0.15818639984354377, 0.1581784556619823, 0.15912957722321153, 0.15804787492379546, 0.15922540798783302, 0.15725659998133779, 0.1569324960000813, 0.15508503187447786, 0.16038339119404554, 0.15540592512115836], [0.15546728670597076, 0.154341044370085, 0.15455470839515328, 0.15317240869626403, 0.15751040214672685, 0.15524950111284852, 0.15816062316298485, 0.15868155006319284, 0.1582228448241949, 0.15798623394221067], [0.1575841880403459, 0.1590903769247234, 0.1575060999020934, 0.15754543989896774, 0.1627520341426134, 0.15154266823083162, 0.15613840287551284, 0.1542304470203817, 0.16031004581600428, 0.1598171629011631]], "medians": [155.71561339311302, 153.74076599255204, 154.43793032318354, 153.37216202169657, 154.77647352963686, 159.56445946358144, 158.11316529288888, 156.4888444263488, 157.56481396965683], "lengs": [10.0, 31.622776601683796, 100.0, 316.2277660168379, 1000.0, 3162.277660168379, 10000.0, 31622.776601683796, 100000.0]}