{"benchmarks": [[0.3300907211378217, 0.17698845290578902, 0.16527029918506742, 0.15738663892261684, 0.1571037818212062, 0.16125571099109948, 0.15981542086228728, 0.1591789440717548, 0.15964640700258315, 0.15853831195272505], [0.15736798709258437, 0.15782822598703206, 0.15673040994443, 0.1537821760866791, 0.15607571485452354, 0.15271682711318135, 0.1522412479389459, 0.15607870696112514, 0.15471235592849553, 0.15289523592218757], [0.1518407571129501, 0.15898505109362304, 0.15917001012712717, 0.1589084411971271, 0.1585800051689148, 0.15887849987484515, 0.1579567368607968, 0.15651602088473737, 0.15325364703312516, 0.15387103892862797], [0.16071151802316308, 0.1591656228993088, 0.1585755709093064, 0.15553558990359306, 0.15856752404943109, 0.1549436580389738, 0.15374602493830025, 0.15272305998951197, 0.1540087650064379, 0.15243033086881042], [0.1533477520570159, 0.1540426060091704, 0.15358778601512313, 0.15264729806222022, 0.15192770794965327, 0.15655362885445356, 0.154393166070804, 0.15607814909890294, 0.1525692050345242, 0.15290279081091285], [0.16233037901110947, 0.16369898221455514, 0.15884483512490988, 0.15832993993535638, 0.16480203997343779, 0.15588332479819655, 0.15377255994826555, 0.16058270912617445, 0.1598291841801256, 0.1536009709816426], [0.15418438892811537, 0.1627458781003952, 0.15996534703299403, 0.15911213215440512, 0.1597660139668733, 0.1585634199436754, 0.16006564092822373, 0.16139149200171232, 0.15676689194515347, 0.16162472078576684], [0.15945021086372435, 0.1522056560497731, 0.15642374916933477, 0.15380325610749424, 0.1555937819648534, 0.1541069010272622, 0.15288718394003808, 0.1533318089786917, 0.15360099915415049, 0.15663475706242025], [0.15587488282471895, 0.15280735888518393, 0.1526344718877226, 0.15171628003008664, 0.15487810201011598, 0.15330477594397962, 0.15276347193866968, 0.15712950681336224, 0.15377456112764776, 0.15502324607223272]], "medians": [159.73091393243521, 155.39403539150953, 158.2683710148558, 155.23962397128344, 153.4677690360695, 159.33700965251774, 159.86568049993366, 153.95507856737822, 153.5396685358137], "lengs": [10.0, 31.622776601683796, 100.0, 316.2277660168379, 1000.0, 3162.277660168379, 10000.0, 31622.776601683796, 100000.0]}