{"benchmarks": [[324.0148313990794, 313.2272979640402, 312.16034365305677, 315.03949677501805, 313.3681277730502, 314.29048365401104, 312.73234184319153, 314.7903091928456, 310.57711278484203, 318.97900842898525], [467.7126566800289, 472.000205156859, 536.4784946541768, 480.9123537251726, 472.23571015009657, 473.34125355491415, 468.4820390511304, 526.8689858329017, 482.5012319139205, 473.62499422207475], [530.5015302370302, 524.3780248321127, 525.4065249268897, 531.8614223471377, 530.8777126050554, 529.7950696910266, 524.1822977748234, 534.6741850739345, 555.0156190160196, 534.3309688118752], [739.3402523649856, 750.5893172929063, 763.5386483329348, 746.3212641770951, 742.2733763349243, 747.0906624800991, 747.9953306699172, 748.028460475849, 741.8698311340995, 745.8821160160005], [895.744027914945, 889.7188174070325, 885.1135286388453, 900.9165547541343, 894.2327482099645, 891.8605300930794, 892.3492291399743, 900.600130434148, 894.6977243071888, 904.7536343489774], [966.4924868161324, 959.4059815509245, 962.7676384081133, 966.3247343928088, 969.6408276159782, 968.2456162190065, 983.5304822849575, 972.6789357049856, 972.2867519590072, 966.4619242760818], [1056.11267570802, 1050.4945359888952, 1056.6232572761364, 1044.5586513080634, 1064.6209229570813, 1043.181689758785, 1090.3972672610544, 1048.9563927780837, 1056.5109046930447, 1041.0473225628957]], "medians": [313829.30571353063, 473483.12388849445, 530689.6214210428, 746705.9633285971, 894465.2362585766, 967369.0515175695, 1053303.6058484577], "lengs": [10.0, 21.544346900318832, 46.41588833612778, 100.0, 215.44346900318823, 464.15888336127773, 1000.0]}