{"benchmarks": [[0.32854949217289686, 0.32565767387859523, 0.33129483996890485, 0.32502028509043157, 0.3250704030506313, 0.32949310005642474, 0.32847709697671235, 0.3277681840118021, 0.3284624880179763, 0.3252330340910703], [0.3226294289343059, 0.32441990403458476, 0.32857415499165654, 0.32779766293242574, 0.3282054669689387, 0.330439907964319, 0.3230274070519954, 0.3265693511348218, 0.334844697965309, 0.33625462697818875], [0.33792204898782074, 0.3294482920318842, 0.3425389069598168, 0.3269273021724075, 0.33211311185732484, 0.340785396983847, 0.3420945000834763, 0.3309687979053706, 0.3249316490255296, 0.3248448739759624], [0.3365996659267694, 0.33191775204613805, 0.33581807604059577, 0.3495006449520588, 0.33468002802692354, 0.3341654760297388, 0.34710212890058756, 0.33697062102146447, 0.33405799395404756, 0.33554490585811436], [0.32380497292615473, 0.3244812060147524, 0.3239932479336858, 0.32939235400408506, 0.3275311319157481, 0.32326910994015634, 0.3279573838226497, 0.3251571620348841, 0.33760139904916286, 0.3376530599780381], [0.33796110190451145, 0.3373746869619936, 0.34717529895715415, 0.3368567710276693, 0.3292820791248232, 0.3242753210943192, 0.3253855269867927, 0.32412543101236224, 0.32652183109894395, 0.32538618706166744], [0.32375240698456764, 0.3280252709519118, 0.3256679328624159, 0.325454642996192, 0.3248006959911436, 0.3297381710726768, 0.33444784791208804, 0.3388470388017595, 0.3342973939143121, 0.3304587258026004]], "medians": [328.1153360148892, 328.0015649506822, 331.5409548813477, 335.68149094935507, 326.3441469753161, 327.9019551118836, 328.8817210122943], "lengs": [10.0, 31.622776601683796, 100.0, 316.2277660168379, 1000.0, 3162.277660168379, 10000.0]}