{"benchmarks": [[1002.5743698407896, 1002.6860874448903, 1002.2758868220262, 1010.4424397922121, 991.4182998430915, 1003.3292217897251, 997.0388971348293, 1000.2594973207451, 999.6883908528835, 1002.5137051250786]], "medians": [1002394.7959735524], "lengs": [19998.61869632745]}