{"benchmarks": [[20.37303978111595, 20.6689738209825, 20.39180948305875, 20.250933786155656, 20.51166688487865, 20.364246523939073, 20.430169565137476, 20.38485910790041, 20.699575175065547, 20.43161973496899], [23.13453191285953, 23.559210045961663, 23.446988907875493, 23.41783682303503, 23.180234078783542, 23.416297402000055, 23.410366235068068, 23.491006849799305, 23.461526547791436, 23.30697110388428], [33.91577920108102, 34.14738247101195, 33.48361061513424, 33.284594264114276, 33.90583924995735, 33.328538852976635, 33.74041952495463, 34.08762209303677, 33.90465954015963, 33.53409355413169], [72.37119103898294, 72.57206802093424, 74.3534933461342, 72.86464628903195, 73.97353308903985, 73.07870603003539, 72.57000340498053, 72.92667119693942, 72.979983874131, 72.51737669296563], [105.31412110314704, 104.95121320104226, 104.48829251108691, 105.14983434299938, 103.82245962903835, 105.03920114506036, 104.95120236789808, 105.18259498197585, 105.2479287351016, 104.35889111692086], [169.9937126308214, 172.45355710107833, 169.18264459702186, 170.2351178280078, 170.11023386893794, 171.01746546593495, 170.80262961681, 169.42150116921403, 170.24700343981385, 169.93440436990932], [196.51802398101427, 194.91439391998574, 194.30473890714347, 193.9588574829977, 194.6335460790433, 194.6497044621501, 194.49578021396883, 194.1972987849731, 194.36876317299902, 193.6966562368907]], "medians": [20410.989524098113, 23417.067112517543, 33822.53953255713, 72895.65874298569, 104995.20717305131, 170172.67584847286, 194432.27169348393], "lengs": [10.0, 21.544346900318832, 46.41588833612778, 100.0, 215.44346900318823, 464.15888336127773, 1000.0]}