{"benchmarks": [[0.15438376902602613, 0.15377301000989974, 0.15301317302510142, 0.15452104294672608, 0.1582051848527044, 0.15426545799709857, 0.1530661249998957, 0.15287835081107914, 0.15576109196990728, 0.15563507401384413]], "medians": [154.32461351156235], "lengs": [19.998618696327437]}