{"benchmarks": [[0.7903363511431962, 0.7875747249927372, 0.81464066891931, 0.8082351658958942, 0.7842370388098061, 0.8244415468070656, 0.7862229810561985, 0.7832656661048532, 0.8013432030566037, 0.7899884309154004], [1.6753640638198704, 1.671961524989456, 1.7500094559509307, 1.6766202228609473, 1.6864128930028528, 1.6827544020488858, 1.667608510935679, 1.7052540879230946, 1.7950013568624854, 1.6770130461081862], [4.467176088131964, 4.632311444962397, 4.464421501150355, 4.52077276003547, 4.482182153966278, 4.472660474013537, 4.564293673029169, 4.4867506141308695, 4.527194698806852, 4.695203832117841], [14.367365673882887, 13.351191282039508, 13.677512550959364, 13.929359246045351, 13.732546530896798, 13.745271680876613, 13.828966919798404, 13.551821646979079, 14.570425066864118, 13.746918003074825], [42.527766426093876, 43.42828778596595, 42.324652570066974, 42.21130505600013, 41.99317426211201, 42.69880711706355, 42.20943198702298, 42.39576195389964, 42.00783268501982, 41.84837256115861], [132.78836566302925, 131.14924215897918, 133.59740124712698, 135.25007640291005, 133.30748536298051, 131.16949989786372, 133.5122869699262, 132.1793740838766, 132.31084001320414, 131.69106442295015], [423.6859154300764, 415.4153370060958, 413.1443587988615, 415.8987453849986, 418.0724258769769, 413.1960002060514, 419.3061424200423, 424.0425179807935, 420.84374673618004, 420.89898544200696]], "medians": [790.1623910292983, 1679.883724078536, 4503.76168708317, 13746.094841975719, 42267.97881303355, 132549.6028381167, 418689.2841485096], "lengs": [10.0, 31.622776601683796, 100.0, 316.2277660168379, 1000.0, 3162.277660168379, 10000.0]}