{"benchmarks": [[0.15716283186338842, 0.1553795610088855, 0.15707123302854598, 0.16120997397229075, 0.16070490516722202, 0.15973607986234128, 0.15952729806303978, 0.1605512839742005, 0.1595945730805397, 0.1591382878832519]], "medians": [159.56093557178974], "lengs": [19.998618696327437]}