{"benchmarks": [[5.308523187879473, 5.352198252920061, 5.336431852076203, 5.403627936029807, 5.2720227260142565, 5.346283267950639, 5.356130837928504, 5.303038461133838, 5.305693187983707, 5.321039211936295], [5.275858249049634, 5.2842997869011015, 5.339722357923165, 5.254467552993447, 5.28639134997502, 5.27898103906773, 5.334950682008639, 5.271919575985521, 5.232670322991908, 5.237965848995373], [5.415743391960859, 5.348979205125943, 5.365845183143392, 5.312923773191869, 5.326093995012343, 5.356574919074774, 5.454449035925791, 5.350757216801867, 5.380662690848112, 5.467610462103039], [5.337791057070717, 5.5709810690023005, 5.384850176982582, 5.302883812924847, 5.336645600851625, 5.345951232127845, 5.318271820899099, 5.427812042878941, 5.387334272963926, 5.377585890004411], [5.368037849897519, 5.458935159957036, 5.463574426015839, 5.40337797999382, 5.473887389991432, 5.320020637009293, 5.349577214103192, 5.418003238039091, 5.4371902057901025, 5.416837672004476], [5.448198432102799, 5.400472227949649, 5.523515256820247, 5.479131762869656, 5.414800064871088, 5.4243715710472316, 5.467100229114294, 5.455358941107988, 5.504338615108281, 5.353850417071953], [5.476297916844487, 5.483664795989171, 5.580101212952286, 5.473238774109632, 5.407646707026288, 5.4876561251003295, 5.404123866930604, 5.524542385013774, 5.5219447449781, 5.514267170103267]], "medians": [5328.735532006249, 5277.419644058682, 5361.210051109083, 5361.768561066128, 5417.420455021784, 5451.778686605394, 5485.66046054475], "lengs": [10.0, 21.544346900318832, 46.41588833612778, 100.0, 215.44346900318823, 464.15888336127773, 1000.0]}