{"benchmarks": [[0.2943724929355085, 0.18019746989011765, 0.16803311184048653, 0.15697641111910343, 0.15387003030627966, 0.15206319512799382, 0.1519987341016531, 0.15663443505764008, 0.1540608759969473, 0.1532929940149188]], "medians": [155.34765552729368], "lengs": [19.998618696327437]}