{"benchmarks": [[186.9307968749199, 186.03724568593316, 184.80348762799986, 187.0504699400626, 186.22667594405357, 187.33701725001447, 185.0324558999855, 185.8840255329851, 187.03510189394, 204.80132840503938]], "medians": [186578.73640948674], "lengs": [19998.61869632745]}