{"benchmarks": [[107.75915005081333, 106.99555163900368, 108.41717927716672, 108.91605112701654, 109.9016375830397, 108.91917060990818, 106.4799105010461, 108.70107672107406, 110.93228146899492, 109.41217464092188]], "medians": [108808.5639240453], "lengs": [149.96848355023738]}