{"benchmarks": [[20.754832387901843, 20.320816630963236, 20.31227074889466, 20.41129619628191, 20.29711186280474, 20.576936797238886, 20.555831494741142, 20.761811090167612, 20.39490890596062, 20.763301443774253], [23.63306756876409, 23.199320430401713, 23.901004946790636, 24.19621808687225, 23.338768266607076, 23.58580335881561, 23.281428433023393, 23.577627225778997, 23.62358448561281, 23.373982877936214], [33.755546897649765, 33.44829741632566, 33.75791949592531, 33.76489879284054, 33.93133614305407, 33.66369268717244, 33.54847911885008, 33.37243844382465, 33.790565005969256, 33.57487544277683], [67.01469574030489, 66.99777098605409, 66.7882680608891, 66.87944340892136, 66.76592556666583, 67.99135912721977, 66.88888885034248, 66.26259920280427, 68.29045366775244, 66.74495451617986], [107.27072635572404, 107.1282998509705, 107.36632497888058, 106.91305809188634, 107.30833021225408, 107.46831036778167, 107.30393965309486, 108.1379940379411, 106.85110597405583, 107.7958751139231], [162.19808465009555, 160.4729366581887, 162.18357183318585, 161.32466387189925, 162.04451082320884, 162.61148170614615, 161.99570664670318, 161.6391025641933, 162.10578295215964, 161.1383909326978], [195.3428975082934, 197.7086603208445, 195.90938746463507, 195.3478439389728, 194.07736270315945, 196.23633822007105, 195.22565571591258, 197.23598510585725, 195.57560323132202, 210.05492674093693]], "medians": [20483.563845511526, 23581.715292297304, 33709.619792411104, 66884.16612963192, 107306.13493267447, 162020.108734956, 195742.49534797855], "lengs": [10.0, 21.544346900318832, 46.41588833612778, 100.0, 215.44346900318823, 464.15888336127773, 1000.0]}