{"benchmarks": [[0.3270506989210844, 0.32437336817383766, 0.32509879395365715, 0.32303456496447325, 0.3205366819165647, 0.3256618226878345, 0.3185826437547803, 0.32033043587580323, 0.3226541937328875, 0.32437383523210883], [0.3221679269336164, 0.32242311304435134, 0.332485131919384, 0.3346228776499629, 0.3386692889034748, 0.336556491907686, 0.33727356186136603, 0.33728366903960705, 0.3382074749097228, 0.32744246907532215], [0.3297199821099639, 0.3389028669334948, 0.33285748213529587, 0.3296096711419523, 0.32811165507882833, 0.32717071985825896, 0.3265081397257745, 0.326740353833884, 0.32672006683424115, 0.3276043268851936], [0.3246515179052949, 0.32730800611898303, 0.3224803162738681, 0.3205020851455629, 0.3252589819021523, 0.32516480004414916, 0.319615394808352, 0.3247702270746231, 0.3263250016607344, 0.3213991359807551], [0.3297192519530654, 0.3257238920778036, 0.32382306596264243, 0.3375467397272587, 0.3267011200077832, 0.3415821809321642, 0.34004036569967866, 0.32427030708640814, 0.32374101504683495, 0.3249510950408876], [0.3245737226679921, 0.3239393369294703, 0.3260219912044704, 0.3271997799165547, 0.3224988612346351, 0.32102131797000766, 0.3244426720775664, 0.32807278633117676, 0.32226713886484504, 0.32524456502869725], [0.3239354230463505, 0.3227192619815469, 0.3248419458977878, 0.3247103630565107, 0.32347564678639174, 0.32440569112077355, 0.3237106497399509, 0.32732862140983343, 0.32338301418349147, 0.32684110989794135]], "medians": [323.70396656915545, 335.58968477882445, 327.85799098201096, 324.710872489959, 326.2125060427934, 324.50819737277925, 324.170557083562], "lengs": [10.0, 31.622776601683796, 100.0, 316.2277660168379, 1000.0, 3162.277660168379, 10000.0]}