{"benchmarks": [[887.6845675520599, 898.4475853680633, 890.7845855660271, 886.8579706749879, 880.4878726198804, 888.5472110239789, 893.7114242489915, 883.5805327768903, 884.4842853029259, 885.2018418500666]], "medians": [887271.2691135239], "lengs": [149.96848355023738]}