{"benchmarks": [[5.588039855938405, 5.641702657099813, 5.593149732798338, 5.783378601074219, 5.662941785063595, 5.5316196591593325, 5.555178152862936, 5.661328959744424, 5.630757042206824, 5.619386347942054]], "medians": [5625.071695074439], "lengs": [10.0]}