{"benchmarks": [[5.569889748934656, 5.5547425537370145, 5.6110498467460275, 5.603405529167503, 5.632418354041874, 5.61285006813705, 5.571496387012303, 5.643146858550608, 5.677072939928621, 5.596262713894248], [5.689676593057811, 5.717416720930487, 5.825673114042729, 5.626773601863533, 5.7336365561932325, 5.707824379205704, 5.737078755628318, 5.722936406265944, 5.676519367843866, 5.780329410918057], [5.7568738562986255, 5.914071059320122, 5.876710866112262, 5.8575529512017965, 5.963411503937095, 5.825426138006151, 5.890500294044614, 5.898285754956305, 5.897605278994888, 5.762892664875835], [5.96791485324502, 5.894929275847971, 5.889549114741385, 6.002083425875753, 5.991131018847227, 5.966798554174602, 5.9842048566788435, 5.861147856339812, 6.0057115983217955, 6.114422840066254], [6.014854267239571, 6.007228570058942, 5.88775530597195, 6.000665325205773, 5.950769511982799, 5.901539776008576, 5.910772093106061, 6.062745621893555, 5.953851820901036, 5.884272138122469], [5.984213730785996, 5.949527429882437, 5.986356035806239, 6.08729719882831, 6.046027943026274, 6.045781522989273, 5.998204517178237, 5.957569867838174, 6.032784046139568, 6.123970821034163], [6.138849483802915, 6.075220151804388, 6.062730954959989, 6.172891074325889, 5.985271367244422, 5.952421870082617, 6.169303354807198, 5.976979968138039, 6.060545681975782, 5.983673606067896]], "medians": [5607.227687956765, 5720.176563598216, 5883.605580078438, 5976.059854961932, 5952.310666441917, 6015.494281658903, 6061.638318467885], "lengs": [10.0, 21.544346900318832, 46.41588833612778, 100.0, 215.44346900318823, 464.15888336127773, 1000.0]}