{"benchmarks": [[301.1628730939701, 300.0748465177603, 299.3124998770654, 299.5687595671043, 299.33614220889285, 298.6531658708118, 299.15755921276286, 300.76787250488997, 300.5215803999454, 300.34122401382774], [495.64132789103314, 497.7944309017621, 496.3792195809074, 494.5708774663508, 495.1035840427503, 499.3519414206967, 500.74798026913777, 498.7116061160341, 497.29972306312993, 493.1007371530868], [531.5160705689341, 531.9142805668525, 530.6581036741845, 536.3542174692266, 532.3764225617051, 531.923551060725, 534.473268432077, 533.0100542539731, 524.9065887071192, 532.1789898159914], [645.9913313109428, 655.0456461007707, 649.9423581939191, 654.3851155308075, 648.2385147102177, 654.6444174009375, 656.8988786726259, 656.3518127473071, 655.305146405939, 655.2587096467614], [849.846872955095, 850.2049235841259, 858.4538629981689, 854.8765822453424, 852.6657136436552, 859.0274498360232, 851.3342677480541, 855.6604118309915, 856.6935681258328, 848.2685347902589], [924.9271097560413, 923.9204628667794, 930.0075109461322, 925.5943689760752, 928.7143161459826, 928.5523024601862, 929.9807998668402, 921.7432960951701, 916.1649533128366, 920.8470746688545], [1285.0783541309647, 1294.8265503700823, 1285.1026296718046, 1283.7662785588764, 1303.974506861996, 1296.7948145521805, 1283.3418599963188, 1276.7783515239134, 1292.3225556639954, 1287.8596082078293]], "medians": [299821.8030424323, 496839.47132201865, 532051.2704383582, 654845.0317508541, 853771.1479444988, 925260.7393660583, 1286481.118939817], "lengs": [10.0, 21.544346900318832, 46.41588833612778, 100.0, 215.44346900318823, 464.15888336127773, 1000.0]}