{"benchmarks": [[0.3235256231855601, 0.32576660881750286, 0.3278277120552957, 0.32537669292651117, 0.32562699308618903, 0.32837749901227653, 0.3353960788808763, 0.32888353196904063, 0.32107318798080087, 0.32278068107552826]], "medians": [325.69680095184594], "lengs": [1.9998618696327441]}