{"benchmarks": [[0.32569646975025535, 0.3259786660782993, 0.3239806038327515, 0.32252858066931367, 0.32437659706920385, 0.32781403278931975, 0.3270332212559879, 0.32750366255640984, 0.32701451517641544, 0.3225036817602813]], "medians": [325.8375679142773], "lengs": [1.9998618696327441]}