{"benchmarks": [[11.837013601092622, 12.092135378159583, 12.01228560693562, 12.202224018983543, 12.118925037095323, 11.847554442007095, 12.036642778897658, 12.028728144010529, 11.98050162801519, 12.089893602998927], [20.29476665193215, 20.516894906992093, 20.14981306809932, 20.403755170991644, 20.621696857968345, 19.976573900086805, 20.609715496888384, 20.610413597896695, 20.164980212925002, 20.110018040053546], [32.120397177990526, 32.37210948695429, 31.921815283130854, 32.25037971907295, 32.065583081915975, 31.78722021006979, 32.37635866412893, 32.438234745990485, 32.37400734703988, 33.90696438099258], [55.74541862285696, 55.92401191405952, 56.282301995903254, 56.39488205104135, 56.07168256002478, 55.228616539854556, 55.37051673606038, 55.95586882601492, 55.51984294899739, 54.989549873862416], [109.61243868502788, 106.26636138791218, 108.63982127583586, 106.81798937101848, 107.6433331288863, 108.77607954316773, 106.40932902786881, 107.7775232589338, 106.36438123206608, 107.05898329708725], [214.8126567399595, 218.04673141194507, 216.24498869897798, 217.05440735490993, 216.59907949506305, 216.4349749549292, 219.29019256704487, 214.7507361220196, 214.90127871301956, 214.53252769005485], [452.6296138949692, 455.25295045715757, 450.9587502779905, 451.15676195384003, 451.4172202490736, 453.4945332428906, 456.9422945261467, 453.4045482589863, 454.4540799460374, 448.43322729994543]], "medians": [12032.685461454093, 20349.260911461897, 32311.24460301362, 55834.71526845824, 107351.15821298677, 216339.9818269536, 453017.0810769778], "lengs": [10.0, 21.544346900318832, 46.41588833612778, 100.0, 215.44346900318823, 464.15888336127773, 1000.0]}