{"benchmarks": [[5.321891160681844, 5.294700280763209, 5.237341380678117, 5.211239831987768, 5.284802243113518, 5.284273358993232, 5.297785671893507, 5.266061021015048, 5.383714333176613, 5.279577388893813]], "medians": [5284.537801053375], "lengs": [10.0]}