{"benchmarks": [[100.80004747000203, 101.83019745400088, 100.72513467200042, 100.90034740999545, 100.125142855999], [105.87186621900037, 110.55453274400497, 103.84896768099861, 110.1196631510029, 113.60183038200194], [128.4627153140027, 128.24101099400286, 131.98663710599794, 132.82148895700084, 128.64969085500343], [172.6417751580011, 175.48545421900053, 168.13153671100008, 178.8617196310006, 175.77822958999604], [278.1145828160006, 236.79412666999997, 245.25890284399793, 247.55781368399767, 231.98260741600097], [350.30543016100273, 354.82110802199895, 335.1945787020013, 334.1394777799942, 342.84486632199696], [543.4264312960004, 541.494741384995, 516.8708040150013, 564.1033028689999, 524.1040335860016]], "medians": [100800.04747000203, 110119.6631510029, 128649.69085500343, 175485.45421900053, 245258.90284399793, 342844.86632199696, 541494.7413849949], "lengs": [10.0, 21.544346900318832, 46.41588833612778, 100.0, 215.44346900318823, 464.15888336127773, 1000.0]}