{"benchmarks": [[0.15768342791125178, 0.1549243638291955, 0.15302707394585013, 0.15246990602463484, 0.15605321992188692, 0.15894556744024158, 0.15817716112360358, 0.15229539619758725, 0.1530827977694571, 0.15259755169972777], [0.15268802270293236, 0.152656065300107, 0.1523714386858046, 0.1553905140608549, 0.16157666873186827, 0.158607492223382, 0.1578983129002154, 0.15756831225007772, 0.1573903551325202, 0.15781882219016552], [0.15387367829680443, 0.153260569088161, 0.1509921052493155, 0.1573437610641122, 0.15530216600745916, 0.15383539628237486, 0.15398450195789337, 0.1608722391538322, 0.15957233775407076, 0.1591569553129375], [0.1629980830475688, 0.16011296911165118, 0.1583995297551155, 0.16028111660853028, 0.15828085131943226, 0.15512891998514533, 0.15502613596618176, 0.15510908793658018, 0.15251975413411856, 0.15177388116717339], [0.15696575911715627, 0.15411852300167084, 0.15345511073246598, 0.15405664639547467, 0.1525857518427074, 0.15785571979358792, 0.15671072900295258, 0.15931196371093392, 0.1585739883594215, 0.1584437908604741], [0.15797023195773363, 0.15628550807014108, 0.15555430995300412, 0.15578933199867606, 0.15258935326710343, 0.1529672178439796, 0.15333215985447168, 0.15296783298254013, 0.16215435974299908, 0.15904287341982126], [0.15484819514676929, 0.15215026075020432, 0.15250149695202708, 0.15673049772158265, 0.15437230793759227, 0.15296257007867098, 0.15563558507710695, 0.152647256385535, 0.15307366894558072, 0.15496853180229664], [0.15692704869434237, 0.15393512696027756, 0.15616158209741116, 0.158708353061229, 0.1535409102216363, 0.154084961861372, 0.15422753617167473, 0.1590900719165802, 0.15962680615484715, 0.1603027950040996], [0.16029828693717718, 0.15913386829197407, 0.1596772838383913, 0.15880262712016702, 0.15914270607754588, 0.15933669498190284, 0.15997572289779782, 0.1595529979094863, 0.15984778804704547, 0.1594432359561324]], "medians": [154.0035807993263, 157.47933369129896, 154.64333398267627, 156.7048856522888, 156.83824406005442, 155.6718209758401, 153.7229884415865, 156.54431539587677, 159.49811693280935], "lengs": [10.0, 31.622776601683796, 100.0, 316.2277660168379, 1000.0, 3162.277660168379, 10000.0, 31622.776601683796, 100000.0]}