{"benchmarks": [[99.2625855607912, 100.58606001595035, 99.46507849078625, 100.43109185621142, 99.15222465293482], [107.3596226950176, 110.3730883859098, 110.3252659351565, 110.37948685605079, 107.63617311604321], [131.5464576696977, 132.8796747098677, 133.29700240166858, 131.47705428861082, 128.9285732372664], [162.32514702202752, 166.44850383372977, 169.48326811892912, 164.0044125500135, 170.86187571613118], [228.96662471117452, 227.99270669510588, 231.19231978990138, 228.3270482472144, 228.4877721820958], [329.8946649809368, 326.40124978590757, 328.1165813957341, 328.0810061567463, 328.05984306009486], [493.80259166797623, 515.8721309499815, 492.54786565108225, 488.4352784259245, 492.78519297298044]], "medians": [99465.07849078625, 110325.2659351565, 131546.4576696977, 166448.50383372977, 228487.7721820958, 328081.0061567463, 492785.19297298044], "lengs": [10.0, 21.544346900318832, 46.41588833612778, 100.0, 215.44346900318823, 464.15888336127773, 1000.0]}