{"benchmarks": [[0.29311545798555017, 0.18448305688798428, 0.17212913185358047, 0.15730466367676854, 0.1560180140659213, 0.1579368798993528, 0.1571380291134119, 0.15570029662922025, 0.15521551994606853, 0.15551922284066677], [0.16371251409873366, 0.16312719509005547, 0.16762549290433526, 0.16440814593806863, 0.16670248983427882, 0.16434927796944976, 0.16362366825342178, 0.16321447817608714, 0.16549151903018355, 0.16279324004426599], [0.1876746821217239, 0.18742006504908204, 0.18684627581387758, 0.18718632077798247, 0.1900977985933423, 0.1897297347895801, 0.1881203092634678, 0.18826969899237156, 0.18837441504001617, 0.19041410880163312], [0.27065576100721955, 0.26979270204901695, 0.26566519401967525, 0.26741713332012296, 0.2644639629870653, 0.27485936088487506, 0.2760480106808245, 0.2772985599003732, 0.26555398711934686, 0.26346087409183383], [0.5043877810239792, 0.521024574059993, 0.5080674099735916, 0.5050725089386106, 0.5073333638720214, 0.5045809387229383, 0.5081162769347429, 0.514831661246717, 0.5133588728494942, 0.501504304818809], [1.2647930588573217, 1.2695399359799922, 1.272618063725531, 1.338224024977535, 1.2947352291084826, 1.3165310360491276, 1.2760697840712965, 1.2627739571034908, 1.2586322780698538, 1.2572031081654131], [3.68308565672487, 3.713938544038683, 3.6408409848809242, 3.731852452736348, 3.6790560339577496, 3.717679901048541, 3.6629508128389716, 3.665867079049349, 3.723041154909879, 3.651729440316558], [11.493092769291252, 11.370701249223202, 12.7096048258245, 11.169515595771372, 11.33993232017383, 11.310086102224886, 11.443513058125973, 11.384031612891704, 11.667632667347789, 11.312245075125247], [35.86972019681707, 35.745629196986556, 35.68082536384463, 35.74994032504037, 35.900156248826534, 35.32892019022256, 36.13823121599853, 36.295719570014626, 35.58612710703164, 35.982298374176025]], "medians": [157.22134639509022, 164.0308960340917, 188.19500412791967, 268.60491768456995, 507.7003869228065, 1271.0789998527616, 3681.07084534131, 11377.366431057453, 35809.83026092872], "lengs": [10.0, 31.622776601683796, 100.0, 316.2277660168379, 1000.0, 3162.277660168379, 10000.0, 31622.776601683796, 100000.0]}