{"benchmarks": [[0.1539935627952218, 0.15501320781186223, 0.15436077816411853, 0.15790109476074576, 0.15637762797996402, 0.1551952799782157, 0.1539540532976389, 0.1545665878802538, 0.15376213984563947, 0.15411593671888113]], "medians": [154.46368302218616], "lengs": [19.998618696327437]}