{"benchmarks": [[10538.810613514856, 10526.291729588062, 10559.030429557897, 10593.139961417764], [38685.08842606703, 38865.54278908996, 38538.25017026719, 38532.40659183124]], "medians": [10548920.521536376, 38611669.29816711], "lengs": [2500.345361696432, 15995.58028614668]}