{"benchmarks": [[0.33150031697005033, 0.32481007906608284, 0.32397197000682354, 0.3274705410003662, 0.32495135301724076, 0.3303228721488267, 0.32562421984039247, 0.32737406087107956, 0.3268251090776175, 0.3233521019574255]], "medians": [326.224664459005], "lengs": [1.9998618696327441]}