{"benchmarks": [[25.71699359593913, 26.248202252201736, 25.8512668851763, 25.933003173675388, 26.214605295099318, 25.981302885804325, 26.096292682923377, 25.832121863029897, 25.735656005796045, 25.99178791884333], [26.59327703807503, 27.062494304031134, 26.776872033253312, 26.559698042925447, 26.715943470131606, 26.81104685785249, 26.868455794639885, 26.69820142397657, 26.66858940431848, 26.792227088008076], [39.97582925390452, 40.33430302282795, 40.0247529130429, 40.843507676851004, 40.00314362812787, 40.076373104937375, 40.146356735844165, 40.197105781175196, 40.34169871918857, 40.17400742508471], [45.145924414973706, 45.06176935089752, 45.19351665209979, 45.151749142911285, 45.31357560073957, 45.46104787802324, 45.211863783188164, 45.63931855559349, 45.27638382092118, 45.44999406300485], [50.8562892829068, 50.93786674598232, 51.102815347258, 51.19196497509256, 51.31941765919328, 51.33954718802124, 51.279899057000875, 50.993514279834926, 51.0402650590986, 51.706009830813855], [68.95193294389173, 67.63882698211819, 68.70127927698195, 68.71800165716559, 67.67197784176096, 67.84748666081578, 67.17925732210279, 67.12083784677088, 67.43960802908987, 68.33211648883298], [73.47774112410843, 74.00386334303766, 73.97542988322675, 73.35055065480992, 74.18589557986706, 73.90361550590023, 74.65407137805596, 75.10020397696644, 73.71722597302869, 73.64317174674943]], "medians": [25957.153029739857, 26746.40775169246, 40160.18208046444, 45244.12380205467, 51147.39016117528, 67759.73225128837, 73939.5226945635], "lengs": [10.0, 21.544346900318832, 46.41588833612778, 100.0, 215.44346900318823, 464.15888336127773, 1000.0]}