{"benchmarks": [[0.32489044801332057, 0.18305075610987842, 0.17120808106847107, 0.15745440078899264, 0.15738812391646206, 0.16178189497441053, 0.16215127590112388, 0.16146158403716981, 0.16198401199653745, 0.16234911396168172], [0.16933345305733383, 0.16849376680329442, 0.16915541305206716, 0.16422984609380364, 0.16386806406080723, 0.1637658749241382, 0.164339539129287, 0.16765356506220996, 0.16853486490435898, 0.16829938790760934], [0.18889461597427726, 0.18790498189628124, 0.1881229169666767, 0.18800787581130862, 0.18796462705358863, 0.18796139396727085, 0.19042859901674092, 0.18701601098291576, 0.19002622202970088, 0.18795152916572988], [0.26539069786667824, 0.26559518999420106, 0.26246450608596206, 0.27097752690315247, 0.2707138971891254, 0.2639362229965627, 0.26373434206470847, 0.27543353801593184, 0.26599287800490856, 0.27251458214595914], [0.5296067339368165, 0.5219890170264989, 0.5070271601434797, 0.5100509610492736, 0.5125730361323804, 0.5042240379843861, 0.5089261420071125, 0.5084939009975642, 0.5156460059806705, 0.5271594577934593], [1.270824678009376, 1.2638059582095593, 1.266908834921196, 1.3382128411903977, 1.3194765620864928, 1.3176137148402631, 1.3000586440321058, 1.3154630127828568, 1.300810321001336, 1.2739249428268522], [3.6970421911682934, 3.654648852068931, 3.666811984963715, 3.769156982889399, 3.661580093903467, 3.697575290920213, 3.8287983909249306, 3.7361287649255246, 3.8539813309907913, 3.700940035050735], [11.371873694937676, 11.18599536200054, 11.528003521962091, 11.44220396806486, 11.416031779022887, 11.804539885837585, 11.680820064153522, 11.564328380860388, 11.297707908088341, 11.295304239960387], [36.24258731212467, 35.840646808966994, 35.75856965803541, 36.37549165310338, 35.81704462389462, 35.51124483393505, 37.24414438311942, 39.49249741481617, 35.390713217901066, 39.49437624681741]], "medians": [162.06764394883066, 167.97647648490965, 187.98625143244863, 265.7940339995548, 511.311998590827, 1300.434482516721, 3699.257662985474, 11429.117873543873, 36041.61706054583], "lengs": [10.0, 31.622776601683796, 100.0, 316.2277660168379, 1000.0, 3162.277660168379, 10000.0, 31622.776601683796, 100000.0]}