{"benchmarks": [[0.33279602508991957, 0.3343516231980175, 0.32865871116518974, 0.32712857611477375, 0.32806444610469043, 0.33089936594478786, 0.3286521560512483, 0.3266591941937804, 0.3299382389523089, 0.3251089670229703], [0.32836923305876553, 0.33013629191555083, 0.3261607720050961, 0.3242262077983469, 0.3288992529269308, 0.32587023614905775, 0.3260009528603405, 0.33217346598394215, 0.3446239021141082, 0.3388948489446193], [0.3396024820394814, 0.32822245615534484, 0.3272884599864483, 0.32642437890172005, 0.33099112403579056, 0.3244343569967896, 0.32582772290334105, 0.33476727781817317, 0.33331822184845805, 0.3273498739581555], [0.329137354856357, 0.3282073938753456, 0.3248801431618631, 0.3348882228601724, 0.32663837797008455, 0.3243440070655197, 0.3344949430320412, 0.3277390459552407, 0.3277440320234746, 0.32798216911032796], [0.32985207508318126, 0.3259827131405473, 0.3246465087868273, 0.3293264608364552, 0.3265941389836371, 0.33056179201230407, 0.3274194758851081, 0.32751952786929905, 0.34195643989369273, 0.34577018208801746], [0.3291813989635557, 0.3252751249819994, 0.32626506802625954, 0.3252324848435819, 0.32693629688583314, 0.3278717449866235, 0.331738913198933, 0.33125668903812766, 0.32594311493448913, 0.33198782708495855], [0.3290946769993752, 0.32922910200431943, 0.3309543300420046, 0.32901337393559515, 0.34462654893286526, 0.3440132869873196, 0.3298557710368186, 0.33173434413038194, 0.3314073870424181, 0.3288413109257817]], "medians": [328.655433608219, 328.63424299284816, 327.7861650567502, 327.86310056690127, 328.42299435287714, 327.40402093622833, 330.4050505394116], "lengs": [10.0, 31.622776601683796, 100.0, 316.2277660168379, 1000.0, 3162.277660168379, 10000.0]}