{"benchmarks": [[83.50906712794676, 83.23549775895663, 86.68064486607909, 84.1938502760604, 85.21087038703263, 85.10337121412158, 83.9447483997792, 82.99709142302163, 83.3291712841019, 83.92612743680365], [86.90668112807907, 87.91008630208671, 92.92346832714975, 85.65790743287653, 85.28868025890552, 85.20930606708862, 85.33352980716154, 85.84768600598909, 85.09487612103112, 86.25128625193611], [92.64790367591195, 94.249976902036, 91.03309004381299, 90.98879457009025, 91.31491715903394, 92.02288466109894, 91.15873228712007, 93.0109769559931, 91.22085884702392, 89.31882373499684], [98.84727827878669, 100.95822847704403, 96.04463432519697, 100.2627117189113, 100.73027077899314, 100.48632632289082, 100.2101310880389, 99.9515413029585, 99.25050319801085, 95.34985020407476], [102.70502906595357, 107.7214440710377, 108.47440113895573, 106.98592300596647, 102.80452747200616, 107.87864659097977, 107.44735405803658, 105.39191515697166, 109.23477536300197, 108.65915285982192], [153.96748220385052, 154.14320284500718, 150.21198814804666, 155.3195556991268, 153.77864757506177, 150.01288998685777, 152.30380749888718, 152.0478176129982, 161.26037938287482, 152.78661654004827], [143.99235101300292, 145.1611093049869, 144.35788582498208, 143.8948049370665, 143.73835684498772, 145.88095650309697, 145.9824276638683, 145.61492436379194, 146.041488613002, 143.49117423291318]], "medians": [83935.43791829143, 85752.79671943281, 91267.88800302893, 100080.8361954987, 107584.39906453714, 153282.63205755502, 144759.4975649845], "lengs": [10.0, 21.544346900318832, 46.41588833612778, 100.0, 215.44346900318823, 464.15888336127773, 1000.0]}