{"benchmarks": [[5.605185015825555, 5.676263422006741, 5.608822656096891, 5.799931206041947, 5.791621475946158, 5.721204556990415, 5.530373743036762, 5.665136863011867, 5.6304134600795805, 5.567491720896214]], "medians": [5647.775161545724], "lengs": [10.0]}