{"benchmarks": [[817.2888695909642, 815.0135194589384, 818.0292150848545, 812.5895004738122, 818.6760144797154, 815.6068117739633, 818.0607231426984, 824.7306478000246, 817.8910523890518, 821.9100502100773]], "medians": [817960.1337369531], "lengs": [149.96848355023738]}