{"benchmarks": [[0.32351995911449194, 0.3272189348936081, 0.32090985169634223, 0.3181427549570799, 0.3260551067069173, 0.3169210469350219, 0.31671989103779197, 0.3219115221872926, 0.3233412238769233, 0.32267760392278433]], "medians": [322.29456305503845], "lengs": [1.9998618696327441]}