{"benchmarks": [[5.4150719221215695, 5.4189740230795, 5.362033373909071, 5.315818215021864, 5.346524175954983, 5.3688310738652945, 5.3206938449293375, 5.309921490959823, 5.279730516020209, 5.25735465507023]], "medians": [5333.60901044216], "lengs": [10.0]}