{"benchmarks": [[170.6336154951714, 169.62707181600854, 169.95350416796282, 168.88656630413607, 170.5298928162083, 168.91108314599842, 169.4621439971961, 169.16556762438267, 170.13527555204928, 169.044953183271]], "medians": [169544.60790660232], "lengs": [19998.61869632745]}