{"benchmarks": [[5.65473783807829, 5.758441700832918, 5.704041003016755, 5.74970283312723, 5.701937810052186, 5.762231288012117, 5.59429531195201, 5.63435176294297, 5.567538089118898, 5.625314300879836], [5.817382118199021, 5.704557331977412, 5.7820468340069056, 5.751387896947563, 5.707041727844626, 5.787997274892405, 5.914324329001829, 5.817405523033813, 5.810423915972933, 5.736455243080854], [5.8419898848515, 5.929410831071436, 5.8144772469531745, 5.925212973961607, 5.950297127012163, 5.992600945057347, 5.88096216507256, 5.911977207986638, 5.820176990004256, 5.780746198957786], [5.961588704958558, 5.892432908993214, 5.891489289933816, 5.97254131315276, 5.997939667897299, 6.028633418027312, 5.890422150027007, 5.88565325201489, 5.896995055954903, 5.932409724919125], [6.016996813938022, 5.941360394936055, 5.917666646884754, 5.939673348097131, 5.941848390037194, 5.901216560974717, 5.906527859158814, 5.955314551945776, 5.998333689989522, 5.886308372952044], [5.9628664560150355, 5.9826658121310174, 5.989177976036444, 5.947480492992327, 5.901955985929817, 5.959773984970525, 5.888302634935826, 5.973017578944564, 5.9508587119635195, 6.0378570491448045], [5.89643112802878, 6.009798235958442, 5.955757120158523, 5.965854068053886, 5.971511269919574, 5.918676557019353, 5.953496044036001, 6.071017884882167, 5.944590890081599, 5.924699891824275]], "medians": [5678.337824065238, 5785.022054449655, 5896.469686529599, 5914.702390437014, 5940.516871516593, 5961.32022049278, 5954.626582097262], "lengs": [10.0, 21.544346900318832, 46.41588833612778, 100.0, 215.44346900318823, 464.15888336127773, 1000.0]}