{"benchmarks": [[84.71416865009815, 84.3501130710356, 83.32547092810273, 83.49866546690464, 84.32097013201565, 84.50597347365692, 84.24577655177563, 83.12995279673487, 84.08030602708459, 84.60733703104779], [85.61889438005164, 84.0270875361748, 85.54355457471684, 85.55548782693222, 85.1001957198605, 85.50798686081544, 85.22976172622293, 84.72073862794787, 85.61331479623914, 86.17016239417717], [88.88940996490419, 89.5044801258482, 88.70548587013036, 89.16272058011964, 86.92110527306795, 89.92847609007731, 89.9394076759927, 85.3769150567241, 86.09813358308747, 85.74517814768478], [94.29292163997889, 93.15111927408725, 93.74631812702864, 97.00200802879408, 96.32218025485054, 96.49488940881565, 97.71771268127486, 96.08117750985548, 95.77921148017049, 95.97705038404092], [116.82907075295225, 118.47668891213834, 118.05069824308157, 117.44462043512613, 118.24903498124331, 116.63961168704554, 117.03041302086785, 116.95984098315239, 116.79053212236613, 117.20312347682193], [146.7316586310044, 147.9020075001754, 148.16229963907972, 147.9696721690707, 151.19169999379665, 149.01233883295208, 145.07512156572193, 145.4825395271182, 145.9794072159566, 147.74198302906007], [154.2891431641765, 153.88479208434, 154.10033981781453, 155.08197895484045, 153.82692929776385, 154.6037982031703, 155.05569172091782, 154.5577247920446, 152.81433703470975, 153.54223416605964]], "medians": [84283.37334189564, 85525.77071776614, 88797.44791751727, 96029.1139469482, 117116.76824884489, 147821.99526461773, 154194.7414909955], "lengs": [10.0, 21.544346900318832, 46.41588833612778, 100.0, 215.44346900318823, 464.15888336127773, 1000.0]}