{"benchmarks": [[109.10416650306433, 108.392612952739, 108.32021525874734, 108.22827070904896, 106.95015984028578, 107.73432864388451, 109.0574647798203, 106.9368795119226, 107.01764634810388, 107.37698402488604]], "medians": [107981.29967646673], "lengs": [149.96848355023738]}