{"benchmarks": [[25.771136038005352, 26.237658965867013, 25.867519718129188, 26.130012462846935, 25.853530649095774, 26.333291214890778, 25.998592451913282, 26.08056780998595, 26.075123108923435, 26.064157392131165], [26.89971899590455, 26.919309307122603, 27.020931981969625, 27.40140922809951, 26.974153967108577, 26.783054860075936, 26.55300340987742, 26.77716652583331, 26.756263877032325, 26.70322284195572], [39.039179566083476, 38.88679974316619, 39.17132011591457, 38.84849363588728, 39.17516173282638, 38.23979567200877, 38.17954624001868, 39.2328897039406, 38.42678737593815, 38.968842529924586], [43.91951625607908, 43.6576490229927, 43.56818449194543, 43.944658604916185, 44.19481597212143, 43.28744299011305, 43.87616374203935, 44.15495926816948, 44.05038280505687, 43.658033858053386], [51.96672619180754, 51.40613535000011, 51.51375753595494, 51.565817000111565, 50.91288820607588, 50.79042305308394, 50.698424919042736, 51.03137733787298, 50.76336257811636, 50.886150520062074], [64.24644861696288, 67.10811650799587, 64.4871649381239, 64.43276694510132, 65.1340919721406, 66.18902515806258, 64.22114464989863, 64.74303612695076, 64.29620714811608, 64.5530943160411], [74.2430843859911, 73.6532585399691, 75.52729002991691, 74.04658023291267, 75.17789669707417, 77.03925397107378, 74.20175331179053, 73.84636235400103, 74.43396891700104, 74.9776707298588]], "medians": [26069.6402505273, 26841.386927990243, 38927.82113654539, 43897.839999059215, 50972.13277197443, 64520.1296270825, 74338.52665149607], "lengs": [10.0, 21.544346900318832, 46.41588833612778, 100.0, 215.44346900318823, 464.15888336127773, 1000.0]}