{"benchmarks": [[0.15531441220082343, 0.15532708214595914, 0.1538185691460967, 0.1530027340631932, 0.15215445403009653, 0.15483164601027966, 0.1533507329877466, 0.15384911885485053, 0.1525690178386867, 0.1532722709234804], [0.15301286103203893, 0.15293468814343214, 0.1552212960086763, 0.1523570700082928, 0.1519892429932952, 0.15637961612083018, 0.15441672899760306, 0.1574099981226027, 0.15357662294991314, 0.15864032809622586], [0.15466912789270282, 0.15369756682775915, 0.15247896988876164, 0.156551901018247, 0.15407529613003135, 0.15412184596061707, 0.16005927207879722, 0.15926916105672717, 0.16000326094217598, 0.15839136485010386], [0.1594595981296152, 0.15895702899433672, 0.16019172593951225, 0.16111120698042214, 0.15849135094322264, 0.15734867192804813, 0.15518746199086308, 0.1534222150221467, 0.15966997318901122, 0.15568716288544238], [0.15258275880478323, 0.15174506907351315, 0.15165158710442483, 0.1574210140388459, 0.15383004397153854, 0.15547015401534736, 0.15494777215644717, 0.1529970858246088, 0.15296230698004365, 0.15218213596381247], [0.15758551890030503, 0.15382330701686442, 0.15790445706807077, 0.15452357288450003, 0.15312095894478261, 0.15418584016151726, 0.15792973712086678, 0.15458636893890798, 0.15269573708064854, 0.155882955994457], [0.15352412895299494, 0.15275145904161036, 0.1530580590479076, 0.15710394410416484, 0.15420137788169086, 0.1536260638386011, 0.1556705858092755, 0.1542142399121076, 0.1540552508085966, 0.15738522703759372], [0.1537662879563868, 0.15329579706303775, 0.1539765892084688, 0.1549017101060599, 0.15264926804229617, 0.15363189205527306, 0.15575356292538345, 0.1546645169146359, 0.1559995759744197, 0.15678669791668653], [0.15935945487581193, 0.159240635111928, 0.15941856591962278, 0.15855377912521362, 0.15990637009963393, 0.15802492899820209, 0.1603920499328524, 0.15927656088024378, 0.15893881302326918, 0.1583080419804901]], "medians": [153.58465106692165, 153.9966759737581, 155.6105144554749, 158.72418996877968, 152.97969640232623, 154.554970911704, 154.12831434514374, 154.32055306155235, 159.25859799608588], "lengs": [10.0, 31.622776601683796, 100.0, 316.2277660168379, 1000.0, 3162.277660168379, 10000.0, 31622.776601683796, 100000.0]}