{"benchmarks": [[10524.352075517876, 10976.920055105817, 11121.86888350104, 10655.413170721848], [38833.87522651092, 40583.64681443293, 39552.496163726784, 47927.357412876096]], "medians": [10816166.612913832, 40068071.489079855], "lengs": [2500.345361696432, 15995.58028614668]}