{"benchmarks": [[5.437041649129242, 5.3695490481331944, 5.243260764982551, 5.337288196198642, 5.3869372247718275, 5.434069023933262, 5.287562177050859, 5.345075109042227, 5.2865952188149095, 5.390026819892228], [5.368542721029371, 5.270966421812773, 5.393164357170463, 5.339001569896936, 5.307003548834473, 5.382820928003639, 5.363130536861718, 5.2237670621834695, 5.2619207156822085, 5.255623635835946], [5.449009019881487, 5.294446668121964, 5.453924331814051, 5.319591549690813, 5.344457901082933, 5.308013891801238, 5.411339093931019, 5.453306536655873, 5.342860930599272, 5.414153731893748], [5.342106700874865, 5.47075760178268, 5.363266576081514, 5.4110169019550085, 5.359879370778799, 5.3433924950659275, 5.288283312693238, 5.332818619906902, 5.367547363042831, 5.309276070911437], [5.41719555715099, 5.355325309094042, 5.420139814261347, 5.372204515617341, 5.44016351364553, 5.4285006183199584, 5.4098655679263175, 5.4217460989020765, 5.382173995953053, 5.392626320011914], [5.424899914767593, 5.558846079278737, 5.507380116265267, 5.540068665053695, 5.459280821029097, 5.580948554910719, 5.522745307069272, 5.452033448033035, 5.452189756091684, 5.403491295874119], [5.505155235994607, 5.441050733905286, 5.647164999041706, 5.437544174026698, 5.573942356277257, 5.643241034820676, 5.636770026758313, 5.5048785782419145, 5.609085395932198, 5.418495750054717]], "medians": [5357.312078587711, 5323.002559365705, 5377.898497506976, 5351.635932922363, 5413.530562538654, 5483.330468647182, 5539.548796135932], "lengs": [10.0, 21.544346900318832, 46.41588833612778, 100.0, 215.44346900318823, 464.15888336127773, 1000.0]}