{"lengs":[10.0,21.544346900318832,46.4158883361278,100.0,215.44346900318845,464.15888336127773,1000.0],"benchmarks":[["Trial",{"allocs":11408354,"gctimes":[0.0],"memory":685756696,"params":["Parameters",{"gctrial":true,"time_tolerance":0.05,"samples":10000,"evals":1,"gcsample":false,"seconds":5.0,"overhead":0.0,"memory_tolerance":0.01}],"times":[2.04314201929e11]}],["Trial",{"allocs":16136050,"gctimes":[1.50941253e8],"memory":931716856,"params":["Parameters",{"gctrial":true,"time_tolerance":0.05,"samples":10000,"evals":1,"gcsample":false,"seconds":5.0,"overhead":0.0,"memory_tolerance":0.01}],"times":[2.89028526881e11]}],["Trial",{"allocs":19835986,"gctimes":[1.54866694e8],"memory":1124207416,"params":["Parameters",{"gctrial":true,"time_tolerance":0.05,"samples":10000,"evals":1,"gcsample":false,"seconds":5.0,"overhead":0.0,"memory_tolerance":0.01}],"times":[3.59823836689e11]}],["Trial",{"allocs":21788730,"gctimes":[1.69440194e8],"memory":1225799656,"params":["Parameters",{"gctrial":true,"time_tolerance":0.05,"samples":10000,"evals":1,"gcsample":false,"seconds":5.0,"overhead":0.0,"memory_tolerance":0.01}],"times":[3.91342705282e11]}],["Trial",{"allocs":23433146,"gctimes":[1.55797069e8],"memory":1311351016,"params":["Parameters",{"gctrial":true,"time_tolerance":0.05,"samples":10000,"evals":1,"gcsample":false,"seconds":5.0,"overhead":0.0,"memory_tolerance":0.01}],"times":[4.23307601919e11]}],["Trial",{"allocs":26516426,"gctimes":[1.53745397e8],"memory":1471759816,"params":["Parameters",{"gctrial":true,"time_tolerance":0.05,"samples":10000,"evals":1,"gcsample":false,"seconds":5.0,"overhead":0.0,"memory_tolerance":0.01}],"times":[4.70001960656e11]}],["Trial",{"allocs":28160842,"gctimes":[1.54550279e8],"memory":1557311176,"params":["Parameters",{"gctrial":true,"time_tolerance":0.05,"samples":10000,"evals":1,"gcsample":false,"seconds":5.0,"overhead":0.0,"memory_tolerance":0.01}],"times":[5.0449228688e11]}]],"medians":[204314.201929,289028.526881,359823.836689,391342.705282,423307.601919,470001.960656,504492.28688]}