{"lengs":[10.0,21.544346900318832,46.4158883361278,100.0,215.44346900318845,464.15888336127773,1000.0],"benchmarks":[["Trial",{"allocs":10369574,"gctimes":[0.0],"memory":617148664,"params":["Parameters",{"gctrial":true,"time_tolerance":0.05,"samples":10000,"evals":1,"gcsample":false,"seconds":5.0,"overhead":0.0,"memory_tolerance":0.01}],"times":[1.42206880306e11]}],["Trial",{"allocs":13549508,"gctimes":[0.0],"memory":778091624,"params":["Parameters",{"gctrial":true,"time_tolerance":0.05,"samples":10000,"evals":1,"gcsample":false,"seconds":5.0,"overhead":0.0,"memory_tolerance":0.01}],"times":[1.84027866405e11]}],["Trial",{"allocs":16867700,"gctimes":[1.63472287e8],"memory":946032104,"params":["Parameters",{"gctrial":true,"time_tolerance":0.05,"samples":10000,"evals":1,"gcsample":false,"seconds":5.0,"overhead":0.0,"memory_tolerance":0.01}],"times":[2.28366983403e11]}],["Trial",{"allocs":19079828,"gctimes":[1.65301848e8],"memory":1057992424,"params":["Parameters",{"gctrial":true,"time_tolerance":0.05,"samples":10000,"evals":1,"gcsample":false,"seconds":5.0,"overhead":0.0,"memory_tolerance":0.01}],"times":[2.58932318562e11]}],["Trial",{"allocs":20324150,"gctimes":[1.65293998e8],"memory":1120970104,"params":["Parameters",{"gctrial":true,"time_tolerance":0.05,"samples":10000,"evals":1,"gcsample":false,"seconds":5.0,"overhead":0.0,"memory_tolerance":0.01}],"times":[2.76094821293e11]}],["Trial",{"allocs":22121504,"gctimes":[1.65975502e8],"memory":1211937864,"params":["Parameters",{"gctrial":true,"time_tolerance":0.05,"samples":10000,"evals":1,"gcsample":false,"seconds":5.0,"overhead":0.0,"memory_tolerance":0.01}],"times":[2.9964199904e11]}],["Trial",{"allocs":23642342,"gctimes":[1.64015641e8],"memory":1288910584,"params":["Parameters",{"gctrial":true,"time_tolerance":0.05,"samples":10000,"evals":1,"gcsample":false,"seconds":5.0,"overhead":0.0,"memory_tolerance":0.01}],"times":[3.19669408458e11]}]],"medians":[142206.880306,184027.866405,228366.983403,258932.318562,276094.821293,299641.99904,319669.408458]}