{"lengs":[10.0],"benchmarks":[["Trial",{"allocs":3971,"gctimes":[0.0,0.0,0.0,0.0],"memory":4226352,"params":["Parameters",{"gctrial":true,"time_tolerance":0.05,"samples":10000,"evals":1,"gcsample":false,"seconds":5.0,"overhead":0.0,"memory_tolerance":0.01}],"times":[1.273324391e9,1.275881255e9,1.274026922e9,1.273441699e9]}]],"medians":[1273.7343105]}