{"lengs":[10.0],"benchmarks":[["Trial",{"allocs":1697,"gctimes":[0.0,0.0,0.0,0.0,0.0,0.0,0.0,0.0,0.0,0.0,0.0,0.0,0.0,0.0,0.0,0.0,0.0,0.0,0.0,0.0,0.0,0.0,0.0,0.0,0.0,0.0,0.0,0.0,0.0,0.0,0.0,0.0],"memory":3144960,"params":["Parameters",{"gctrial":true,"time_tolerance":0.05,"samples":10000,"evals":1,"gcsample":false,"seconds":5.0,"overhead":0.0,"memory_tolerance":0.01}],"times":[1.46230414e8,1.45292402e8,1.49541287e8,1.45465962e8,1.47552398e8,1.50555716e8,1.49089185e8,1.49052296e8,1.4894896e8,1.54731366e8,1.49201241e8,1.50346951e8,1.46068501e8,1.46408868e8,1.45840448e8,1.44722833e8,1.53540989e8,1.48901256e8,1.48389597e8,1.49239123e8,1.48415738e8,1.45048218e8,1.45590122e8,1.49745709e8,1.45651617e8,2.01706858e8,2.1839095e8,2.18376078e8,2.12073426e8,1.95799386e8,1.94313308e8,1.94603549e8]}]],"medians":[149.0707405]}