{"lengs":[1.9998618696327441],"benchmarks":[["Trial",{"allocs":848611,"gctimes":[0.0,0.0,0.0,1.8645575e7,0.0,0.0,0.0,1.8827347e7,0.0,0.0,1.8804672e7,0.0,0.0,0.0,1.854987e7,0.0,0.0,0.0,1.8612099e7,0.0,0.0,1.8544531e7,0.0,0.0,0.0,1.8216297e7,0.0,0.0,0.0,1.8435784e7,0.0,0.0,1.8253615e7,0.0,0.0,0.0,1.8255059e7,0.0,0.0,0.0,1.8308262e7,0.0,0.0,1.8247628e7,0.0,0.0,0.0,1.8142944e7,0.0,0.0,1.8374489e7,0.0,0.0,0.0,1.8422587e7,0.0,0.0,0.0,1.8219814e7,0.0,0.0,1.8329516e7,0.0,0.0,0.0,1.8552992e7],"memory":58367240,"params":["Parameters",{"gctrial":true,"time_tolerance":0.05,"samples":10000,"evals":1,"gcsample":false,"seconds":5.0,"overhead":0.0,"memory_tolerance":0.01}],"times":[7.4927671e7,8.0049703e7,7.802938e7,9.114049e7,6.4567418e7,7.8575695e7,8.0193195e7,8.4896224e7,6.9829907e7,7.8001569e7,9.5555605e7,6.2007373e7,7.4538926e7,7.8063996e7,8.9709127e7,6.4489734e7,7.77943e7,7.8800895e7,8.4798962e7,7.0166835e7,7.8322492e7,9.4260246e7,6.2453242e7,7.4021598e7,7.7961237e7,8.6422367e7,6.4244864e7,7.6487494e7,7.5873169e7,8.1129214e7,7.029017e7,7.8348492e7,9.2167197e7,6.0525052e7,7.4649703e7,7.5847652e7,8.5211179e7,6.517958e7,7.5695849e7,7.6492466e7,7.9542167e7,7.0915032e7,7.6675134e7,8.9787214e7,6.0704378e7,7.7179112e7,7.6051512e7,8.3659755e7,6.6439995e7,7.5636961e7,9.4031527e7,6.0722662e7,7.1462419e7,7.578797e7,8.823023e7,6.1624587e7,7.5992017e7,7.5980119e7,8.5743735e7,6.9409871e7,7.6407168e7,9.2946662e7,6.0531481e7,7.2611985e7,7.6351121e7,8.7348919e7]}]],"medians":[76.447331]}