{"lengs":[10.0,21.544346900318832,46.4158883361278,100.0,215.44346900318845,464.15888336127773,1000.0],"benchmarks":[["Trial",{"allocs":11107,"gctimes":[0.0,0.0,0.0,0.0,0.0,0.0,0.0,0.0,0.0,0.0,0.0,0.0,1.3086625e7,0.0,0.0,0.0,0.0,0.0,0.0,0.0,0.0,0.0,0.0,0.0,1.0283733e7,0.0,0.0,0.0,0.0,0.0,0.0,0.0,0.0,0.0,0.0,0.0,1.0285924e7,0.0,0.0],"memory":20786896,"params":["Parameters",{"gctrial":true,"time_tolerance":0.05,"samples":10000,"evals":1,"gcsample":false,"seconds":5.0,"overhead":0.0,"memory_tolerance":0.01}],"times":[1.26836699e8,1.25181797e8,1.23364142e8,1.23652786e8,1.23250407e8,1.23108977e8,1.22917675e8,1.26260102e8,1.23107123e8,1.31007282e8,1.30288537e8,1.31094344e8,1.44423119e8,1.2953558e8,1.29442955e8,1.29460895e8,1.30292898e8,1.31839618e8,1.29562529e8,1.29216892e8,1.29373659e8,1.29548347e8,1.29315678e8,1.29270471e8,1.43657157e8,1.31331837e8,1.29398131e8,1.29504336e8,1.29212422e8,1.2965044e8,1.2920372e8,1.2958009e8,1.30472729e8,1.24971732e8,1.22964876e8,1.22529422e8,1.34902145e8,1.23081725e8,1.22930546e8]}],["Trial",{"allocs":14182,"gctimes":[0.0,0.0,0.0,0.0,0.0,0.0,0.0,0.0,0.0,1.0335429e7,0.0,0.0,0.0,0.0,0.0,0.0,0.0,0.0,1.5790595e7,0.0,0.0,0.0,0.0,0.0,0.0,0.0,0.0,0.0,1.0277901e7,0.0],"memory":26482096,"params":["Parameters",{"gctrial":true,"time_tolerance":0.05,"samples":10000,"evals":1,"gcsample":false,"seconds":5.0,"overhead":0.0,"memory_tolerance":0.01}],"times":[1.74884173e8,1.68559112e8,1.67775359e8,1.67367637e8,1.67108212e8,1.68108351e8,1.74464483e8,1.76771585e8,1.76216145e8,1.87483951e8,1.77498679e8,1.7567848e8,1.75900127e8,1.67240763e8,1.66782346e8,1.66509831e8,1.66908513e8,1.66956673e8,1.90578566e8,1.72138138e8,1.73293124e8,1.66907326e8,1.66936741e8,1.67351418e8,1.71295628e8,1.67349494e8,1.66444124e8,1.67107089e8,1.79331249e8,1.67405265e8]}],["Trial",{"allocs":18937,"gctimes":[0.0,0.0,0.0,0.0,0.0,0.0,0.0,1.0238972e7,0.0,0.0,0.0,0.0,0.0,0.0,1.1358472e7,0.0,0.0,0.0,0.0,0.0,0.0,1.0598719e7],"memory":35290336,"params":["Parameters",{"gctrial":true,"time_tolerance":0.05,"samples":10000,"evals":1,"gcsample":false,"seconds":5.0,"overhead":0.0,"memory_tolerance":0.01}],"times":[2.38651161e8,2.36458072e8,2.36196032e8,2.38925023e8,2.35839621e8,2.36245646e8,2.35708661e8,2.47135026e8,2.39628884e8,2.3602523e8,2.3544797e8,2.35511091e8,2.39939076e8,2.35588366e8,2.51264635e8,2.35541172e8,2.3781278e8,2.37115088e8,2.35316401e8,2.34947276e8,2.35124836e8,2.51562019e8]}],["Trial",{"allocs":20600,"gctimes":[0.0,0.0,0.0,0.0,0.0,0.0,1.0217205e7,0.0,0.0,0.0,0.0,0.0,0.0,1.1674189e7,0.0,0.0,0.0,0.0],"memory":38434192,"params":["Parameters",{"gctrial":true,"time_tolerance":0.05,"samples":10000,"evals":1,"gcsample":false,"seconds":5.0,"overhead":0.0,"memory_tolerance":0.01}],"times":[2.80795057e8,2.77778559e8,2.83555792e8,2.77701378e8,2.78113312e8,2.7837994e8,2.93172353e8,2.77552372e8,2.77481512e8,2.82333447e8,2.79001668e8,2.79692747e8,2.76499959e8,3.0950924e8,2.83919935e8,2.92670838e8,2.92183268e8,2.87553173e8]}],["Trial",{"allocs":21743,"gctimes":[0.0,0.0,0.0,0.0,0.0,0.0,1.0318321e7,0.0,0.0,0.0,0.0,0.0,1.0177575e7,0.0,0.0,0.0],"memory":40756784,"params":["Parameters",{"gctrial":true,"time_tolerance":0.05,"samples":10000,"evals":1,"gcsample":false,"seconds":5.0,"overhead":0.0,"memory_tolerance":0.01}],"times":[3.16114298e8,3.1302643e8,3.1622889e8,3.12882578e8,3.12829119e8,3.1273058e8,3.27641454e8,3.12526879e8,3.12123085e8,3.24622691e8,3.29325249e8,3.29046849e8,3.37258426e8,3.13329892e8,3.12500988e8,3.16049694e8]}],["Trial",{"allocs":22229,"gctimes":[0.0,0.0,0.0,0.0,0.0,0.0,9.90542e6,0.0,0.0,0.0,0.0,0.0,9.934989e6,0.0,0.0],"memory":41731984,"params":["Parameters",{"gctrial":true,"time_tolerance":0.05,"samples":10000,"evals":1,"gcsample":false,"seconds":5.0,"overhead":0.0,"memory_tolerance":0.01}],"times":[3.36732718e8,3.34623336e8,3.39135012e8,3.34540506e8,3.32478008e8,3.33564649e8,3.38639667e8,3.27376807e8,3.4208391e8,3.45128311e8,3.45104315e8,3.38919711e8,3.39284654e8,3.27239137e8,3.3240579e8]}],["Trial",{"allocs":22392,"gctimes":[0.0,0.0,0.0,0.0,0.0,9.820695e6,0.0,0.0,0.0,0.0,0.0,9.833669e6,0.0,0.0,0.0],"memory":42062064,"params":["Parameters",{"gctrial":true,"time_tolerance":0.05,"samples":10000,"evals":1,"gcsample":false,"seconds":5.0,"overhead":0.0,"memory_tolerance":0.01}],"times":[3.43266312e8,3.35758809e8,3.32936149e8,3.32354279e8,3.35913965e8,3.4245091e8,3.32588183e8,3.35380322e8,3.31277384e8,3.31748036e8,3.36446215e8,3.41873716e8,3.32047126e8,3.37745192e8,3.49865813e8]}]],"medians":[129.373659,167.941855,236.220839,280.243902,314.689793,336.732718,335.758809]}