{"lengs":[10.0,21.544346900318832,46.4158883361278,100.0,215.44346900318845,464.15888336127773,1000.0],"benchmarks":[["Trial",{"allocs":13465,"gctimes":[0.0,0.0,0.0,0.0,0.0,0.0,0.0,0.0,0.0,0.0,0.0,0.0,0.0,0.0,0.0,0.0,0.0,0.0],"memory":15447360,"params":["Parameters",{"gctrial":true,"time_tolerance":0.05,"samples":10000,"evals":1,"gcsample":false,"seconds":5.0,"overhead":0.0,"memory_tolerance":0.01}],"times":[2.90260516e8,2.85376621e8,2.84421718e8,2.86260681e8,2.84570961e8,2.84346768e8,2.84087204e8,2.86073668e8,2.84720763e8,2.84418158e8,2.85259713e8,2.93297867e8,2.91920737e8,2.92582016e8,2.94778354e8,2.91720199e8,2.91924994e8,2.91729299e8]}],["Trial",{"allocs":27085,"gctimes":[0.0,0.0,0.0,0.0,0.0,0.0,0.0,0.0,0.0],"memory":29693792,"params":["Parameters",{"gctrial":true,"time_tolerance":0.05,"samples":10000,"evals":1,"gcsample":false,"seconds":5.0,"overhead":0.0,"memory_tolerance":0.01}],"times":[5.8995231e8,5.64314122e8,5.57243929e8,5.5936637e8,5.57437854e8,5.81328892e8,5.86131158e8,5.6251555e8,5.59912483e8]}],["Trial",{"allocs":71876,"gctimes":[0.0,0.0,0.0,0.0],"memory":79458112,"params":["Parameters",{"gctrial":true,"time_tolerance":0.05,"samples":10000,"evals":1,"gcsample":false,"seconds":5.0,"overhead":0.0,"memory_tolerance":0.01}],"times":[1.485380834e9,1.511365808e9,1.569853604e9,1.53947705e9]}],["Trial",{"allocs":226527,"gctimes":[0.0,1.4091377e7],"memory":231647552,"params":["Parameters",{"gctrial":true,"time_tolerance":0.05,"samples":10000,"evals":1,"gcsample":false,"seconds":5.0,"overhead":0.0,"memory_tolerance":0.01}],"times":[4.912478214e9,5.026933336e9]}],["Trial",{"allocs":400331,"gctimes":[0.0],"memory":403340352,"params":["Parameters",{"gctrial":true,"time_tolerance":0.05,"samples":10000,"evals":1,"gcsample":false,"seconds":5.0,"overhead":0.0,"memory_tolerance":0.01}],"times":[8.845293384e9]}],["Trial",{"allocs":629999,"gctimes":[1.7886452e7],"memory":625281152,"params":["Parameters",{"gctrial":true,"time_tolerance":0.05,"samples":10000,"evals":1,"gcsample":false,"seconds":5.0,"overhead":0.0,"memory_tolerance":0.01}],"times":[1.484619409e10]}],["Trial",{"allocs":754365,"gctimes":[1.3114886e7],"memory":745832160,"params":["Parameters",{"gctrial":true,"time_tolerance":0.05,"samples":10000,"evals":1,"gcsample":false,"seconds":5.0,"overhead":0.0,"memory_tolerance":0.01}],"times":[1.766597337e10]}]],"medians":[286.1671745,562.51555,1525.421429,4969.705775,8845.293384,14846.19409,17665.97337]}