{"lengs":[10.0,21.544346900318832,46.4158883361278,100.0,215.44346900318845,464.15888336127773,1000.0],"benchmarks":[["Trial",{"allocs":5361,"gctimes":[0.0,0.0,0.0,0.0,0.0,0.0,0.0,0.0,0.0,0.0,0.0,0.0,0.0,0.0,0.0,0.0,0.0,0.0,0.0,0.0,0.0,0.0,0.0,0.0,0.0,0.0,0.0,0.0,0.0,0.0,0.0,0.0,0.0],"memory":2197344,"params":["Parameters",{"gctrial":true,"time_tolerance":0.05,"samples":10000,"evals":1,"gcsample":false,"seconds":5.0,"overhead":0.0,"memory_tolerance":0.01}],"times":[1.54178355e8,1.52699813e8,1.52582361e8,1.52648723e8,1.5275287e8,1.53047919e8,1.52884998e8,1.52579823e8,1.52837859e8,1.52578461e8,1.52716639e8,1.52337326e8,1.52941617e8,1.53089324e8,1.52675423e8,1.52546311e8,1.52963943e8,1.5278424e8,1.53545558e8,1.54068863e8,1.54464123e8,1.55292397e8,1.54978771e8,1.55035802e8,1.54716585e8,1.54772288e8,1.55532963e8,1.5467637e8,1.54792755e8,1.54829658e8,1.54443425e8,1.54565718e8,1.54626197e8]}],["Trial",{"allocs":6906,"gctimes":[0.0,0.0,0.0,0.0,0.0,0.0,0.0,0.0,0.0,0.0,0.0,0.0,0.0,0.0,0.0,0.0,0.0,0.0,0.0,0.0,0.0,0.0,0.0,0.0,0.0,0.0],"memory":2873184,"params":["Parameters",{"gctrial":true,"time_tolerance":0.05,"samples":10000,"evals":1,"gcsample":false,"seconds":5.0,"overhead":0.0,"memory_tolerance":0.01}],"times":[1.94423097e8,1.93634019e8,1.93541621e8,1.95231115e8,1.93974759e8,1.94234113e8,1.95120779e8,1.93887108e8,1.90440611e8,1.91237572e8,1.91054066e8,1.90561412e8,1.90234774e8,1.91492226e8,1.9174208e8,1.90999288e8,1.92496462e8,1.92536013e8,1.9305977e8,1.92620953e8,1.92852094e8,1.92473093e8,1.9276828e8,1.92702731e8,1.93068151e8,1.93280949e8]}],["Trial",{"allocs":9248,"gctimes":[0.0,0.0,0.0,0.0,0.0,0.0,0.0,0.0,0.0,0.0,0.0,0.0,0.0,0.0,0.0,0.0,0.0,0.0,0.0,0.0,0.0,0.0,0.0,0.0,0.0],"memory":3735520,"params":["Parameters",{"gctrial":true,"time_tolerance":0.05,"samples":10000,"evals":1,"gcsample":false,"seconds":5.0,"overhead":0.0,"memory_tolerance":0.01}],"times":[2.02102414e8,2.0097623e8,2.01730847e8,2.02399183e8,2.02010732e8,2.03628414e8,2.03125472e8,2.0280533e8,2.03052955e8,2.02809071e8,2.05065885e8,2.04602349e8,2.04907807e8,2.04113726e8,2.05234765e8,2.03397917e8,2.02866476e8,2.02583153e8,2.0556228e8,2.05481948e8,2.0520702e8,2.05415687e8,2.05063176e8,2.05425834e8,2.05337956e8]}],["Trial",{"allocs":9697,"gctimes":[0.0,0.0,0.0,0.0,0.0,0.0,0.0,0.0,0.0,0.0,0.0,0.0,0.0,0.0,0.0,0.0,0.0,0.0,0.0,0.0],"memory":4079712,"params":["Parameters",{"gctrial":true,"time_tolerance":0.05,"samples":10000,"evals":1,"gcsample":false,"seconds":5.0,"overhead":0.0,"memory_tolerance":0.01}],"times":[2.54108174e8,2.50394687e8,2.50546451e8,2.505671e8,2.50240388e8,2.50160356e8,2.50689053e8,2.50389389e8,2.49725007e8,2.48992012e8,2.487907e8,2.51643982e8,2.52467584e8,2.51316279e8,2.49456981e8,2.4828863e8,2.49046814e8,2.48506931e8,2.50346667e8,2.50509056e8]}],["Trial",{"allocs":10662,"gctimes":[0.0,0.0,0.0,0.0,0.0,0.0,0.0,0.0,0.0,0.0,0.0,0.0,0.0,0.0,0.0,0.0,0.0,0.0,0.0,0.0,0.0],"memory":4344032,"params":["Parameters",{"gctrial":true,"time_tolerance":0.05,"samples":10000,"evals":1,"gcsample":false,"seconds":5.0,"overhead":0.0,"memory_tolerance":0.01}],"times":[2.48901827e8,2.4755406e8,2.47517373e8,2.49278778e8,2.51099878e8,2.49589801e8,2.49808037e8,2.52139526e8,2.51256881e8,2.51084055e8,2.47453582e8,2.46220749e8,2.46783316e8,2.48475744e8,2.49570561e8,2.48660576e8,2.49478975e8,2.48877885e8,2.48585391e8,2.48190635e8,2.49440587e8]}],["Trial",{"allocs":11467,"gctimes":[0.0,0.0,0.0,0.0,0.0,0.0,0.0,0.0,0.0,0.0,0.0,0.0,0.0,0.0,0.0,0.0,0.0,0.0],"memory":4426272,"params":["Parameters",{"gctrial":true,"time_tolerance":0.05,"samples":10000,"evals":1,"gcsample":false,"seconds":5.0,"overhead":0.0,"memory_tolerance":0.01}],"times":[2.86949439e8,2.80803619e8,2.80652684e8,2.81333331e8,2.81940242e8,2.82879703e8,2.85139285e8,2.83672536e8,2.8592878e8,2.84790597e8,2.85260488e8,2.83976903e8,2.83951815e8,2.84413108e8,2.85046553e8,2.83703469e8,2.83568908e8,2.83738441e8]}],["Trial",{"allocs":11614,"gctimes":[0.0,0.0,0.0,0.0,0.0,0.0,0.0,0.0,0.0,0.0,0.0,0.0,0.0,0.0,0.0,0.0,0.0,0.0],"memory":4564128,"params":["Parameters",{"gctrial":true,"time_tolerance":0.05,"samples":10000,"evals":1,"gcsample":false,"seconds":5.0,"overhead":0.0,"memory_tolerance":0.01}],"times":[2.81954961e8,2.77335554e8,2.76756382e8,2.79027069e8,2.77878482e8,2.77407408e8,2.78157118e8,2.79098576e8,2.79627746e8,2.79437728e8,2.79685283e8,2.80010895e8,2.80393617e8,2.81712537e8,2.81988212e8,2.84313844e8,2.8440038e8,2.85513734e8]}]],"medians":[153.089324,192.7355055,203.628414,250.368028,248.901827,283.845128,279.6565145]}