{"lengs":[10.0],"benchmarks":[["Trial",{"allocs":41721,"gctimes":[0.0,0.0,0.0,1.5069534e7,0.0,0.0,1.0713999e7,0.0,0.0,1.0857086e7,0.0,0.0,1.0637309e7,0.0,0.0,1.0836994e7,0.0,0.0,0.0,1.0673368e7,0.0,0.0,1.0579291e7,0.0,0.0,1.0514352e7,0.0],"memory":80270288,"params":["Parameters",{"gctrial":true,"time_tolerance":0.05,"samples":10000,"evals":1,"gcsample":false,"seconds":5.0,"overhead":0.0,"memory_tolerance":0.01}],"times":[1.867826e8,1.84987449e8,1.84483108e8,1.99155814e8,1.83107768e8,1.87773369e8,1.94183582e8,1.83003832e8,1.83199535e8,1.94715026e8,1.90246137e8,1.92491822e8,2.03330217e8,1.91429253e8,1.91653396e8,2.06417864e8,1.92939718e8,1.91744696e8,1.91896746e8,2.0437558e8,1.92527933e8,1.88520961e8,1.94822452e8,1.83307197e8,1.82802821e8,1.94466289e8,1.85534856e8]}]],"medians":[191.653396]}