{"lengs":[10.0,21.544346900318832,46.4158883361278,100.0,215.44346900318845,464.15888336127773,1000.0],"benchmarks":[["Trial",{"allocs":1391,"gctimes":[0.0,0.0,0.0,0.0,0.0,0.0,0.0,0.0,0.0,0.0,0.0,0.0,0.0,0.0,0.0,0.0,0.0,0.0,0.0,0.0,0.0,0.0,0.0,0.0,0.0,0.0,0.0,0.0,0.0,0.0,0.0,0.0,0.0,0.0,0.0,0.0,0.0,0.0,0.0,0.0,0.0,0.0,0.0,0.0,0.0,0.0,0.0,0.0,0.0,0.0,0.0,0.0,0.0,0.0,0.0,0.0,0.0,0.0,0.0,0.0,0.0,0.0,0.0,0.0,0.0,0.0,0.0,0.0,0.0,0.0,0.0,0.0,0.0,1.0474961e7,0.0,0.0,0.0,0.0,0.0,0.0,0.0,0.0,0.0,0.0,0.0,0.0,0.0,0.0,0.0,0.0,0.0,0.0,0.0,0.0,0.0,0.0,0.0,0.0,0.0,0.0,0.0,0.0,0.0,0.0,0.0,0.0],"memory":3393392,"params":["Parameters",{"gctrial":true,"time_tolerance":0.05,"samples":10000,"evals":1,"gcsample":false,"seconds":5.0,"overhead":0.0,"memory_tolerance":0.01}],"times":[4.9075219e7,4.6630649e7,4.6327451e7,4.6307094e7,4.5879374e7,4.7219746e7,4.5906809e7,4.6883162e7,4.6605963e7,4.6559781e7,4.6616754e7,4.7404806e7,4.5668016e7,4.6342576e7,4.6120812e7,4.6621365e7,4.7078029e7,4.6126872e7,4.6478909e7,4.6546316e7,4.7405485e7,4.7252099e7,4.8285403e7,4.6756702e7,4.6543568e7,4.6541109e7,4.5752669e7,4.5631109e7,4.759155e7,4.6503871e7,4.678134e7,4.6205289e7,4.6746254e7,4.7124065e7,4.7398418e7,4.7253026e7,4.8631541e7,4.7798751e7,4.734378e7,4.7663194e7,4.7208389e7,4.8433172e7,4.7251559e7,4.8028861e7,4.9303013e7,4.774985e7,4.7123637e7,4.7465389e7,4.7399533e7,4.7737985e7,4.7944481e7,4.7370397e7,4.9520757e7,4.7482502e7,4.7168402e7,4.9443428e7,4.8647508e7,4.8856861e7,4.7723774e7,4.7692758e7,4.7551532e7,4.7664884e7,4.7115242e7,4.6930393e7,4.7361015e7,4.9456867e7,4.9429036e7,4.8025009e7,4.7336441e7,4.7226938e7,4.8126649e7,4.7071631e7,4.7026537e7,5.9093527e7,4.6353843e7,4.6252151e7,4.6322031e7,4.5849802e7,4.71714e7,4.5814813e7,4.6781304e7,4.6536704e7,4.6520375e7,4.6620798e7,4.7132135e7,4.5766092e7,4.6131187e7,4.7472507e7,4.7749821e7,4.7207835e7,4.6243924e7,4.6603865e7,4.6523667e7,4.7194619e7,4.5750982e7,4.6472879e7,4.6346559e7,4.6342723e7,4.6346234e7,4.5479535e7,4.5427565e7,4.6942609e7,4.6282614e7,4.667038e7,4.6227031e7,4.644361e7]}],["Trial",{"allocs":1627,"gctimes":[0.0,0.0,0.0,0.0,0.0,0.0,0.0,0.0,0.0,0.0,0.0,0.0,0.0,0.0,0.0,0.0,0.0,0.0,0.0,0.0,0.0,0.0,0.0,0.0,0.0,0.0,0.0,0.0,0.0,0.0,0.0,0.0,0.0,0.0,0.0,0.0,0.0,0.0,0.0,0.0,0.0,0.0,0.0,0.0,0.0,0.0,0.0,0.0,0.0,0.0,0.0,0.0,0.0,0.0,0.0,0.0,0.0,0.0,0.0,0.0,0.0,0.0,0.0,0.0,0.0,0.0,0.0,0.0,0.0,0.0,0.0,0.0,0.0,9.65114e6,0.0,0.0,0.0,0.0,0.0,0.0,0.0,0.0,0.0,0.0,0.0,0.0,0.0,0.0,0.0,0.0,0.0,0.0,0.0,0.0,0.0],"memory":3404720,"params":["Parameters",{"gctrial":true,"time_tolerance":0.05,"samples":10000,"evals":1,"gcsample":false,"seconds":5.0,"overhead":0.0,"memory_tolerance":0.01}],"times":[5.2959603e7,5.174097e7,5.177583e7,5.1611188e7,5.1253777e7,5.2448602e7,5.1150773e7,5.226837e7,5.2050855e7,5.1843584e7,5.2123804e7,5.3068923e7,5.0971661e7,5.1405861e7,5.1442416e7,5.3562627e7,5.439867e7,5.1821501e7,5.1831277e7,5.1949061e7,5.2605899e7,5.1079281e7,5.1972372e7,5.1856016e7,5.1674929e7,5.2829922e7,5.0927707e7,5.0822042e7,5.2252606e7,5.201671e7,5.2496094e7,5.1398909e7,5.2765195e7,5.2741747e7,5.2505353e7,5.4379239e7,5.3652641e7,5.2794209e7,5.2778184e7,5.2515704e7,5.2737758e7,5.3622331e7,5.2051202e7,5.3014378e7,5.208226e7,5.2986988e7,5.2101121e7,5.2218963e7,5.2697071e7,5.2399413e7,5.2208756e7,5.2807985e7,5.3841116e7,5.232276e7,5.2615371e7,5.3919296e7,5.3448415e7,5.3729027e7,5.3691967e7,5.3938618e7,5.3017762e7,5.3913387e7,5.1826677e7,5.3026981e7,5.3292382e7,5.3306546e7,5.3253232e7,5.2995255e7,5.3180161e7,5.2936401e7,5.2715812e7,5.4886827e7,5.9040439e7,6.614156e7,5.5914989e7,5.4871394e7,5.3776572e7,5.336115e7,5.4763063e7,5.3504837e7,5.4280823e7,5.4166777e7,5.412852e7,5.419177e7,5.5045486e7,5.3196514e7,5.3744801e7,5.3598854e7,5.4202322e7,5.488278e7,5.3860611e7,5.4336651e7,5.442096e7,5.6333767e7,5.4712455e7]}],["Trial",{"allocs":2360,"gctimes":[0.0,0.0,0.0,0.0,0.0,0.0,0.0,0.0,0.0,0.0,0.0,0.0,0.0,0.0,0.0,0.0,0.0,0.0,0.0,0.0,0.0,0.0,0.0,0.0,0.0,0.0,0.0,0.0,0.0,0.0,0.0,0.0,0.0,0.0,0.0,0.0,0.0,0.0,0.0,0.0,0.0,0.0,0.0,0.0,0.0,0.0,0.0,0.0,0.0,0.0,0.0,0.0,0.0,0.0,0.0,0.0,0.0,0.0,0.0,0.0,0.0,0.0,0.0,0.0,0.0,0.0,0.0,0.0,0.0,0.0],"memory":3442864,"params":["Parameters",{"gctrial":true,"time_tolerance":0.05,"samples":10000,"evals":1,"gcsample":false,"seconds":5.0,"overhead":0.0,"memory_tolerance":0.01}],"times":[7.1483296e7,7.024855e7,7.0569944e7,7.0126081e7,7.1078228e7,7.2481625e7,6.9838452e7,7.1176432e7,7.1540697e7,7.0425944e7,7.1753968e7,7.2560469e7,6.9657233e7,7.0260635e7,6.9853655e7,7.0991988e7,7.1909838e7,6.9936366e7,7.0633485e7,7.2859663e7,7.2344413e7,6.9527949e7,7.1350626e7,7.0727247e7,7.0414888e7,7.0237769e7,6.9285314e7,6.9103931e7,7.1697791e7,7.0228046e7,7.1425053e7,6.9738064e7,7.1809121e7,7.1644794e7,7.5431127e7,7.4422352e7,7.3800134e7,7.1256156e7,7.1504812e7,7.2380032e7,7.247335e7,7.1977065e7,7.1797087e7,7.1496333e7,7.2026315e7,7.1422418e7,7.0906397e7,7.0888904e7,7.4134453e7,7.301818e7,7.1780618e7,7.2636765e7,7.5356397e7,7.3865337e7,7.5027586e7,7.2656619e7,7.2301887e7,7.1286315e7,7.4033454e7,7.4712327e7,7.4849935e7,7.5178406e7,7.763789e7,7.413982e7,7.4513636e7,7.3212792e7,7.542992e7,7.3964941e7,7.3768183e7,7.3828093e7]}],["Trial",{"allocs":2536,"gctimes":[0.0,0.0,0.0,0.0,0.0,0.0,0.0,0.0,0.0,0.0,0.0,0.0,0.0,0.0,0.0,0.0,0.0,0.0,0.0,0.0,0.0,0.0,0.0,0.0,0.0,0.0,0.0,0.0,0.0,0.0,0.0,0.0,0.0,0.0,0.0,0.0,0.0,0.0,0.0,0.0,0.0,0.0,0.0,0.0,0.0,0.0,0.0,0.0,0.0,0.0,0.0,0.0,0.0,0.0,0.0,0.0,0.0,0.0,0.0,0.0,0.0,0.0,0.0,0.0],"memory":3451312,"params":["Parameters",{"gctrial":true,"time_tolerance":0.05,"samples":10000,"evals":1,"gcsample":false,"seconds":5.0,"overhead":0.0,"memory_tolerance":0.01}],"times":[7.94962e7,7.7830657e7,7.7388306e7,7.7161248e7,7.9264047e7,8.053498e7,7.7212393e7,7.8347723e7,7.8911473e7,8.0284322e7,8.0810787e7,8.2326393e7,7.9418023e7,7.9804503e7,7.9640034e7,8.0759988e7,8.2070518e7,8.3005589e7,8.1327348e7,8.0511483e7,8.2385576e7,7.967351e7,8.0924014e7,8.0098978e7,8.0204195e7,8.0408273e7,7.8918478e7,7.967123e7,7.8147211e7,7.7274242e7,8.0167641e7,7.7324929e7,7.7623811e7,7.7350936e7,7.7326261e7,7.7876409e7,7.8333866e7,7.7375905e7,7.9316925e7,7.7859502e7,7.8729013e7,7.9580883e7,7.7735339e7,7.8615627e7,8.0258326e7,7.9052562e7,7.7621932e7,7.9078765e7,7.8669773e7,7.8712318e7,7.9330063e7,7.849443e7,7.8895559e7,7.9647348e7,7.949476e7,7.9252125e7,8.2745312e7,8.1882359e7,7.8269179e7,8.0423933e7,7.9332151e7,7.9478019e7,7.7619079e7,7.8806612e7]}],["Trial",{"allocs":2640,"gctimes":[0.0,0.0,0.0,0.0,0.0,0.0,0.0,0.0,0.0,0.0,0.0,0.0,0.0,0.0,0.0,0.0,0.0,0.0,0.0,0.0,0.0,0.0,0.0,0.0,0.0,0.0,0.0,0.0,0.0,0.0,0.0,0.0,0.0,0.0,0.0,0.0,0.0,0.0,0.0,0.0,0.0,0.0,0.0,0.0,0.0,0.0,0.0,0.0,0.0,0.0,0.0,0.0,0.0,0.0,0.0,0.0,0.0,0.0,0.0,0.0],"memory":3456304,"params":["Parameters",{"gctrial":true,"time_tolerance":0.05,"samples":10000,"evals":1,"gcsample":false,"seconds":5.0,"overhead":0.0,"memory_tolerance":0.01}],"times":[8.2249004e7,8.4843327e7,8.0945464e7,8.1948478e7,8.1027463e7,8.0373e7,8.1460816e7,8.0331196e7,8.2666386e7,8.2260718e7,8.257962e7,8.4307307e7,8.1119001e7,8.2553126e7,8.2729036e7,8.269288e7,8.3996204e7,8.1452154e7,8.2573861e7,8.295488e7,8.4313025e7,8.1386006e7,8.3065937e7,8.2243674e7,8.2430894e7,8.2212468e7,8.2413644e7,8.1714076e7,8.0664259e7,8.0357505e7,8.2870761e7,8.0791363e7,8.279081e7,8.2508857e7,8.2732751e7,8.3139649e7,8.395085e7,8.287791e7,8.3141881e7,8.7961075e7,8.6520391e7,8.9436691e7,8.6670295e7,8.5909669e7,8.7063741e7,8.6740329e7,8.6780328e7,8.5994004e7,8.6660711e7,8.6184812e7,8.7392366e7,8.6548932e7,8.415875e7,8.3580021e7,8.4238128e7,8.3671477e7,8.4637767e7,8.3915989e7,8.27178e7,8.3883791e7]}],["Trial",{"allocs":2712,"gctimes":[0.0,0.0,0.0,0.0,0.0,0.0,0.0,0.0,0.0,0.0,0.0,0.0,0.0,0.0,0.0,0.0,0.0,0.0,0.0,0.0,0.0,0.0,0.0,0.0,0.0,0.0,0.0,0.0,0.0,0.0,0.0,0.0,0.0,0.0,0.0,0.0,0.0,0.0,0.0,0.0,0.0,0.0,0.0,0.0,0.0,0.0,0.0,0.0,0.0,0.0,0.0,0.0,0.0,0.0,0.0,0.0,0.0,0.0,0.0],"memory":3459760,"params":["Parameters",{"gctrial":true,"time_tolerance":0.05,"samples":10000,"evals":1,"gcsample":false,"seconds":5.0,"overhead":0.0,"memory_tolerance":0.01}],