{"lengs":[10.0],"benchmarks":[["Trial",{"allocs":54,"gctimes":[0.0,0.0,0.0,0.0,0.0,0.0,0.0,0.0,0.0,0.0,0.0,0.0,0.0,0.0,0.0,0.0,0.0,0.0,0.0,0.0,0.0,0.0,0.0,0.0,0.0,0.0,0.0,0.0,0.0,0.0,0.0,0.0,0.0,0.0,0.0,0.0,0.0,0.0,0.0,0.0,0.0,0.0,0.0,0.0,0.0,0.0,0.0,0.0,0.0,0.0,0.0,0.0,0.0,0.0,0.0,0.0,0.0,0.0,0.0,0.0,0.0,0.0,0.0,0.0,0.0,0.0,0.0,0.0,0.0,0.0,0.0,0.0,0.0,0.0,0.0,0.0,0.0,0.0,0.0,0.0,0.0,0.0,0.0,0.0,0.0,0.0,0.0,0.0,0.0,0.0,0.0,0.0,0.0,0.0,0.0,0.0,0.0,0.0,0.0,0.0,0.0,0.0,0.0,0.0,0.0,0.0,0.0,0.0,0.0,0.0,0.0,0.0,0.0,0.0,0.0,0.0,0.0,0.0,0.0,0.0,0.0,0.0,0.0,0.0,0.0,0.0,0.0,0.0,0.0,0.0,0.0,0.0,0.0,0.0,0.0,0.0,0.0,0.0,0.0,0.0,0.0,0.0,0.0,0.0,0.0,0.0,0.0,0.0,0.0,0.0,0.0,0.0,0.0,0.0,0.0,0.0,0.0,0.0,0.0,0.0,0.0,0.0,0.0,0.0,0.0,0.0,0.0,0.0,0.0,0.0,0.0,0.0,0.0,0.0,0.0,0.0,0.0,0.0,0.0,0.0,0.0,0.0,0.0,0.0,0.0,0.0,0.0,0.0,0.0,0.0,0.0,0.0,0.0,0.0,0.0,0.0,0.0,0.0,0.0,0.0,0.0,0.0,0.0,0.0,0.0,0.0,0.0,0.0,0.0,0.0,0.0,0.0,0.0,0.0,0.0,0.0,0.0,0.0,0.0,0.0,0.0,0.0,0.0,0.0,0.0,0.0,0.0,0.0,0.0,0.0,0.0,0.0,0.0,0.0,0.0,0.0,0.0,0.0,0.0,0.0,0.0,0.0,0.0,0.0,0.0,0.0,0.0,0.0,0.0,0.0,0.0,0.0,0.0,0.0,0.0,0.0,0.0,0.0,0.0,0.0,0.0,0.0,0.0,0.0,0.0,0.0,0.0,0.0,0.0,0.0,0.0,0.0,0.0,0.0,0.0,0.0,0.0,0.0,0.0,0.0,0.0,0.0,0.0,0.0,0.0,0.0,0.0,0.0,0.0,0.0,0.0,0.0,0.0,0.0,0.0,0.0,0.0,0.0,0.0,0.0,0.0,0.0,0.0,0.0,0.0,0.0,0.0,0.0,0.0,0.0,0.0,0.0,0.0,0.0,0.0,0.0,0.0,0.0,0.0,0.0,0.0,0.0,0.0,0.0,0.0,0.0,0.0,0.0,0.0,0.0,0.0,0.0,0.0,0.0,0.0,0.0,0.0,0.0,0.0,0.0,0.0,0.0,0.0,0.0,0.0,0.0,0.0,0.0,0.0,0.0,0.0,0.0,0.0,0.0,0.0,0.0,0.0,0.0,0.0,0.0,0.0,0.0,0.0,0.0,0.0,0.0,0.0,0.0,0.0,0.0,0.0,0.0,0.0,0.0,0.0,0.0,0.0,0.0,0.0,0.0,0.0,0.0,0.0,0.0,0.0,0.0,0.0,0.0,0.0,0.0,0.0,0.0,0.0,0.0,0.0,0.0,0.0,0.0,0.0,0.0,0.0,0.0,0.0,0.0,0.0,0.0,0.0,0.0,0.0,0.0,0.0,0.0,0.0,0.0,0.0,0.0,0.0,0.0,0.0,0.0,0.0,0.0,0.0,0.0],"memory":76736,"params":["Parameters",{"gctrial":true,"time_tolerance":0.05,"samples":10000,"evals":1,"gcsample":false,"seconds":5.0,"overhead":0.0,"memory_tolerance":0.01}],"times":[1.2611276e7,1.1815173e7,1.173017e7,1.1794878e7,1.1714356e7,1.1753408e7,1.1715343e7,1.1705989e7,1.1710605e7,1.1750677e7,1.1703064e7,1.1712307e7,1.1774975e7,1.1745282e7,1.1709624e7,1.1829285e7,1.1794931e7,1.1713122e7,1.1718157e7,1.1717923e7,1.1816777e7,1.1722324e7,1.1717127e7,1.1722365e7,1.1723975e7,1.170641e7,1.1755208e7,1.1716783e7,1.1739128e7,1.177499e7,1.1774886e7,1.1717497e7,1.1742046e7,1.1810325e7,1.1746614e7,1.1725073e7,1.1741825e7,1.1715432e7,1.1739035e7,1.2362355e7,1.3520063e7,1.1714764e7,1.1714025e7,1.1722977e7,1.1760276e7,1.1760713e7,1.1738654e7,1.1736174e7,1.1719703e7,1.1720812e7,1.1826702e7,1.1720554e7,1.1708258e7,1.1706769e7,1.170471e7,1.170831e7,1.1718616e7,1.1864253e7,1.1705872e7,1.1725935e7,1.1812893e7,1.1698126e7,1.1703448e7,1.1716335e7,1.1717296e7,1.171113e7,1.1752289e7,1.1788315e7,1.1703442e7,1.1708129e7,1.1763297e7,1.1769638e7,1.1707176e7,1.1703807e7,1.1813587e7,1.1714174e7,1.1794586e7,1.169939e7,1.179916e7,1.1713876e7,1.2544314e7,1.3101279e7,1.3054172e7,1.1965324e7,1.2059104e7,1.2090894e7,1.2037664e7,1.1760726e7,1.1708627e7,1.1758221e7,1.1701185e7,1.171853e7,1.1771983e7,1.1869249e7,1.1711453e7,1.1708486e7,1.190653e7,1.1757279e7,1.1718827e7,1.1818949e7,1.171675e7,1.1726605e7,1.1697754e7,1.1762871e7,1.1748553e7,1.1724282e7,1.1700105e7,1.1706049e7,1.1720311e7,1.1802532e7,1.1802692e7,1.1735253e7,1.1707479e7,1.1770958e7,1.1717663e7,1.1794337e7,1.1706438e7,1.1708036e7,1.1799542e7,1.1802513e7,1.181249e7,1.1832174e7,1.1706336e7,1.1706009e7,1.1802103e7,1.1799371e7,1.1791062e7,1.176788e7,1.1751065e7,1.1735019e7,1.1711449e7,1.1708983e7,1.1793559e7,1.170984e7,1.171771e7,1.1823359e7,1.1799249e7,1.1802709e7,1.1794282e7,1.1864831e7,1.1761089e7,1.1709537e7,1.1711232e7,1.1704888e7,1.1963948e7,1.1891042e7,1.1885311e7,1.1792876e7,1.1801664e7,1.1798104e7,1.1743178e7,1.1723238e7,1.1704445e7,1.1763321e7,1.1788809e7,1.1758293e7,1.1733766e7,1.1814429e7,1.1704288e7,1.1706213e7,1.1708348e7,1.1804736e7,1.1805836e7,1.1803095e7,1.1711521e7,1.1733471e7,1.1788651e7,1.1803147e7,1.2416688e7,1.2564945e7,1.264091e7,1.1866627e7,1.1823436e7,1.1828077e7,1.1791235e7,1.1803199e7,1.178708e7,1.1769251e7,1.170715e7,1.1807457e7,1.1721269e7,1.1716947e7,1.1707376e7,1.3984774e7,1.1780818e7,1.1795036e7,1.1736699e7,1.1798553e7,1.1798011e7,1.1755606e7,1.1740174e7,1.171138e7,1.1702948e7,1.1707844e7,1.1710748e7,1.1812128e7,1.1804093e7,1.1713592e7,1.1773206e7,1.1711354e7,1.171387e7,1.1706211e7,1.1841052e7,1.1725109e7,1.1712669e7,1.1796471e7,1.1788149e7,1.1767009e7,1.1751275e7,1.1730072e7,1.1710958e7,1.1697802e7,1.1703814e7,1.1807768e7,1.1811048e7,1.1806168e7,1.1787855e7,1.1780615e7,1.1743703e7,1.173234e7,1.1708327e7,1.171238e7,1.1695955e7,1.1702428e7,1.1711919e7,1.172537e7,1.1735467e7,1.1726756e7,1.1711621e7,1.1701751e7,1.1719103e7,1.1725048e7,1.170094e7,1.1695656e7,1.1699905e7,1.1710405e7,1.1732104e7,1.172688e7,1.170719e7,1.1709198e7,1.1701008e7,1.18197e7,1.1706766e7,1.1699305e7,1.1706626e7,1.1696991e7,1.170587e7,1.1704056e7,1.1708472e7,1.1698605e7,1.1705709e7,1.1801933e7,1.1797389e7,1.1775144e7,1.1760736e7,1.170421e7,1.2428042e7,1.3125215e7,1.2905908e7,1.197322e7,1.1939199e7,1.1872414e7,1.1887574e7,1.2002277e7,1.1776679e7,1.1850974e7,1.170409e7,1.1703531e7,1.1706628e7,1.1711772e7,1.1808321e7,1.1809932e7,1.1811463e7,1.1791206e7,1.1772673e7,1.1748708e7,1.1701472e7,1.1800294e7,1.1773076e7,1.1756935e7,1.174832e7,1.1817908e7,1.1707469e7,1.1704187e7,1.1804169e7,1.1803865e7,1.1782004e7,1.176706e7,1.1753469e7,1.181918e7,1.1711057e7,1.1702632e7,1.1700199e7,1.1803525e7,1.1797956e7,1.1786104e7,1.1710616e7,1.1799923e7,1.1803948e7,1.1799477e7,1.1771139e7,1.1714001e7,1.171494e7,1.1808643e7,1.1809108e7,1.1764217e7,1.1726787e7,1.1731017e7,1.1801282e7,1.17156e7,1.18635e7,1.1707135e7,1.1775895e7,1.1790536e7,1.1698674e7,1.1759987e7,1.1700271e7,1.1798355e7,1.1836781e7,1.179113e7,1.1807344e7,1.1793998e7,1.175777e7,1.1767504e7,1.1796197e7,1.1800776e7,1.1800251e7,1.170988e7,1.1710009e7,1.1738106e7,1.1733458e7,1.170609e7,1.1785441e7,1.171021e7,1.1713907e7,1.1886243e7,1.1768267e7,1.1727266e7,1.1748511e7,1.1767001e7,1.1746167e7,1.1710035e7,1.1961354e7,1.1824854e7,1.2691034e7,1.2921938e7,1.2582163e7,1.191252e7,1.1896726e7,1.1871422e7,1.1915166e7,1.1892711e7,1.1876707e7,1.1746434e7,1.1813839e7,1.1704206e7,1.1741156e7,1.1716523e7,1.1778218e7,1.1784089e7,1.1796065e7,1.1714386e7,1.170961e7,1.1864485e7,1.1903691e7,1.1772158e7,1.1867365e7,1.18112e7,1.1725423e7,1.1779978e7,1.1908812e7,1.1713495e7,1.170661e7,1.1710341e7,1.1792632e7,1.1791432e7,1.1706459e7,1.1707165e7,1.1709491e7,1.1710636e7,1.1729561e7,1.1767724e7,1.1810853e7,1.1909145e7,1.1790695e7,1.1909989e7,1.1901493e7,1.1692381e7,1.1859897e7,1.18856e7,1.1707321e7,1.171243e7,1.1741566e7,1.1840796e7,1.1704588e7,1.1716481e7,1.1806295e7,1.1886304e7,1.1804734e7,1.1703965e7,1.1730202e7,1.1752171e7,1.1703647e7,1.1714973e7,1.176517e7,1.1704277e7,1.1796784e7,1.1811929e7,1.1738531e7,1.1905341e7,1.1793599e7,1.1812459e7,1.1863423e7,1.1894194e7,1.1698275e7,1.1790713e7,1.1767973e7,1.1709032e7,1.1812883e7,1.1893417e7,1.1709204e7,1.1803993e7,1.1744964e7,1.1794923e7]}]],"medians":[11.7528485]}