{"lengs":[10.0],"benchmarks":[["Trial",{"allocs":5361,"gctimes":[0.0,0.0,0.0,0.0,0.0,0.0,0.0,0.0,0.0,0.0,0.0,0.0,0.0,0.0,0.0,0.0,0.0,0.0,0.0,0.0,0.0,0.0,0.0,0.0,0.0,0.0,0.0,0.0,0.0,0.0,0.0,0.0,0.0,0.0,0.0],"memory":2197344,"params":["Parameters",{"gctrial":true,"time_tolerance":0.05,"samples":10000,"evals":1,"gcsample":false,"seconds":5.0,"overhead":0.0,"memory_tolerance":0.01}],"times":[1.5016353e8,1.48732751e8,1.4823683e8,1.41682878e8,1.41198299e8,1.40978707e8,1.41232014e8,1.41182463e8,1.45233961e8,1.48625107e8,1.42183587e8,1.41057161e8,1.40926735e8,1.4088689e8,1.4125165e8,1.42867839e8,1.4093078e8,1.4409115e8,1.41391172e8,1.41265154e8,1.41302813e8,1.41412149e8,1.41524434e8,1.4145041e8,1.45085907e8,1.48188789e8,1.48391905e8,1.47847885e8,1.48497028e8,1.48394651e8,1.48143233e8,1.46976734e8,1.40800653e8,1.40960136e8,1.40710332e8]}]],"medians":[141.524434]}