{"lengs":[10.0],"benchmarks":[["Trial",{"allocs":51407,"gctimes":[0.0,0.0,0.0,0.0,0.0,0.0,0.0,0.0,0.0,0.0,0.0,0.0,0.0,0.0,0.0,0.0,0.0,0.0,0.0,0.0,0.0,0.0,0.0,0.0,0.0,0.0,0.0,0.0,0.0,0.0,0.0,1.7318753e7,0.0,0.0,0.0,0.0,0.0,0.0,0.0,0.0,0.0,0.0,0.0],"memory":8222232,"params":["Parameters",{"gctrial":true,"time_tolerance":0.05,"samples":10000,"evals":1,"gcsample":false,"seconds":5.0,"overhead":0.0,"memory_tolerance":0.01}],"times":[1.19139434e8,1.18196645e8,1.18937458e8,1.18454452e8,1.18401172e8,1.17628927e8,1.18463717e8,1.21063831e8,1.1801329e8,1.188662e8,1.2098005e8,1.1837624e8,1.21483705e8,1.21103731e8,1.20081201e8,1.18270965e8,1.18041918e8,1.161764e8,1.20301048e8,1.19365609e8,1.19896306e8,1.1897046e8,1.22385548e8,1.16720619e8,1.17632123e8,1.16559382e8,1.17557889e8,1.20031129e8,1.18783605e8,1.19844805e8,1.21008622e8,1.35306096e8,1.16816617e8,1.15714824e8,1.17468203e8,1.10572212e8,1.11871462e8,1.09733177e8,1.15462762e8,1.16846482e8,1.12298364e8,1.10980785e8,1.13011292e8]}]],"medians":[118.37624]}