{"lengs":[149.9684835502374],"benchmarks":[["Trial",{"allocs":6382,"gctimes":[0.0,0.0,0.0,0.0],"memory":70488576,"params":["Parameters",{"gctrial":true,"time_tolerance":0.05,"samples":10000,"evals":1,"gcsample":false,"seconds":5.0,"overhead":0.0,"memory_tolerance":0.01}],"times":[1.556194163e9,1.567943238e9,1.571762583e9,1.571882082e9]}]],"medians":[1569.8529105]}