{"lengs":[10.0,21.544346900318832,46.4158883361278,100.0,215.44346900318845,464.15888336127773,1000.0],"benchmarks":[["Trial",{"allocs":40942,"gctimes":[0.0],"memory":405050800,"params":["Parameters",{"gctrial":true,"time_tolerance":0.05,"samples":10000,"evals":1,"gcsample":false,"seconds":5.0,"overhead":0.0,"memory_tolerance":0.01}],"times":[1.56562984755e11]}],["Trial",{"allocs":62012,"gctimes":[0.0],"memory":611841824,"params":["Parameters",{"gctrial":true,"time_tolerance":0.05,"samples":10000,"evals":1,"gcsample":false,"seconds":5.0,"overhead":0.0,"memory_tolerance":0.01}],"times":[2.45065973602e11]}],["Trial",{"allocs":80939,"gctimes":[5.3371716e7],"memory":808613568,"params":["Parameters",{"gctrial":true,"time_tolerance":0.05,"samples":10000,"evals":1,"gcsample":false,"seconds":5.0,"overhead":0.0,"memory_tolerance":0.01}],"times":[2.98301219923e11]}],["Trial",{"allocs":95645,"gctimes":[5.2192674e7],"memory":970022032,"params":["Parameters",{"gctrial":true,"time_tolerance":0.05,"samples":10000,"evals":1,"gcsample":false,"seconds":5.0,"overhead":0.0,"memory_tolerance":0.01}],"times":[3.34776745862e11]}],["Trial",{"allocs":109651,"gctimes":[5.2819372e7],"memory":1124984416,"params":["Parameters",{"gctrial":true,"time_tolerance":0.05,"samples":10000,"evals":1,"gcsample":false,"seconds":5.0,"overhead":0.0,"memory_tolerance":0.01}],"times":[3.77243617448e11]}],["Trial",{"allocs":126591,"gctimes":[5.2725127e7],"memory":1294508176,"params":["Parameters",{"gctrial":true,"time_tolerance":0.05,"samples":10000,"evals":1,"gcsample":false,"seconds":5.0,"overhead":0.0,"memory_tolerance":0.01}],"times":[4.28503171404e11]}],["Trial",{"allocs":143341,"gctimes":[5.2730192e7],"memory":1458372080,"params":["Parameters",{"gctrial":true,"time_tolerance":0.05,"samples":10000,"evals":1,"gcsample":false,"seconds":5.0,"overhead":0.0,"memory_tolerance":0.01}],"times":[4.81322955652e11]}]],"medians":[156562.984755,245065.973602,298301.219923,334776.745862,377243.617448,428503.171404,481322.955652]}