{"lengs":[10.0,21.544346900318832,46.4158883361278,100.0,215.44346900318845,464.15888336127773,1000.0],"benchmarks":[["Trial",{"allocs":5190,"gctimes":[0.0,0.0,0.0,0.0,0.0,0.0,0.0,0.0,0.0,0.0,0.0,0.0,0.0,0.0,0.0,0.0,9.145263e6,0.0,0.0,0.0,0.0,0.0,0.0,0.0,0.0],"memory":26084912,"params":["Parameters",{"gctrial":true,"time_tolerance":0.05,"samples":10000,"evals":1,"gcsample":false,"seconds":5.0,"overhead":0.0,"memory_tolerance":0.01}],"times":[2.06278945e8,1.99276485e8,1.99684208e8,1.99311213e8,1.99230936e8,2.04413925e8,1.99959073e8,1.99373226e8,2.00095721e8,1.996028e8,2.03126564e8,2.01413374e8,2.07273201e8,2.10705886e8,2.11085619e8,2.12865718e8,2.22479652e8,2.01207761e8,1.99286134e8,1.98904352e8,2.00757066e8,2.01689666e8,1.98791825e8,1.99031034e8,1.98844588e8]}],["Trial",{"allocs":5618,"gctimes":[0.0,0.0,0.0,0.0,0.0,0.0,0.0,0.0,0.0,0.0,0.0,0.0,0.0,0.0,0.0,1.3359869e7,0.0,0.0,0.0,0.0],"memory":28186928,"params":["Parameters",{"gctrial":true,"time_tolerance":0.05,"samples":10000,"evals":1,"gcsample":false,"seconds":5.0,"overhead":0.0,"memory_tolerance":0.01}],"times":[2.62173286e8,2.48899337e8,2.48290698e8,2.48595005e8,2.52447668e8,2.49375922e8,2.49007317e8,2.49000196e8,2.50543934e8,2.49838408e8,2.48975242e8,2.4902848e8,2.49634503e8,2.52902775e8,2.50156555e8,2.65929819e8,2.49561516e8,2.52998183e8,2.4804585e8,2.4832834e8]}],["Trial",{"allocs":9563,"gctimes":[0.0,0.0,0.0,0.0,0.0,0.0],"memory":48238592,"params":["Parameters",{"gctrial":true,"time_tolerance":0.05,"samples":10000,"evals":1,"gcsample":false,"seconds":5.0,"overhead":0.0,"memory_tolerance":0.01}],"times":[9.06829277e8,9.31520469e8,9.16234088e8,9.04003974e8,8.99445483e8,9.01684488e8]}],["Trial",{"allocs":10140,"gctimes":[0.0,0.0,0.0,0.0],"memory":52161344,"params":["Parameters",{"gctrial":true,"time_tolerance":0.05,"samples":10000,"evals":1,"gcsample":false,"seconds":5.0,"overhead":0.0,"memory_tolerance":0.01}],"times":[1.496912065e9,1.49488245e9,1.4932555e9,1.498403015e9]}],["Trial",{"allocs":10443,"gctimes":[0.0,0.0,0.0],"memory":53975760,"params":["Parameters",{"gctrial":true,"time_tolerance":0.05,"samples":10000,"evals":1,"gcsample":false,"seconds":5.0,"overhead":0.0,"memory_tolerance":0.01}],"times":[2.192276261e9,2.180699446e9,2.245905509e9]}],["Trial",{"allocs":13468,"gctimes":[0.0,0.0],"memory":70853808,"params":["Parameters",{"gctrial":true,"time_tolerance":0.05,"samples":10000,"evals":1,"gcsample":false,"seconds":5.0,"overhead":0.0,"memory_tolerance":0.01}],"times":[3.178100218e9,3.171960034e9]}],["Trial",{"allocs":14857,"gctimes":[0.0,0.0],"memory":77684688,"params":["Parameters",{"gctrial":true,"time_tolerance":0.05,"samples":10000,"evals":1,"gcsample":false,"seconds":5.0,"overhead":0.0,"memory_tolerance":0.01}],"times":[3.521844586e9,3.468020847e9]}]],"medians":[200.095721,249.468719,905.4166255,1495.8972575,2192.276261,3175.030126,3494.9327165]}