{"lengs":[1.9998618696327441],"benchmarks":[["Trial",{"allocs":3992,"gctimes":[0.0,0.0,0.0,0.0,0.0,0.0,0.0,0.0,0.0,0.0,0.0,0.0,0.0,0.0,0.0,0.0,0.0,0.0,0.0,0.0,0.0,0.0,0.0,0.0,0.0,0.0,0.0,0.0,0.0,0.0,0.0,0.0,0.0,0.0,0.0,0.0,0.0,0.0,0.0,0.0,0.0,0.0,0.0,0.0,0.0,0.0,0.0,0.0,0.0,0.0,0.0,0.0,0.0,0.0,0.0,0.0,0.0,0.0,0.0,0.0,0.0,0.0,0.0,0.0,0.0,0.0,0.0,0.0,0.0,0.0,0.0,0.0,0.0,0.0,0.0,0.0,0.0,0.0,0.0,0.0,0.0,0.0,0.0,0.0,0.0,0.0,0.0,0.0,0.0,0.0,0.0,0.0,0.0,0.0,0.0,0.0,0.0,0.0,0.0,0.0,0.0,0.0,0.0,0.0,0.0,0.0,0.0,0.0,0.0,0.0,0.0,0.0,0.0,0.0,0.0,0.0,0.0,0.0,0.0,0.0,0.0,0.0,0.0,0.0,0.0,0.0,0.0,0.0,0.0,0.0,0.0,0.0,0.0,0.0,0.0,0.0,0.0,0.0,0.0,0.0,0.0,0.0,0.0,0.0,0.0,0.0,0.0,0.0,0.0,0.0,0.0,0.0,0.0,0.0,0.0,0.0,0.0,0.0,0.0,0.0,0.0,0.0,0.0,0.0,0.0,0.0,0.0,0.0,0.0,0.0,0.0,0.0,0.0,0.0,0.0,0.0,0.0,0.0,0.0,0.0,0.0,0.0,0.0,0.0,0.0,0.0,0.0,0.0,0.0,0.0,0.0,0.0,0.0,0.0,0.0,0.0,0.0,0.0,0.0,0.0,0.0,0.0,0.0,0.0,0.0,0.0,0.0,0.0,0.0,0.0,0.0,0.0,0.0,0.0,0.0,0.0,0.0,0.0,0.0,0.0,0.0,0.0,0.0,0.0,0.0,0.0,0.0,0.0,0.0,0.0,0.0,0.0,0.0,0.0,0.0,0.0,0.0,0.0,0.0,0.0,0.0,0.0,0.0,0.0,0.0,0.0,0.0,0.0,0.0,0.0,0.0,0.0,0.0,0.0,0.0,0.0,0.0,0.0,0.0,0.0,0.0,0.0,0.0,0.0,0.0,0.0,0.0,0.0,0.0,0.0,0.0,0.0,0.0,0.0,0.0,0.0,0.0,0.0,0.0,0.0,0.0,0.0,0.0,0.0,0.0,0.0,0.0,0.0,0.0,0.0,0.0,0.0,0.0,0.0,0.0,0.0,0.0,0.0,0.0,0.0,0.0,0.0,0.0,0.0,0.0,0.0,0.0,0.0,0.0,0.0,0.0,0.0,0.0,0.0,0.0,0.0,0.0,0.0,0.0,0.0,0.0,0.0,0.0,0.0,0.0,0.0,0.0,0.0,0.0,0.0,0.0,0.0,0.0,0.0,0.0,0.0,0.0,0.0,0.0,0.0,0.0,0.0,0.0,0.0,0.0,0.0,0.0,0.0,0.0,0.0,0.0,0.0,0.0,0.0,0.0,0.0,0.0,0.0,0.0,0.0,0.0,0.0,0.0,0.0,0.0,0.0,0.0,1.679457e7,0.0,0.0,0.0,0.0,0.0,0.0,0.0,0.0,0.0,0.0,0.0,0.0,0.0,0.0,0.0,0.0,0.0,0.0,0.0,0.0,0.0,0.0,0.0,0.0,0.0,0.0,0.0,0.0,0.0,0.0,0.0,0.0,0.0,0.0,0.0,0.0,0.0,0.0,0.0,0.0,0.0,0.0,0.0,0.0,0.0,0.0,0.0,0.0,0.0,0.0,0.0,0.0,0.0,0.0,0.0,0.0,0.0,0.0,0.0,0.0,0.0,0.0,0.0,0.0,0.0,0.0,0.0,0.0,0.0,0.0,0.0,0.0,0.0,0.0,0.0,0.0,0.0,0.0,0.0,0.0,0.0,0.0,0.0,0.0,0.0,0.0,0.0,0.0,0.0,0.0,0.0,0.0,0.0,0.0,0.0,0.0,0.0,0.0,0.0,0.0,0.0,0.0,0.0,0.0,0.0,0.0,0.0,0.0,0.0,0.0,0.0,0.0,0.0,0.0,0.0,0.0,0.0,0.0,0.0,0.0,0.0,0.0,0.0,0.0,0.0,0.0,0.0,0.0,0.0,0.0,0.0,0.0,0.0,0.0,0.0,0.0,0.0,0.0,0.0,0.0,0.0,0.0,0.0,0.0,0.0,0.0,0.0,0.0,0.0,0.0,0.0,0.0,0.0,0.0,0.0,0.0,0.0,0.0,0.0,0.0,0.0,0.0,0.0,0.0,0.0,0.0,0.0,0.0,0.0,0.0,0.0,0.0,0.0,0.0,0.0,0.0,0.0,0.0,0.0,0.0,0.0,0.0,0.0,0.0,0.0,0.0,0.0,0.0,0.0,0.0,0.0,0.0,0.0,0.0,0.0,0.0,0.0,0.0,0.0,0.0,0.0,0.0,0.0,0.0,0.0,0.0,0.0,0.0,0.0,0.0,0.0,0.0,0.0,0.0,0.0,0.0,0.0,0.0,0.0,0.0,0.0,0.0,0.0,0.0,0.0,0.0,0.0,0.0,0.0,0.0,0.0,0.0,0.0,0.0,0.0,0.0,0.0,0.0,0.0,0.0,0.0,0.0,0.0,0.0,0.0,0.0,0.0,0.0,0.0,0.0,0.0,0.0,0.0,0.0,0.0,0.0,0.0,0.0,0.0,0.0,0.0,0.0,0.0,0.0,0.0,0.0,0.0,0.0,0.0,0.0,0.0,0.0,0.0,0.0,0.0,0.0,0.0,0.0,0.0,0.0,0.0,0.0,0.0,0.0,0.0,0.0,0.0,0.0,0.0,0.0,0.0,0.0,0.0,0.0,0.0,0.0,0.0,0.0,0.0,0.0,0.0,0.0,0.0,0.0,0.0,0.0,0.0,0.0,0.0,0.0,0.0,0.0,0.0,0.0,0.0,0.0,0.0,0.0,0.0,0.0,0.0,0.0,0.0,0.0,0.0,0.0,0.0,0.0,0.0,0.0,0.0,0.0,0.0,0.0,0.0,0.0,0.0,0.0,0.0,0.0,0.0,0.0,0.0,0.0,0.0,0.0,0.0,0.0,0.0,0.0,0.0,0.0,0.0,0.0,0.0,0.0,0.0,0.0,0.0,0.0,0.0,0.0,0.0,0.0,0.0,0.0,1.6973049e7,0.0,0.0,0.0,0.0,0.0,0.0,0.0,0.0,0.0,0.0,0.0],"memory":561440,"params":["Parameters",{"gctrial":true,"time_tolerance":0.05,"samples":10000,"evals":1,"gcsample":false,"seconds":5.0,"overhead":0.0,"memory_tolerance":0.01}],"times":[6.427218e6,6.028532e6,6.547825e6,6.749309e6,6.957734e6,6.930565e6,6.679336e6,6.908241e6,6.93979e6,6.655873e6,7.196628e6,7.135008e6,6.831248e6,6.722055e6,6.291569e6,5.877393e6,5.884872e6,5.847182e6,5.837394e6,5.855554e6,5.829968e6,5.830085e6,5.857981e6,6.14206e6,5.964834e6,5.836641e6,5.848305e6,6.02083e6,5.837569e6,5.871909e6,5.843888e6,5.844149e6,5.824347e6,5.839565e6,5.87773e6,5.831843e6,6.097431e6,6.069369e6,5.826164e6,5.825683e6,5.852923e6,6.000602e6,5.868371e6,5.842787e6,5.844717e6,5.854232e6,5.872616e6,5.853317e6,5.835645e6,6.155425e6,5.955874e6,5.8466e6,5.815881e6,6.026541e6,5.818655e6,5.839767e6,5.841804e6,5.843693e6,5.822904e6,5.825769e6,5.834999e6,5.842524e6,6.080063e6,6.060502e6,5.839359e6,5.971703e6,5.836208e6,5.825709e6,5.853389e6,5.814982e6,5.839966e6,5.883019e6,5.837654e6,5.828095e6,5.835611e6,6.156127e6,5.965474e6,5.845338e6,5.833896e6,6.020658e6,5.823781e6,5.846293e6,5.832667e6,5.84844e6,5.831964e6,5.834844e6,5.822669e6,5.830024e6,6.096432e6,6.090283e6,5.832272e6,5.820638e6,5.837591e6,5.835184e6,5.836513e6,5.831378e6,5.831218e6,5.855083e6,5.842664e6,5.826554e6,5.876002e6,6.144584e6,5.963708e6,5.829686e6,5.849114e6,6.019154e6,5.838149e6,5.837688e6,5.833884e6,5.849902e6,5.826418e6,5.833672e6,5.822085e6,5.839676e6,6.057358e6,6.060249e6,5.840484e6,5.826941e6,5.851984e6,5.846071e6,5.846591e6,5.83453e6,5.841336e6,5.864221e6,5.851003e6,5.843939e6,5.84339e6,6.170868e6,6.00191e6,5.843302e6,5.842417e6,6.016573e6,5.828886e6,5.837315e6,5.847233e6,5.831342e6,5.848352e6,5.825723e6,5.829397e6,5.854589e6,6.052739e6,6.103072e6,5.83451e6,5.836708e6,5.836857e6,5.838997e6,5.86393e6,6.008431e6,6.01669e6,5.845108e6,6.001858e6,5.830048e6,5.831034e6,6.16402e6,5.960229e6,5.850074e6,5.829418e6,6.019972e6,5.836177e6,5.85366e6,5.83765e6,5.853668e6,5.827678e6,5.843469e6,5.831783e6,5.839553e6,6.082991e6,6.059497e6,5.838564e6,5.831248e6,5.866279e6,5.828103e6,5.849815e6,5.857781e6,5.832658e6,5.876524e6,5.853988e6,6.543486e6,6.24399e6,6.160566e6,6.335102e6,5.848728e6,6.226614e6,6.425536e6,5.82754e6,6.252286e6,6.061734e6,6.001552e6,6.236919e6,5.840908e6,6.179816e6,5.855588e6,6.107055e6,6.065956e6,5.848971e6,5.886038e6,5.840016e6,5.83856e6,5.875933e6,5.838782e6,5.84583e6,5.856332e6,5.857104e6,5.839586e6,5.842666e6,6.175191e6,5.985697e6,5.854407e6,5.842638e6,6.019857e6,5.838447e6,5.862769e6,5.910105e6,5.857786e6,5.839379e6,5.852853e6,5.842907e6,5.850153e6,6.072938e6,6.055118e6,5.840435e6,5.834789e6,5.85394e6,5.849979e6,5.854007e6,5.852321e6,5.843772e6,5.865269e6,5.844932e6,5.839653e6,5.857407e6,6.187311e6,5.987432e6,5.85095e6,5.849552e6,6.029191e6,5.832648e6,5.86976e6,5.841628e6,5.857851e6,5.840051e6,5.832624e6,5.84311e6,5.842099e6,6.105529e6,6.060572e6,5.862875e6,5.836991e6,5.852062e6,5.851556e6,5.861399e6,5.846264e6,5.837218e6,5.858856e6,5.841466e6,5.851777e6,5.856131e6,6.153011e6,5.977221e6,5.853107e6,5.841774e6,6.024477e6,5.845876e6,5.844064e6,5.86332e6,5.862414e6,5.838962e6,5.852788e6,5.840701e6,5.850942e6,6.062462e6,6.097757e6,5.849257e6,5.830003e6,5.848522e6,5.866989e6,5.878525e6,5.836793e6,5.834023e6,5.868869e6,5.855266e6,5.83873e6,5.846024e6,6.167635e6,5.960307e6,5.844055e6,5.851155e6,6.008253e6,5.852924e6,5.862668e6,5.853571e6,5.86204e6,5.839321e6,5.846275e6,5.850846e6,5.856241e6,6.094243e6,6.074285e6,5.839922e6,5.850601e6,5.859751e6,5.842664e6,5.855175e6,5.838021e6,5.852705e6,5.855588e6,5.854855e6,5.851583e6,5.851155e6,6.152231e6,5.975132e6,5.840659e6,5.849398e6,6.017082e6,5.854565e6,5.867641e6,5.841588e6,5.854889e6,5.838873e6,5.846381e6,5.84685e6,5.859177e6,6.082789e6,6.068245e6,5.846183e6,5.861642e6,5.859833e6,5.851712e6,5.854598e6,5.846487e6,5.852557e6,5.846252e6,5.853063e6,5.831397e6,5.870148e6,6.220978e6,6.001928e6,5.898659e6,5.885012e6,6.056925e6,5.880881e6,5.88042e6,5.878203e6,5.880644e6,5.884466e6,5.876221e6,5.87704e6,5.892661e6,6.097547e6,6.105683e6,5.868188e6,5.872488e6,6.652338e6,6.668154e6,6.973151e6,6.944064e6,6.706517e6,6.346889e6,6.313874e6,5.871925e6,6.276923e6,6.456102e6,6.187192e6,6.275482e6,5.894437e6,6.536527e6,5.868648e6,2.2645284e7,6.673382e6,5.974035e6,6.053516e6,5.737368e6,5.720162e6,5.742e6,5.709821e6,5.758179e6,5.71253e6,5.742055e6,5.736155e6,5.725129e6,5.724124e6,5.733798e6,6.073052e6,5.859483e6,5.747766e6,5.716898e6,5.917795e6,5.726771e6,5.73981e6,5.715535e6,5.722618e6,7.042768e6,5.272731e6,5.267825e6,5.280992e6,5.493339e6,6.090466e6,6.086528e6,5.293572e6,5.288437e6,5.383462e6,5.28816e6,5.27143e6,5.27759e6,5.311724e6,5.262152e6,5.270264e6,5.278517e6,5.577411e6,5.385663e6,5.277949e6,5.270464e6,5.428475e6,5.287331e6,5.275912e6,5.275693e6,5.280884e6,5.267323e6,5.256011e6,5.253651e6,5.343514e6,5.581451e6,5.501061e6,5.259358e6,5.26309e6,5.275152e6,5.27901e6,5.270956e6,5.260107e6,5.265763e6,5.279831e6,5.258684e6,5.258325e6,5.291624e6,