{"lengs":[10.0,21.544346900318832,46.4158883361278,100.0,215.44346900318845,464.15888336127773,1000.0],"benchmarks":[["Trial",{"allocs":6177,"gctimes":[0.0,0.0,0.0,0.0,0.0,0.0,0.0,0.0,0.0,0.0,0.0,0.0,0.0,0.0,0.0,0.0,0.0,0.0,0.0,0.0,0.0,1.1262071e7,0.0,0.0,0.0,0.0,0.0,0.0,0.0,0.0,0.0,0.0,0.0,0.0,0.0,0.0,0.0,0.0,0.0,0.0,0.0,0.0,1.0353715e7,0.0,0.0,0.0,0.0,0.0,0.0],"memory":11815728,"params":["Parameters",{"gctrial":true,"time_tolerance":0.05,"samples":10000,"evals":1,"gcsample":false,"seconds":5.0,"overhead":0.0,"memory_tolerance":0.01}],"times":[1.17156027e8,1.15133048e8,1.14467177e8,1.14149624e8,1.13845976e8,1.09755804e8,1.04042362e8,1.01155347e8,1.00975591e8,1.01060239e8,1.06416474e8,1.0098136e8,1.00979971e8,1.00785775e8,1.01475519e8,1.01311003e8,1.01283627e8,1.01145144e8,1.03258942e8,1.03178607e8,1.06222191e8,1.14225048e8,1.01077201e8,1.01186772e8,1.00935002e8,1.00741337e8,1.00702923e8,1.00717771e8,1.00956343e8,1.00816471e8,1.04870868e8,1.01459844e8,1.00848652e8,1.00804568e8,1.00826302e8,1.01132362e8,1.0063674e8,1.0107378e8,1.01146168e8,1.01100488e8,1.04538513e8,1.01903553e8,1.12826909e8,1.01247545e8,1.01678211e8,1.0165625e8,1.00969742e8,1.00923373e8,1.00793506e8]}],["Trial",{"allocs":8109,"gctimes":[0.0,0.0,0.0,0.0,0.0,0.0,0.0,0.0,0.0,0.0,0.0,0.0,0.0,0.0,0.0,0.0,1.0232823e7,0.0,0.0,0.0,0.0,0.0,0.0,0.0,0.0,0.0,0.0,0.0,0.0,0.0,0.0,0.0,1.0531088e7,0.0,0.0,0.0,0.0],"memory":15513744,"params":["Parameters",{"gctrial":true,"time_tolerance":0.05,"samples":10000,"evals":1,"gcsample":false,"seconds":5.0,"overhead":0.0,"memory_tolerance":0.01}],"times":[1.44045459e8,1.39972038e8,1.38741395e8,1.38020515e8,1.38277017e8,1.3796705e8,1.38643984e8,1.38059701e8,1.35289375e8,1.31119486e8,1.30813791e8,1.30788114e8,1.31123185e8,1.31317285e8,1.31343182e8,1.310611e8,1.5258934e8,1.4071991e8,1.31376207e8,1.31618969e8,1.31445674e8,1.36590564e8,1.38175033e8,1.41078818e8,1.41937366e8,1.38010821e8,1.3984807e8,1.41968786e8,1.41659198e8,1.41876617e8,1.38134356e8,1.41673246e8,1.50211886e8,1.38843166e8,1.38416622e8,1.3934173e8,1.37913203e8]}],["Trial",{"allocs":11286,"gctimes":[0.0,0.0,0.0,0.0,0.0,0.0,0.0,0.0,0.0,0.0,0.0,1.0376059e7,0.0,0.0,0.0,0.0,0.0,0.0,0.0,0.0,0.0],"memory":21606528,"params":["Parameters",{"gctrial":true,"time_tolerance":0.05,"samples":10000,"evals":1,"gcsample":false,"seconds":5.0,"overhead":0.0,"memory_tolerance":0.01}],"times":[2.96338224e8,2.79626597e8,2.73024859e8,2.72197744e8,2.72195705e8,2.69440954e8,2.52235855e8,2.72449038e8,2.71852396e8,2.52503975e8,2.367267e8,2.40980731e8,2.28514635e8,2.09964492e8,2.11771711e8,2.07254596e8,2.04212476e8,2.03491471e8,2.04340521e8,2.08679996e8,2.03997401e8]}],["Trial",{"allocs":12620,"gctimes":[0.0,0.0,0.0,0.0,0.0,0.0,0.0,0.0,0.0,0.0,1.0274036e7,0.0,0.0,0.0,0.0,0.0,0.0,0.0,0.0],"memory":24232672,"params":["Parameters",{"gctrial":true,"time_tolerance":0.05,"samples":10000,"evals":1,"gcsample":false,"seconds":5.0,"overhead":0.0,"memory_tolerance":0.01}],"times":[2.5827444e8,2.6159753e8,2.56539592e8,2.57127115e8,2.56449658e8,2.54295109e8,2.4960771e8,2.49930483e8,2.49455206e8,2.55368503e8,2.61599591e8,2.49452084e8,2.50686043e8,2.61511542e8,2.56005624e8,2.56256259e8,3.12505452e8,3.75538463e8,3.60253809e8]}],["Trial",{"allocs":13464,"gctimes":[0.0,0.0,0.0,0.0,0.0,0.0,0.0,0.0,0.0,1.0068252e7,0.0,0.0,0.0,0.0,0.0],"memory":26159984,"params":["Parameters",{"gctrial":true,"time_tolerance":0.05,"samples":10000,"evals":1,"gcsample":false,"seconds":5.0,"overhead":0.0,"memory_tolerance":0.01}],"times":[4.14165113e8,4.12608018e8,3.85538819e8,3.83359761e8,3.8524549e8,3.81111843e8,3.81734335e8,3.7881652e8,3.0034894e8,3.05095226e8,2.98721907e8,2.96175735e8,2.93753145e8,2.93154614e8,2.92897845e8]}],["Trial",{"allocs":13894,"gctimes":[0.0,0.0,0.0,0.0,0.0,0.0,0.0,0.0,0.0,1.0086193e7,0.0,0.0,0.0,0.0,0.0,0.0],"memory":27089152,"params":["Parameters",{"gctrial":true,"time_tolerance":0.05,"samples":10000,"evals":1,"gcsample":false,"seconds":5.0,"overhead":0.0,"memory_tolerance":0.01}],"times":[3.19469459e8,3.13001194e8,3.11446397e8,3.32977739e8,3.51584118e8,3.26330292e8,3.29037889e8,3.51908073e8,3.51543669e8,3.52227693e8,3.11976026e8,3.17693767e8,3.44861468e8,3.11636117e8,3.10786049e8,3.13299832e8]}],["Trial",{"allocs":14016,"gctimes":[0.0,0.0,0.0,0.0,0.0,0.0,0.0,0.0,0.0,9.769575e6,0.0,0.0,0.0,0.0,0.0,0.0,0.0],"memory":27337440,"params":["Parameters",{"gctrial":true,"time_tolerance":0.05,"samples":10000,"evals":1,"gcsample":false,"seconds":5.0,"overhead":0.0,"memory_tolerance":0.01}],"times":[3.15639023e8,3.14961531e8,3.07641377e8,3.08222131e8,3.0866198e8,3.01458493e8,2.91204564e8,2.91900297e8,2.92517462e8,3.0283835e8,2.9086476e8,2.91695194e8,2.93800914e8,2.9207119e8,2.90991124e8,3.02345678e8,2.90777625e8]}]],"medians":[101.155347,138.175033,240.980731,256.449658,378.81652,322.8998755,293.800914]}