{"lengs":[10.0,21.544346900318832,46.4158883361278,100.0,215.44346900318845,464.15888336127773,1000.0],"benchmarks":[["Trial",{"allocs":37934,"gctimes":[0.0,0.0,0.0,9.808733e6,0.0,0.0,0.0,9.749354e6,0.0,0.0,9.738598e6,0.0,0.0,0.0,9.758388e6,0.0,0.0,9.746497e6,0.0,0.0,0.0,9.791704e6,0.0,0.0,1.0009879e7,0.0],"memory":71618016,"params":["Parameters",{"gctrial":true,"time_tolerance":0.05,"samples":10000,"evals":1,"gcsample":false,"seconds":5.0,"overhead":0.0,"memory_tolerance":0.01}],"times":[1.90036853e8,1.84046875e8,1.84663762e8,1.94993099e8,1.84811299e8,1.86298464e8,1.84537551e8,1.95538311e8,1.83280047e8,1.84453465e8,1.9498795e8,1.87637217e8,1.82589725e8,1.83302358e8,1.93874549e8,1.82809094e8,1.86355302e8,1.9558884e8,1.83562875e8,1.83057567e8,1.8522587e8,1.9506685e8,1.8933017e8,1.83491418e8,2.57205732e8,2.8551476e8]}],["Trial",{"allocs":46774,"gctimes":[0.0,0.0,9.740815e6,0.0,0.0,9.753774e6,0.0,0.0,1.0666954e7,0.0,0.0,9.850216e6,0.0,0.0,9.662156e6,0.0,0.0,9.762635e6,0.0,9.667167e6,0.0],"memory":88325616,"params":["Parameters",{"gctrial":true,"time_tolerance":0.05,"samples":10000,"evals":1,"gcsample":false,"seconds":5.0,"overhead":0.0,"memory_tolerance":0.01}],"times":[2.38465422e8,2.37693832e8,2.48779823e8,2.41410832e8,2.4251729e8,2.49931052e8,2.35572705e8,2.39509714e8,2.47789913e8,2.41275002e8,2.47289864e8,2.60460006e8,2.40775157e8,2.33840786e8,2.46274347e8,2.38381733e8,2.34995622e8,2.45753625e8,2.34084956e8,2.45143975e8,2.39887345e8]}],["Trial",{"allocs":59157,"gctimes":[0.0,0.0,9.698019e6,0.0,9.763888e6,0.0,9.755803e6,0.0,9.731356e6,0.0,0.0,9.734951e6,0.0,9.697039e6,0.0,9.631486e6],"memory":111693744,"params":["Parameters",{"gctrial":true,"time_tolerance":0.05,"samples":10000,"evals":1,"gcsample":false,"seconds":5.0,"overhead":0.0,"memory_tolerance":0.01}],"times":[3.27769729e8,3.11288116e8,3.19508081e8,3.08449319e8,3.3980076e8,3.24494396e8,3.34785546e8,3.2850465e8,3.33268325e8,3.26976902e8,3.18624652e8,3.19276185e8,3.21503606e8,3.33053799e8,3.09358002e8,3.19289736e8]}],["Trial",{"allocs":62888,"gctimes":[0.0,0.0,9.837828e6,0.0,2.4262939e7,0.0,9.873873e6,0.0,9.901094e6,0.0,9.56759e6,0.0,9.60814e6],"memory":118603920,"params":["Parameters",{"gctrial":true,"time_tolerance":0.05,"samples":10000,"evals":1,"gcsample":false,"seconds":5.0,"overhead":0.0,"memory_tolerance":0.01}],"times":[3.60753209e8,3.57479683e8,3.67876343e8,3.45289654e8,3.66448162e8,3.42325415e8,3.66306095e8,3.53834739e8,5.37655234e8,5.39573027e8,3.9051727e8,3.6257137e8,3.7316652e8]}],["Trial",{"allocs":64791,"gctimes":[0.0,0.0,9.438859e6,0.0,9.470458e6,0.0,9.452243e6,0.0,9.820123e6,0.0,9.615219e6,0.0,9.477047e6,0.0],"memory":122152656,"params":["Parameters",{"gctrial":true,"time_tolerance":0.05,"samples":10000,"evals":1,"gcsample":false,"seconds":5.0,"overhead":0.0,"memory_tolerance":0.01}],"times":[3.82553417e8,3.74712638e8,3.88595453e8,3.71949613e8,3.84582013e8,3.77547048e8,3.83988877e8,3.72383062e8,3.89762919e8,3.82048572e8,4.03998584e8,3.73945092e8,3.84086413e8,3.76749922e8]}],["Trial",{"allocs":65400,"gctimes":[0.0,0.0,9.423906e6,0.0,9.422827e6,0.0,9.421156e6,0.0,9.409668e6,0.0,9.380343e6,0.0,9.371132e6],"memory":123343632,"params":["Parameters",{"gctrial":true,"time_tolerance":0.05,"samples":10000,"evals":1,"gcsample":false,"seconds":5.0,"overhead":0.0,"memory_tolerance":0.01}],"times":[3.85113213e8,3.88101763e8,3.94986383e8,3.84352544e8,3.99237528e8,3.96753761e8,3.93142649e8,3.86126269e8,3.92559187e8,3.87495248e8,3.95652911e8,3.84255788e8,3.97080836e8]}],["Trial",{"allocs":65509,"gctimes":[0.0,0.0,9.372672e6,0.0,9.445605e6,0.0,9.5343e6,0.0,9.389618e6,0.0,9.348071e6,0.0,9.351328e6],"memory":123564688,"params":["Parameters",{"gctrial":true,"time_tolerance":0.05,"samples":10000,"evals":1,"gcsample":false,"seconds":5.0,"overhead":0.0,"memory_tolerance":0.01}],"times":[3.885486e8,3.91339722e8,3.95229884e8,3.83507017e8,3.97429753e8,3.83385206e8,3.98547901e8,4.06306305e8,4.14024078e8,3.98851376e8,3.94443173e8,4.02759406e8,4.0234784e8]}]],"medians":[185.762167,241.275002,322.999001,366.306095,382.3009945,392.559187,397.429753]}