{"lengs":[10.0,21.544346900318832,46.4158883361278,100.0,215.44346900318845,464.15888336127773,1000.0],"benchmarks":[["Trial",{"allocs":3657,"gctimes":[0.0,0.0,0.0,0.0,0.0,0.0,0.0,0.0,0.0,0.0,0.0,0.0,0.0,0.0,0.0,0.0,0.0,0.0,0.0,0.0,0.0,0.0,0.0,0.0,0.0,0.0,0.0,0.0,0.0,0.0,0.0,0.0,0.0,0.0,0.0,0.0,0.0,0.0,0.0,0.0,0.0,0.0,0.0,0.0,0.0,0.0,0.0,1.0311234e7,0.0,0.0,0.0,0.0,0.0,0.0,0.0,0.0,0.0,0.0,0.0,0.0,0.0,0.0,0.0,0.0,0.0,0.0,0.0,0.0,0.0,0.0,0.0,0.0,0.0,0.0,0.0,0.0,0.0,0.0,0.0,0.0,0.0,0.0,0.0,0.0,0.0,0.0,0.0,0.0,0.0,0.0,0.0,0.0,0.0,0.0,0.0,1.0576114e7,0.0,0.0,0.0,0.0,0.0,0.0,0.0,0.0,0.0,0.0,0.0,0.0,0.0,0.0,0.0,0.0,0.0,0.0,0.0,0.0,0.0,0.0,0.0,0.0,0.0,0.0,0.0,0.0,0.0,0.0,0.0,0.0,0.0,0.0,0.0,0.0,0.0,0.0,0.0,0.0,0.0,0.0,0.0,0.0,0.0,0.0,9.528963e6,0.0,0.0,0.0,0.0,0.0,0.0,0.0,0.0,0.0,0.0,0.0,0.0,0.0,0.0,0.0,0.0,0.0,0.0,0.0,0.0,0.0,0.0,0.0,0.0,0.0,0.0,0.0,0.0,0.0,0.0,0.0,0.0,0.0,0.0,0.0,0.0,0.0,0.0,0.0,0.0,0.0,0.0,0.0,0.0,0.0,0.0,0.0,1.024223e7,0.0,0.0,0.0,0.0,0.0,0.0,0.0,0.0,0.0,0.0,0.0,0.0,0.0,0.0,0.0,0.0,0.0,0.0,0.0,0.0,0.0,0.0,0.0,0.0,0.0,0.0,0.0,0.0,0.0,0.0,0.0,0.0,0.0,0.0,0.0,0.0,0.0,0.0,0.0,0.0,0.0,0.0,0.0,0.0,0.0,0.0,0.0,9.828945e6,0.0,0.0,0.0,0.0,0.0,0.0,0.0,0.0,0.0,0.0,0.0,0.0,0.0,0.0,0.0,0.0,0.0,0.0,0.0,0.0,0.0,0.0,0.0,0.0,0.0],"memory":5272096,"params":["Parameters",{"gctrial":true,"time_tolerance":0.05,"samples":10000,"evals":1,"gcsample":false,"seconds":5.0,"overhead":0.0,"memory_tolerance":0.01}],"times":[1.9639514e7,1.9097189e7,1.9030457e7,1.9001367e7,1.8964987e7,1.9090256e7,1.9121944e7,1.90355e7,1.9003593e7,2.0187448e7,1.9202221e7,1.9133375e7,1.9195631e7,1.9023482e7,1.89955e7,1.8996234e7,1.9010811e7,1.8987242e7,1.9068494e7,1.9065772e7,1.899596e7,1.9055054e7,1.9047699e7,1.900412e7,1.9036121e7,1.8969742e7,1.8952379e7,1.8983071e7,1.8944479e7,1.8959413e7,1.9061013e7,1.902828e7,1.8940719e7,1.9019664e7,1.9008867e7,1.9009813e7,1.8973246e7,1.8980303e7,1.8965726e7,1.8916545e7,1.8977232e7,1.898138e7,1.9057625e7,1.9047421e7,1.8952754e7,1.8995432e7,1.9024382e7,2.9609677e7,1.906e7,1.9025132e7,1.8933652e7,1.9022711e7,1.9056467e7,1.9428967e7,1.906611e7,1.9083309e7,1.908958e7,1.9110976e7,1.9027102e7,1.8958684e7,1.899655e7,1.9070558e7,1.8980803e7,2.0379959e7,1.9221934e7,1.9165714e7,1.9126149e7,1.9179771e7,1.8960776e7,1.9008185e7,1.9241295e7,1.8997068e7,1.9058841e7,1.9103925e7,1.9002428e7,1.9007693e7,1.9039871e7,1.9700539e7,1.9915708e7,1.9243766e7,1.8935555e7,1.9067598e7,1.9105469e7,1.9004573e7,1.9026537e7,1.905488e7,1.913086e7,1.8982265e7,1.8984925e7,1.8940872e7,1.9019104e7,1.934613e7,1.9346946e7,1.9905903e7,1.9931888e7,2.9775546e7,1.8985447e7,1.8946268e7,1.8979908e7,1.8957449e7,1.8931602e7,1.8956375e7,1.9041839e7,1.8944087e7,1.8999588e7,1.9024296e7,1.8967314e7,1.8920522e7,1.8994596e7,1.8981535e7,1.9075029e7,1.8970488e7,1.8917704e7,1.8952256e7,1.8945579e7,1.8943489e7,1.9506523e7,2.0020349e7,1.9528576e7,1.9339979e7,1.9099084e7,1.8910456e7,1.8978782e7,1.8907988e7,1.898958e7,1.8986508e7,1.8954287e7,1.8905354e7,1.8967353e7,1.8916354e7,1.895725e7,1.887749e7,1.8906137e7,1.9071706e7,1.9005376e7,1.895336e7,1.9053579e7,1.8945398e7,1.8919802e7,1.8951803e7,1.900627e7,1.8950198e7,2.8714595e7,1.8997763e7,1.8948596e7,1.9107429e7,1.9043487e7,1.9026119e7,1.8985189e7,2.0507603e7,2.0119653e7,1.9156865e7,1.8236888e7,1.8406024e7,1.819899e7,1.8045539e7,1.8056469e7,1.8007564e7,1.7947864e7,1.8009036e7,1.8002687e7,1.9374869e7,1.9483022e7,1.9456902e7,1.9507853e7,1.8739285e7,1.796383e7,1.7985592e7,1.80684e7,1.8005511e7,1.7993394e7,1.9198682e7,1.9716507e7,1.9079644e7,1.9190986e7,1.909033e7,1.8963914e7,1.8912226e7,1.9080329e7,1.903488e7,1.8974918e7,1.9024539e7,1.8930186e7,1.8897705e7,1.9007178e7,1.8946742e7,1.9025843e7,1.9006751e7,1.9057793e7,1.9062619e7,2.9985302e7,1.898912e7,1.7938421e7,1.8036076e7,1.7978629e7,1.7957468e7,1.799401e7,1.7958757e7,1.8118935e7,1.8051703e7,1.8208346e7,1.7982865e7,1.7961076e7,1.8020937e7,1.8231631e7,1.8303029e7,1.8362463e7,1.8019017e7,1.797782e7,1.8030555e7,1.8203296e7,1.7973588e7,1.7950149e7,1.7949064e7,1.8179012e7,1.8272849e7,1.8126074e7,1.7978656e7,1.7961067e7,1.7960241e7,1.8031432e7,1.7941505e7,1.7979025e7,1.7945848e7,1.798076e7,1.7973166e7,1.7911591e7,1.9610312e7,1.9402168e7,1.8411563e7,1.8207109e7,1.8208586e7,1.803302e7,1.7933348e7,1.7978459e7,1.801016e7,1.7924479e7,1.7932052e7,2.8194602e7,1.8155575e7,1.8012219e7,1.7983477e7,1.804073e7,1.7978912e7,1.8083732e7,1.7939414e7,1.7952314e7,1.7943387e7,1.8192979e7,1.8096999e7,1.792914e7,1.7936132e7,1.7992351e7,1.7983737e7,1.7945707e7,1.7878973e7,1.7867733e7,1.7883624e7,1.7939318e7,1.7930725e7,1.7958343e7,1.7955633e7,1.7916069e7,1.7942361e7]}],["Trial",{"allocs":4145,"gctimes":[0.0,0.0,0.0,0.0,0.0,0.0,0.0,0.0,0.0,0.0,0.0,0.0,0.0,0.0,0.0,0.0,0.0,0.0,0.0,0.0,0.0,0.0,0.0,0.0,0.0,0.0,0.0,0.0,0.0,0.0,0.0,0.0,0.0,0.0,0.0,0.0,0.0,0.0,1.0059739e7,0.0,0.0,0.0,0.0,0.0,0.0,0.0,0.0,0.0,0.0,0.0,0.0,0.0,0.0,0.0,0.0,0.0,0.0,0.0,0.0,0.0,0.0,0.0,0.0,0.0,0.0,0.0,0.0,0.0,0.0,0.0,0.0,0.0,0.0,0.0,0.0,0.0,9.739681e6,0.0,0.0,0.0,0.0,0.0,0.0,0.0,0.0,0.0,0.0,0.0,0.0,0.0,0.0,0.0,0.0,0.0,0.0,0.0,0.0,0.0,0.0,0.0,0.0,0.0,0.0,0.0,0.0,0.0,0.0,0.0,0.0,0.0,0.0,0.0,0.0,0.0,1.0302327e7,0.0,0.0,0.0,0.0,0.0,0.0,0.0,0.0,0.0,0.0,0.0,0.0,0.0,0.0,0.0,0.0,0.0,0.0,0.0,0.0,0.0,0.0,0.0,0.0,0.0,0.0,0.0,0.0,0.0,0.0,0.0,0.0,0.0,0.0,0.0,0.0,0.0,0.0,9.219171e6,0.0,0.0,0.0,0.0,0.0,0.0,0.0,0.0,0.0,0.0,0.0,0.0,0.0,0.0,0.0,0.0,0.0,0.0,0.0,0.0,0.0,0.0,0.0,0.0,0.0,0.0,0.0,0.0,0.0,0.0,0.0,0.0,0.0,0.0,0.0,0.0,0.0,9.107191e6,0.0,0.0,0.0,0.0,0.0,0.0,0.0,0.0],"memory":6560416,"params":["Parameters",{"gctrial":true,"time_tolerance":0.05,"samples":10000,"evals":1,"gcsample":false,"seconds":5.0,"overhead":0.0,"memory_tolerance":0.01}],