{"lengs":[10.0,21.544346900318832,46.4158883361278,100.0,215.44346900318845,464.15888336127773,1000.0],"benchmarks":[["Trial",{"allocs":302,"gctimes":[0.0,0.0,0.0],"memory":21326720,"params":["Parameters",{"gctrial":true,"time_tolerance":0.05,"samples":10000,"evals":1,"gcsample":false,"seconds":5.0,"overhead":0.0,"memory_tolerance":0.01}],"times":[2.254343822e9,2.294045719e9,2.254242477e9]}],["Trial",{"allocs":364,"gctimes":[0.0,0.0,0.0],"memory":21366112,"params":["Parameters",{"gctrial":true,"time_tolerance":0.05,"samples":10000,"evals":1,"gcsample":false,"seconds":5.0,"overhead":0.0,"memory_tolerance":0.01}],"times":[2.215532518e9,2.189511589e9,2.230405377e9]}],["Trial",{"allocs":899,"gctimes":[0.0,0.0],"memory":21737744,"params":["Parameters",{"gctrial":true,"time_tolerance":0.05,"samples":10000,"evals":1,"gcsample":false,"seconds":5.0,"overhead":0.0,"memory_tolerance":0.01}],"times":[3.838189146e9,4.004967825e9]}],["Trial",{"allocs":965,"gctimes":[0.0,0.0],"memory":21786432,"params":["Parameters",{"gctrial":true,"time_tolerance":0.05,"samples":10000,"evals":1,"gcsample":false,"seconds":5.0,"overhead":0.0,"memory_tolerance":0.01}],"times":[4.088099726e9,4.08852495e9]}],["Trial",{"allocs":1030,"gctimes":[0.0,0.0],"memory":21816864,"params":["Parameters",{"gctrial":true,"time_tolerance":0.05,"samples":10000,"evals":1,"gcsample":false,"seconds":5.0,"overhead":0.0,"memory_tolerance":0.01}],"times":[4.518317293e9,4.328787863e9]}],["Trial",{"allocs":1404,"gctimes":[0.0],"memory":22053312,"params":["Parameters",{"gctrial":true,"time_tolerance":0.05,"samples":10000,"evals":1,"gcsample":false,"seconds":5.0,"overhead":0.0,"memory_tolerance":0.01}],"times":[5.42812973e9]}],["Trial",{"allocs":1702,"gctimes":[0.0],"memory":22240592,"params":["Parameters",{"gctrial":true,"time_tolerance":0.05,"samples":10000,"evals":1,"gcsample":false,"seconds":5.0,"overhead":0.0,"memory_tolerance":0.01}],"times":[6.184198528e9]}]],"medians":[2254.343822,2215.532518,3921.5784855,4088.312338,4423.552578,5428.12973,6184.198528]}