{"lengs":[149.9684835502374],"benchmarks":[["Trial",{"allocs":22509698,"gctimes":[1.50095275e8],"memory":1282945352,"params":["Parameters",{"gctrial":true,"time_tolerance":0.05,"samples":10000,"evals":1,"gcsample":false,"seconds":5.0,"overhead":0.0,"memory_tolerance":0.01}],"times":[4.07105822768e11]}]],"medians":[407105.822768]}