{"lengs":[10.0,31.622776601683793,100.0,316.22776601683796,1000.0,3162.2776601683795,10000.0,31622.776601683792,100000.0],"benchmarks":[["Trial",{"allocs":867943,"gctimes":[0.0,0.0,0.0,1.8467963e7,0.0,0.0,0.0,1.8706992e7,0.0,0.0,1.8969112e7,0.0,0.0,0.0,1.8441175e7,0.0,0.0,1.8252779e7,0.0,0.0,0.0,1.8680114e7,0.0,0.0,1.851061e7,0.0,0.0,0.0,1.8249255e7,0.0,0.0,1.8707949e7,0.0,0.0,0.0,1.8887365e7,0.0,0.0,0.0,1.8479816e7,0.0,0.0,1.8117407e7,0.0,0.0,0.0,1.8320189e7,0.0,0.0,1.8283279e7,0.0,0.0,0.0,2.0349074e7,0.0,0.0,2.0164995e7,0.0,0.0,0.0,2.0354296e7,0.0],"memory":59692616,"params":["Parameters",{"gctrial":true,"time_tolerance":0.05,"samples":10000,"evals":1,"gcsample":false,"seconds":5.0,"overhead":0.0,"memory_tolerance":0.01}],"times":[7.690993e7,7.9442546e7,7.9287295e7,9.1014017e7,6.51848e7,7.8253488e7,7.8347452e7,8.3018241e7,7.3133643e7,7.8505876e7,9.4234763e7,6.4105453e7,7.9264689e7,7.8379165e7,8.67816e7,7.053807e7,7.8404827e7,9.72473e7,6.3293176e7,7.9743548e7,7.9099768e7,8.7184882e7,6.8996562e7,7.857893e7,9.630068e7,6.2188314e7,7.3732505e7,7.682727e7,8.6681778e7,6.5211675e7,7.7613475e7,9.8553864e7,6.3049575e7,7.3089778e7,7.8462649e7,9.1054525e7,6.4190595e7,7.8147337e7,7.9519648e7,8.2217343e7,6.9251511e7,7.6514003e7,9.1070176e7,6.1116376e7,7.5878321e7,7.6904952e7,8.3814481e7,6.7908342e7,7.7122945e7,9.3180378e7,6.0744508e7,7.4869848e7,8.7566042e7,1.10513198e8,8.6854083e7,9.8887008e7,1.19545054e8,8.0725787e7,9.4188654e7,9.9654749e7,1.11493314e8,8.3261926e7]}],["Trial",{"allocs":868659,"gctimes":[0.0,0.0,0.0,1.7829826e7,0.0,0.0,0.0,1.7896843e7,0.0,0.0,2.0057629e7,0.0,0.0,0.0,1.9620241e7,0.0,0.0,1.943316e7,0.0,0.0,0.0,1.9689332e7,0.0,0.0,1.8523125e7,0.0,0.0,0.0,1.866593e7,0.0,0.0,1.8682898e7,0.0,0.0,0.0,1.8659878e7,0.0,0.0,0.0,1.8252025e7,0.0,0.0,1.8303463e7,0.0,0.0,0.0,1.8485767e7,0.0,0.0,1.8218023e7,0.0,0.0,0.0,1.8234281e7,0.0,0.0,1.8253941e7,0.0,0.0,0.0,1.8268056e7],"memory":59741704,"params":["Parameters",{"gctrial":true,"time_tolerance":0.05,"samples":10000,"evals":1,"gcsample":false,"seconds":5.0,"overhead":0.0,"memory_tolerance":0.01}],"times":[7.0883704e7,7.3561688e7,7.3373193e7,8.4222262e7,6.0252345e7,7.2886914e7,7.2968325e7,7.7474896e7,6.7213704e7,1.03420115e8,1.10366298e8,7.8930225e7,9.6037882e7,9.663698e7,1.01169211e8,8.7529381e7,9.6019365e7,1.11599547e8,7.799571e7,9.4539905e7,9.6362142e7,1.03505226e8,8.5243621e7,9.5506856e7,1.10092142e8,7.0767662e7,8.4290421e7,8.7425116e7,9.7036601e7,7.5317716e7,8.7485363e7,1.06639963e8,7.3679991e7,8.0506e7,7.9573819e7,9.069383e7,6.673995e7,7.6245835e7,7.6812949e7,8.129493e7,6.973651e7,7.6239217e7,9.0483915e7,6.1285175e7,7.6113828e7,7.8118532e7,8.389812e7,6.8943398e7,7.7990125e7,9.2598919e7,6.0869683e7,7.4647921e7,7.6618215e7,8.573547e7,6.7036769e7,7.584056e7,9.4181865e7,6.0816582e7,7.3166367e7,7.9609988e7,8.7390283e7]}],["Trial",{"allocs":869375,"gctimes":[0.0,0.0,0.0,1.7826271e7,0.0,0.0,0.0,1.7991532e7,0.0,0.0,1.7981059e7,0.0,0.0,0.0,1.7699009e7,0.0,0.0,1.782195e7,0.0,0.0,0.0,1.7581377e7,0.0,0.0,1.7832857e7,0.0,0.0,0.0,1.7682831e7,0.0,0.0,1.7752331e7,0.0,0.0,0.0,1.7836289e7,0.0,0.0,0.0,1.7916285e7,0.0,0.0,1.7694756e7,0.0,0.0,0.0,1.7713437e7,0.0,0.0,1.7726857e7,0.0,0.0,0.0,1.7806883e7,0.0,0.0,1.7757645e7,0.0,0.0,0.0,1.7855476e7,0.0,0.0,1.788028e7,0.0,0.0,0.0,1.8356273e7,0.0],"memory":59790792,"params":["Parameters",{"gctrial":true,"time_tolerance":0.05,"samples":10000,"evals":1,"gcsample":false,"seconds":5.0,"overhead":0.0,"memory_tolerance":0.01}],"times":[7.5373127e7,7.8269712e7,7.4117556e7,8.480153e7,5.9923897e7,7.2494579e7,7.3223466e7,7.7582703e7,6.7177056e7,7.2698124e7,8.649497e7,6.1622432e7,7.3407178e7,7.349727e7,7.8842803e7,6.7614771e7,7.3911445e7,8.7200298e7,5.8068651e7,7.143412e7,7.2955146e7,8.0094776e7,6.4696694e7,7.2648211e7,8.9978277e7,6.0164181e7,7.028464e7,7.3081729e7,8.2172507e7,6.2330543e7,7.577564e7,9.2516125e7,5.8198964e7,6.8372052e7,7.2758217e7,8.3964571e7,6.0174969e7,7.2712406e7,7.3680644e7,7.765583e7,6.7089023e7,7.2830362e7,8.5977389e7,5.8548907e7,7.5135318e7,7.3304369e7,7.8527312e7,6.5721957e7,7.2389358e7,8.7810797e7,5.812053e7,7.3863432e7,7.3178348e7,8.029818e7,6.4501526e7,7.2805073e7,8.9663372e7,5.8030931e7,7.2140676e7,7.3831875e7,8.2535199e7,6.2131948e7,7.2361567e7,9.112464e7,5.810035e7,6.8813256e7,7.4736956e7,8.8430048e7,6.3380089e7]}],["Trial",{"allocs":870091,"gctimes":[0.0,0.0,0.0,1.8454082e7,0.0,0.0,0.0,1.8816793e7,0.0,0.0,1.8653447e7,0.0,0.0,0.0,1.8447978e7,0.0,0.0,1.8263978e7,0.0,0.0,0.0,1.8332276e7,0.0,0.0,1.8286473e7,0.0,0.0,0.0,1.8373286e7,0.0,0.0,1.8614269e7,0.0,0.0,0.0,1.8760235e7,0.0,0.0,0.0,1.8621079e7,0.0,0.0,1.8482618e7,0.0,0.0,0.0,1.8537592e7,0.0,0.0,1.8187826e7,0.0,0.0,0.0,1.832609e7,0.0,0.0,1.845743e7,0.0,0.0,0.0,1.8257196e7,0.0,0.0,1.8405496e7,0.0],"memory":59839880,"params":["Parameters",{"gctrial":true,"time_tolerance":0.05,"samples":10000,"evals":1,"gcsample":false,"seconds":5.0,"overhead":0.0,"memory_tolerance":0.01}],"times":[7.7061902e7,7.9123615e7,7.8565651e7,9.0571515e7,6.4726689e7,7.998221e7,7.9318538e7,8.2079007e7,7.0487287e7,7.6304376e7,9.0011956e7,6.1950654e7,7.6350107e7,7.6647511e7,8.1885583e7,6.9491241e7,7.6243961e7,9.0847665e7,6.0722438e7,7.8039685e7,7.8352609e7,8.3718411e7,6.7953063e7,7.614881e7,9.2965411e7,6.0714995e7,7.396475e7,7.6827129e7,8.5254691e7,6.582789e7,7.604225e7,9.6667915e7,6.299803e7,7.3106402e7,7.6601438e7,8.98688e7,6.5641402e7,7.8156499e7,7.8698926e7,8.2173899e7,7.3129594e7,7.8372907e7,9.1264653e7,6.5269404e7,7.8121958e7,7.9581197e7,8.3514057e7,6.9654656e7,7.5927942e7,9.1078016e7,6.1128659e7,7.575461e7,7.6596063e7,8.3485317e7,6.8027663e7,7.583953e7,9.2890756e7,6.0833356e7,7.6748744e7,7.8962665e7,8.5817733e7,6.622397e7,7.6010024e7,9.4803668e7,6.0764461e7]}],["Trial",{"allocs":870091,"gctimes":[0.0,0.0,0.0,1.8393713e7,0.0,0.0,0.0,1.8505682e7,0.0,0.0,1.8540026e7,0.0,0.0,0.0,1.8207713e7,0.0,0.0,1.8146207e7,0.0,0.0,0.0,1.772758e7,0.0,0.0,1.776786e7,0.0,0.0,0.0,1.9818195e7,0.0,0.0,1.8391323e7,0.0,0.0,0.0,2.0200776e7,0.0,0.0,0.0,2.0083458e7,0.0,0.0,1.9229071e7,0.0,0.0,0.0,1.9307896e7,0.0,0.0,1.8605926e7,0.0,0.0,0.0,1.8662174e7,0.0,0.0,1.8503379e7,0.0,0.0,0.0,1.8560038e7,0.0],"memory":59839880,"params":["Parameters",{"gctrial":true,"time_tolerance":0.05,"samples":10000,"evals":1,"gcsample":false,"seconds":5.0,"overhead":0.0,"memory_tolerance":0.01}],"times":[7.6014753e7,8.0010993e7,7.856629e7,8.8249406e7,6.3019625e7,7.6361211e7,7.6725388e7,8.0558683e7,7.0666369e7,7.7104135e7,8.9658077e7,6.2465007e7,7.6243439e7,7.6537092e7,8.1886706e7,7.128741e7,7.6682084e7,9.1060797e7,6.0744219e7,7.5007081e7,7.2793339e7,7.996497e7,6.4619948e7,7.2716014e7,8.9435672e7,5.8496431e7,7.0794233e7,7.2904426e7,8.351924e7,6.6477941e7,7.7376687e7,9.4370831e7,6.0587176e7,8.4487961e7,9.9177833e7,1.10408232e8,8.4615279e7,9.8765185e7,1.00479129e8,1.02468611e8,9.2733278e7,9.7237575e7,1.08603696e8,7.9047839e7,9.5501273e7,9.6241706e7,9.9984374e7,7.9591274e7,8.1295326e7,9.5538672e7,6.6022991e7,7.9916567e7,8.2984225e7,8.8393602e7,7.158326e7,7.9813945e7,9.6777437e7,6.3950614e7,7.8681941e7,8.067476e7,8.9144155e7,6.9768226e7]}],["Trial",{"allocs":870807,"gctimes":[0.0,0.0,0.0,1.9974779e7,0.0,0.0,0.0,1.9743992e7,0.0,0.0,1.8733094e7,0.0,0.0,0.0,1.8278416e7,0.0,0.0,1.815208e7,0.0,0.0,0.0,1.7884651e7,0.0,0.0,1.7791898e7,0.0,0.0,0.0,1.7812792e7,0.0,0.0,1.7756101e7,0.0,0.0,0.0,1.7790321e7,0.0,0.0,0.0,1.7766294e7,0.0,0.0,1.7553786e7,0.0,0.0,0.0,1.7666387e7,0.0,0.0,1.7675298e7,0.0,0.0,0.0,2.1737207e7,0.0,0.0,1.7642217e7,0.0,0.0,0.0,1.7742619e7,0.0,0.0,1.776692e7,0.0],"memory":59888968,"params":["Parameters",{"gctrial":true,"time_tolerance":0.05,"samples":10000,"evals":1,"gcsample":false,"seconds":5.0,"overhead":0.0,"memory_tolerance":0.01}],