{"lengs":[19998.61869632745],"benchmarks":[["Trial",{"allocs":552200,"gctimes":[1.92931658e8],"memory":4750541184,"params":["Parameters",{"gctrial":true,"time_tolerance":0.05,"samples":10000,"evals":1,"gcsample":false,"seconds":5.0,"overhead":0.0,"memory_tolerance":0.01}],"times":[3.98524709404e11]}]],"medians":[398524.709404]}