{"lengs":[10.0,21.544346900318832,46.4158883361278,100.0,215.44346900318845,464.15888336127773,1000.0],"benchmarks":[["Trial",{"allocs":4482733,"gctimes":[0.0],"memory":288186448,"params":["Parameters",{"gctrial":true,"time_tolerance":0.05,"samples":10000,"evals":1,"gcsample":false,"seconds":5.0,"overhead":0.0,"memory_tolerance":0.01}],"times":[9.547703238e9]}],["Trial",{"allocs":6524929,"gctimes":[0.0],"memory":415411888,"params":["Parameters",{"gctrial":true,"time_tolerance":0.05,"samples":10000,"evals":1,"gcsample":false,"seconds":5.0,"overhead":0.0,"memory_tolerance":0.01}],"times":[1.4005775563e10]}],["Trial",{"allocs":38352361,"gctimes":[1.97057763e8],"memory":2398208368,"params":["Parameters",{"gctrial":true,"time_tolerance":0.05,"samples":10000,"evals":1,"gcsample":false,"seconds":5.0,"overhead":0.0,"memory_tolerance":0.01}],"times":[8.1564407769e10]}],["Trial",{"allocs":49719301,"gctimes":[3.13600055e8],"memory":3106349968,"params":["Parameters",{"gctrial":true,"time_tolerance":0.05,"samples":10000,"evals":1,"gcsample":false,"seconds":5.0,"overhead":0.0,"memory_tolerance":0.01}],"times":[1.06769855387e11]}],["Trial",{"allocs":59968813,"gctimes":[3.5722931e8],"memory":3744877648,"params":["Parameters",{"gctrial":true,"time_tolerance":0.05,"samples":10000,"evals":1,"gcsample":false,"seconds":5.0,"overhead":0.0,"memory_tolerance":0.01}],"times":[1.27578270252e11]}],["Trial",{"allocs":83203609,"gctimes":[5.29075552e8],"memory":5192367088,"params":["Parameters",{"gctrial":true,"time_tolerance":0.05,"samples":10000,"evals":1,"gcsample":false,"seconds":5.0,"overhead":0.0,"memory_tolerance":0.01}],"times":[1.7705292295e11]}],["Trial",{"allocs":90884321,"gctimes":[5.75135568e8],"memory":5670862768,"params":["Parameters",{"gctrial":true,"time_tolerance":0.05,"samples":10000,"evals":1,"gcsample":false,"seconds":5.0,"overhead":0.0,"memory_tolerance":0.01}],"times":[1.93604900789e11]}]],"medians":[9547.703238,14005.775563,81564.407769,106769.855387,127578.270252,177052.92295,193604.900789]}