{"lengs":[10.0,21.544346900318832,46.4158883361278,100.0,215.44346900318845,464.15888336127773,1000.0],"benchmarks":[["Trial",{"allocs":26462,"gctimes":[0.0,0.0],"memory":33827952,"params":["Parameters",{"gctrial":true,"time_tolerance":0.05,"samples":10000,"evals":1,"gcsample":false,"seconds":5.0,"overhead":0.0,"memory_tolerance":0.01}],"times":[2.498451247e9,2.506682283e9]}],["Trial",{"allocs":31011,"gctimes":[0.0,0.0],"memory":35187392,"params":["Parameters",{"gctrial":true,"time_tolerance":0.05,"samples":10000,"evals":1,"gcsample":false,"seconds":5.0,"overhead":0.0,"memory_tolerance":0.01}],"times":[2.654828721e9,2.693615518e9]}],["Trial",{"allocs":82792,"gctimes":[0.0,0.0],"memory":48711344,"params":["Parameters",{"gctrial":true,"time_tolerance":0.05,"samples":10000,"evals":1,"gcsample":false,"seconds":5.0,"overhead":0.0,"memory_tolerance":0.01}],"times":[4.012534454e9,4.067963573e9]}],["Trial",{"allocs":94563,"gctimes":[0.0,0.0],"memory":50838432,"params":["Parameters",{"gctrial":true,"time_tolerance":0.05,"samples":10000,"evals":1,"gcsample":false,"seconds":5.0,"overhead":0.0,"memory_tolerance":0.01}],"times":[4.241382454e9,4.31746097e9]}],["Trial",{"allocs":103185,"gctimes":[0.0,0.0],"memory":52222944,"params":["Parameters",{"gctrial":true,"time_tolerance":0.05,"samples":10000,"evals":1,"gcsample":false,"seconds":5.0,"overhead":0.0,"memory_tolerance":0.01}],"times":[4.378691384e9,4.357664112e9]}],["Trial",{"allocs":149759,"gctimes":[0.0],"memory":61737472,"params":["Parameters",{"gctrial":true,"time_tolerance":0.05,"samples":10000,"evals":1,"gcsample":false,"seconds":5.0,"overhead":0.0,"memory_tolerance":0.01}],"times":[5.354419051e9]}],["Trial",{"allocs":190771,"gctimes":[0.0],"memory":69055744,"params":["Parameters",{"gctrial":true,"time_tolerance":0.05,"samples":10000,"evals":1,"gcsample":false,"seconds":5.0,"overhead":0.0,"memory_tolerance":0.01}],"times":[6.268221564e9]}]],"medians":[2502.566765,2674.2221195,4040.2490135,4279.421712,4368.177748,5354.419051,6268.221564]}