{"lengs":[1.9998618696327441],"benchmarks":[["Trial",{"allocs":3530,"gctimes":[0.0,0.0,0.0,0.0,0.0,0.0,0.0,0.0,0.0,0.0,0.0,0.0,0.0,0.0,0.0,0.0,0.0,0.0,0.0,0.0,0.0,0.0,0.0,0.0,0.0,0.0,0.0,0.0,0.0,0.0,0.0,0.0,0.0,0.0,0.0,0.0,0.0,0.0,0.0,0.0,0.0,0.0,0.0,0.0,0.0,0.0,0.0,0.0,0.0,0.0,0.0,0.0,0.0,0.0,0.0,0.0,0.0,0.0,0.0,0.0,0.0,0.0,0.0,0.0,0.0,0.0,0.0,0.0,0.0,0.0,0.0,0.0,0.0,0.0,0.0,0.0,0.0,0.0,0.0,0.0,0.0,0.0,0.0,0.0,0.0,0.0,0.0,0.0,0.0,0.0,0.0,0.0,0.0,0.0,0.0,0.0,0.0,0.0,0.0,0.0,0.0,0.0,0.0,0.0,0.0,0.0,0.0,0.0,0.0,0.0,0.0,0.0,0.0,0.0,0.0,0.0,0.0,0.0,0.0,0.0,0.0,0.0,0.0,0.0,0.0,0.0,0.0,0.0,0.0,0.0,0.0,0.0,0.0,0.0,0.0,0.0,0.0,0.0,0.0,0.0,0.0,0.0,0.0,0.0,0.0,0.0,0.0,0.0,0.0,0.0,0.0,0.0,0.0,0.0,0.0,0.0,0.0,0.0,0.0,0.0,0.0,0.0,0.0,0.0,0.0,0.0,0.0,0.0,0.0,0.0,0.0,0.0,0.0,0.0,0.0,0.0,0.0,0.0,0.0,0.0,0.0,0.0,0.0,0.0,0.0,0.0,0.0,0.0,0.0,0.0,0.0,0.0,0.0,0.0,0.0,0.0,0.0,0.0,0.0,0.0,0.0,0.0,0.0,0.0,0.0,0.0,0.0,0.0,0.0,0.0,0.0,0.0,0.0,0.0,0.0,0.0,0.0,0.0,0.0,0.0,0.0,0.0,0.0,0.0,0.0,0.0,0.0,0.0,0.0,0.0,0.0,0.0,0.0,0.0,0.0,0.0,0.0,0.0,0.0,0.0,0.0,0.0,0.0,0.0,0.0,0.0,0.0,0.0,0.0,0.0,0.0,0.0,0.0,0.0,0.0,0.0,0.0,0.0,0.0,0.0,0.0,0.0,0.0,0.0,0.0,0.0,0.0,0.0,0.0,0.0,0.0,0.0,0.0,0.0,0.0,0.0,0.0,0.0,0.0,0.0,0.0,0.0,0.0,0.0,0.0,0.0,0.0,0.0,0.0,0.0,0.0,0.0,0.0,0.0,0.0,0.0,0.0,0.0,0.0,0.0,0.0,0.0,0.0,0.0,0.0,0.0,0.0,0.0,0.0,0.0,0.0,0.0,0.0,0.0,0.0,0.0,0.0,0.0,0.0,0.0,0.0,0.0,0.0,0.0,0.0,0.0,0.0,0.0,0.0,0.0,0.0,0.0,0.0,0.0,0.0,0.0,0.0,0.0,0.0,0.0,0.0,0.0,0.0,0.0,0.0,0.0,0.0,0.0,0.0,0.0,0.0,0.0,0.0,0.0,0.0,0.0,0.0,0.0,0.0,0.0,0.0,0.0,0.0,0.0,0.0,0.0,0.0,0.0,0.0,0.0,0.0,0.0,0.0,0.0,0.0,0.0,0.0,0.0,0.0,0.0,0.0,0.0,0.0,0.0,0.0,0.0,0.0,0.0,0.0,0.0,0.0,0.0,0.0,0.0,0.0,0.0,0.0,0.0,0.0,0.0,0.0,0.0,0.0,0.0,0.0,0.0,0.0,0.0,0.0,0.0,0.0,0.0,0.0,0.0,0.0,0.0,0.0,0.0,0.0,0.0,0.0,0.0,0.0,0.0,0.0,0.0,0.0,0.0,0.0,0.0,0.0,0.0,0.0,0.0,0.0,0.0,0.0,0.0,0.0,0.0,0.0,0.0,0.0,0.0,0.0,0.0,0.0,0.0,0.0,0.0,0.0,0.0,0.0,0.0,0.0,0.0,0.0,0.0,0.0,0.0,0.0,0.0,0.0,0.0,0.0,0.0,0.0,0.0,0.0,0.0,0.0,0.0,0.0,0.0,0.0,0.0,0.0,0.0,0.0,0.0,0.0,0.0,0.0,1.5910163e7,0.0,0.0,0.0,0.0,0.0,0.0,0.0,0.0,0.0,0.0,0.0,0.0,0.0,0.0,0.0,0.0,0.0,0.0,0.0,0.0,0.0,0.0,0.0,0.0,0.0,0.0,0.0,0.0,0.0,0.0,0.0,0.0,0.0,0.0,0.0,0.0,0.0,0.0,0.0,0.0,0.0,0.0,0.0,0.0,0.0,0.0,0.0,0.0,0.0,0.0,0.0,0.0,0.0,0.0,0.0,0.0,0.0,0.0,0.0,0.0,0.0,0.0,0.0,0.0,0.0,0.0,0.0,0.0,0.0,0.0,0.0,0.0,0.0,0.0,0.0,0.0,0.0,0.0,0.0,0.0,0.0,0.0,0.0,0.0,0.0,0.0,0.0,0.0,0.0,0.0,0.0,0.0,0.0,0.0,0.0,0.0,0.0,0.0,0.0,0.0,0.0,0.0,0.0,0.0,0.0,0.0,0.0,0.0,0.0,0.0,0.0,0.0,0.0,0.0,0.0,0.0,0.0,0.0,0.0,0.0,0.0,0.0,0.0,0.0,0.0,0.0,0.0,0.0,0.0,0.0,0.0,0.0,0.0,0.0,0.0,0.0,0.0,0.0,0.0,0.0,0.0,0.0,0.0,0.0,0.0,0.0,0.0,0.0,0.0,0.0,0.0,0.0,0.0,0.0,0.0,0.0,0.0,0.0,0.0,0.0,0.0,0.0,0.0,0.0,0.0,0.0,0.0,0.0,0.0,0.0,0.0,0.0,0.0,0.0,0.0,0.0,0.0,0.0,0.0,0.0,0.0,0.0,0.0,0.0,0.0,0.0,0.0,0.0,0.0,0.0,0.0,0.0,0.0,0.0,0.0,0.0,0.0,0.0,0.0,0.0,0.0,0.0,0.0,0.0,0.0,0.0,0.0,0.0,0.0,0.0,0.0,0.0,0.0,0.0,0.0,0.0,0.0,0.0,0.0,0.0,0.0,0.0,0.0,0.0,0.0,0.0,0.0,0.0,0.0,0.0,0.0,0.0,0.0,0.0,0.0,0.0,0.0,0.0,0.0,0.0,0.0,0.0,0.0,0.0,0.0,0.0,0.0,0.0,0.0,0.0,0.0,0.0,0.0,0.0,0.0,0.0,0.0,0.0,0.0,0.0,0.0,0.0,0.0,0.0,0.0,0.0,0.0,0.0,0.0,0.0,0.0,0.0,0.0,0.0,0.0,0.0,0.0,0.0,0.0,0.0,0.0,0.0,0.0,0.0,0.0,0.0,0.0,0.0,0.0,0.0,0.0,0.0,0.0,0.0,0.0,0.0,0.0,0.0,0.0,0.0,0.0,0.0,0.0,0.0,0.0,0.0,0.0,0.0,0.0,0.0,0.0,0.0,0.0,0.0,0.0,0.0,0.0,0.0,0.0,0.0,0.0,0.0,0.0,0.0,0.0,0.0,0.0,0.0,0.0,0.0,0.0,0.0,0.0,0.0,0.0,0.0,0.0,0.0,0.0,0.0,0.0,0.0,0.0,0.0,0.0,0.0,0.0,0.0,0.0,0.0,0.0,0.0,0.0,0.0,0.0,0.0,0.0,0.0,0.0,0.0,0.0,0.0,0.0,0.0,0.0,0.0,0.0,0.0,0.0,0.0,0.0,0.0,0.0,0.0,0.0,0.0],"memory":424496,"params":["Parameters",{"gctrial":true,"time_tolerance":0.05,"samples":10000,"evals":1,"gcsample":false,"seconds":5.0,"overhead":0.0,"memory_tolerance":0.01}],"times":[6.079456e6,5.478929e6,5.43346e6,5.437181e6,5.464412e6,5.439636e6,5.435758e6,5.428484e6,5.508542e6,5.458766e6,5.453652e6,5.4359e6,5.735311e6,5.441048e6,5.430432e6,5.434402e6,5.450149e6,5.438567e6,5.444209e6,5.43221e6,5.437569e6,5.549158e6,6.051876e6,5.731155e6,6.128327e6,5.926641e6,6.064123e6,6.017958e6,5.400546e6,5.796465e6,5.496126e6,5.823291e6,5.399811e6,5.670373e6,5.681296e6,5.431008e6,5.682452e6,5.388678e6,5.70665e6,5.393279e6,5.389738e6,5.393176e6,5.384841e6,5.395863e6,5.385147e6,5.384912e6,5.380224e6,5.497429e6,5.393159e6,5.394041e6,5.388285e6,5.603837e6,5.396305e6,5.39103e6,5.381152e6,5.390699e6,5.408656e6,5.390175e6,5.396353e6,5.390982e6,5.437216e6,5.388841e6,5.408541e6,5.379613e6,5.729955e6,5.382274e6,5.400366e6,5.380981e6,5.383943e6,5.405146e6,5.394965e6,5.38057e6,5.374352e6,5.502516e6,5.391319e6,5.398245e6,5.392237e6,5.594186e6,5.40824e6,5.392455e6,5.409303e6,5.388996e6,5.40995e6,5.397219e6,5.385452e6,5.400626e6,5.455442e6,5.398576e6,5.407213e6,5.378485e6,5.706005e6,5.399852e6,5.391774e6,5.385149e6,5.378664e6,5.385574e6,5.394894e6,5.393604e6,5.396573e6,5.502013e6,5.390401e6,5.39162e6,5.382143e6,5.591761e6,5.409925e6,5.376941e6,5.394961e6,5.392121e6,5.419582e6,5.393944e6,5.383703e6,5.397407e6,5.452139e6,5.40137e6,5.408577e6,5.383692e6,5.731934e6,5.3949e6,5.397217e6,5.402745e6,5.380704e6,5.389004e6,5.37862e6,5.39502e6,5.376297e6,5.50766e6,5.385863e6,5.396377e6,5.396815e6,5.601032e6,5.402533e6,5.38515e6,5.473811e6,5.371228e6,5.399178e6,5.387273e6,5.388158e6,5.383192e6,5.435553e6,5.390324e6,5.400684e6,5.395532e6,5.683461e6,5.389265e6,5.388066e6,5.383713e6,5.380613e6,5.386711e6,5.398669e6,5.48095e6,5.380464e6,5.491201e6,5.402307e6,5.400883e6,5.385604e6,5.657783e6,5.400491e6,5.401233e6,5.394007e6,5.396273e6,5.397813e6,5.394856e6,5.380971e6,5.386089e6,5.440269e6,5.401494e6,5.397687e6,5.385839e6,5.680355e6,5.397985e6,5.403815e6,5.394059e6,5.390267e6,5.385621e6,5.393822e6,5.387177e6,5.394416e6,5.511222e6,5.408093e6,5.421452e6,5.399171e6,5.629695e6,5.403674e6,5.418692e6,5.38681e6,5.39635e6,5.399578e6,5.419283e6,5.396225e6,5.401791e6,5.435265e6,5.410634e6,5.413991e6,5.394072e6,5.710183e6,5.419581e6,5.405871e6,5.386174e6,5.385607e6,5.437373e6,5.405624e6,5.4069e6,5.388021e6,5.500167e6,5.408079e6,5.391737e6,5.402258e6,5.595394e6,5.409436e6,5.394377e6,5.384957e6,5.398608e6,5.406051e6,6.125926e6,5.705563e6,6.104538e6,5.973131e6,5.702438e6,5.781773e6,5.3948e6,5.986483e6,5.437588e6,5.605267e6,5.674742e6,5.389948e6,5.660983e6,5.410355e6,5.822375e6,5.394192e6,5.759763e6,5.494617e6,5.552869e6,5.399673e6,5.621805e6,5.400185e6,5.38922e6,5.403581e6,5.384509e6,5.401024e6,5.401286e6,5.38228e6,5.481989e6,5.655797e6,5.413257e6,5.404848e6,5.376244e6,5.695551e6,5.418975e6,5.395331e6,5.404611e6,5.396787e6,5.413322e6,5.401066e6,5.397946e6,5.391421e6,5.524792e6,5.39801e6,5.396368e6,5.394665e6,5.590763e6,5.418536e6,5.401942e6,5.390675e6,5.377292e6,5.401147e6,5.404866e6,5.385478e6,5.39021e6,5.445273e6,5.407121e6,5.395265e6,5.411317e6,5.704403e6,5.385995e6,5.399184e6,5.394893e6,5.399443e6,5.390972e6,5.400941e6,5.390615e6,5.389471e6,5.510977e6,5.409334e6,5.397838e6,5.39077e6,5.620592e6,5.415163e6,5.393702e6,5.393315e6,5.395365e6,5.400677e6,5.396131e6,5.388885e6,5.393603e6,5.447775e6,5.399071e6,5.411366e6,5.414895e6,5.698382e6,5.390317e6,5.403015e6,5.392224e6,5.399121e6,5.407077e6,5.41523e6,5.399533e6,5.47705e6,5.595639e6,5.392706e6,5.377121e6,5.38213e6,5.619525e6,5.389769e6,5.393682e6,5.387556e6,5.38797e6,5.388146e6,5.387174e6,5.379493e6,5.415724e6,5.419915e6,5.400433e6,5.398109e6,5.38882e6,5.698774e6,5.407015e6,5.400055e6,5.400985e6,5.402132e6,5.384738e6,5.421159e6,5.385465e6,5.438837e6,5.548061e6,5.40342e6,5.39995e6,5.388213e6,5.60407e6,5.404693e6,5.393445e6,5.380933e6,5.391381e6,5.40021e6,5.400339e6,5.386018e6,5.382351e6,5.45413e6,5.390565e6,5.40123e6,5.397039e6,5.691715e6,5.392028e6,5.447063e6,5.387629e6,5.389525e6,5.394527e6,5.388555e6,5.389436e6,5.394915e6,5.498981e6,5.394292e6,5.39921e6,5.398358e6,5.600954e6,5.415057e6,5.408715e6,5.419565e6,5.421625e6,5.402993e6,5.398936e6,5.390854e6,5.411822e6,5.474736e6,5.480537e6,5.446268e6,5.425156e6,5.762094e6,5.434536e6,5.410947e6,5.425693e6,5.434267e6,5.44036e6,5.43956e6,5.42906e6,5.425565e6,5.535582e6,5.424298e6,5.437258e6,5.432781e6,5.635408e6,5.429677e6,5.448296e6,5.427184e6,