{"lengs":[10.0,21.544346900318832,46.4158883361278,100.0,215.44346900318845,464.15888336127773,1000.0],"benchmarks":[["Trial",{"allocs":48,"gctimes":[0.0,0.0,0.0,0.0,0.0,0.0,0.0,0.0],"memory":86512,"params":["Parameters",{"gctrial":true,"time_tolerance":0.05,"samples":10000,"evals":1,"gcsample":false,"seconds":5.0,"overhead":0.0,"memory_tolerance":0.01}],"times":[6.75369127e8,6.82517995e8,6.70779328e8,6.47733109e8,6.36458827e8,6.4204256e8,6.44302606e8,6.48285135e8]}],["Trial",{"allocs":48,"gctimes":[0.0,0.0,0.0,0.0,0.0,0.0,0.0],"memory":86512,"params":["Parameters",{"gctrial":true,"time_tolerance":0.05,"samples":10000,"evals":1,"gcsample":false,"seconds":5.0,"overhead":0.0,"memory_tolerance":0.01}],"times":[7.55103914e8,7.76261468e8,7.9379572e8,7.89912987e8,7.91848028e8,7.64015196e8,7.51281796e8]}],["Trial",{"allocs":48,"gctimes":[0.0,0.0,0.0,0.0,0.0,0.0],"memory":86512,"params":["Parameters",{"gctrial":true,"time_tolerance":0.05,"samples":10000,"evals":1,"gcsample":false,"seconds":5.0,"overhead":0.0,"memory_tolerance":0.01}],"times":[1.014636604e9,1.013654894e9,1.012101674e9,9.66172639e8,9.64471472e8,9.69287328e8]}],["Trial",{"allocs":48,"gctimes":[0.0,0.0,0.0,0.0,0.0],"memory":86512,"params":["Parameters",{"gctrial":true,"time_tolerance":0.05,"samples":10000,"evals":1,"gcsample":false,"seconds":5.0,"overhead":0.0,"memory_tolerance":0.01}],"times":[1.036277991e9,1.037619552e9,1.150692028e9,1.346569467e9,1.292448659e9]}],["Trial",{"allocs":48,"gctimes":[0.0,0.0,0.0,0.0],"memory":86512,"params":["Parameters",{"gctrial":true,"time_tolerance":0.05,"samples":10000,"evals":1,"gcsample":false,"seconds":5.0,"overhead":0.0,"memory_tolerance":0.01}],"times":[1.326518706e9,1.336694552e9,1.332766498e9,1.327852087e9]}],["Trial",{"allocs":48,"gctimes":[0.0,0.0,0.0,0.0,0.0],"memory":86512,"params":["Parameters",{"gctrial":true,"time_tolerance":0.05,"samples":10000,"evals":1,"gcsample":false,"seconds":5.0,"overhead":0.0,"memory_tolerance":0.01}],"times":[1.126350577e9,1.092248962e9,1.067422654e9,1.063480257e9,1.062667052e9]}],["Trial",{"allocs":48,"gctimes":[0.0,0.0,0.0,0.0],"memory":86512,"params":["Parameters",{"gctrial":true,"time_tolerance":0.05,"samples":10000,"evals":1,"gcsample":false,"seconds":5.0,"overhead":0.0,"memory_tolerance":0.01}],"times":[1.342929362e9,1.340830246e9,1.33762356e9,1.334640582e9]}]],"medians":[648.009122,776.261468,990.694501,1150.692028,1330.3092925,1067.422654,1339.226903]}