{"lengs":[10.0,21.544346900318832,46.4158883361278,100.0,215.44346900318845,464.15888336127773,1000.0],"benchmarks":[["Trial",{"allocs":3987,"gctimes":[0.0,0.0,0.0,0.0,0.0,0.0,0.0,0.0,0.0,0.0,0.0,0.0,0.0,0.0,0.0,0.0,0.0,0.0,0.0,0.0,0.0,0.0,0.0,0.0,0.0,0.0,0.0,0.0,0.0,0.0,0.0,0.0,0.0,0.0,0.0,0.0,0.0,0.0,0.0,0.0,0.0,0.0,0.0,0.0,0.0,0.0,0.0,0.0,0.0,0.0,0.0,0.0,0.0,0.0,0.0,0.0,0.0,0.0,0.0,0.0,0.0,0.0,0.0,0.0,0.0,0.0,0.0,0.0,0.0,0.0,0.0,0.0,0.0,0.0,0.0,0.0,0.0,0.0,0.0,0.0,0.0,0.0,0.0,0.0,0.0,0.0,0.0,0.0,0.0,0.0,0.0,0.0,0.0,0.0,0.0,0.0,0.0,0.0,0.0,0.0,0.0,0.0,0.0,0.0,0.0,0.0,0.0,0.0,0.0,0.0,0.0,0.0,0.0,0.0,0.0,0.0,0.0,0.0,0.0,0.0,0.0,0.0,0.0,0.0,0.0,0.0,0.0,0.0,0.0,0.0,0.0,0.0,0.0,0.0],"memory":1265648,"params":["Parameters",{"gctrial":true,"time_tolerance":0.05,"samples":10000,"evals":1,"gcsample":false,"seconds":5.0,"overhead":0.0,"memory_tolerance":0.01}],"times":[3.7935659e7,3.7255998e7,3.7127352e7,3.7168613e7,3.7143471e7,3.7165206e7,3.7381334e7,3.716877e7,3.71913e7,3.7112958e7,3.7145357e7,3.714168e7,3.7107954e7,3.7197369e7,3.7053876e7,3.7225108e7,3.7106962e7,3.7064313e7,3.7085745e7,3.8863743e7,3.850914e7,3.758477e7,3.7181614e7,3.7230044e7,3.7160825e7,3.729057e7,3.723818e7,3.7111831e7,3.7053675e7,3.7226708e7,3.7104946e7,3.7231994e7,3.710925e7,3.732492e7,3.7172609e7,3.7088947e7,3.7172967e7,3.7100341e7,3.7242811e7,3.7092737e7,3.7183296e7,3.7073639e7,3.7159838e7,3.70935e7,3.7143193e7,3.7139436e7,3.7073484e7,3.9282969e7,3.8763198e7,3.7698568e7,3.7198338e7,3.711619e7,3.7160427e7,3.7275138e7,3.7072816e7,3.7162085e7,3.7180776e7,3.7054566e7,3.7414737e7,3.7116695e7,3.7262612e7,3.7267625e7,3.7056136e7,3.7101478e7,3.707933e7,3.7114229e7,3.7164339e7,3.7063077e7,3.7141887e7,3.7200705e7,3.7059967e7,3.7176768e7,3.7390864e7,3.7474165e7,3.7189189e7,3.8950901e7,3.8025416e7,3.7608359e7,3.7080508e7,3.7157867e7,3.7158551e7,3.7106235e7,3.7099465e7,3.7121733e7,3.7178892e7,3.7095853e7,3.707538e7,3.7080902e7,3.7096431e7,3.7151522e7,3.7069601e7,3.7292269e7,3.7349831e7,3.6992104e7,3.7015089e7,3.6921979e7,3.7030031e7,3.701394e7,3.705261e7,3.7075739e7,3.6978352e7,3.6991982e7,3.7027294e7,3.9279681e7,3.7863941e7,3.7344514e7,3.6935364e7,3.7043107e7,3.7301715e7,3.7051983e7,3.6927627e7,3.6966681e7,3.6917618e7,3.6920764e7,3.7446027e7,3.7122258e7,3.7033049e7,3.7441082e7,3.7092914e7,3.8467299e7,3.7113949e7,3.7581784e7,3.7164626e7,3.7099273e7,3.7844413e7,3.7306736e7,3.8034157e7,3.7217398e7,3.7508224e7,3.6990014e7,3.7370423e7,3.9791136e7,3.8131455e7,3.7757479e7]}],["Trial",{"allocs":10621,"gctimes":[0.0,0.0,0.0,0.0,0.0,0.0,0.0,0.0,0.0,0.0,0.0,0.0,0.0,0.0,0.0,0.0,0.0,0.0,0.0,0.0,0.0,0.0,0.0,0.0,0.0,0.0,0.0,0.0,0.0,0.0,0.0,0.0,0.0,0.0,0.0,0.0,0.0,0.0],"memory":1767600,"params":["Parameters",{"gctrial":true,"time_tolerance":0.05,"samples":10000,"evals":1,"gcsample":false,"seconds":5.0,"overhead":0.0,"memory_tolerance":0.01}],"times":[1.36554307e8,1.30830111e8,1.30591302e8,1.30550405e8,1.30947967e8,1.30852585e8,1.3117912e8,1.30950692e8,1.33692155e8,1.30315191e8,1.30675451e8,1.32147508e8,1.30492172e8,1.30702452e8,1.3067373e8,1.32481756e8,1.33486281e8,1.30690668e8,1.30581095e8,1.30689791e8,1.30626346e8,1.30431905e8,1.30541837e8,1.30808338e8,1.39168553e8,1.37490509e8,1.3759012e8,1.37425121e8,1.37274293e8,1.37519813e8,1.37562198e8,1.39161318e8,1.3811856e8,1.376637e8,1.37834722e8,1.37843184e8,1.33031482e8,1.30887411e8]}],["Trial",{"allocs":25999,"gctimes":[0.0,0.0,0.0,0.0,0.0,0.0,0.0,0.0,0.0,0.0,0.0,0.0,0.0,0.0,0.0],"memory":2831344,"params":["Parameters",{"gctrial":true,"time_tolerance":0.05,"samples":10000,"evals":1,"gcsample":false,"seconds":5.0,"overhead":0.0,"memory_tolerance":0.01}],"times":[3.45105082e8,3.45963382e8,3.43259552e8,3.43099872e8,3.45855085e8,3.43571285e8,3.4317643e8,3.44405783e8,3.44239516e8,3.43346035e8,3.4717889e8,3.54247167e8,3.43964618e8,3.45660889e8,3.43586898e8]}],["Trial",{"allocs":39868,"gctimes":[0.0,0.0,0.0,0.0,0.0,0.0,0.0,0.0,0.0,0.0],"memory":3742736,"params":["Parameters",{"gctrial":true,"time_tolerance":0.05,"samples":10000,"evals":1,"gcsample":false,"seconds":5.0,"overhead":0.0,"memory_tolerance":0.01}],"times":[5.35335319e8,5.36848309e8,5.34695836e8,5.37615499e8,5.36795851e8,5.35968724e8,5.3613387e8,5.36128932e8,5.36714039e8,5.35363577e8]}],["Trial",{"allocs":52957,"gctimes":[0.0,0.0,0.0,0.0,0.0,0.0,0.0],"memory":4581168,"params":["Parameters",{"gctrial":true,"time_tolerance":0.05,"samples":10000,"evals":1,"gcsample":false,"seconds":5.0,"overhead":0.0,"memory_tolerance":0.01}],"times":[7.37917894e8,7.53827203e8,7.66188432e8,7.10248104e8,7.10496124e8,7.14845335e8,7.46515321e8]}],["Trial",{"allocs":58768,"gctimes":[0.0,0.0,0.0,0.0,0.0,0.0,0.0],"memory":4945936,"params":["Parameters",{"gctrial":true,"time_tolerance":0.05,"samples":10000,"evals":1,"gcsample":false,"seconds":5.0,"overhead":0.0,"memory_tolerance":0.01}],"times":[7.88494261e8,7.90171522e8,7.8806838e8,7.86293139e8,8.19792713e8,8.09781458e8,7.97069515e8]}],["Trial",{"allocs":59518,"gctimes":[0.0,0.0,0.0,0.0,0.0,0.0,0.0],"memory":5052400,"params":["Parameters",{"gctrial":true,"time_tolerance":0.05,"samples":10000,"evals":1,"gcsample":false,"seconds":5.0,"overhead":0.0,"memory_tolerance":0.01}],"times":[7.9789197e8,7.96219347e8,8.01246395e8,8.01551732e8,7.99900622e8,7.97066752e8,7.98953552e8]}]],"medians":[37.158209,131.064906,344.239516,536.131401,737.917894,790.171522,798.953552]}