{"lengs":[10.0],"benchmarks":[["Trial",{"allocs":3150,"gctimes":[0.0,0.0,0.0,0.0,0.0,0.0,0.0,0.0,0.0,0.0,0.0,0.0,0.0,0.0,0.0,0.0,0.0,0.0,0.0,0.0,0.0,0.0,0.0,0.0,0.0,0.0,0.0,0.0,0.0,0.0,0.0,0.0],"memory":3442096,"params":["Parameters",{"gctrial":true,"time_tolerance":0.05,"samples":10000,"evals":1,"gcsample":false,"seconds":5.0,"overhead":0.0,"memory_tolerance":0.01}],"times":[1.68959142e8,1.56993422e8,1.53996977e8,1.62923178e8,1.60675769e8,1.59123781e8,1.61947672e8,1.57918677e8,1.60480027e8,1.59133461e8,1.64016574e8,1.59309992e8,1.59509382e8,1.58756914e8,1.59092286e8,1.58926898e8,1.64825677e8,1.60290818e8,1.57312894e8,1.57706832e8,1.59785662e8,1.58636051e8,1.54243439e8,1.60571389e8,1.59021427e8,1.56747395e8,1.60027101e8,1.57097281e8,1.59334365e8,1.60909076e8,1.60703387e8,1.58903668e8]}]],"medians":[159.2217265]}