{"lengs":[1.9998618696327441],"benchmarks":[["Trial",{"allocs":34188,"gctimes":[0.0,0.0,0.0,0.0,0.0,0.0,0.0,0.0,0.0,0.0,0.0,0.0,0.0,0.0,0.0,0.0,0.0,0.0,0.0,0.0,0.0,0.0,0.0,0.0,0.0,0.0,0.0,0.0,0.0,0.0,0.0,0.0,0.0,0.0,0.0,0.0,0.0,0.0,0.0,0.0,0.0,0.0,0.0,0.0,0.0,0.0,0.0,0.0,0.0,0.0,0.0,0.0,0.0,0.0,0.0,0.0,0.0,0.0,0.0,0.0,0.0,0.0,0.0,0.0,0.0,0.0,0.0,0.0,1.8465871e7,0.0,0.0,0.0,0.0,0.0,0.0,0.0,0.0,0.0,0.0,0.0,0.0,0.0,0.0,0.0,0.0,0.0,0.0,0.0,0.0,0.0,0.0,0.0,0.0,0.0,0.0,0.0,0.0,0.0,0.0,0.0,0.0,0.0,0.0,0.0,0.0,0.0,0.0,0.0,0.0,0.0,0.0,0.0,0.0,0.0,0.0,0.0,0.0,0.0,0.0,0.0,0.0,0.0,0.0,0.0,0.0,0.0,0.0,0.0,0.0,0.0,0.0,0.0,0.0,0.0,0.0,0.0,1.8387845e7,0.0,0.0,0.0,0.0,0.0,0.0,0.0,0.0,0.0,0.0,0.0,0.0,0.0,0.0,0.0,0.0,0.0,0.0,0.0,0.0,0.0,0.0,0.0,0.0,0.0,0.0,0.0,0.0,0.0,0.0,0.0,0.0,0.0,0.0,0.0,0.0,0.0,0.0,0.0,0.0,0.0,0.0,0.0,0.0,0.0,0.0,0.0,0.0,0.0,0.0,0.0,0.0,0.0,0.0,0.0,0.0,0.0,0.0,0.0,0.0,0.0,0.0,0.0,0.0,0.0,0.0,0.0,1.878499e7,0.0,0.0,0.0,0.0,0.0,0.0,0.0,0.0,0.0,0.0,0.0,0.0,0.0,0.0,0.0,0.0,0.0,0.0,0.0,0.0,0.0,0.0,0.0,0.0,0.0,0.0,0.0,0.0,0.0,0.0,0.0,0.0,0.0,0.0,0.0,0.0,0.0,0.0,0.0,0.0,0.0,0.0,0.0,0.0,0.0,0.0,0.0,0.0,0.0,0.0,0.0,0.0,0.0,0.0,0.0,0.0,0.0,0.0,0.0,0.0,0.0,0.0,0.0,0.0,0.0,0.0,0.0,0.0,1.8790256e7,0.0,0.0,0.0,0.0,0.0,0.0,0.0,0.0,0.0,0.0,0.0,0.0,0.0,0.0,0.0,0.0,0.0,0.0,0.0,0.0,0.0,0.0,0.0,0.0,0.0,0.0,0.0,0.0,0.0,0.0,0.0,0.0,0.0,0.0,0.0,0.0,0.0,0.0,0.0,0.0,0.0,0.0,0.0,0.0,0.0,0.0,0.0,0.0,0.0,0.0,0.0,0.0,0.0,0.0,0.0,0.0,0.0,0.0,0.0,0.0,0.0,0.0,0.0,0.0,0.0,0.0,0.0,1.9186928e7,0.0,0.0,0.0,0.0,0.0,0.0,0.0,0.0,0.0,0.0,0.0,0.0,0.0,0.0,0.0,0.0,0.0,0.0,0.0,0.0,0.0,0.0,0.0,0.0,0.0,0.0,0.0,0.0,0.0,0.0,0.0,0.0,0.0,0.0,0.0,0.0,0.0,0.0,0.0,0.0,0.0,0.0,0.0,0.0,0.0,0.0,0.0,0.0,0.0,0.0,0.0,0.0,0.0,0.0,0.0,0.0,0.0,0.0,0.0,0.0,0.0,0.0,0.0,0.0,0.0,0.0,0.0,0.0,1.9095675e7,0.0,0.0,0.0,0.0,0.0,0.0,0.0,0.0,0.0,0.0,0.0,0.0,0.0,0.0,0.0,0.0,0.0,0.0,0.0,0.0,0.0,0.0,0.0,0.0,0.0,0.0,0.0,0.0,0.0,0.0,0.0,0.0,0.0,0.0,0.0,0.0,0.0,0.0,0.0,0.0,0.0,0.0,0.0,0.0,0.0,0.0,0.0,0.0,0.0,0.0,0.0,0.0,0.0,0.0,0.0,0.0,0.0,0.0,0.0,0.0,0.0,0.0,0.0,0.0,0.0,0.0,0.0,0.0,1.8731165e7,0.0,0.0,0.0,0.0,0.0,0.0,0.0,0.0,0.0,0.0,0.0,0.0,0.0,0.0,0.0,0.0,0.0,0.0,0.0,0.0,0.0,0.0,0.0,0.0,0.0,0.0,0.0,0.0,0.0,0.0,0.0,0.0,0.0,0.0,0.0,0.0,0.0,0.0,0.0,0.0,0.0,0.0,0.0,0.0,0.0,0.0,0.0,0.0,0.0,0.0,0.0,0.0,0.0,0.0,0.0,0.0,0.0,0.0,0.0,0.0,0.0,0.0,0.0,0.0,0.0,0.0,0.0,1.8802171e7,0.0,0.0,0.0,0.0,0.0,0.0,0.0,0.0,0.0,0.0,0.0,0.0,0.0,0.0,0.0,0.0,0.0,0.0,0.0,0.0,0.0,0.0,0.0,0.0,0.0,0.0,0.0,0.0,0.0,0.0,0.0,0.0,0.0,0.0,0.0,0.0,0.0,0.0,0.0,0.0,0.0,0.0,0.0,0.0,0.0,0.0,0.0,0.0,0.0,0.0,0.0,0.0,0.0,0.0,0.0,0.0,0.0,0.0,0.0,0.0,0.0,0.0,0.0,0.0,0.0,0.0,0.0,0.0,1.8753489e7,0.0,0.0,0.0,0.0,0.0,0.0,0.0,0.0,0.0,0.0,0.0,0.0,0.0,0.0,0.0,0.0,0.0,0.0,0.0,0.0,0.0,0.0,0.0,0.0,0.0,0.0,0.0,0.0,0.0,0.0,0.0,0.0,0.0,0.0,0.0,0.0,0.0,0.0,0.0,0.0,0.0,0.0,0.0,0.0,0.0,0.0,0.0,0.0,0.0,0.0,0.0,0.0,0.0,0.0,0.0,0.0,0.0,0.0,0.0,0.0,0.0,0.0,0.0,0.0,0.0,0.0,0.0,2.0082961e7,0.0,0.0,0.0,0.0,0.0,0.0,0.0,0.0,0.0,0.0,0.0,0.0,0.0,0.0,0.0,0.0,0.0,0.0,0.0,0.0,0.0,0.0,0.0,0.0,0.0,0.0,0.0,0.0,0.0,0.0,0.0,0.0,0.0,0.0,0.0,0.0,0.0,0.0,0.0,0.0,0.0,0.0,0.0,0.0,0.0,0.0,0.0,0.0,0.0,0.0,0.0,0.0,0.0,0.0,0.0,0.0,0.0,0.0,0.0,0.0,0.0,0.0,0.0,0.0,0.0,0.0,0.0,0.0,2.003527e7,0.0,0.0,0.0,0.0,0.0,0.0,0.0,0.0,0.0,0.0,0.0,0.0,0.0,0.0,0.0,0.0,0.0,0.0,0.0,0.0,0.0,0.0,0.0,0.0,0.0,0.0,0.0,0.0,0.0,0.0,0.0,0.0,0.0,0.0,0.0,0.0,0.0,0.0,0.0,0.0,0.0,0.0],"memory":3083224,"params":["Parameters",{"gctrial":true,"time_tolerance":0.05,"samples":10000,"evals":1,"gcsample":false,"seconds":5.0,"overhead":0.0,"memory_tolerance":0.01}],"times":[6.096559e6,5.676188e6,5.730739e6,5.636628e6,5.60955e6,5.695816e6,5.725597e6,5.691732e6,5.777829e6,5.684443e6,5.667967e6,5.701077e6,5.714063e6,5.707553e6,5.883443e6,5.710731e6,5.776612e6,5.697697e6,5.722214e6,5.754761e6,5.714108e6,5.715383e6,5.784556e6,5.726762e6,5.725188e6,5.818589e6,5.793704e6,5.725015e6,5.75422e6,5.713846e6,5.728253e6,5.774545e6,5.726743e6,5.74191e6,5.715886e6,5.67972e6,5.710703e6,5.675201e6,5.72931e6,5.703928e6,5.692342e6,5.70745e6,5.745408e6,5.790739e6,5.743686e6,5.801746e6,5.734258e6,5.687038e6,5.67833e6,5.695147e6,5.757902e6,5.670249e6,5.668872e6,5.681622e6,5.705027e6,5.767066e6,5.693691e6,5.709005e6,5.708175e6,5.693317e6,5.755228e6,5.722283e6,5.718245e6,5.761045e6,5.82153e6,6.009808e6,5.885287e6,5.915165e6,2.4902957e7,5.206295e6,5.203705e6,5.322649e6,5.319523e6,5.19502e6,5.172265e6,5.36318e6,5.161197e6,5.176601e6,5.150697e6,5.174365e6,5.149375e6,5.147649e6,5.290883e6,5.160627e6,5.223488e6,5.161891e6,5.16589e6,5.153777e6,5.178147e6,5.194553e6,5.441275e6,5.146719e6,5.176427e6,5.143411e6,5.23264e6,5.264261e6,5.220764e6,5.155333e6,5.150616e6,5.426259e6,5.130428e6,5.124204e6,5.149988e6,5.130513e6,5.333925e6,5.767093e6,5.663674e6,5.680154e6,5.666171e6,5.722827e6,5.681437e6,5.680062e6,5.811677e6,5.728831e6,5.817038e6,5.738817e6,5.630066e6,5.629797e6,5.648026e6,5.654428e6,5.646252e6,5.750202e6,5.760378e6,5.916612e6,5.714291e6,5.676988e6,5.670076e6,5.676649e6,6.11163e6,5.762363e6,5.777583e6,5.811274e6,5.681732e6,5.998364e6,6.066702e6,6.074408e6,2.4820399e7,5.199283e6,5.183284e6,5.9964e6,5.607676e6,5.805983e6,5.734493e6,5.130904e6,5.527624e6,5.139297e6,5.54914e6,5.276426e6,5.565839e6,5.183124e6,5.728187e6,5.188403e6,5.255392e6,5.24413e6,5.182578e6,5.163169e6,5.165014e6,5.151542e6,5.220804e6,5.261801e6,5.150574e6,5.211183e6,5.140591e6,5.247949e6,5.132623e6,5.172682e6,5.221232e6,5.231687e6,5.134302e6,5.291747e6,5.133473e6,5.219188e6,5.384239e6,5.70732e6,5.657895e6,5.835869e6,5.75842e6,5.680358e6,5.699636e6,5.702231e6,5.702145e6,5.766172e6,5.72463e6,5.712775e6,5.688359e6,5.640404e6,5.689995e6,5.697359e6,5.880675e6,5.667681e6,5.695808e6,5.677044e6,5.776654e6,5.741321e6,5.666708e6,5.6783e6,5.710495e6,5.751721e6,5.787602e6,5.797966e6,5.826271e6,5.835265e6,5.895605e6,5.896146e6,2.5665282e7,5.226451e6,5.214896e6,5.15085e6,5.196896e6,5.141176e6,5.189796e6,5.174938e6,5.145049e6,5.182117e6,5.143526e6,5.152072e6,5.1445e6,5.149556e6,5.133416e6,5.180925e6,5.137896e6,5.19459e6,5.188641e6,5.267099e6,5.168966e6,5.163825e6,5.241585e6,5.222619e6,5.134026e6,5.157217e6,5.141755e6,5.19208e6,5.213441e6,5.152102e6,5.408725e6,5.121517e6,5.127445e6,5.298656e6,5.185227e6,5.104442e6,5.172432e6,5.487442e6,5.795899e6,5.638846e6,5.671933e6,5.656297e6,5.683363e6,5.669231e6,5.696981e6,5.725092e6,5.779451e6,5.702944e6,5.68734e6,5.668317e6,5.666027e6,5.664525e6,5.632409e6,5.714232e6,5.81909e6,5.686882e6,5.713061e6,5.678503e6,5.680523e6,5.813568e6,5.730879e6,5.974329e6,5.701244e6,5.72554e6,5.826607e6,5.877313e6,5.876679e6,5.869344e6,5.904885e6,2.5351896e7,5.190916e6,5.182539e6,5.176558e6,5.150406e6,5.153756e6,5.218821e6,5.16921e6,5.16487e6,5.167467e6,5.155786e6,5.266671e6,5.189017e6,5.135475e6,5.298564e6,5.145255e6,5.203226e6,5.173897e6,5.295931e6,5.154857e6,5.161931e6,5.206402e6,5.216339e6,5.159272e6,5.199999e6,5.154273e6,5.163786e6,5.150748e6,5.178795e6,5.127049e6,5.214814e6,5.140492e6,5.174384e6,5.151358e6,5.210781e6,5.113573e6,5.235242e6,5.708978e6,5.657921e6,5.674317e6,5.659626e6,5.695161e6,5.677732e6,5.678483e6,5.800858e6,5.721811e6,5.787358e6,5.71883e6,5.741739e6,6.047502e6,6.294028e6,6.51311e6,6.13318e6,6.389095e6,6.421682e6,5.98155e6,6.320095e6,6.207385e6,5.971569e6,6.172021e6,5.971325e6,6.240838e6,6.061979e6,5.993268e6,5.996434e6,6.114191e6,6.136998e6,6.250834e6,2.6376185e7,5.605508e6,5.485483e6,5.438362e6,5.551231e6,5.578769e6,5.474187e6,5.653625e6,5.431272e6,5.454639e6,5.443154e6,5.424577e6,5.43976e6,5.464544e6,5.424712e6,5.446599e6,5.490373e6,5.576264e6,5.475595e6,5.466385e6,5.4628e6,5.47532e6,5.453094e6,5.500254e6,5.442881e6,5.462472e6,5.426945e6,5.646444e6,5.424038e6,5.404721e6,5.517766e6,5.385971e6,5.412169e6,5.38809e6,5.560198e6,5.430239e6,5.422883e6,5.685423e6,5.970934e6,5.967659e6,5.99057e6,5.954727e6,6.015785e6,5.964043e6,5.991155e6,6.067689e6,6.058844e6,6.017947e6,6.073178e6,5.984685e6,5.974923e6,5.982853e6,5.955238e6,6.152489e6,5.969215e6,6.014495e6,6.03089e6,5.977319e6,5.9606e6,5.964576e6,5.980444e6,6.068681e6,6.006803e6,6.005857e6,5.995899e6,6.000527e6,6.165231e6,6.162522e6,