{"lengs":[10.0,21.544346900318832,46.4158883361278,100.0,215.44346900318845,464.15888336127773,1000.0],"benchmarks":[["Trial",{"allocs":3382,"gctimes":[0.0,0.0,0.0,0.0,0.0,0.0,0.0,0.0,0.0,0.0,0.0,0.0,0.0,0.0,0.0,0.0,0.0,0.0,0.0,0.0,0.0,0.0,0.0,0.0,0.0,0.0,0.0],"memory":3971664,"params":["Parameters",{"gctrial":true,"time_tolerance":0.05,"samples":10000,"evals":1,"gcsample":false,"seconds":5.0,"overhead":0.0,"memory_tolerance":0.01}],"times":[1.54084353e8,1.51879763e8,1.56281028e8,1.54825445e8,1.5238197e8,1.54943012e8,1.521845e8,1.51704328e8,1.53602733e8,1.51844671e8,1.56457332e8,1.6288398e8,2.32174468e8,2.30221566e8,2.31370393e8,2.28507208e8,2.23564884e8,2.22042917e8,2.20228032e8,2.05043885e8,2.08983169e8,2.05715015e8,2.05183851e8,2.09038168e8,2.05990964e8,2.08314548e8,2.07146272e8]}],["Trial",{"allocs":4144,"gctimes":[0.0,0.0,0.0,0.0,0.0,0.0,0.0,0.0,0.0,0.0,0.0,0.0,0.0,0.0,0.0,0.0,0.0,0.0,0.0,0.0,0.0,0.0,0.0,0.0,0.0,0.0],"memory":4138704,"params":["Parameters",{"gctrial":true,"time_tolerance":0.05,"samples":10000,"evals":1,"gcsample":false,"seconds":5.0,"overhead":0.0,"memory_tolerance":0.01}],"times":[2.37336632e8,2.34810694e8,2.15325381e8,2.08150411e8,2.11853576e8,2.10289317e8,2.0763833e8,2.06127197e8,2.11673075e8,2.11030217e8,2.06832763e8,2.0931069e8,2.07621757e8,2.0576138e8,2.10224168e8,1.93239849e8,1.86590968e8,1.79113827e8,1.73886413e8,1.74022998e8,1.77368852e8,1.7236685e8,1.72778663e8,1.78601132e8,1.73308875e8,1.77084193e8]}],["Trial",{"allocs":5759,"gctimes":[0.0,0.0,0.0,0.0,0.0,0.0,0.0,0.0,0.0,0.0,0.0,0.0,0.0,0.0,0.0,0.0,0.0,0.0,0.0,0.0,0.0,0.0],"memory":4441584,"params":["Parameters",{"gctrial":true,"time_tolerance":0.05,"samples":10000,"evals":1,"gcsample":false,"seconds":5.0,"overhead":0.0,"memory_tolerance":0.01}],"times":[2.19187716e8,2.19418508e8,2.23868759e8,2.16828564e8,2.1663081e8,2.21236629e8,2.22096923e8,2.19596777e8,2.23275373e8,2.2017427e8,2.21283577e8,2.21879798e8,2.17266139e8,2.14472277e8,2.16135494e8,2.1862507e8,2.2037792e8,2.18953141e8,2.20236762e8,2.90251237e8,3.02715742e8,2.97850046e8]}],["Trial",{"allocs":6649,"gctimes":[0.0,0.0,0.0,0.0,0.0,0.0,0.0,0.0,0.0,0.0,0.0,0.0,0.0,0.0,0.0,0.0,0.0,0.0],"memory":4626640,"params":["Parameters",{"gctrial":true,"time_tolerance":0.05,"samples":10000,"evals":1,"gcsample":false,"seconds":5.0,"overhead":0.0,"memory_tolerance":0.01}],"times":[2.28180228e8,2.7948616e8,3.25271205e8,3.21221954e8,3.14951207e8,3.16429978e8,3.19707882e8,3.21113549e8,3.23522686e8,3.02685968e8,2.98348561e8,2.97741921e8,2.67761847e8,2.63762217e8,2.64642617e8,2.38703188e8,2.43424219e8,2.23230369e8]}],["Trial",{"allocs":7279,"gctimes":[0.0,0.0,0.0,0.0,0.0,0.0,0.0,0.0,0.0,0.0,0.0,0.0,0.0,0.0,0.0,0.0,0.0,0.0,0.0,0.0],"memory":4772528,"params":["Parameters",{"gctrial":true,"time_tolerance":0.05,"samples":10000,"evals":1,"gcsample":false,"seconds":5.0,"overhead":0.0,"memory_tolerance":0.01}],"times":[3.19372002e8,2.62030937e8,2.50874532e8,2.55161182e8,2.47962995e8,2.47793336e8,2.53030486e8,2.47776482e8,2.57637346e8,2.52519133e8,2.5322742e8,2.56601279e8,2.39260523e8,2.34678219e8,2.37072604e8,2.40694414e8,2.47757389e8,2.45453207e8,2.48843937e8,2.45961436e8]}],["Trial",{"allocs":7557,"gctimes":[0.0,0.0,0.0,0.0,0.0,0.0,0.0,0.0,0.0,0.0,0.0,0.0,0.0,0.0,0.0,0.0,0.0,0.0,0.0,0.0,0.0],"memory":4848144,"params":["Parameters",{"gctrial":true,"time_tolerance":0.05,"samples":10000,"evals":1,"gcsample":false,"seconds":5.0,"overhead":0.0,"memory_tolerance":0.01}],"times":[2.47712963e8,2.38455866e8,2.43297721e8,2.44452281e8,2.3957963e8,2.39343697e8,2.41860631e8,2.46377201e8,2.50338761e8,2.45178061e8,2.44107003e8,2.51982954e8,2.45702583e8,2.42057967e8,2.43710496e8,2.48037733e8,2.56401412e8,2.49530957e8,2.53349221e8,2.49724746e8,2.55409901e8]}],["Trial",{"allocs":7641,"gctimes":[0.0,0.0,0.0,0.0,0.0,0.0,0.0,0.0,0.0,0.0,0.0,0.0,0.0,0.0,0.0,0.0,0.0],"memory":4878864,"params":["Parameters",{"gctrial":true,"time_tolerance":0.05,"samples":10000,"evals":1,"gcsample":false,"seconds":5.0,"overhead":0.0,"memory_tolerance":0.01}],"times":[3.536982e8,3.48904422e8,3.51815826e8,3.47731467e8,3.43279651e8,3.21894876e8,3.17317574e8,2.93101153e8,2.80677132e8,2.55715522e8,2.58377485e8,2.53178799e8,2.51119723e8,2.61162993e8,2.56962722e8,2.56612214e8,2.54171482e8]}]],"medians":[205.183851,206.47998,220.205516,298.045241,248.403466,245.702583,280.677132]}