{"lengs":[10.0,21.544346900318832,46.4158883361278,100.0,215.44346900318845,464.15888336127773,1000.0],"benchmarks":[["Trial",{"allocs":10120,"gctimes":[0.0,0.0,0.0,0.0,0.0],"memory":528592,"params":["Parameters",{"gctrial":true,"time_tolerance":0.05,"samples":10000,"evals":1,"gcsample":false,"seconds":5.0,"overhead":0.0,"memory_tolerance":0.01}],"times":[1.234290063e9,1.158540222e9,1.241149124e9,1.133413644e9,1.142295082e9]}],["Trial",{"allocs":10336,"gctimes":[0.0,0.0,0.0,0.0],"memory":535152,"params":["Parameters",{"gctrial":true,"time_tolerance":0.05,"samples":10000,"evals":1,"gcsample":false,"seconds":5.0,"overhead":0.0,"memory_tolerance":0.01}],"times":[1.424949597e9,1.458737706e9,1.440160096e9,1.443137384e9]}],["Trial",{"allocs":28646,"gctimes":[0.0,0.0],"memory":1369568,"params":["Parameters",{"gctrial":true,"time_tolerance":0.05,"samples":10000,"evals":1,"gcsample":false,"seconds":5.0,"overhead":0.0,"memory_tolerance":0.01}],"times":[2.928611672e9,2.873570648e9]}],["Trial",{"allocs":33800,"gctimes":[0.0,0.0],"memory":1605984,"params":["Parameters",{"gctrial":true,"time_tolerance":0.05,"samples":10000,"evals":1,"gcsample":false,"seconds":5.0,"overhead":0.0,"memory_tolerance":0.01}],"times":[3.80204003e9,3.478550812e9]}],["Trial",{"allocs":39188,"gctimes":[0.0,0.0],"memory":1849824,"params":["Parameters",{"gctrial":true,"time_tolerance":0.05,"samples":10000,"evals":1,"gcsample":false,"seconds":5.0,"overhead":0.0,"memory_tolerance":0.01}],"times":[4.282974012e9,4.017606122e9]}],["Trial",{"allocs":57418,"gctimes":[0.0],"memory":2683872,"params":["Parameters",{"gctrial":true,"time_tolerance":0.05,"samples":10000,"evals":1,"gcsample":false,"seconds":5.0,"overhead":0.0,"memory_tolerance":0.01}],"times":[5.609743952e9]}],["Trial",{"allocs":65766,"gctimes":[0.0],"memory":3057136,"params":["Parameters",{"gctrial":true,"time_tolerance":0.05,"samples":10000,"evals":1,"gcsample":false,"seconds":5.0,"overhead":0.0,"memory_tolerance":0.01}],"times":[6.720391417e9]}]],"medians":[1158.540222,1441.64874,2901.09116,3640.295421,4150.290067,5609.743952,6720.391417]}