{"lengs":[10.0,21.544346900318832,46.4158883361278,100.0,215.44346900318845,464.15888336127773,1000.0],"benchmarks":[["Trial",{"allocs":1461,"gctimes":[0.0,0.0,0.0,0.0,0.0,0.0,0.0,0.0,0.0,0.0,0.0,0.0,0.0,0.0,0.0,0.0,0.0,0.0,0.0,0.0,0.0,0.0,0.0,0.0,0.0,0.0,0.0,0.0,0.0,0.0,0.0,0.0,0.0,0.0,0.0,0.0,0.0,0.0,0.0],"memory":2507672,"params":["Parameters",{"gctrial":true,"time_tolerance":0.05,"samples":10000,"evals":1,"gcsample":false,"seconds":5.0,"overhead":0.0,"memory_tolerance":0.01}],"times":[1.31045401e8,1.29561617e8,1.29214266e8,1.29050448e8,1.29895347e8,1.30370573e8,1.29893557e8,1.29490281e8,1.29427248e8,1.2946253e8,1.29335748e8,1.29588988e8,1.29319519e8,1.31776359e8,1.2950907e8,1.29310591e8,1.29371079e8,1.29223914e8,1.29321534e8,1.29548426e8,1.29214417e8,1.32212321e8,1.29458826e8,1.29173109e8,1.29286839e8,1.29182266e8,1.2949956e8,1.29229919e8,1.29592043e8,1.3175502e8,1.29435471e8,1.29155597e8,1.29444948e8,1.29243379e8,1.29341659e8,1.29300461e8,1.29132855e8,1.30286951e8,1.29751855e8]}],["Trial",{"allocs":1953,"gctimes":[0.0,0.0,0.0,0.0,0.0,0.0,0.0,0.0,0.0,0.0,0.0,0.0,0.0,0.0,0.0,0.0,0.0,0.0,0.0,0.0,0.0,0.0,0.0,0.0,0.0,0.0,0.0,0.0,0.0,0.0],"memory":2523560,"params":["Parameters",{"gctrial":true,"time_tolerance":0.05,"samples":10000,"evals":1,"gcsample":false,"seconds":5.0,"overhead":0.0,"memory_tolerance":0.01}],"times":[1.72469808e8,1.70943708e8,1.71001341e8,1.71610307e8,1.71398723e8,1.71085888e8,1.70899129e8,1.70906904e8,1.70893481e8,1.70868976e8,1.66339499e8,1.63063996e8,1.62788965e8,1.62561095e8,1.62590976e8,1.62782788e8,1.68839932e8,1.70754722e8,1.70808264e8,1.70850456e8,1.67403467e8,1.62672328e8,1.65513363e8,1.63217603e8,1.62848588e8,1.64873026e8,1.62826258e8,1.62790915e8,1.63647234e8,1.64404225e8]}],["Trial",{"allocs":2449,"gctimes":[0.0,0.0,0.0,0.0,0.0,0.0,0.0,0.0,0.0,0.0,0.0,0.0,0.0,0.0,0.0,0.0,0.0,0.0,0.0,0.0,0.0,0.0,0.0,0.0,0.0,0.0,0.0,0.0],"memory":2537736,"params":["Parameters",{"gctrial":true,"time_tolerance":0.05,"samples":10000,"evals":1,"gcsample":false,"seconds":5.0,"overhead":0.0,"memory_tolerance":0.01}],"times":[1.71014442e8,1.74402924e8,1.69140429e8,1.69296941e8,1.69251844e8,1.68993452e8,1.69489559e8,1.73286787e8,1.77686895e8,1.69176148e8,1.6929435e8,1.69050858e8,1.69358839e8,1.72026097e8,1.6983925e8,1.68757773e8,1.90176012e8,2.13940562e8,2.14101703e8,1.94789404e8,1.86934249e8,1.86569927e8,1.87009801e8,1.87450733e8,1.8734927e8,1.83449391e8,1.83349692e8,1.82998446e8]}],["Trial",{"allocs":2713,"gctimes":[0.0,0.0,0.0,0.0,0.0,0.0,0.0,0.0,0.0,0.0,0.0,0.0,0.0,0.0,0.0,0.0,0.0,0.0,0.0,0.0,0.0,0.0,0.0],"memory":2546264,"params":["Parameters",{"gctrial":true,"time_tolerance":0.05,"samples":10000,"evals":1,"gcsample":false,"seconds":5.0,"overhead":0.0,"memory_tolerance":0.01}],"times":[2.32001989e8,2.3028428e8,2.34346367e8,2.3078507e8,2.30457874e8,2.30153047e8,2.33978565e8,2.30729534e8,2.30553641e8,2.30878382e8,2.30999725e8,2.28857008e8,2.26151957e8,2.26101042e8,2.26405211e8,2.27469616e8,2.26468618e8,2.26305012e8,2.21771135e8,2.18997837e8,2.16812625e8,2.08895089e8,2.08850801e8]}],["Trial",{"allocs":2845,"gctimes":[0.0,0.0,0.0,0.0,0.0,0.0,0.0,0.0,0.0,0.0,0.0,0.0,0.0,0.0,0.0,0.0,0.0,0.0,0.0,0.0,0.0,0.0,0.0],"memory":2549800,"params":["Parameters",{"gctrial":true,"time_tolerance":0.05,"samples":10000,"evals":1,"gcsample":false,"seconds":5.0,"overhead":0.0,"memory_tolerance":0.01}],"times":[2.18657114e8,2.16936562e8,2.16888222e8,2.18583511e8,2.16942591e8,2.17119721e8,2.16887509e8,2.17659299e8,2.17955268e8,2.16707399e8,2.16946776e8,2.16776533e8,2.26977106e8,2.48144859e8,2.47939501e8,2.47466445e8,2.47765065e8,2.30535226e8,2.27505855e8,2.28053546e8,2.27980101e8,2.27264203e8,2.23567255e8]}],["Trial",{"allocs":2917,"gctimes":[0.0,0.0,0.0,0.0,0.0,0.0,0.0,0.0,0.0,0.0,0.0,0.0,0.0,0.0,0.0,0.0,0.0,0.0,0.0,0.0],"memory":2552696,"params":["Parameters",{"gctrial":true,"time_tolerance":0.05,"samples":10000,"evals":1,"gcsample":false,"seconds":5.0,"overhead":0.0,"memory_tolerance":0.01}],"times":[2.6181337e8,2.56819492e8,2.56810649e8,2.56856896e8,2.61259191e8,2.57298701e8,2.56833325e8,2.57172543e8,2.57292019e8,2.52167128e8,2.52265064e8,2.52019707e8,2.53622072e8,2.52521424e8,2.52196379e8,2.52367594e8,2.53971159e8,2.52049129e8,2.39677468e8,2.32757722e8]}],["Trial",{"allocs":2989,"gctimes":[0.0,0.0,0.0,0.0,0.0,0.0,0.0,0.0,0.0,0.0,0.0,0.0,0.0,0.0,0.0,0.0,0.0,0.0,0.0,0.0,0.0,0.0],"memory":2554472,"params":["Parameters",{"gctrial":true,"time_tolerance":0.05,"samples":10000,"evals":1,"gcsample":false,"seconds":5.0,"overhead":0.0,"memory_tolerance":0.01}],"times":[2.54414647e8,2.4173458e8,2.33520309e8,2.3409392e8,2.33679329e8,2.36991125e8,2.33854481e8,2.34065743e8,2.33406424e8,2.33237063e8,2.36521427e8,2.33897933e8,2.33393377e8,2.33583133e8,2.36615976e8,2.33662093e8,2.33615597e8,2.33219966e8,2.33586125e8,2.44993039e8,2.44966017e8,2.76915029e8]}]],"medians":[129.435471,166.871483,173.8448555,228.857008,218.657114,253.7966155,233.876207]}