{"lengs":[10.0,21.544346900318832,46.4158883361278,100.0,215.44346900318845,464.15888336127773,1000.0],"benchmarks":[["Trial",{"allocs":7703,"gctimes":[0.0,0.0,0.0,0.0,0.0,0.0],"memory":80518064,"params":["Parameters",{"gctrial":true,"time_tolerance":0.05,"samples":10000,"evals":1,"gcsample":false,"seconds":5.0,"overhead":0.0,"memory_tolerance":0.01}],"times":[9.69202022e8,9.51974241e8,9.5111574e8,9.5217136e8,9.49022178e8,9.26498191e8]}],["Trial",{"allocs":8155,"gctimes":[0.0,0.0,0.0,0.0,0.0],"memory":84611024,"params":["Parameters",{"gctrial":true,"time_tolerance":0.05,"samples":10000,"evals":1,"gcsample":false,"seconds":5.0,"overhead":0.0,"memory_tolerance":0.01}],"times":[1.090039882e9,1.046595978e9,1.040947064e9,1.042217054e9,1.058034377e9]}],["Trial",{"allocs":8683,"gctimes":[0.0,0.0,0.0,0.0],"memory":89694176,"params":["Parameters",{"gctrial":true,"time_tolerance":0.05,"samples":10000,"evals":1,"gcsample":false,"seconds":5.0,"overhead":0.0,"memory_tolerance":0.01}],"times":[1.242295574e9,1.276640608e9,1.269646521e9,1.247928673e9]}],["Trial",{"allocs":9068,"gctimes":[0.0,0.0,0.0,0.0],"memory":93423440,"params":["Parameters",{"gctrial":true,"time_tolerance":0.05,"samples":10000,"evals":1,"gcsample":false,"seconds":5.0,"overhead":0.0,"memory_tolerance":0.01}],"times":[1.511504111e9,1.482049872e9,1.472091603e9,1.528479999e9]}],["Trial",{"allocs":9141,"gctimes":[0.0,0.0,0.0],"memory":93681168,"params":["Parameters",{"gctrial":true,"time_tolerance":0.05,"samples":10000,"evals":1,"gcsample":false,"seconds":5.0,"overhead":0.0,"memory_tolerance":0.01}],"times":[1.942507573e9,1.953077121e9,1.988507906e9]}],["Trial",{"allocs":10035,"gctimes":[0.0,0.0],"memory":102369984,"params":["Parameters",{"gctrial":true,"time_tolerance":0.05,"samples":10000,"evals":1,"gcsample":false,"seconds":5.0,"overhead":0.0,"memory_tolerance":0.01}],"times":[3.513293145e9,3.483593795e9]}],["Trial",{"allocs":11710,"gctimes":[0.0,0.0],"memory":119608160,"params":["Parameters",{"gctrial":true,"time_tolerance":0.05,"samples":10000,"evals":1,"gcsample":false,"seconds":5.0,"overhead":0.0,"memory_tolerance":0.01}],"times":[4.00586078e9,4.044523593e9]}]],"medians":[951.5449905,1046.595978,1258.787597,1496.7769915,1953.077121,3498.44347,4025.1921865]}