{"lengs":[1.9998618696327441],"benchmarks":[["Trial",{"allocs":9338,"gctimes":[0.0,0.0,0.0,0.0,0.0,0.0,0.0,0.0,0.0,0.0,0.0,0.0,0.0,0.0,0.0,0.0,0.0,0.0,0.0,0.0,0.0,0.0,0.0,0.0,0.0,0.0,0.0,0.0,0.0,0.0,0.0,0.0,0.0,0.0,0.0,0.0,0.0,0.0,0.0,0.0,0.0,0.0,0.0,0.0,0.0,0.0,0.0,0.0,1.8658437e7,0.0,0.0,0.0,0.0,0.0,0.0,0.0,0.0,0.0,0.0,0.0,0.0,0.0,0.0,0.0,0.0,0.0,0.0,0.0,0.0,0.0,0.0,0.0,0.0,0.0,0.0,0.0,0.0,0.0,0.0,0.0,0.0,0.0,0.0,0.0,0.0,0.0,0.0,0.0,0.0,0.0,0.0,0.0,0.0,0.0,0.0,0.0,1.8674672e7,0.0,0.0,0.0,0.0,0.0,0.0,0.0,0.0,0.0,0.0,0.0,0.0,0.0,0.0,0.0,0.0,0.0,0.0,0.0,0.0,0.0,0.0,0.0,0.0,0.0,0.0,0.0,0.0,0.0,0.0,0.0,0.0,0.0,0.0,0.0,0.0,0.0,0.0,0.0,0.0,0.0,0.0,0.0,0.0,0.0,0.0,0.0,1.8759578e7,0.0,0.0,0.0,0.0,0.0,0.0,0.0,0.0,0.0,0.0,0.0,0.0,0.0,0.0,0.0,0.0,0.0,0.0,0.0,0.0,0.0,0.0,0.0,0.0,0.0,0.0,0.0,0.0,0.0,0.0,0.0,0.0,0.0,0.0,0.0,0.0,0.0,0.0,0.0,0.0,0.0,0.0,0.0,0.0,0.0,0.0,0.0,1.859237e7,0.0,0.0,0.0,0.0,0.0,0.0,0.0,0.0,0.0,0.0,0.0,0.0,0.0,0.0,0.0,0.0,0.0,0.0,0.0,0.0,0.0,0.0,0.0,0.0,0.0,0.0,0.0,0.0,0.0,0.0,0.0,0.0,0.0,0.0,0.0,0.0,0.0,0.0,0.0,0.0,0.0,0.0,0.0,0.0,0.0,0.0,0.0,1.8538179e7,0.0,0.0,0.0,0.0,0.0,0.0,0.0,0.0,0.0,0.0,0.0,0.0,0.0,0.0,0.0,0.0,0.0,0.0,0.0,0.0,0.0,0.0,0.0,0.0,0.0,0.0,0.0,0.0,0.0,0.0,0.0,0.0,0.0,0.0,0.0],"memory":4359008,"params":["Parameters",{"gctrial":true,"time_tolerance":0.05,"samples":10000,"evals":1,"gcsample":false,"seconds":5.0,"overhead":0.0,"memory_tolerance":0.01}],"times":[2.0386805e7,1.9004018e7,1.889221e7,1.871584e7,1.8711858e7,1.8754376e7,1.8916801e7,1.8748099e7,1.8674655e7,1.8747065e7,1.9674318e7,2.1775339e7,1.9751875e7,1.9171222e7,1.871504e7,1.8909171e7,1.8707907e7,1.8731088e7,1.8676067e7,1.8692556e7,1.8691389e7,1.8708567e7,1.8614834e7,1.8648202e7,1.8672557e7,1.8668692e7,1.8685068e7,1.8659609e7,1.8643426e7,1.8826645e7,1.8627646e7,1.8732378e7,1.8696912e7,1.9159177e7,1.8703945e7,1.8684417e7,1.89743e7,1.8666722e7,1.8703752e7,1.8897517e7,1.8864187e7,1.8660869e7,1.8826842e7,1.8842301e7,1.8664584e7,1.8644489e7,1.860521e7,1.8594636e7,3.7034981e7,1.7354858e7,1.7286471e7,1.7360878e7,1.7615543e7,1.7347756e7,1.7362387e7,1.7543351e7,1.7265892e7,1.7344564e7,1.7272176e7,1.7475197e7,1.8670207e7,1.8719113e7,1.8667898e7,1.8888082e7,1.8712814e7,1.9625337e7,2.1676431e7,1.9564843e7,1.8859517e7,1.8827464e7,1.8607296e7,1.8649603e7,1.8633844e7,1.866609e7,1.8641092e7,1.8655624e7,1.866224e7,1.8663211e7,1.8654857e7,1.8724198e7,1.8664076e7,1.867618e7,1.8677226e7,1.8705191e7,1.8607874e7,1.8681098e7,1.8703869e7,1.8663192e7,1.8659678e7,1.8708608e7,1.8646087e7,1.8710371e7,1.8613119e7,1.8629818e7,1.8608112e7,1.8617234e7,3.7071905e7,1.7340681e7,1.7320952e7,1.7349332e7,1.7341939e7,1.737709e7,1.7382806e7,1.7329959e7,1.7319704e7,1.7341285e7,1.7325849e7,1.7396266e7,1.8662934e7,1.8683418e7,1.8704772e7,1.8702202e7,1.8727063e7,1.8699491e7,1.8696353e7,1.8631766e7,1.8690422e7,1.8631067e7,1.8629386e7,1.8642716e7,1.8913825e7,2.1866887e7,2.0152888e7,1.9204215e7,1.9153966e7,1.888368e7,1.8684772e7,1.870514e7,1.8678975e7,1.8651139e7,1.8660083e7,1.8685763e7,1.8649438e7,1.8651976e7,1.875766e7,1.8675052e7,1.8675537e7,1.8676565e7,1.8691684e7,1.8651737e7,1.8640617e7,1.8617338e7,1.8811898e7,1.8610832e7,3.7350689e7,1.7387907e7,1.7334331e7,1.7350586e7,1.7360264e7,1.7380011e7,1.7362475e7,1.7305663e7,1.731684e7,1.72825e7,1.7338523e7,1.7325372e7,1.8429341e7,1.8714589e7,1.8684752e7,1.8692679e7,1.8736022e7,1.8717719e7,1.8682732e7,1.8645025e7,1.8677878e7,1.8619096e7,1.8635773e7,1.863684e7,1.8683849e7,1.8668522e7,1.8657147e7,1.8639863e7,1.8677655e7,1.8647936e7,1.8671538e7,1.8679258e7,2.0508463e7,1.8458771e7,1.7328042e7,1.673783e7,1.6544443e7,1.6550105e7,1.6618142e7,1.6589021e7,1.6584335e7,1.6553014e7,1.6654594e7,1.687587e7,1.655265e7,1.6716186e7,1.6578968e7,1.6517544e7,3.5225522e7,1.5604938e7,1.5322807e7,1.5368151e7,1.533687e7,1.5374152e7,1.5354513e7,1.5501337e7,1.5294004e7,1.5524571e7,1.5324329e7,1.5351314e7,1.6248629e7,1.6593914e7,1.660458e7,1.6606998e7,1.6653321e7,1.6604961e7,1.6635168e7,1.6546502e7,1.6551824e7,1.6630086e7,1.65878e7,1.6551122e7,1.6584973e7,1.6579093e7,1.6554074e7,1.6715448e7,1.6598609e7,1.6541281e7,1.6601426e7,1.6580082e7,1.6555581e7,1.6540995e7,1.6571768e7,1.6580569e7,1.6531889e7,1.6564056e7,1.6597088e7,1.6545878e7,1.6601419e7,1.6594639e7,1.6761885e7,1.654321e7,1.6534453e7,1.6507636e7,1.913311e7,1.7491489e7,3.6153591e7,1.5341383e7,1.5365469e7,1.5362046e7,1.5373588e7,1.5346228e7,1.5391217e7,1.5344183e7,1.5336674e7,1.5339866e7,1.5324366e7,1.5338481e7,1.584364e7,1.6631167e7,1.6603996e7,1.6600549e7,1.6630423e7,1.6582192e7,1.660482e7,1.6550501e7,1.6586179e7,1.6555646e7,1.6549058e7,1.6553153e7,1.6580925e7,1.6585725e7,1.6576505e7,1.6521558e7,1.6577009e7,1.6540295e7,1.657945e7,1.6620879e7,1.6596699e7,1.6581351e7,1.659911e7,1.6577966e7]}]],"medians":[18.616034]}