{"lengs":[149.9684835502374],"benchmarks":[["Trial",{"allocs":127890,"gctimes":[0.0,0.0,0.0,0.0,0.0,0.0,0.0,0.0,0.0,0.0,0.0,0.0],"memory":74564416,"params":["Parameters",{"gctrial":true,"time_tolerance":0.05,"samples":10000,"evals":1,"gcsample":false,"seconds":5.0,"overhead":0.0,"memory_tolerance":0.01}],"times":[4.64233784e8,4.58128968e8,4.55247436e8,4.55807751e8,4.51305737e8,4.51114333e8,4.53694753e8,4.50307523e8,4.5160263e8,4.49443344e8,4.52682299e8,4.5103042e8]}]],"medians":[452.1424645]}