{"lengs":[10.0,21.544346900318832,46.4158883361278,100.0,215.44346900318845,464.15888336127773,1000.0],"benchmarks":[["Trial",{"allocs":13775939,"gctimes":[0.0],"memory":890234760,"params":["Parameters",{"gctrial":true,"time_tolerance":0.05,"samples":10000,"evals":1,"gcsample":false,"seconds":5.0,"overhead":0.0,"memory_tolerance":0.01}],"times":[5.01643982598e11]}],["Trial",{"allocs":20366488,"gctimes":[1.45744626e8],"memory":1272093720,"params":["Parameters",{"gctrial":true,"time_tolerance":0.05,"samples":10000,"evals":1,"gcsample":false,"seconds":5.0,"overhead":0.0,"memory_tolerance":0.01}],"times":[7.50567476736e11]}],["Trial",{"allocs":25520000,"gctimes":[1.44376364e8],"memory":1570690200,"params":["Parameters",{"gctrial":true,"time_tolerance":0.05,"samples":10000,"evals":1,"gcsample":false,"seconds":5.0,"overhead":0.0,"memory_tolerance":0.01}],"times":[9.27378611097e11]}],["Trial",{"allocs":28641839,"gctimes":[1.42744686e8],"memory":1751570760,"params":["Parameters",{"gctrial":true,"time_tolerance":0.05,"samples":10000,"evals":1,"gcsample":false,"seconds":5.0,"overhead":0.0,"memory_tolerance":0.01}],"times":[1.061433584326e12]}],["Trial",{"allocs":31169042,"gctimes":[3.28739993e8],"memory":1897997880,"params":["Parameters",{"gctrial":true,"time_tolerance":0.05,"samples":10000,"evals":1,"gcsample":false,"seconds":5.0,"overhead":0.0,"memory_tolerance":0.01}],"times":[1.127395051469e12]}],["Trial",{"allocs":35034176,"gctimes":[3.02896847e8],"memory":2121945240,"params":["Parameters",{"gctrial":true,"time_tolerance":0.05,"samples":10000,"evals":1,"gcsample":false,"seconds":5.0,"overhead":0.0,"memory_tolerance":0.01}],"times":[1.275882352633e12]}],["Trial",{"allocs":36273001,"gctimes":[3.01818076e8],"memory":2193723240,"params":["Parameters",{"gctrial":true,"time_tolerance":0.05,"samples":10000,"evals":1,"gcsample":false,"seconds":5.0,"overhead":0.0,"memory_tolerance":0.01}],"times":[1.324564875789e12]}]],"medians":[501643.982598,750567.476736,927378.611097,1.061433584326e6,1.127395051469e6,1.275882352633e6,1.324564875789e6]}