{"lengs":[10.0],"benchmarks":[["Trial",{"allocs":2866357,"gctimes":[0.0,2.0096353e7,1.9999951e7],"memory":221724648,"params":["Parameters",{"gctrial":true,"time_tolerance":0.05,"samples":10000,"evals":1,"gcsample":false,"seconds":5.0,"overhead":0.0,"memory_tolerance":0.01}],"times":[1.788254659e9,1.752012721e9,1.713591816e9]}]],"medians":[1752.012721]}