{"lengs":[10.0,21.544346900318832,46.4158883361278,100.0,215.44346900318845,464.15888336127773,1000.0],"benchmarks":[["Trial",{"allocs":32880,"gctimes":[0.0,0.0,0.0,0.0,0.0],"memory":19003680,"params":["Parameters",{"gctrial":true,"time_tolerance":0.05,"samples":10000,"evals":1,"gcsample":false,"seconds":5.0,"overhead":0.0,"memory_tolerance":0.01}],"times":[1.07441739e9,1.07129402e9,1.064514125e9,1.073707807e9,1.099406536e9]}],["Trial",{"allocs":53428,"gctimes":[0.0,0.0,0.0,0.0],"memory":22262176,"params":["Parameters",{"gctrial":true,"time_tolerance":0.05,"samples":10000,"evals":1,"gcsample":false,"seconds":5.0,"overhead":0.0,"memory_tolerance":0.01}],"times":[1.403986418e9,1.39917331e9,1.401737398e9,1.393960991e9]}],["Trial",{"allocs":180590,"gctimes":[0.0,0.0],"memory":42611360,"params":["Parameters",{"gctrial":true,"time_tolerance":0.05,"samples":10000,"evals":1,"gcsample":false,"seconds":5.0,"overhead":0.0,"memory_tolerance":0.01}],"times":[3.514541124e9,3.497460968e9]}],["Trial",{"allocs":218708,"gctimes":[0.0,0.0],"memory":54397056,"params":["Parameters",{"gctrial":true,"time_tolerance":0.05,"samples":10000,"evals":1,"gcsample":false,"seconds":5.0,"overhead":0.0,"memory_tolerance":0.01}],"times":[4.743972756e9,4.735881193e9]}],["Trial",{"allocs":271956,"gctimes":[0.0],"memory":83921376,"params":["Parameters",{"gctrial":true,"time_tolerance":0.05,"samples":10000,"evals":1,"gcsample":false,"seconds":5.0,"overhead":0.0,"memory_tolerance":0.01}],"times":[7.71183083e9]}],["Trial",{"allocs":450686,"gctimes":[0.0],"memory":143321280,"params":["Parameters",{"gctrial":true,"time_tolerance":0.05,"samples":10000,"evals":1,"gcsample":false,"seconds":5.0,"overhead":0.0,"memory_tolerance":0.01}],"times":[1.3820702513e10]}],["Trial",{"allocs":560938,"gctimes":[0.0],"memory":223995488,"params":["Parameters",{"gctrial":true,"time_tolerance":0.05,"samples":10000,"evals":1,"gcsample":false,"seconds":5.0,"overhead":0.0,"memory_tolerance":0.01}],"times":[2.2049657714e10]}]],"medians":[1073.707807,1400.455354,3506.001046,4739.9269745,7711.83083,13820.702513,22049.657714]}