{"lengs":[10.0,21.544346900318832,46.4158883361278,100.0,215.44346900318845,464.15888336127773,1000.0],"benchmarks":[["Trial",{"allocs":3325,"gctimes":[0.0,0.0,0.0,0.0,0.0,0.0,0.0,0.0,0.0],"memory":5336224,"params":["Parameters",{"gctrial":true,"time_tolerance":0.05,"samples":10000,"evals":1,"gcsample":false,"seconds":5.0,"overhead":0.0,"memory_tolerance":0.01}],"times":[6.1313817e8,6.04852374e8,6.0737445e8,6.03707032e8,6.06409948e8,6.07195526e8,5.99229609e8,6.20143327e8,6.33353288e8]}],["Trial",{"allocs":4249,"gctimes":[0.0,0.0,0.0,0.0,0.0,0.0,0.0],"memory":6003520,"params":["Parameters",{"gctrial":true,"time_tolerance":0.05,"samples":10000,"evals":1,"gcsample":false,"seconds":5.0,"overhead":0.0,"memory_tolerance":0.01}],"times":[8.56217626e8,8.1151147e8,8.42120418e8,8.02577084e8,8.04316961e8,8.05075475e8,7.99928289e8]}],["Trial",{"allocs":5770,"gctimes":[0.0,0.0,0.0,0.0,0.0],"memory":7117264,"params":["Parameters",{"gctrial":true,"time_tolerance":0.05,"samples":10000,"evals":1,"gcsample":false,"seconds":5.0,"overhead":0.0,"memory_tolerance":0.01}],"times":[1.130181817e9,1.130276938e9,1.140837367e9,1.116856833e9,1.12498978e9]}],["Trial",{"allocs":6342,"gctimes":[0.0,0.0,0.0,0.0,0.0],"memory":7530352,"params":["Parameters",{"gctrial":true,"time_tolerance":0.05,"samples":10000,"evals":1,"gcsample":false,"seconds":5.0,"overhead":0.0,"memory_tolerance":0.01}],"times":[1.217085708e9,1.185380418e9,1.181993316e9,1.213592143e9,1.193372422e9]}],["Trial",{"allocs":6606,"gctimes":[0.0,0.0,0.0,0.0],"memory":7721008,"params":["Parameters",{"gctrial":true,"time_tolerance":0.05,"samples":10000,"evals":1,"gcsample":false,"seconds":5.0,"overhead":0.0,"memory_tolerance":0.01}],"times":[1.273254641e9,1.252068703e9,1.300366247e9,1.277139735e9]}],["Trial",{"allocs":6760,"gctimes":[0.0,0.0,0.0,0.0],"memory":7832224,"params":["Parameters",{"gctrial":true,"time_tolerance":0.05,"samples":10000,"evals":1,"gcsample":false,"seconds":5.0,"overhead":0.0,"memory_tolerance":0.01}],"times":[1.30114619e9,1.293487917e9,1.329461224e9,1.264415768e9]}],["Trial",{"allocs":6804,"gctimes":[0.0,0.0,0.0,0.0],"memory":7864000,"params":["Parameters",{"gctrial":true,"time_tolerance":0.05,"samples":10000,"evals":1,"gcsample":false,"seconds":5.0,"overhead":0.0,"memory_tolerance":0.01}],"times":[1.344740117e9,1.372873969e9,1.377339955e9,1.341555624e9]}]],"medians":[607.195526,805.075475,1130.181817,1193.372422,1275.197188,1297.3170535,1358.807043]}