{"lengs":[1.9998618696327441],"benchmarks":[["Trial",{"allocs":55944,"gctimes":[0.0,0.0,0.0,0.0,0.0,0.0,0.0,1.8046547e7,0.0,0.0,0.0,0.0,0.0,0.0,2.0860324e7,0.0,0.0,0.0,0.0,0.0,0.0,0.0,2.3371978e7,0.0,0.0,0.0,0.0,0.0,0.0,0.0,0.0,2.154134e7,0.0,0.0,0.0,0.0,0.0,0.0,0.0,1.883311e7,0.0,0.0,0.0,0.0,0.0,0.0,0.0,1.8823133e7,0.0,0.0,0.0,0.0,0.0,0.0,0.0,1.9413505e7,0.0,0.0,0.0,0.0,0.0,0.0,0.0,0.0,1.9832916e7,0.0,0.0,0.0,0.0,0.0,0.0,0.0,1.8133376e7,0.0,0.0,0.0,0.0,0.0,0.0,0.0],"memory":28309216,"params":["Parameters",{"gctrial":true,"time_tolerance":0.05,"samples":10000,"evals":1,"gcsample":false,"seconds":5.0,"overhead":0.0,"memory_tolerance":0.01}],"times":[6.258418e7,6.175774e7,6.1279733e7,6.1227067e7,6.1471903e7,6.1211496e7,6.1167081e7,7.4598135e7,5.2372734e7,5.9657062e7,6.0765006e7,6.143638e7,6.3168697e7,6.1837424e7,8.1173827e7,5.2653936e7,6.0030916e7,6.5289383e7,6.4660334e7,6.4085455e7,6.2946103e7,6.1380676e7,8.4076879e7,5.3352429e7,5.5874532e7,6.0866671e7,6.1428182e7,7.0299882e7,6.2406357e7,6.4360908e7,6.4254025e7,8.0159441e7,5.5336487e7,6.4865474e7,6.4003426e7,6.4439973e7,6.4039015e7,6.4102354e7,6.3932784e7,7.8324971e7,5.2147773e7,5.8330028e7,6.0831332e7,6.1754608e7,6.1043773e7,6.3100238e7,6.0927299e7,7.7654046e7,5.2195998e7,5.8152129e7,6.0876011e7,6.1273001e7,6.0840409e7,6.0895714e7,6.0809959e7,8.0121931e7,5.2279079e7,5.6331237e7,6.0855737e7,6.1476501e7,6.0801169e7,6.1975419e7,6.2180866e7,6.1348781e7,7.3210201e7,5.4240983e7,6.1340658e7,6.0727463e7,6.1298877e7,6.079402e7,6.0949867e7,6.0718137e7,7.434025e7,5.2315549e7,6.0811307e7,6.0870484e7,6.1196783e7,6.0823569e7,6.2500712e7,6.2112067e7]}]],"medians":[61.3197675]}