{"lengs":[1.9998618696327441],"benchmarks":[["Trial",{"allocs":48,"gctimes":[0.0,0.0,0.0,0.0,0.0,0.0,0.0,0.0,0.0,0.0,0.0,0.0,0.0,0.0,0.0,0.0,0.0,0.0,0.0,0.0,0.0,0.0,0.0,0.0,0.0,0.0,0.0,0.0,0.0,0.0,0.0,0.0,0.0,0.0,0.0,0.0,0.0,0.0,0.0,0.0,0.0,0.0,0.0,0.0,0.0,0.0,0.0,0.0,0.0,0.0,0.0,0.0,0.0,0.0,0.0,0.0,0.0,0.0,0.0,0.0,0.0,0.0,0.0,0.0,0.0,0.0,0.0,0.0,0.0,0.0,0.0,0.0,0.0,0.0,0.0,0.0,0.0,0.0,0.0,0.0,0.0,0.0,0.0,0.0,0.0,0.0,0.0,0.0,0.0,0.0,0.0,0.0,0.0],"memory":50752,"params":["Parameters",{"gctrial":true,"time_tolerance":0.05,"samples":10000,"evals":1,"gcsample":false,"seconds":5.0,"overhead":0.0,"memory_tolerance":0.01}],"times":[4.8745697e7,4.7616454e7,4.6620088e7,4.6452845e7,4.6835248e7,4.6437971e7,4.6495131e7,4.7145422e7,4.6683885e7,4.7329515e7,4.6710295e7,4.7050593e7,4.6599671e7,4.7057409e7,4.6803814e7,4.687466e7,4.6599989e7,4.6523716e7,4.6612379e7,5.0643757e7,4.7314467e7,4.7376943e7,4.6513367e7,4.7542273e7,4.6779444e7,4.6545447e7,4.6555673e7,4.6504754e7,4.6702397e7,4.6534487e7,4.6821871e7,4.6628444e7,4.6669312e7,4.702042e7,4.6305022e7,4.6488467e7,4.644674e7,4.6793058e7,4.6319193e7,4.6592262e7,4.6827036e7,4.9976486e7,4.7232078e7,4.7106484e7,4.7008008e7,4.695588e7,4.6759017e7,4.6839612e7,4.6703196e7,5.1154697e7,6.6427667e7,6.6181334e7,6.6266113e7,6.6217247e7,6.6495376e7,6.6148932e7,6.6717255e7,6.6359497e7,6.6209627e7,6.6864407e7,6.3805384e7,6.3776213e7,6.3734948e7,6.4229349e7,6.3551359e7,6.4033178e7,6.4153785e7,6.381397e7,6.3554293e7,6.4006148e7,6.3763111e7,6.3876858e7,6.3828637e7,6.4200768e7,6.3761899e7,6.5164452e7,6.4358778e7,6.3792414e7,6.3815945e7,6.3751687e7,6.2599921e7,5.8127782e7,5.8032346e7,5.7529178e7,5.7386855e7,5.8228729e7,5.7373048e7,5.7467772e7,5.7453671e7,5.778761e7,5.7423589e7,5.7527441e7,5.7750052e7]}]],"medians":[48.745697]}