{"lengs":[10.0,21.544346900318832,46.4158883361278,100.0,215.44346900318845,464.15888336127773,1000.0],"benchmarks":[["Trial",{"allocs":2922,"gctimes":[0.0,0.0,0.0,0.0,0.0,0.0,0.0,0.0,0.0,0.0,0.0,0.0,0.0,0.0,0.0,0.0,0.0,0.0,0.0,0.0,0.0,0.0,0.0,0.0,0.0,0.0,0.0,0.0,0.0,0.0,0.0,0.0,0.0,0.0,0.0,0.0,0.0,0.0,0.0,0.0,0.0,0.0,0.0,0.0,0.0,0.0,0.0,0.0,0.0,0.0,0.0,0.0,0.0,0.0,0.0,0.0,0.0,0.0,0.0,0.0,0.0,0.0,0.0,0.0,0.0,0.0,0.0,0.0,0.0,0.0,0.0,0.0,0.0,0.0,0.0,0.0,0.0,0.0,0.0,0.0,0.0,0.0,0.0,0.0,0.0,0.0,0.0,0.0,0.0,0.0,0.0,0.0,0.0,0.0,0.0,0.0,0.0,0.0,0.0,0.0,0.0,0.0,0.0,0.0,0.0,0.0,0.0,0.0,0.0,0.0,0.0,0.0,0.0,0.0,0.0,0.0,0.0,0.0,0.0,0.0,0.0,0.0,0.0,0.0,0.0,0.0,0.0,0.0,0.0,0.0,0.0,0.0,0.0,0.0,0.0,0.0,0.0,0.0,0.0,0.0,0.0,0.0,0.0,0.0,0.0,0.0,0.0,0.0,0.0,0.0,0.0,0.0,0.0,0.0,0.0,0.0,0.0,0.0,0.0,0.0,0.0,0.0,0.0,0.0,0.0,0.0,0.0,0.0,0.0,0.0,0.0,0.0],"memory":165072,"params":["Parameters",{"gctrial":true,"time_tolerance":0.05,"samples":10000,"evals":1,"gcsample":false,"seconds":5.0,"overhead":0.0,"memory_tolerance":0.01}],"times":[3.1757379e7,3.1033878e7,3.1041678e7,3.324758e7,3.1040453e7,3.1014631e7,3.1049493e7,3.0998751e7,3.1083882e7,3.10358e7,3.099858e7,3.1009811e7,3.1002083e7,3.1033237e7,3.0990451e7,3.1043162e7,3.0993845e7,3.1001925e7,3.099372e7,3.098538e7,3.2088717e7,3.1519736e7,3.1584482e7,3.1060565e7,3.1070722e7,3.1083974e7,3.1061924e7,3.103215e7,3.0996699e7,3.110211e7,3.1000204e7,3.1083862e7,3.1019551e7,3.1021117e7,3.1016048e7,3.1111074e7,3.0557602e7,3.0480933e7,3.0488217e7,3.0546915e7,3.0545257e7,3.0489013e7,3.0563469e7,3.0550113e7,3.0511711e7,3.0578129e7,3.0473788e7,3.1110229e7,3.1020395e7,2.8405709e7,2.8379313e7,2.8179614e7,2.8116634e7,2.8183644e7,2.923869e7,2.956114e7,2.8559127e7,2.8521326e7,2.8169968e7,2.8106994e7,2.8176851e7,2.816341e7,2.8168967e7,2.8191624e7,2.8186711e7,2.8187148e7,2.8203227e7,2.8101882e7,2.8109499e7,2.8193734e7,2.8106329e7,2.8112846e7,2.8094324e7,2.8097068e7,2.8115672e7,2.8198764e7,2.8101033e7,2.8108232e7,2.8113377e7,2.8110804e7,2.8217433e7,2.8103151e7,2.8093617e7,2.8110011e7,2.8183253e7,2.8107813e7,2.8119106e7,2.810666e7,2.8120934e7,2.8102431e7,2.8173882e7,2.9356342e7,2.9329955e7,2.8672955e7,2.8508157e7,2.8293818e7,2.8091923e7,2.8114922e7,2.8138521e7,2.8246939e7,2.8276392e7,2.8247581e7,2.8392305e7,2.8403112e7,2.817576e7,2.8098303e7,2.8286344e7,2.8113265e7,2.8285085e7,2.8106701e7,2.8183593e7,2.8201464e7,2.8161488e7,2.8097969e7,2.8101882e7,2.819217e7,2.8093731e7,2.8104738e7,2.8102897e7,2.8104771e7,2.8207797e7,2.8106655e7,2.8184569e7,2.8079679e7,2.8148747e7,2.8401806e7,2.8105175e7,2.8105899e7,2.9904945e7,2.8497115e7,2.8638197e7,2.8107892e7,2.8190221e7,2.8129388e7,2.8184004e7,2.8147397e7,2.8158797e7,2.8369978e7,2.8175067e7,2.8269377e7,2.8143214e7,2.8210297e7,2.8148803e7,2.825328e7,2.8142766e7,2.8289973e7,2.8382038e7,2.8223096e7,2.8199265e7,2.8350438e7,2.822786e7,2.8283574e7,2.813236e7,2.8146401e7,2.8131737e7,2.8256421e7,2.8140879e7,2.8155973e7,2.8140777e7,2.817019e7,2.8303881e7,2.820514e7,2.8160955e7,2.8223587e7,2.8128019e7,3.1115713e7,2.8978522e7,2.8689743e7,2.8331081e7,2.8208284e7,2.8220932e7,2.8146412e7]}],["Trial",{"allocs":4446,"gctimes":[0.0,0.0,0.0,0.0,0.0,0.0,0.0,0.0,0.0,0.0,0.0,0.0,0.0,0.0,0.0,0.0,0.0,0.0,0.0,0.0,0.0,0.0,0.0,0.0,0.0,0.0,0.0,0.0,0.0,0.0,0.0,0.0,0.0,0.0,0.0,0.0,0.0,0.0,0.0,0.0,0.0,0.0,0.0,0.0,0.0,0.0,0.0,0.0,0.0,0.0,0.0,0.0,0.0,0.0,0.0,0.0,0.0,0.0,0.0,0.0,0.0,0.0,0.0,0.0,0.0,0.0,0.0,0.0,0.0,0.0,0.0,0.0,0.0,0.0,0.0,0.0,0.0,0.0,0.0,0.0,0.0,0.0,0.0,0.0,0.0,0.0,0.0,0.0,0.0,0.0],"memory":238224,"params":["Parameters",{"gctrial":true,"time_tolerance":0.05,"samples":10000,"evals":1,"gcsample":false,"seconds":5.0,"overhead":0.0,"memory_tolerance":0.01}],"times":[5.8783227e7,5.8003823e7,5.7997873e7,5.7877006e7,5.7879459e7,5.7865272e7,5.8880793e7,5.8159668e7,5.7604886e7,5.6479067e7,5.6285504e7,5.6514941e7,5.6228977e7,5.6525611e7,5.6565742e7,5.633699e7,5.6622044e7,5.6390812e7,5.7858983e7,5.7922024e7,5.7968812e7,5.7990862e7,5.8119349e7,5.7920101e7,5.8922154e7,5.8373691e7,5.7984493e7,5.7853844e7,5.7936243e7,5.7883728e7,5.7955636e7,5.7981802e7,5.7870025e7,5.7875645e7,5.796996e7,5.6277228e7,5.3378334e7,5.3349753e7,5.341057e7,5.3403807e7,5.3474018e7,5.3643878e7,5.4381079e7,5.7655186e7,5.663531e7,5.6427664e7,5.6419583e7,5.6471007e7,5.6412882e7,5.6480437e7,5.6399389e7,5.6306604e7,5.641958e7,5.6614674e7,5.6467339e7,5.6466908e7,5.6429757e7,5.6249694e7,5.6307305e7,5.6401553e7,5.640545e7,5.6819158e7,5.3742811e7,5.3478675e7,5.3439769e7,5.3417669e7,5.3456708e7,5.3412916e7,5.3439157e7,5.3468359e7,5.3486022e7,5.3535918e7,5.3528718e7,5.3449519e7,5.3426382e7,5.3504318e7,5.3493855e7,5.3363287e7,5.3430958e7,5.3385304e7,5.4904949e7,5.4878665e7,5.339071e7,5.3474842e7,5.3630973e7,5.3436794e7,5.3386175e7,5.3496057e7,5.3632279e7,5.3588541e7]}],["Trial",{"allocs":7444,"gctimes":[0.0,0.0,0.0,0.0,0.0,0.0,0.0,0.0,0.0,0.0,0.0,0.0,0.0,0.0,0.0,0.0,0.0,0.0,0.0,0.0,0.0,0.0,0.0,0.0,0.0,0.0,0.0,0.0,0.0,0.0,0.0,0.0,0.0,0.0,0.0,0.0,0.0,0.0,0.0,0.0,0.0,0.0,0.0,0.0],"memory":382128,"params":["Parameters",{"gctrial":true,"time_tolerance":0.05,"samples":10000,"evals":1,"gcsample":false,"seconds":5.0,"overhead":0.0,"memory_tolerance":0.01}],"times":[1.28971381e8,1.23611364e8,1.16391238e8,1.16272932e8,1.16784871e8,1.16585314e8,1.16506437e8,1.17073356e8,1.17355402e8,1.16452722e8,1.16321338e8,1.1648556e8,1.16474389e8,1.16634829e8,1.16564347e8,1.16669849e8,1.17306363e8,1.16412055e8,1.16472388e8,1.16417326e8,1.1651816e8,1.16577665e8,1.16482723e8,1.16422319e8,1.16642544e8,1.16188252e8,1.11636256e8,1.10665819e8,1.10720674e8,1.10844697e8,1.10906023e8,1.11376202e8,1.09868558e8,1.09055399e8,1.09042283e8,1.10057451e8,1.08945962e8,1.08936163e8,1.09177053e8,1.09092293e8,1.09036358e8,1.09173248e8,1.09062208e8,1.09015995e8]}],["Trial",{"allocs":11156,"gctimes":[0.0,0.0,0.0,0.0,0.0,0.0,0.0,0.0,0.0,0.0,0.0,0.0,0.0,0.0,0.0,0.0,0.0,0.0,0.0,0.0,0.0,0.0,0.0,0.0,0.0,0.0,0.0,0.0,0.0,0.0,0.0,0.0],"memory":560304,"params":["Parameters",{"gctrial":true,"time_tolerance":0.05,"samples":10000,"evals":1,"gcsample":false,"seconds":5.0,"overhead":0.0,"memory_tolerance":0.01}],"times":[1.58148985e8,1.60090274e8,1.57041083e8,1.57416009e8,1.57165602e8,1.57172688e8,1.57537513e8,1.58612766e8,1.58472103e8,1.57224212e8,1.57200941e8,1.57098043e8,1.57157734e8,1.57307512e8,1.60359564e8,1.57231361e8,1.57423481e8,1.57243566e8,1.57107377e8,1.57503573e8,1.57339418e8,1.60467991e8,1.5744003e8,1.57189849e8,1.57305852e8,1.57260808e8,1.57388419e8,1.61416115e8,1.63392826e8,1.57107875e8,1.57185016e8,1.57187531e8]}],["Trial",{"allocs":14820,"gctimes":[0.0,0.0,0.0,0.0,0.0,0.0,0.0,0.0,0.0,0.0,0.0,0.0,0.0,0.0,0.0,0.0,0.0,0.0,0.0,0.0,0.0,0.0,0.0,0.0],"memory":736176,"params":["Parameters",{"gctrial":true,"time_tolerance":0.05,"samples":10000,"evals":1,"gcsample":false,"seconds":5.0,"overhead":0.0,"memory_tolerance":0.01}],"times":[2.11038171e8,2.12449436e8,2.09782115e8,2.08875646e8,2.09321749e8,2.09331693e8,2.11781665e8,2.09532072e8,2.09003921e8,2.08850117e8,2.08997548e8,2.12082097e8,2.09405293e8,2.08969103e8,2.09079876e8,2.09187507e8,2.15287502e8,2.20673044e8,2.20719231e8,2.20304272e8,2.20434731e8,2.15998544e8,2.09686307e8,2.10249268e8]}],["Trial",{"allocs":17012,"gctimes":[0.0,0.0,0.0,0.0,0.0,0.0,0.0,0.0,0.0,0.0,0.0,0.0,0.0,0.0,0.0,0.0,0.0,0.0,0.0,0.0,0.0],"memory":841392,"params":["Parameters",{"gctrial":true,"time_tolerance":0.05,"samples":10000,"evals":1,"gcsample":false,"seconds":5.0,"overhead":0.0,"memory_tolerance":0.01}],"times":[2.41904355e8,2.42743831e8,2.40441737e8,2.40319601e8,2.40192295e8,2.44908197e8,2.40896457e8,2.40324361e8,2.40150166e8,2.41862259e8,2.40549412e8,2.40790036e8,2.40288531e8,2.40186936e8,2.41606955e8,2.40175036e8,2.40500895e8,2.40265508e8,2.4215269e8,2.40159182e8,2.40224546e8]}],["Trial",{"allocs":18462,"gctimes":[0.0,0.0,0.0,0.0,0.0,0.0,0.0,0.0,0.0,0.0,0.0,0.0,0.0,0.0,0.0,0.0,0.0,0.0,0.0,0.0],"memory":910992,"params":["Parameters",{"gctrial":true,"time_tolerance":0.05,"samples":10000,"evals":1,"gcsample":false,"seconds":5.0,"overhead":0.0,"memory_tolerance":0.01}],