{"lengs":[19998.61869632745],"benchmarks":[["Trial",{"allocs":1023294,"gctimes":[2.87843733e8],"memory":5014528880,"params":["Parameters",{"gctrial":true,"time_tolerance":0.05,"samples":10000,"evals":1,"gcsample":false,"seconds":5.0,"overhead":0.0,"memory_tolerance":0.01}],"times":[6.90551017313e11]}]],"medians":[690551.017313]}