{"lengs":[19998.61869632745],"benchmarks":[["Trial",{"allocs":805815,"gctimes":[2.14832747e8],"memory":6525012384,"params":["Parameters",{"gctrial":true,"time_tolerance":0.05,"samples":10000,"evals":1,"gcsample":false,"seconds":5.0,"overhead":0.0,"memory_tolerance":0.01}],"times":[4.10408069621e11]}]],"medians":[410408.069621]}