{"lengs":[10.0],"benchmarks":[["Trial",{"allocs":3325,"gctimes":[0.0,0.0,0.0,0.0,0.0,0.0,0.0],"memory":5336224,"params":["Parameters",{"gctrial":true,"time_tolerance":0.05,"samples":10000,"evals":1,"gcsample":false,"seconds":5.0,"overhead":0.0,"memory_tolerance":0.01}],"times":[7.80173015e8,8.52133243e8,7.93107314e8,7.95413481e8,7.16707326e8,6.90423783e8,6.96687983e8]}]],"medians":[780.173015]}