{"lengs":[149.9684835502374],"benchmarks":[["Trial",{"allocs":29934448,"gctimes":[2.88636686e8],"memory":1880611496,"params":["Parameters",{"gctrial":true,"time_tolerance":0.05,"samples":10000,"evals":1,"gcsample":false,"seconds":5.0,"overhead":0.0,"memory_tolerance":0.01}],"times":[1.117991874772e12]}]],"medians":[1.117991874772e6]}