{"lengs":[10.0,21.544346900318832,46.4158883361278,100.0,215.44346900318845,464.15888336127773,1000.0],"benchmarks":[["Trial",{"allocs":1697,"gctimes":[0.0,0.0,0.0,0.0,0.0,0.0,0.0,0.0,0.0,0.0,0.0,0.0,0.0,0.0,0.0,0.0,0.0,0.0,0.0,0.0,0.0,0.0,0.0,0.0,0.0,0.0,0.0,0.0,0.0,0.0,0.0,0.0,0.0,0.0,0.0,0.0],"memory":3144960,"params":["Parameters",{"gctrial":true,"time_tolerance":0.05,"samples":10000,"evals":1,"gcsample":false,"seconds":5.0,"overhead":0.0,"memory_tolerance":0.01}],"times":[1.36657456e8,1.36411837e8,1.35977384e8,1.35763396e8,1.35761407e8,1.35613581e8,1.4639278e8,1.42605394e8,1.35767504e8,1.35733336e8,1.35958121e8,1.36145456e8,1.35734075e8,1.39702473e8,1.35696257e8,1.35686866e8,1.35436653e8,1.36485903e8,1.35375175e8,1.35858031e8,1.36495599e8,1.47316084e8,1.43369085e8,1.43275177e8,1.43456333e8,1.43753785e8,1.43389862e8,1.43266043e8,1.45655669e8,1.4332752e8,1.43295785e8,1.43191356e8,1.43206538e8,1.43419729e8,1.43238479e8,1.44428241e8]}],["Trial",{"allocs":1794,"gctimes":[0.0,0.0,0.0,0.0,0.0,0.0,0.0,0.0,0.0,0.0,0.0,0.0,0.0,0.0,0.0,0.0,0.0,0.0,0.0,0.0,0.0,0.0,0.0,0.0,0.0],"memory":3348128,"params":["Parameters",{"gctrial":true,"time_tolerance":0.05,"samples":10000,"evals":1,"gcsample":false,"seconds":5.0,"overhead":0.0,"memory_tolerance":0.01}],"times":[1.98671966e8,2.02478865e8,1.98029388e8,1.97552509e8,1.97650402e8,1.97311769e8,2.08054183e8,2.08177581e8,2.08257634e8,2.08214032e8,2.08202484e8,2.07370423e8,1.96769978e8,1.97321613e8,1.97421681e8,1.97142733e8,2.01730829e8,2.00391424e8,1.96333936e8,1.96973775e8,1.97746369e8,2.0099309e8,1.989805e8,1.9739015e8,1.97283823e8]}],["Trial",{"allocs":1981,"gctimes":[0.0,0.0,0.0,0.0,0.0,0.0,0.0,0.0,0.0,0.0,0.0,0.0,0.0,0.0,0.0,0.0],"memory":3738896,"params":["Parameters",{"gctrial":true,"time_tolerance":0.05,"samples":10000,"evals":1,"gcsample":false,"seconds":5.0,"overhead":0.0,"memory_tolerance":0.01}],"times":[3.06738135e8,3.05642412e8,3.20192787e8,3.2187956e8,3.22133773e8,3.26895422e8,3.21990712e8,3.21968115e8,3.18753338e8,3.05195686e8,3.04613282e8,3.04453354e8,3.09254877e8,3.04439431e8,3.05063864e8,3.08987596e8]}],["Trial",{"allocs":2332,"gctimes":[0.0,0.0,0.0,0.0,0.0,0.0,0.0,0.0,0.0,0.0,0.0,0.0,0.0],"memory":4471872,"params":["Parameters",{"gctrial":true,"time_tolerance":0.05,"samples":10000,"evals":1,"gcsample":false,"seconds":5.0,"overhead":0.0,"memory_tolerance":0.01}],"times":[3.92062844e8,3.97212359e8,3.90154538e8,3.89376672e8,3.93457975e8,3.90590719e8,3.94791122e8,3.89893568e8,3.90033407e8,3.9403154e8,3.90164687e8,3.96012704e8,3.93017282e8]}],["Trial",{"allocs":2584,"gctimes":[0.0,0.0,0.0,0.0,0.0,0.0,0.0,0.0,0.0,0.0,0.0],"memory":5046368,"params":["Parameters",{"gctrial":true,"time_tolerance":0.05,"samples":10000,"evals":1,"gcsample":false,"seconds":5.0,"overhead":0.0,"memory_tolerance":0.01}],"times":[4.72135968e8,4.72172907e8,4.75132329e8,4.70514664e8,4.75199808e8,4.68919084e8,4.72084416e8,4.70142076e8,4.73012033e8,4.6905793e8,4.77095403e8]}],["Trial",{"allocs":2958,"gctimes":[0.0,0.0,0.0,0.0,0.0,0.0,0.0,0.0,0.0,0.0],"memory":5833376,"params":["Parameters",{"gctrial":true,"time_tolerance":0.05,"samples":10000,"evals":1,"gcsample":false,"seconds":5.0,"overhead":0.0,"memory_tolerance":0.01}],"times":[5.00747096e8,4.97864591e8,5.02502246e8,4.96906147e8,5.13727719e8,5.24266979e8,5.14274821e8,4.99600108e8,5.03396614e8,5.01809501e8]}],["Trial",{"allocs":3097,"gctimes":[0.0,0.0,0.0,0.0,0.0,0.0,0.0,0.0,0.0,0.0],"memory":6132768,"params":["Parameters",{"gctrial":true,"time_tolerance":0.05,"samples":10000,"evals":1,"gcsample":false,"seconds":5.0,"overhead":0.0,"memory_tolerance":0.01}],"times":[5.02885466e8,5.10469771e8,5.0187464e8,5.07020301e8,5.03859823e8,5.05704457e8,5.02734298e8,5.06912022e8,5.02309138e8,5.05431852e8]}]],"medians":[138.1799645,198.029388,309.1212365,392.062844,472.135968,502.1558735,504.6458375]}