{"lengs":[10.0],"benchmarks":[["Trial",{"allocs":2556,"gctimes":[0.0,0.0,0.0,0.0,0.0,0.0,0.0,0.0,0.0,0.0,0.0,0.0,0.0,0.0,0.0,0.0,0.0,0.0,0.0,0.0,0.0,0.0,0.0,0.0,0.0,0.0,0.0,0.0,0.0,0.0,0.0,0.0,0.0,0.0,0.0,0.0,0.0],"memory":4499096,"params":["Parameters",{"gctrial":true,"time_tolerance":0.05,"samples":10000,"evals":1,"gcsample":false,"seconds":5.0,"overhead":0.0,"memory_tolerance":0.01}],"times":[1.41728738e8,1.39965365e8,1.39982976e8,1.39985565e8,1.40231638e8,1.40012787e8,1.39862975e8,1.40075545e8,1.36539146e8,1.36435268e8,1.37484408e8,1.37085708e8,1.36188153e8,1.36488117e8,1.37552524e8,1.38868221e8,1.4032875e8,1.38120152e8,1.38753007e8,1.39832284e8,1.39961053e8,1.38387339e8,1.41286924e8,1.30010786e8,1.29093155e8,1.3200319e8,1.31961784e8,1.28549266e8,1.33997428e8,1.31916651e8,1.34410233e8,1.34018094e8,1.30115093e8,1.31619458e8,1.31576335e8,1.29656881e8,1.29418122e8]}]],"medians":[137.085708]}