{"lengs":[10.0,21.544346900318832,46.4158883361278,100.0,215.44346900318845,464.15888336127773,1000.0],"benchmarks":[["Trial",{"allocs":4266,"gctimes":[0.0,0.0,0.0,0.0,0.0,0.0,0.0,0.0,0.0,0.0,0.0,0.0,0.0,0.0,0.0,0.0,0.0,0.0,0.0,0.0,0.0,0.0,0.0,0.0,0.0,0.0,0.0,0.0,0.0,0.0,0.0,0.0,0.0],"memory":205920,"params":["Parameters",{"gctrial":true,"time_tolerance":0.05,"samples":10000,"evals":1,"gcsample":false,"seconds":5.0,"overhead":0.0,"memory_tolerance":0.01}],"times":[1.53993207e8,1.52766485e8,1.5320677e8,1.52823371e8,1.53482278e8,1.52630218e8,1.52937716e8,1.54071619e8,1.53846331e8,1.53245903e8,1.53802137e8,1.54169889e8,1.53817163e8,1.53209272e8,1.5350703e8,1.54694315e8,1.53907733e8,1.55877704e8,1.5603042e8,1.55625467e8,1.55723818e8,1.55060093e8,1.55462641e8,1.5562894e8,1.57456016e8,1.56915081e8,1.57202434e8,1.56626695e8,1.56779353e8,1.56437193e8,1.5613654e8,1.56410375e8,1.56781455e8]}],["Trial",{"allocs":5466,"gctimes":[0.0,0.0,0.0,0.0,0.0,0.0,0.0,0.0,0.0,0.0,0.0,0.0,0.0,0.0,0.0,0.0,0.0,0.0,0.0,0.0,0.0,0.0,0.0,0.0,0.0,0.0,0.0],"memory":255792,"params":["Parameters",{"gctrial":true,"time_tolerance":0.05,"samples":10000,"evals":1,"gcsample":false,"seconds":5.0,"overhead":0.0,"memory_tolerance":0.01}],"times":[1.88393825e8,1.87835918e8,1.86893327e8,1.89060972e8,1.88070412e8,1.88382518e8,1.88716927e8,1.89263463e8,1.8964496e8,1.89989976e8,1.8997661e8,1.8939422e8,1.8996849e8,1.94664535e8,1.9404298e8,1.94012481e8,1.94753103e8,1.95764319e8,1.9577591e8,1.95650156e8,1.96139735e8,1.95997043e8,1.96089755e8,1.95901385e8,1.9578142e8,1.96076291e8,1.97972092e8]}],["Trial",{"allocs":7378,"gctimes":[0.0,0.0,0.0,0.0,0.0,0.0,0.0,0.0,0.0,0.0,0.0,0.0,0.0,0.0,0.0,0.0,0.0,0.0,0.0,0.0,0.0,0.0,0.0,0.0,0.0],"memory":337936,"params":["Parameters",{"gctrial":true,"time_tolerance":0.05,"samples":10000,"evals":1,"gcsample":false,"seconds":5.0,"overhead":0.0,"memory_tolerance":0.01}],"times":[2.00249059e8,1.92907598e8,1.94749588e8,1.94061037e8,1.94611391e8,1.98019428e8,1.96187781e8,1.9417019e8,1.94849239e8,1.96602585e8,2.03191925e8,2.04471377e8,2.00351267e8,2.01067358e8,2.03276606e8,2.02302358e8,2.03510149e8,2.03061352e8,2.03545073e8,2.0347628e8,2.04352694e8,2.03702041e8,2.04448497e8,2.05281682e8,2.04632464e8]}],["Trial",{"allocs":7642,"gctimes":[0.0,0.0,0.0,0.0,0.0,0.0,0.0,0.0,0.0,0.0,0.0,0.0,0.0,0.0,0.0,0.0,0.0,0.0,0.0,0.0,0.0],"memory":346464,"params":["Parameters",{"gctrial":true,"time_tolerance":0.05,"samples":10000,"evals":1,"gcsample":false,"seconds":5.0,"overhead":0.0,"memory_tolerance":0.01}],"times":[2.38697639e8,2.33140176e8,2.33661697e8,2.37520738e8,2.35147976e8,2.3535727e8,2.37851477e8,2.41654256e8,2.46336034e8,2.45404353e8,2.42943996e8,2.43211526e8,2.45651474e8,2.46354747e8,2.47449535e8,2.48261292e8,2.47682083e8,2.48873522e8,2.50473495e8,2.51654024e8,2.51628832e8]}],["Trial",{"allocs":8482,"gctimes":[0.0,0.0,0.0,0.0,0.0,0.0,0.0,0.0,0.0,0.0,0.0,0.0,0.0,0.0,0.0,0.0,0.0,0.0,0.0,0.0],"memory":383984,"params":["Parameters",{"gctrial":true,"time_tolerance":0.05,"samples":10000,"evals":1,"gcsample":false,"seconds":5.0,"overhead":0.0,"memory_tolerance":0.01}],"times":[2.4455216e8,2.4305231e8,2.44211819e8,2.44492131e8,2.45664097e8,2.45933985e8,2.47057501e8,2.47447008e8,2.44839788e8,2.54125972e8,2.55200789e8,2.54185841e8,2.50211969e8,2.52747807e8,2.52514574e8,2.52844457e8,2.52950877e8,2.74849449e8,2.5492078e8,2.55038253e8]}],["Trial",{"allocs":9262,"gctimes":[0.0,0.0,0.0,0.0,0.0,0.0,0.0,0.0,0.0,0.0,0.0,0.0,0.0,0.0,0.0,0.0,0.0,0.0],"memory":420864,"params":["Parameters",{"gctrial":true,"time_tolerance":0.05,"samples":10000,"evals":1,"gcsample":false,"seconds":5.0,"overhead":0.0,"memory_tolerance":0.01}],"times":[2.77160658e8,2.74521411e8,2.75612352e8,2.74896846e8,2.75440008e8,2.74287942e8,2.74928194e8,2.7749799e8,2.84150961e8,2.86960308e8,2.90253852e8,3.06746485e8,2.85449344e8,2.85324692e8,2.86580251e8,2.85523714e8,2.86518785e8,2.85521721e8]}],["Trial",{"allocs":9334,"gctimes":[0.0,0.0,0.0,0.0,0.0,0.0,0.0,0.0,0.0,0.0,0.0,0.0,0.0,0.0,0.0,0.0,0.0,0.0],"memory":422640,"params":["Parameters",{"gctrial":true,"time_tolerance":0.05,"samples":10000,"evals":1,"gcsample":false,"seconds":5.0,"overhead":0.0,"memory_tolerance":0.01}],"times":[2.85158587e8,2.84120917e8,2.81508554e8,2.83383774e8,2.82732176e8,2.77961825e8,2.89146783e8,2.8305062e8,2.85601312e8,3.05648443e8,2.93722618e8,2.90607328e8,2.8752588e8,2.8817249e8,2.88459647e8,2.88767473e8,2.8573786e8,2.86487294e8]}]],"medians":[154.694315,194.012481,202.302358,245.404353,251.3632715,284.7378265,286.112577]}