{"lengs":[10.0,31.622776601683793,100.0,316.22776601683796,1000.0,3162.2776601683795,10000.0,31622.776601683792,100000.0],"benchmarks":[["Trial",{"allocs":11,"gctimes":[0.0,0.0,0.0,0.0,0.0,0.0,0.0,0.0,0.0,0.0,0.0,0.0,0.0,0.0,0.0,0.0,0.0,0.0,0.0,0.0,0.0,0.0,0.0,0.0,0.0,0.0,0.0,0.0,0.0,0.0,0.0,0.0,0.0,0.0,0.0,0.0,0.0,0.0,0.0,0.0,0.0,0.0,0.0,0.0,0.0,0.0,0.0,0.0,0.0,0.0,0.0,0.0,0.0,0.0,0.0,0.0,0.0,0.0,0.0,0.0,0.0],"memory":3664,"params":["Parameters",{"gctrial":true,"time_tolerance":0.05,"samples":10000,"evals":1,"gcsample":false,"seconds":5.0,"overhead":0.0,"memory_tolerance":0.01}],"times":[8.4659331e7,8.4066644e7,8.45644e7,8.4365909e7,8.4452824e7,8.4833648e7,8.5140056e7,8.5507928e7,8.4320284e7,8.4787381e7,8.662641e7,8.4665881e7,8.4785743e7,8.4678008e7,8.4307529e7,8.464562e7,8.4985837e7,8.4451927e7,8.4070736e7,8.4429217e7,8.5183432e7,8.4002772e7,8.5004769e7,8.3059227e7,8.2281344e7,8.2428766e7,8.1547541e7,8.2166931e7,8.2287942e7,8.1882142e7,8.2353932e7,8.4296115e7,8.2368166e7,8.2801003e7,8.3140416e7,8.3526371e7,8.2710944e7,8.2578275e7,8.2677546e7,8.2421207e7,8.3213563e7,8.2177763e7,8.2787302e7,8.2553565e7,8.2971152e7,8.2451905e7,8.1950873e7,8.2886068e7,7.9353242e7,7.8429821e7,7.8638329e7,7.8461184e7,7.8086499e7,7.8610553e7,7.9058534e7,7.8550297e7,7.9233596e7,7.8876055e7,7.8510023e7,7.7922335e7,8.089809e7]}],["Trial",{"allocs":11,"gctimes":[0.0,0.0,0.0,0.0,0.0,0.0,0.0,0.0,0.0,0.0,0.0,0.0,0.0,0.0,0.0,0.0,0.0,0.0,0.0,0.0],"memory":3664,"params":["Parameters",{"gctrial":true,"time_tolerance":0.05,"samples":10000,"evals":1,"gcsample":false,"seconds":5.0,"overhead":0.0,"memory_tolerance":0.01}],"times":[2.40443029e8,2.40368721e8,2.38726268e8,2.39489463e8,2.39297128e8,2.39321254e8,2.39021048e8,2.43148325e8,2.71757084e8,3.01496872e8,3.02839411e8,2.79211338e8,2.58583122e8,2.58610203e8,2.60183098e8,2.8368042e8,2.84693119e8,2.81911608e8,2.81511553e8,2.84547987e8]}],["Trial",{"allocs":11,"gctimes":[0.0,0.0,0.0,0.0,0.0,0.0,0.0],"memory":3664,"params":["Parameters",{"gctrial":true,"time_tolerance":0.05,"samples":10000,"evals":1,"gcsample":false,"seconds":5.0,"overhead":0.0,"memory_tolerance":0.01}],"times":[8.82151292e8,7.93671935e8,7.92437033e8,7.88345961e8,7.52670861e8,7.5538606e8,7.7216371e8]}],["Trial",{"allocs":11,"gctimes":[0.0,0.0],"memory":3664,"params":["Parameters",{"gctrial":true,"time_tolerance":0.05,"samples":10000,"evals":1,"gcsample":false,"seconds":5.0,"overhead":0.0,"memory_tolerance":0.01}],"times":[2.546354981e9,2.552877019e9]}],["Trial",{"allocs":11,"gctimes":[0.0],"memory":3664,"params":["Parameters",{"gctrial":true,"time_tolerance":0.05,"samples":10000,"evals":1,"gcsample":false,"seconds":5.0,"overhead":0.0,"memory_tolerance":0.01}],"times":[7.622435916e9]}],["Trial",{"allocs":11,"gctimes":[0.0],"memory":3664,"params":["Parameters",{"gctrial":true,"time_tolerance":0.05,"samples":10000,"evals":1,"gcsample":false,"seconds":5.0,"overhead":0.0,"memory_tolerance":0.01}],"times":[2.6873476156e10]}],["Trial",{"allocs":11,"gctimes":[0.0],"memory":3664,"params":["Parameters",{"gctrial":true,"time_tolerance":0.05,"samples":10000,"evals":1,"gcsample":false,"seconds":5.0,"overhead":0.0,"memory_tolerance":0.01}],"times":[7.6454826365e10]}],["Trial",{"allocs":11,"gctimes":[0.0],"memory":3664,"params":["Parameters",{"gctrial":true,"time_tolerance":0.05,"samples":10000,"evals":1,"gcsample":false,"seconds":5.0,"overhead":0.0,"memory_tolerance":0.01}],"times":[2.60935486676e11]}],["Trial",{"allocs":11,"gctimes":[0.0],"memory":3664,"params":["Parameters",{"gctrial":true,"time_tolerance":0.05,"samples":10000,"evals":1,"gcsample":false,"seconds":5.0,"overhead":0.0,"memory_tolerance":0.01}],"times":[7.75311153998e11]}]],"medians":[82.801003,259.3966505,788.345961,2549.616,7622.435916,26873.476156,76454.826365,260935.486676,775311.153998]}