{"lengs":[10.0],"benchmarks":[["Trial",{"allocs":19408,"gctimes":[0.0,0.0,0.0,0.0,0.0,0.0,0.0,0.0,0.0,0.0,0.0,0.0,0.0,0.0,0.0,0.0,0.0,0.0,0.0,0.0,0.0,0.0,0.0,0.0,0.0,0.0,0.0,0.0,0.0,0.0,0.0,0.0,0.0,0.0,0.0,0.0,0.0,0.0,0.0,0.0,0.0,0.0,0.0,0.0,1.0242181e7,0.0,0.0,0.0,0.0,0.0,0.0,0.0,0.0,0.0,0.0,0.0,0.0,0.0,0.0,0.0,0.0,0.0,0.0,0.0],"memory":5853880,"params":["Parameters",{"gctrial":true,"time_tolerance":0.05,"samples":10000,"evals":1,"gcsample":false,"seconds":5.0,"overhead":0.0,"memory_tolerance":0.01}],"times":[8.045275e7,8.0548369e7,7.9457265e7,7.9352714e7,7.633646e7,7.7173872e7,7.6793917e7,7.6333e7,7.5685249e7,7.684413e7,8.0146558e7,7.5964549e7,7.6371098e7,9.386169e7,9.9206306e7,1.00300867e8,1.00158088e8,9.6686401e7,7.944726e7,7.7840648e7,7.86007e7,7.6346736e7,7.9394801e7,7.8299569e7,7.5575908e7,7.670023e7,7.7593964e7,8.0111657e7,7.9367623e7,7.9356359e7,8.1023051e7,8.0740982e7,8.1532607e7,8.1232662e7,7.8849135e7,7.9660179e7,7.6710112e7,7.6178892e7,7.649986e7,7.5723824e7,7.7746138e7,7.5262008e7,7.6428792e7,7.6452741e7,8.6840986e7,7.5347331e7,7.46436e7,7.4851053e7,7.4940726e7,8.1517181e7,7.5798165e7,7.5471291e7,7.693289e7,7.6729602e7,7.595317e7,7.61598e7,7.5364803e7,7.385681e7,7.5585773e7,7.4444706e7,7.4387724e7,7.6423815e7,7.8400262e7,7.9444491e7]}]],"medians":[76.88851]}