{"lengs":[10.0],"benchmarks":[["Trial",{"allocs":51639,"gctimes":[0.0,0.0,0.0,0.0,0.0,0.0,0.0,0.0,0.0,0.0,0.0,0.0,0.0,0.0,0.0,0.0,0.0,0.0,0.0,0.0,0.0,0.0,0.0,0.0,0.0,0.0,0.0,0.0,0.0,1.3944387e7,0.0,0.0,0.0,0.0,0.0,0.0,0.0,0.0,0.0,0.0,0.0,0.0,0.0,0.0],"memory":8751800,"params":["Parameters",{"gctrial":true,"time_tolerance":0.05,"samples":10000,"evals":1,"gcsample":false,"seconds":5.0,"overhead":0.0,"memory_tolerance":0.01}],"times":[1.1311794e8,1.12991168e8,1.13473291e8,1.12351156e8,1.09282471e8,1.17124672e8,1.13177461e8,1.15016815e8,1.14221307e8,1.14936711e8,1.15297466e8,1.13315399e8,1.14532688e8,1.11927042e8,1.14906984e8,1.13870558e8,1.11564141e8,1.11319092e8,1.14243548e8,1.11570564e8,1.15314249e8,1.1400314e8,1.13241563e8,1.17157237e8,1.14325372e8,1.13304605e8,1.13931885e8,1.14474899e8,1.1431454e8,1.29011574e8,1.17141851e8,1.13231802e8,1.18957987e8,1.13879128e8,1.13426227e8,1.1081384e8,1.12026511e8,1.09454367e8,1.12226314e8,1.11625142e8,1.13461132e8,1.14652736e8,1.14299842e8,1.11862289e8]}]],"medians":[113.6719245]}