{"lengs":[10.0,21.544346900318832,46.4158883361278,100.0,215.44346900318845,464.15888336127773,1000.0],"benchmarks":[["Trial",{"allocs":20196,"gctimes":[0.0,0.0,0.0,0.0,0.0,0.0,0.0,0.0,0.0,0.0,0.0,0.0,0.0,0.0,0.0,0.0,0.0,0.0,0.0,0.0,0.0,0.0,0.0,0.0,0.0,0.0,0.0,0.0,0.0,0.0,0.0,0.0,0.0,1.5802463e7,0.0,0.0,0.0,0.0,0.0,0.0,0.0,0.0,0.0,0.0,0.0,0.0,0.0,0.0,0.0,0.0,0.0,0.0,0.0,0.0,0.0,0.0,0.0,0.0,0.0,0.0,0.0,0.0,0.0],"memory":7655064,"params":["Parameters",{"gctrial":true,"time_tolerance":0.05,"samples":10000,"evals":1,"gcsample":false,"seconds":5.0,"overhead":0.0,"memory_tolerance":0.01}],"times":[7.8574688e7,7.9246628e7,7.8904788e7,7.7235048e7,7.8276858e7,8.5733307e7,8.3828911e7,8.2514568e7,8.3083154e7,8.2464518e7,8.2673551e7,8.1393329e7,8.1805926e7,8.2104793e7,8.1714623e7,8.0523972e7,8.1540823e7,8.3259616e7,8.5731637e7,8.2932032e7,8.2378564e7,8.1790923e7,8.2865992e7,8.3682855e7,8.1082818e7,8.205074e7,8.129643e7,8.171292e7,8.2700782e7,8.2745301e7,8.4093604e7,7.9003928e7,7.7574122e7,9.5489815e7,8.1228889e7,7.7830545e7,7.8279995e7,7.7715181e7,7.7771929e7,7.6381831e7,7.7273443e7,7.7855034e7,7.728606e7,8.1135695e7,7.9581516e7,7.7699122e7,7.7881109e7,7.8005956e7,7.7467534e7,7.7919127e7,7.6939342e7,7.7842654e7,7.8902241e7,8.0030559e7,7.7460702e7,7.7230536e7,7.8226614e7,8.6413195e7,7.9840121e7,7.950211e7,7.8167597e7,7.8705305e7,7.7917751e7]}],["Trial",{"allocs":24770,"gctimes":[0.0,0.0,0.0,0.0,0.0,0.0,0.0,0.0,0.0,0.0,0.0,0.0,0.0,0.0,0.0,0.0,0.0,0.0,0.0,0.0,0.0,0.0,0.0,0.0,0.0,0.0,0.0,0.0,0.0,0.0,1.1920424e7,0.0,0.0,0.0,0.0,0.0,0.0,0.0,0.0,0.0,0.0,0.0,0.0,0.0,0.0,0.0,0.0,0.0,0.0,0.0,0.0,0.0,0.0,0.0,0.0,0.0,0.0,0.0],"memory":8378136,"params":["Parameters",{"gctrial":true,"time_tolerance":0.05,"samples":10000,"evals":1,"gcsample":false,"seconds":5.0,"overhead":0.0,"memory_tolerance":0.01}],"times":[9.096818e7,9.098185e7,8.86779e7,9.0498078e7,9.3678321e7,8.6171241e7,8.6043263e7,8.5011783e7,8.5540719e7,8.8231801e7,8.7423389e7,8.4558207e7,8.5053569e7,8.6094877e7,8.4011616e7,8.52877e7,8.7706534e7,8.8894813e7,8.5538551e7,8.6312967e7,8.5395984e7,8.5522214e7,8.5251211e7,8.4552632e7,8.4960996e7,8.6730899e7,8.5386131e7,8.6073475e7,8.8564703e7,8.906572e7,9.8475092e7,8.6670487e7,8.5277697e7,8.5785724e7,8.6070103e7,8.5539396e7,8.6733148e7,8.790213e7,8.4549757e7,8.4624796e7,8.9567305e7,8.9791235e7,8.885569e7,9.2962252e7,9.0847039e7,8.8393445e7,8.8978774e7,8.9538103e7,8.9816891e7,8.9131171e7,8.7862687e7,8.9635795e7,8.8996666e7,8.4661257e7,8.4108619e7,8.6065662e7,8.4712949e7,8.5705057e7]}],["Trial",{"allocs":38672,"gctimes":[0.0,0.0,0.0,0.0,0.0,0.0,0.0,0.0,0.0,0.0,0.0,0.0,0.0,0.0,0.0,0.0,0.0,0.0,0.0,0.0,0.0,0.0,0.0,0.0,0.0,1.6859919e7,0.0,0.0,0.0,0.0,0.0,0.0,0.0,0.0,0.0,0.0,0.0,0.0,0.0,0.0,0.0,0.0,0.0,0.0,0.0],"memory":10069368,"params":["Parameters",{"gctrial":true,"time_tolerance":0.05,"samples":10000,"evals":1,"gcsample":false,"seconds":5.0,"overhead":0.0,"memory_tolerance":0.01}],"times":[1.12864151e8,1.1251976e8,1.09174931e8,1.14472054e8,1.15106512e8,1.10667693e8,1.11834378e8,1.09378259e8,1.12760954e8,1.11305169e8,1.11979909e8,1.11142784e8,1.19833041e8,1.14103976e8,1.15170744e8,1.12185143e8,1.13787824e8,1.14270551e8,1.1463528e8,1.14163463e8,1.16439996e8,1.17535252e8,1.09801875e8,1.12255826e8,1.10172228e8,1.28017693e8,1.09940059e8,1.11471915e8,1.10437286e8,1.11182046e8,1.14572581e8,1.13214277e8,1.12018048e8,1.11034398e8,1.13226705e8,1.13329708e8,1.10421129e8,1.09908816e8,1.08655974e8,1.07908135e8,1.12240726e8,1.10733597e8,1.1117752e8,1.08415744e8,1.09886235e8]}],["Trial",{"allocs":42452,"gctimes":[0.0,0.0,0.0,0.0,0.0,0.0,0.0,0.0,0.0,0.0,0.0,0.0,0.0,0.0,0.0,0.0,0.0,0.0,0.0,0.0,0.0,0.0,0.0,1.3168029e7,0.0,0.0,0.0,0.0,0.0,0.0,0.0,0.0,0.0,0.0,0.0,0.0,0.0,0.0,0.0,0.0,0.0,0.0],"memory":11074648,"params":["Parameters",{"gctrial":true,"time_tolerance":0.05,"samples":10000,"evals":1,"gcsample":false,"seconds":5.0,"overhead":0.0,"memory_tolerance":0.01}],"times":[1.25786286e8,1.2501528e8,1.26010279e8,1.27122256e8,1.23367675e8,1.26230298e8,1.27016219e8,1.22335554e8,1.2405415e8,1.2385972e8,1.22770335e8,1.20209803e8,1.24506895e8,1.20156155e8,1.23764914e8,1.23784733e8,1.21582305e8,1.17102744e8,1.18397739e8,1.20234226e8,1.18150707e8,1.16770433e8,1.27795734e8,1.36822516e8,1.23093266e8,1.25810351e8,1.21698423e8,1.22463973e8,1.24521594e8,1.21069473e8,1.2263099e8,1.16544225e8,1.16963353e8,1.17766842e8,1.1734265e8,1.16944397e8,1.15985044e8,1.17021326e8,1.17818265e8,1.19986055e8,1.17471642e8,1.16271746e8]}],["Trial",{"allocs":44768,"gctimes":[0.0,0.0,0.0,0.0,0.0,0.0,0.0,0.0,0.0,0.0,0.0,0.0,0.0,0.0,0.0,0.0,0.0,0.0,0.0,0.0,0.0,0.0,1.493605e7,0.0,0.0,0.0,0.0,0.0,0.0,0.0,0.0,0.0,0.0,0.0,0.0,0.0,0.0,0.0,0.0],"memory":11764376,"params":["Parameters",{"gctrial":true,"time_tolerance":0.05,"samples":10000,"evals":1,"gcsample":false,"seconds":5.0,"overhead":0.0,"memory_tolerance":0.01}],"times":[1.32890158e8,1.34374563e8,1.34478559e8,1.32809279e8,1.33426077e8,1.32742648e8,1.34163534e8,1.29433235e8,1.26606467e8,1.24421948e8,1.24964918e8,1.26454646e8,1.28399635e8,1.25541656e8,1.38025765e8,1.33543238e8,1.33979072e8,1.31394806e8,1.30033942e8,1.32297498e8,1.35195634e8,1.32762745e8,1.49167025e8,1.32165499e8,1.30822736e8,1.26066845e8,1.26624143e8,1.26793103e8,1.27010518e8,1.27222584e8,1.25638071e8,1.27959714e8,1.25948466e8,1.2336514e8,1.25173174e8,1.2532851e8,1.26432764e8,1.25082547e8,1.29903823e8]}],["Trial",{"allocs":46380,"gctimes":[0.0,0.0,0.0,0.0,0.0,0.0,0.0,0.0,0.0,0.0,0.0,0.0,0.0,0.0,0.0,0.0,0.0,0.0,0.0,0.0,0.0,1.3288137e7,0.0,0.0,0.0,0.0,0.0,0.0,0.0,0.0,0.0,0.0,0.0,0.0,0.0,0.0,0.0,0.0],"memory":12241272,"params":["Parameters",{"gctrial":true,"time_tolerance":0.05,"samples":10000,"evals":1,"gcsample":false,"seconds":5.0,"overhead":0.0,"memory_tolerance":0.01}],"times":[1.35956214e8,1.33658982e8,1.3253039e8,1.32664769e8,1.3323512e8,1.37798998e8,1.32457861e8,1.32405266e8,1.34559984e8,1.32272057e8,1.30413865e8,1.31308389e8,1.2813914e8,1.39651908e8,1.42596469e8,1.37793315e8,1.36780856e8,1.37104148e8,1.37904915e8,1.35285075e8,1.354673e8,1.46600305e8,1.30477011e8,1.30641601e8,1.30914549e8,1.31813116e8,1.32988868e8,1.36310849e8,1.35025647e8,1.31946431e8,1.32274804e8,1.31747707e8,1.30728953e8,1.31359468e8,1.28597069e8,1.30467327e8,1.34742885e8,1.35413402e8]}],["Trial",{"allocs":47177,"gctimes":[0.0,0.0,0.0,0.0,0.0,0.0,0.0,0.0,0.0,0.0,0.0,0.0,0.0,0.0,0.0,0.0,0.0,0.0,0.0,0.0,1.3098494e7,0.0,0.0,0.0,0.0,0.0,0.0,0.0,0.0,0.0,0.0,0.0,0.0,0.0,0.0,0.0,0.0],"memory":12496744,"params":["Parameters",{"gctrial":true,"time_tolerance":0.05,"samples":10000,"evals":1,"gcsample":false,"seconds":5.0,"overhead":0.0,"memory_tolerance":0.01}],"times":[1.3700244e8,1.38179078e8,1.34795226e8,1.3895541e8,1.37284798e8,1.37691624e8,1.38122935e8,1.35416868e8,1.35009203e8,1.37187572e8,1.34719336e8,1.3839261e8,1.35131247e8,1.35703489e8,1.38028674e8,1.37538782e8,1.34196467e8,1.34779267e8,1.40212107e8,1.36309201e8,1.50389411e8,1.35409477e8,1.36364918e8,1.34335255e8,1.37814501e8,1.3643718e8,1.37462901e8,1.35076343e8,1.39688457e8,1.38172897e8,1.34900654e8,1.34013941e8,1.37283963e8,1.40145805e8,1.39164598e8,1.35793976e8,1.38634605e8]}]],"medians":[79.840121,86.491727,112.018048,122.0169885,129.433235,132.8268185,137.187572]}