{"lengs":[10.0],"benchmarks":[["Trial",{"allocs":1344,"gctimes":[0.0,0.0,0.0,0.0,0.0,0.0,0.0,0.0,0.0,0.0,0.0,0.0,0.0,0.0,0.0,0.0,0.0,0.0,0.0,0.0,0.0,0.0,0.0,0.0,0.0,0.0,0.0,0.0,0.0,0.0,0.0,0.0,0.0,0.0,0.0,0.0,0.0,0.0,0.0,0.0,0.0,0.0,0.0,0.0,0.0,0.0,0.0,0.0,0.0,0.0,0.0,0.0,0.0,0.0,0.0,0.0,0.0,0.0,0.0,0.0,0.0,0.0,0.0,0.0,0.0,0.0,0.0,0.0,0.0,0.0,0.0,0.0,0.0,0.0,0.0,0.0,0.0,0.0,0.0,0.0,0.0,0.0,1.0072751e7,0.0,0.0,0.0,0.0,0.0,0.0,0.0,0.0,0.0,0.0,0.0,0.0,0.0,0.0,0.0,0.0,0.0,0.0,0.0,0.0,0.0,0.0,0.0,0.0,0.0,0.0,0.0,0.0,0.0,0.0,0.0,0.0,0.0,0.0,0.0,0.0,0.0,0.0,0.0,0.0,0.0,0.0,0.0,0.0,0.0,0.0,0.0,0.0,0.0,0.0,0.0,0.0,0.0,0.0,0.0,0.0,0.0,0.0,0.0,0.0,0.0,0.0,0.0,0.0,0.0,0.0,0.0,0.0,0.0,0.0,0.0,0.0,0.0,0.0,0.0,0.0,0.0,0.0,0.0,0.0,0.0,9.66437e6,0.0,0.0,0.0,0.0,0.0,0.0,0.0,0.0,0.0,0.0,0.0,0.0,0.0,0.0,0.0,0.0,0.0,0.0,0.0,0.0,0.0,0.0,0.0,0.0,0.0,0.0,0.0,0.0,0.0,0.0,0.0,0.0,0.0,0.0,0.0,0.0,0.0,0.0,0.0,0.0,0.0,0.0,0.0,0.0,0.0,0.0,0.0,0.0,0.0,0.0,0.0,0.0,0.0,0.0,0.0,0.0,0.0,0.0,0.0,0.0,0.0,0.0,0.0,0.0,0.0,0.0,0.0,0.0,0.0,0.0,0.0,0.0,0.0,0.0,0.0,0.0,0.0,0.0,0.0,0.0,0.0,9.518863e6,0.0,0.0,0.0,0.0,0.0,0.0,0.0,0.0,0.0,0.0,0.0,0.0,0.0,0.0,0.0,0.0,0.0,0.0,0.0,0.0,0.0,0.0,0.0,0.0,0.0,0.0,0.0,0.0,0.0,0.0,0.0,0.0,0.0,0.0,0.0,0.0,0.0,0.0,0.0,0.0,0.0,0.0,0.0,0.0,0.0,0.0,0.0,0.0,0.0,0.0,0.0,0.0,0.0,0.0,0.0,0.0,0.0,0.0,0.0,0.0,0.0,0.0,0.0,0.0,0.0,0.0,0.0,0.0,0.0,0.0,0.0,0.0,0.0,0.0,0.0,0.0,0.0,0.0,0.0,0.0,0.0,0.0,9.423792e6,0.0,0.0,0.0,0.0,0.0,0.0,0.0,0.0,0.0,0.0,0.0,0.0,0.0,0.0,0.0,0.0,0.0,0.0,0.0,0.0,0.0,0.0,0.0,0.0,0.0,0.0,0.0,0.0,0.0,0.0,0.0,0.0,0.0,0.0,0.0,0.0,0.0,0.0,0.0,0.0,0.0,0.0,0.0,0.0,0.0,0.0,0.0,0.0,0.0,0.0,0.0,0.0,0.0,0.0,0.0,0.0,0.0,0.0,0.0,0.0,0.0,0.0,0.0,0.0,0.0,0.0,0.0,0.0,0.0,0.0,0.0,0.0,0.0,0.0,0.0,0.0,0.0,0.0,0.0,0.0,0.0,0.0,9.475413e6,0.0,0.0,0.0,0.0,0.0,0.0,0.0,0.0,0.0,0.0,0.0,0.0,0.0,0.0,0.0,0.0,0.0,0.0,0.0,0.0,0.0,0.0,0.0,0.0,0.0,0.0,0.0,0.0,0.0,0.0,0.0,0.0,0.0,0.0,0.0,0.0,0.0,0.0,0.0,0.0,0.0,0.0,0.0,0.0,0.0,0.0,0.0,0.0,0.0,0.0,0.0,0.0,0.0,0.0,0.0,0.0,0.0,0.0,0.0,0.0,0.0,0.0,0.0,0.0,0.0,0.0,0.0,0.0,0.0,0.0,0.0,0.0,0.0,0.0,0.0,0.0,0.0,0.0,0.0,0.0,0.0,0.0,9.412241e6,0.0,0.0,0.0,0.0,0.0,0.0,0.0,0.0,0.0,0.0,0.0,0.0,0.0,0.0,0.0,0.0,0.0,0.0,0.0,0.0,0.0,0.0,0.0,0.0,0.0,0.0,0.0,0.0,0.0,0.0,0.0,0.0,0.0,0.0,0.0,0.0,0.0,0.0,0.0,0.0,0.0,0.0,0.0,0.0,0.0,0.0,0.0,0.0,0.0,0.0,0.0,0.0,0.0,0.0,0.0,0.0,0.0,0.0,0.0,0.0,0.0,0.0,0.0,0.0,0.0,0.0,0.0,0.0,0.0,0.0,0.0,0.0,0.0,0.0,0.0,0.0,0.0,0.0,0.0,0.0,0.0,0.0,9.348092e6,0.0,0.0,0.0,0.0,0.0,0.0,0.0,0.0,0.0,0.0,0.0,0.0,0.0,0.0,0.0,0.0,0.0,0.0,0.0,0.0,0.0,0.0,0.0,0.0,0.0,0.0,0.0,0.0,0.0,0.0,0.0,0.0,0.0,0.0,0.0,0.0,0.0,0.0,0.0,0.0,0.0,0.0,0.0,0.0,0.0,0.0,0.0,0.0,0.0,0.0,0.0,0.0,0.0,0.0,0.0,0.0,0.0,0.0,0.0,0.0,0.0,0.0,0.0,0.0,0.0,0.0,0.0,0.0,0.0,0.0,0.0,0.0,0.0,0.0,0.0,0.0,0.0,0.0,0.0,0.0,0.0,0.0,9.324151e6,0.0,0.0,0.0,0.0,0.0,0.0,0.0,0.0,0.0,0.0,0.0,0.0,0.0,0.0,0.0,0.0,0.0,0.0,0.0,0.0,0.0,0.0,0.0,0.0,0.0,0.0,0.0,0.0,0.0,0.0,0.0,0.0,0.0,0.0,0.0,0.0,0.0,0.0,0.0,0.0,0.0,0.0,0.0,0.0,0.0,0.0,0.0,0.0,0.0,0.0,0.0,0.0,0.0,0.0,0.0,0.0,0.0,0.0,0.0,0.0,0.0,0.0,0.0,0.0,0.0,0.0,0.0,0.0,0.0,0.0,0.0,0.0,0.0,0.0,0.0,0.0,0.0,0.0,0.0,0.0,0.0,0.0,9.307854e6],"memory":3039536,"params":["Parameters",{"gctrial":true,"time_tolerance":0.05,"samples":10000,"evals":1,"gcsample":false,"seconds":5.0,"overhead":0.0,"memory_tolerance":0.01}],"times":[7.223428e6,6.581266e6,6.506586e6,6.492817e6,6.50673e6,6.466861e6,6.485022e6,6.480375e6,6.400404e6,6.492269e6,6.475605e6,6.447738e6,6.411981e6,6.580373e6,6.424342e6,6.462869e6,6.416433e6,6.513329e6,6.480426e6,6.481793e6,6.495856e6,6.489886e6,6.537738e6,6.575229e6,6.569278e6,6.485247e6,6.538748e6,6.551856e6,6.408827e6,6.469878e6,6.440614e6,6.387538e6,6.578335e6,6.543888e6,6.401499e6,6.457213e6,6.411672e6,6.408972e6,6.439525e6,6.440375e6,6.454757e6,6.431576e6,6.449798e6,6.440433e6,6.449876e6,6.431337e6,6.558087e6,6.45836e6,6.417162e6,6.565614e6,6.64575e6,6.546033e6,6.488282e6,6.381792e6,6.526185e6,6.406644e6,6.401808e6,6.510264e6,6.3971e6,6.459055e6,6.431231e6,6.412461e6,6.410953e6,6.458034e6,6.393058e6,6.458176e6,6.538637e6,6.443713e6,6.411612e6,6.421264e6,6.494682e6,6.493899e6,7.859219e6,6.983543e6,7.352065e6,6.961821e6,7.422372e6,7.214437e6,6.871009e6,6.788392e6,6.927359e6,6.791559e6,1.7258143e7,6.967282e6,6.890118e6,6.851474e6,6.931297e6,6.876907e6,6.863715e6,6.891304e6,6.885392e6,6.888913e6,6.869959e6,6.900777e6,6.819504e6,6.889889e6,6.830834e6,6.862063e6,6.79635e6,6.863173e6,6.812441e6,6.676645e6,6.469005e6,6.375763e6,6.460223e6,6.475657e6,6.46369e6,6.509561e6,6.423111e6,6.423965e6,6.49984e6,6.437105e6,6.39734e6,6.438013e6,6.43048e6,6.436687e6,6.424213e6,6.398023e6,6.3757e6,6.442593e6,6.472404e6,6.413891e6,6.469624e6,6.39468e6,6.411668e6,6.596283e6,6.432381e6,7.062492e6,7.099489e6,6.934803e6,7.056079e6,7.029542e6,6.782633e6,6.878788e6,6.9514e6,6.720373e6,6.90038e6,6.818192e6,6.796615e6,6.721089e6,6.776102e6,6.820622e6,6.78246e6,6.80524e6,6.755063e6,6.760543e6,6.753535e6,6.809675e6,6.794592e6,6.909142e6,6.808994e6,6.770122e6,6.827364e6,6.795894e6,6.749936e6,6.781099e6,6.795809e6,6.798647e6,6.735357e6,6.722722e6,6.758117e6,6.733889e6,6.758469e6,6.732995e6,1.6684504e7,6.809683e6,6.80582e6,6.770649e6,6.765421e6,6.756774e6,6.761374e6,6.753366e6,6.811765e6,6.759515e6,6.781911e6,6.739499e6,6.75621e6,6.764052e6,6.760851e6,6.758742e6,6.767689e6,6.762679e6,6.720793e6,6.782949e6,6.741085e6,6.782262e6,6.775421e6,6.770278e6,6.777829e6,6.740956e6,6.74524e6,6.83897e6,6.753161e6,6.729947e6,6.73111e6,6.77384e6,6.842378e6,6.742629e6,6.795189e6,6.761221e6,6.800198e6,6.803205e6,6.759534e6,6.795357e6,6.802441e6,6.824535e6,6.750188e6,6.843143e6,6.734497e6,6.720332e6,6.754939e6,6.768269e6,6.817476e6,6.789191e6,6.795681e6,6.767546e6,6.761004e6,6.795479e6,6.792067e6,6.746957e6,6.745318e6,6.725393e6,6.766365e6,6.80772e6,6.793794e6,6.81173e6,6.774821e6,6.80926e6,6.745078e6,6.785316e6,6.798669e6,6.802577e6,6.795664e6,6.761547e6,6.824193e6,6.803273e6,6.766836e6,6.779998e6,6.787015e6,6.808062e6,6.730963e6,6.714394e6,6.760706e6,6.726609e6,6.748339e6,6.741797e6,1.6501237e7,6.863118e6,6.8256e6,6.778139e6,6.783452e6,6.763737e6,6.74887e6,6.740631e6,6.770342e6,6.802551e6,6.794936e6,6.804348e6,6.792991e6,6.764495e6,6.784032e6,6.759764e6,6.75419e6,6.757865e6,6.766191e6,6.773343e6,6.777195e6,6.80485e6,6.791669e6,6.829661e6,6.781997e6,6.830211e6,6.76181e6,6.795993e6,6.757765e6,6.743235e6,6.791825e6,7.036896e6,6.969174e6,7.11383e6,6.952742e6,6.856581e6,6.777975e6,6.82201e6,6.891409e6,6.812403e6,6.798264e6,6.846521e6,6.780184e6,6.864901e6,6.787173e6,6.832236e6,6.785641e6,6.737573e6,6.791092e6,6.853124e6,6.776963e6,6.840152e6,6.776708e6,6.706312e6,6.782774e6,6.744694e6,6.800317e6,6.718814e6,6.769276e6,6.77011e6,6.780834e6,6.790148e6,6.753718e6,6.788429e6,6.769196e6,6.801033e6,6.783775e6,6.755125e6,6.752981e6,6.790762e6,6.775242e6,6.785498e6,6.766583e6,6.755251e6,6.800159e6,6.869005e6,6.733893e6,6.715687e6,6.817171e6,6.739194e6,6.493479e6,6.38566e6,6.428779e6,1.6150519e7,6.528184e6,6.451652e6,6.461072e6,6.491987e6,6.477351e6,6.523387e6,6.57784e6,6.471292e6,6.520303e6,6.479983e6,6.495593e6,6.590178e6,6.509017e6,6.401693e6,6.449775e6,6.505771e6,6.454604e6,6.459295e6,6.462964e6,6.427218e6,6.397557e6,6.455802e6,6.509064e6,6.428361e6,6.421715e6,6.444067e6,6.447723e6,6.542e6,6.4253e6,6.459985e6,6.465912e6,6.464457e6,6.414199e6,6.439199e6,6.463159e6,6.398861e6,6.441126e6,6.428381e6,6.443288e6,6.455134e6,6.426915e6,6.426195e6,6.462438e6,6.391443e6,6.375312e6,6.457183e6,6.409983e6,6.443692e6,6.439651e6,6.401831e6,6.478064e6,6.461739e6,6.373165e6,6.446321e6,6.608023e6,6.462353e6,6.392094e6,6.425202e6,6.410838e6,6.43114e6,6.470608e6,6.446954e6,6.46801e6,6.422883e6,6.46876e6,6.396005e6,6.470332e6,6.467446e6,6.433357e6,6.472337e6,6.449519e6,6.433649e6,6.438017e6,6.449577e6,6.422308e6,6.400474e6,6.390346e6,6.431924e6,6.394658e6,6.427091e6,6.409306e6,6.451438e6,1.6119724e7,6.539012e6,6.472208e6,6.443647e6,6.440939e6,6.455723e6,6.401338e6,6.462172e6,6.438735e6,6.43495e6,6.431377e6,6.403173e6,6.42171e6,6.462519e6,6.43002e6,6.425343e6,6.472091e6,6.423404e6,6.421411e6,