{"lengs":[10.0,21.544346900318832,46.4158883361278,100.0,215.44346900318845,464.15888336127773,1000.0],"benchmarks":[["Trial",{"allocs":209432,"gctimes":[0.0,0.0,0.0,0.0,0.0,0.0,0.0],"memory":44027712,"params":["Parameters",{"gctrial":true,"time_tolerance":0.05,"samples":10000,"evals":1,"gcsample":false,"seconds":5.0,"overhead":0.0,"memory_tolerance":0.01}],"times":[7.8665444e8,7.77324506e8,7.74735231e8,7.96530202e8,7.78057358e8,7.80119089e8,7.78934778e8]}],["Trial",{"allocs":393656,"gctimes":[0.0,0.0,0.0,0.0],"memory":78785632,"params":["Parameters",{"gctrial":true,"time_tolerance":0.05,"samples":10000,"evals":1,"gcsample":false,"seconds":5.0,"overhead":0.0,"memory_tolerance":0.01}],"times":[1.637172838e9,1.6240271e9,1.628592247e9,1.623686532e9]}],["Trial",{"allocs":142836,"gctimes":[0.0,0.0,0.0,0.0,0.0,0.0,0.0,0.0,0.0,0.0,0.0,0.0],"memory":37774752,"params":["Parameters",{"gctrial":true,"time_tolerance":0.05,"samples":10000,"evals":1,"gcsample":false,"seconds":5.0,"overhead":0.0,"memory_tolerance":0.01}],"times":[4.5405503e8,4.57993999e8,4.58173282e8,4.49716948e8,4.40805111e8,4.41957264e8,4.41249495e8,4.42213406e8,4.57965029e8,4.56395568e8,4.57638868e8,4.56156712e8]}],["Trial",{"allocs":122944,"gctimes":[0.0,0.0,0.0,0.0,0.0,0.0,0.0,0.0,0.0,0.0,0.0,0.0,0.0],"memory":37283792,"params":["Parameters",{"gctrial":true,"time_tolerance":0.05,"samples":10000,"evals":1,"gcsample":false,"seconds":5.0,"overhead":0.0,"memory_tolerance":0.01}],"times":[4.17680134e8,4.10651723e8,4.10393843e8,4.11442552e8,4.09452983e8,4.08176343e8,4.12044646e8,4.07673699e8,4.09241816e8,4.07705076e8,4.07600149e8,4.07447139e8,4.03447372e8]}],["Trial",{"allocs":151022,"gctimes":[0.0,0.0,0.0,0.0,0.0,0.0,0.0,0.0,0.0],"memory":49320624,"params":["Parameters",{"gctrial":true,"time_tolerance":0.05,"samples":10000,"evals":1,"gcsample":false,"seconds":5.0,"overhead":0.0,"memory_tolerance":0.01}],"times":[5.7688955e8,5.65230608e8,5.74651757e8,5.66734864e8,5.6783473e8,5.65478904e8,5.6816127e8,5.81751195e8,5.77289852e8]}],["Trial",{"allocs":313264,"gctimes":[0.0,0.0,0.0,0.0],"memory":93550576,"params":["Parameters",{"gctrial":true,"time_tolerance":0.05,"samples":10000,"evals":1,"gcsample":false,"seconds":5.0,"overhead":0.0,"memory_tolerance":0.01}],"times":[1.392253957e9,1.347016536e9,1.353177074e9,1.336275692e9]}],["Trial",{"allocs":283716,"gctimes":[0.0,0.0,0.0,0.0],"memory":101022864,"params":["Parameters",{"gctrial":true,"time_tolerance":0.05,"samples":10000,"evals":1,"gcsample":false,"seconds":5.0,"overhead":0.0,"memory_tolerance":0.01}],"times":[1.364100791e9,1.38214052e9,1.395956845e9,1.386983624e9]}]],"medians":[778.934778,1626.3096735,455.105871,409.241816,568.16127,1350.096805,1384.562072]}