{"lengs":[1.9998618696327441],"benchmarks":[["Trial",{"allocs":5418,"gctimes":[0.0,0.0,0.0,0.0,0.0,0.0,0.0,0.0,0.0,0.0,0.0,0.0,0.0,0.0,0.0,0.0,0.0,0.0,0.0,0.0,0.0,0.0,0.0,0.0,0.0,0.0,0.0,0.0,0.0,0.0,0.0,0.0,0.0,0.0,0.0,0.0,0.0,0.0,0.0,0.0,0.0,0.0,0.0,0.0,0.0,0.0,0.0,0.0,0.0,0.0,0.0,0.0,0.0,0.0,0.0,0.0,0.0,0.0,0.0,0.0,0.0,0.0,0.0,0.0,0.0,0.0,0.0,0.0,0.0,0.0,0.0,0.0,0.0,0.0,0.0,0.0,0.0,0.0,0.0,0.0,0.0,0.0,0.0,0.0,0.0,0.0,0.0,0.0,1.8649915e7,0.0,0.0,0.0,0.0,0.0,0.0,0.0,0.0,0.0,0.0,0.0,0.0,0.0,0.0,0.0,0.0,0.0,0.0,0.0,0.0,0.0,0.0,0.0,0.0,0.0,0.0,0.0,0.0,0.0,0.0,0.0,0.0,0.0,0.0,0.0,0.0,0.0,0.0,0.0,0.0,0.0,0.0,0.0,0.0,0.0,0.0,0.0,0.0,0.0,0.0,0.0,0.0,0.0,0.0,0.0,0.0,0.0,0.0,0.0,0.0,0.0,0.0,0.0,0.0,0.0,0.0,0.0,0.0,0.0,0.0,0.0,0.0,0.0,0.0,0.0,0.0,0.0,0.0,0.0,0.0,0.0,0.0,0.0,0.0,0.0,0.0,0.0,1.8719195e7,0.0,0.0,0.0,0.0,0.0,0.0,0.0,0.0,0.0,0.0,0.0,0.0,0.0,0.0,0.0,0.0,0.0,0.0,0.0,0.0,0.0,0.0,0.0,0.0,0.0,0.0,0.0,0.0,0.0,0.0,0.0,0.0,0.0,0.0,0.0,0.0,0.0,0.0,0.0,0.0,0.0,0.0,0.0,0.0,0.0,0.0,0.0,0.0,0.0,0.0,0.0,0.0,0.0,0.0,0.0,0.0,0.0,0.0,0.0,0.0,0.0,0.0,0.0,0.0,0.0,0.0,0.0,0.0,0.0,0.0,0.0,0.0,0.0,0.0,0.0,0.0,0.0,0.0,0.0,0.0,0.0,0.0,0.0,0.0,0.0,0.0,0.0,0.0,1.7796045e7,0.0,0.0,0.0,0.0,0.0,0.0,0.0,0.0,0.0,0.0,0.0,0.0,0.0,0.0,0.0,0.0,0.0,0.0,0.0,0.0,0.0,0.0,0.0,0.0,0.0,0.0,0.0,0.0,0.0,0.0,0.0,0.0,0.0,0.0,0.0,0.0,0.0,0.0,0.0,0.0,0.0,0.0,0.0,0.0,0.0,0.0,0.0,0.0,0.0,0.0,0.0,0.0,0.0,0.0,0.0,0.0,0.0,0.0,0.0,0.0,0.0,0.0,0.0,0.0,0.0,0.0,0.0,0.0,0.0,0.0,0.0,0.0,0.0,0.0,0.0,0.0,0.0,0.0,0.0,0.0,0.0,0.0,0.0,0.0,0.0,0.0,0.0,0.0,1.7643209e7,0.0,0.0,0.0,0.0,0.0,0.0,0.0,0.0,0.0,0.0,0.0,0.0,0.0,0.0,0.0,0.0,0.0,0.0,0.0,0.0,0.0,0.0,0.0,0.0,0.0,0.0,0.0,0.0,0.0,0.0,0.0,0.0,0.0,0.0,0.0,0.0,0.0,0.0,0.0,0.0,0.0,0.0,0.0,0.0,0.0,0.0,0.0,0.0,0.0,0.0,0.0,0.0,0.0,0.0,0.0,0.0,0.0,0.0,0.0,0.0,0.0,0.0,0.0,0.0,0.0,0.0,0.0,0.0,0.0,0.0,0.0,0.0,0.0,0.0,0.0,0.0,0.0,0.0,0.0,0.0,0.0,0.0,0.0,0.0,0.0,0.0,0.0,0.0,1.76091e7,0.0,0.0,0.0,0.0,0.0,0.0,0.0,0.0,0.0,0.0,0.0,0.0,0.0,0.0,0.0,0.0,0.0,0.0,0.0,0.0,0.0,0.0,0.0,0.0,0.0,0.0,0.0,0.0],"memory":2366032,"params":["Parameters",{"gctrial":true,"time_tolerance":0.05,"samples":10000,"evals":1,"gcsample":false,"seconds":5.0,"overhead":0.0,"memory_tolerance":0.01}],"times":[1.0668963e7,9.045616e6,8.956297e6,8.850715e6,8.57631e6,8.303371e6,8.353426e6,8.50878e6,8.487919e6,8.450906e6,8.469272e6,8.513262e6,8.106255e6,8.232242e6,8.213347e6,8.101365e6,8.097195e6,8.12116e6,8.089714e6,8.142681e6,8.094898e6,8.122319e6,8.10749e6,8.106114e6,8.125667e6,8.111419e6,8.115642e6,8.12193e6,8.068885e6,8.105165e6,8.092087e6,8.095731e6,8.079446e6,8.077289e6,8.070263e6,8.046495e6,8.097771e6,8.063586e6,8.14024e6,8.107001e6,8.139727e6,8.065143e6,8.092714e6,8.094398e6,8.05631e6,8.102732e6,8.079865e6,8.107792e6,8.06036e6,8.062408e6,8.099528e6,8.066192e6,8.08073e6,8.108083e6,8.06839e6,8.085592e6,8.078401e6,8.065459e6,8.15804e6,8.091109e6,8.103852e6,8.036597e6,8.061493e6,8.075865e6,8.061419e6,8.06187e6,8.110092e6,8.068682e6,8.056746e6,8.112067e6,8.029532e6,8.093772e6,8.07402e6,8.093995e6,8.039788e6,8.095072e6,8.083554e6,8.069925e6,8.058234e6,8.767987e6,8.096315e6,8.109469e6,8.141627e6,8.066934e6,8.06552e6,8.098349e6,8.076466e6,8.071728e6,2.7390306e7,7.44855e6,7.443387e6,7.41334e6,7.452174e6,7.428159e6,7.441597e6,7.48961e6,7.434352e6,7.419321e6,7.450899e6,7.424104e6,7.460146e6,7.424357e6,7.435864e6,7.404833e6,7.465086e6,7.441199e6,7.43375e6,7.509914e6,7.463529e6,7.453562e6,8.004868e6,8.105157e6,8.116894e6,8.081662e6,8.103135e6,8.100936e6,8.074481e6,1.6684494e7,1.2754545e7,1.2723314e7,1.2722117e7,1.2768839e7,1.2693645e7,1.2778835e7,1.276189e7,1.2439423e7,1.2276296e7,1.2356818e7,1.2215364e7,1.2130433e7,1.2212541e7,1.2220741e7,1.2159486e7,1.2173311e7,1.2224643e7,1.2204285e7,1.2239918e7,1.2192523e7,1.2177981e7,1.217164e7,1.2229999e7,1.220341e7,1.2227104e7,1.2177907e7,1.2192249e7,1.2171448e7,1.219156e7,1.2255776e7,1.2204068e7,1.2176019e7,1.2229952e7,1.2230619e7,1.2242976e7,1.2184617e7,1.2243428e7,1.2144042e7,1.2199881e7,1.221396e7,1.2161469e7,1.2209448e7,1.2229873e7,1.2181943e7,1.2303392e7,1.2217467e7,1.2198812e7,1.2181258e7,1.2220415e7,1.218323e7,1.2148016e7,1.2219991e7,1.2185394e7,1.2195587e7,1.2208879e7,1.2329669e7,1.2169757e7,1.2175434e7,3.0966353e7,1.2224711e7,1.1327122e7,1.1317881e7,1.1352165e7,1.1308187e7,1.1363273e7,1.1330328e7,1.133034e7,1.1297272e7,1.1302616e7,1.1329362e7,1.1322417e7,1.1309812e7,1.1306461e7,1.1348697e7,1.1304034e7,1.1289673e7,1.1352363e7,1.129302e7,1.1328242e7,1.1294332e7,1.1575998e7,1.2204723e7,1.2265709e7,1.2232219e7,1.2201906e7,1.218015e7,1.2276866e7,1.2164167e7,1.2227594e7,1.2204072e7,1.249081e7,1.2268103e7,1.2294054e7,1.2256764e7,1.2272072e7,1.2237503e7,1.2229941e7,1.2184185e7,1.2195952e7,1.2217159e7,1.2179616e7,1.2168512e7,1.2234497e7,1.2159354e7,1.2221477e7,1.22023e7,1.2233396e7,1.2135094e7,1.2243114e7,1.2194212e7,1.2170764e7,1.2169102e7,1.2240977e7,1.2159037e7,1.2207009e7,1.2208066e7,1.2201227e7,1.2213082e7,1.2246053e7,1.2198747e7,1.2155139e7,1.2190664e7,1.2205303e7,1.2168008e7,1.2210007e7,1.2288928e7,1.2171316e7,1.2217189e7,1.2205049e7,1.2166336e7,1.2243025e7,1.2166102e7,1.2195783e7,1.2162817e7,1.2204047e7,1.2202508e7,1.2162792e7,1.1501064e7,1.1547146e7,1.1402334e7,1.142665e7,1.1288146e7,1.1293688e7,1.126926e7,1.1305723e7,1.1270983e7,1.1309925e7,2.9807388e7,1.0485155e7,1.0467737e7,1.0455068e7,1.0487683e7,1.0467176e7,1.0497579e7,1.0548876e7,1.0563552e7,1.0486935e7,1.0505309e7,1.0446073e7,1.0485307e7,1.0447819e7,1.0486007e7,1.0413084e7,1.0483025e7,1.0498057e7,1.0461519e7,1.0467331e7,1.0488301e7,1.0473519e7,1.1070765e7,1.1336922e7,1.1370941e7,1.1330257e7,1.1347454e7,1.1332396e7,1.133948e7,1.1251539e7,1.1304338e7,1.2437607e7,1.2081215e7,1.1525828e7,1.1444966e7,1.144958e7,1.1532947e7,1.140401e7,1.1292769e7,1.1290533e7,1.1306642e7,1.1210725e7,1.1292778e7,1.1291977e7,1.1240779e7,1.1263923e7,1.1312892e7,1.1306232e7,1.1320052e7,1.1295711e7,1.1278434e7,1.1267291e7,1.1321297e7,1.1312105e7,1.1228525e7,1.1292782e7,1.1285325e7,1.1272914e7,1.1286958e7,1.1343975e7,1.1297715e7,1.1275997e7,1.131089e7,1.128584e7,1.1330092e7,1.1292228e7,1.1336655e7,1.1249602e7,1.1293893e7,1.13e7,1.1281776e7,1.1315219e7,1.1326961e7,1.1286796e7,1.1315611e7,1.1314809e7,1.1293936e7,1.1281815e7,1.1323794e7,1.129154e7,1.1260332e7,1.1317047e7,1.1296956e7,1.1303886e7,1.1303821e7,1.1335635e7,1.1260374e7,1.1262746e7,1.1349349e7,2.9506076e7,1.0516129e7,1.0481034e7,1.0492542e7,1.0468481e7,1.0496666e7,1.0482718e7,1.0505278e7,1.0455737e7,1.0510538e7,1.0487942e7,1.0453642e7,1.0449633e7,1.050275e7,1.0441462e7,1.0464191e7,1.0508491e7,1.0449692e7,1.0456378e7,1.0503368e7,1.0459919e7,1.0504249e7,1.1276696e7,1.1386806e7,1.1341641e7,1.1345848e7,1.1345701e7,1.1278312e7,1.1304937e7,1.1285349e7,1.1275673e7,1.1335145e7,1.1321718e7,1.1601389e7,1.0994803e7,1.0112827e7,1.0163587e7,1.0092862e7,1.0137535e7,1.011407e7,1.0109537e7,1.0020735e7,9.907753e6,9.842966e6,9.831173e6,9.87282e6,9.849321e6,9.909497e6,9.857577e6,9.887938e6,9.811507e6,9.859614e6,9.86953e6,9.854752e6,9.850833e6,9.847728e6,9.834474e6,9.860622e6,9.873847e6,9.877437e6,9.869752e6,9.871142e6,9.844629e6,9.845644e6,9.845911e6,9.894417e6,9.869795e6,9.864497e6,9.888487e6,9.855271e6,9.83701e6,9.906463e6,9.833879e6,9.865266e6,9.812627e6,9.889207e6,9.81265e6,9.866256e6,9.840757e6,9.854163e6,9.860442e6,9.874308e6,9.805594e6,9.882884e6,9.836693e6,9.850033e6,9.835046e6,9.86565e6,9.86944e6,2.785057e7,9.116475e6,9.15418e6,9.107424e6,9.13134e6,9.125572e6,9.164411e6,9.114206e6,9.134099e6,9.106425e6,9.118123e6,9.130538e6,9.118912e6,9.102368e6,9.1112e6,9.137014e6,9.115188e6,9.112939e6,9.120956e6,9.109766e6,9.125069e6,9.376736e6,9.937067e6,9.887067e6,9.930399e6,9.895253e6,9.879758e6,9.89293e6,9.933645e6]}]],"medians":[10.5133335]}