{"lengs":[149.9684835502374],"benchmarks":[["Trial",{"allocs":57861,"gctimes":[0.0,0.0],"memory":173994176,"params":["Parameters",{"gctrial":true,"time_tolerance":0.05,"samples":10000,"evals":1,"gcsample":false,"seconds":5.0,"overhead":0.0,"memory_tolerance":0.01}],"times":[2.811118584e9,2.832168529e9]}]],"medians":[2821.6435565]}