{"lengs":[10.0,21.544346900318832,46.4158883361278,100.0,215.44346900318845,464.15888336127773,1000.0],"benchmarks":[["Trial",{"allocs":10745,"gctimes":[0.0,0.0,0.0,0.0,0.0,0.0,0.0,0.0,0.0,0.0,0.0,0.0,0.0,0.0,0.0,0.0,0.0,0.0,0.0],"memory":517392,"params":["Parameters",{"gctrial":true,"time_tolerance":0.05,"samples":10000,"evals":1,"gcsample":false,"seconds":5.0,"overhead":0.0,"memory_tolerance":0.01}],"times":[2.75946442e8,2.69851331e8,2.69547104e8,2.6976893e8,2.7319991e8,2.69604617e8,2.68880154e8,2.72822089e8,2.69811412e8,2.69911154e8,2.68943856e8,2.73420518e8,2.68678417e8,2.76543258e8,2.69373164e8,2.8012141e8,2.82803931e8,2.83741705e8,2.74533236e8]}],["Trial",{"allocs":21867,"gctimes":[0.0,0.0,0.0,0.0,0.0,0.0,0.0,0.0,0.0],"memory":995360,"params":["Parameters",{"gctrial":true,"time_tolerance":0.05,"samples":10000,"evals":1,"gcsample":false,"seconds":5.0,"overhead":0.0,"memory_tolerance":0.01}],"times":[5.62015124e8,5.59840075e8,5.56902999e8,5.61544459e8,5.56870324e8,5.60823249e8,5.5684606e8,5.60348201e8,5.56316943e8]}],["Trial",{"allocs":57905,"gctimes":[0.0,0.0,0.0,0.0],"memory":2529184,"params":["Parameters",{"gctrial":true,"time_tolerance":0.05,"samples":10000,"evals":1,"gcsample":false,"seconds":5.0,"overhead":0.0,"memory_tolerance":0.01}],"times":[1.484120611e9,1.505956417e9,1.500225394e9,1.487591791e9]}],["Trial",{"allocs":185933,"gctimes":[0.0,0.0],"memory":8078240,"params":["Parameters",{"gctrial":true,"time_tolerance":0.05,"samples":10000,"evals":1,"gcsample":false,"seconds":5.0,"overhead":0.0,"memory_tolerance":0.01}],"times":[4.902858134e9,4.902309737e9]}],["Trial",{"allocs":329769,"gctimes":[0.0],"memory":14311152,"params":["Parameters",{"gctrial":true,"time_tolerance":0.05,"samples":10000,"evals":1,"gcsample":false,"seconds":5.0,"overhead":0.0,"memory_tolerance":0.01}],"times":[8.672175503e9]}],["Trial",{"allocs":520597,"gctimes":[0.0],"memory":22600880,"params":["Parameters",{"gctrial":true,"time_tolerance":0.05,"samples":10000,"evals":1,"gcsample":false,"seconds":5.0,"overhead":0.0,"memory_tolerance":0.01}],"times":[1.3738029103e10]}],["Trial",{"allocs":623863,"gctimes":[0.0],"memory":27085008,"params":["Parameters",{"gctrial":true,"time_tolerance":0.05,"samples":10000,"evals":1,"gcsample":false,"seconds":5.0,"overhead":0.0,"memory_tolerance":0.01}],"times":[1.6628199429e10]}]],"medians":[269.911154,559.840075,1493.9085925,4902.5839355,8672.175503,13738.029103,16628.199429]}