{"lengs":[10.0],"benchmarks":[["Trial",{"allocs":1461,"gctimes":[0.0,0.0,0.0,0.0,0.0,0.0,0.0,0.0,0.0,0.0,0.0,0.0,0.0,0.0,0.0,0.0,0.0,0.0,0.0,0.0,0.0,0.0,0.0,0.0,0.0,0.0,0.0,0.0,0.0,0.0,0.0,0.0,0.0,0.0,0.0,0.0,0.0,0.0,0.0],"memory":2507672,"params":["Parameters",{"gctrial":true,"time_tolerance":0.05,"samples":10000,"evals":1,"gcsample":false,"seconds":5.0,"overhead":0.0,"memory_tolerance":0.01}],"times":[1.32914643e8,1.31033586e8,1.30778523e8,1.30430985e8,1.30599728e8,1.30378262e8,1.32358783e8,1.30771164e8,1.30565923e8,1.30239381e8,1.30431753e8,1.30409598e8,1.30328142e8,1.30342123e8,1.33530514e8,1.30668746e8,1.3069964e8,1.30112198e8,1.31147815e8,1.30586683e8,1.3197413e8,1.3106854e8,1.33819672e8,1.30812991e8,1.3110752e8,1.30521013e8,1.3051528e8,1.30642023e8,1.30259371e8,1.31283764e8,1.33167349e8,1.30543421e8,1.30770859e8,1.30512444e8,1.30307411e8,1.31960153e8,1.31053593e8,1.31540075e8,1.33581171e8]}]],"medians":[130.69964]}