{"lengs":[1.9998618696327441],"benchmarks":[["Trial",{"allocs":3606,"gctimes":[0.0,0.0,0.0,0.0,0.0,0.0,0.0,0.0,0.0,0.0,0.0,0.0,0.0,0.0,0.0,0.0,0.0,0.0,0.0,0.0,0.0,0.0,0.0,0.0,0.0,0.0,0.0,0.0,0.0,0.0,0.0,0.0,0.0,0.0,0.0,0.0,0.0,0.0,0.0,0.0,0.0,0.0,0.0,0.0,0.0,0.0,0.0,0.0,0.0,0.0,0.0,0.0,0.0,0.0,0.0,0.0,0.0,0.0,0.0,0.0,0.0,0.0,0.0,0.0,0.0,0.0,0.0,0.0,0.0,0.0,0.0,0.0,0.0,0.0,0.0,0.0,0.0,0.0,0.0,0.0,0.0,0.0,0.0,0.0,0.0,0.0,0.0,0.0,0.0,0.0,0.0,0.0,0.0,0.0,0.0,0.0,0.0,0.0,0.0,0.0,0.0,0.0,0.0,0.0,0.0,0.0,0.0,0.0,0.0,0.0,0.0,0.0,0.0,0.0,0.0,0.0,0.0,0.0,0.0,0.0,0.0,0.0,0.0,0.0,0.0,0.0,0.0,0.0,0.0,0.0,0.0,0.0,0.0,0.0,0.0,0.0,0.0,0.0,0.0,0.0,0.0,0.0,0.0,0.0,0.0,0.0,0.0,0.0,0.0,0.0,0.0,0.0,0.0,0.0,0.0,0.0,0.0,0.0,0.0,0.0,0.0,0.0,0.0,0.0,0.0,0.0,0.0,0.0,0.0,0.0,0.0,0.0,0.0,0.0,0.0,0.0,0.0,0.0,0.0,0.0,0.0,0.0,0.0,0.0,0.0,0.0,0.0,0.0,0.0,0.0,0.0,0.0,0.0,0.0,0.0,0.0,0.0,0.0,0.0,0.0,0.0,0.0,0.0,0.0,0.0,0.0,0.0,0.0,0.0,0.0,0.0,0.0,0.0,0.0,0.0,0.0,0.0,0.0,0.0,0.0,0.0,0.0,0.0,0.0,0.0,0.0,0.0,0.0,0.0,0.0,0.0,0.0,0.0,0.0,0.0,0.0,0.0,0.0,0.0,0.0,0.0,0.0,0.0,0.0,0.0,0.0,0.0,0.0,0.0,0.0,0.0,0.0,0.0,0.0,0.0,0.0,0.0,0.0,0.0,0.0,0.0,0.0,0.0,0.0,0.0,0.0,0.0,0.0,0.0,0.0,0.0,0.0,0.0,0.0,0.0,0.0,0.0,0.0,0.0,0.0,0.0,0.0,0.0,0.0,0.0,0.0,0.0,0.0,0.0,0.0,0.0,0.0,0.0,0.0,0.0,0.0,0.0,0.0,0.0,0.0,0.0,0.0,0.0,0.0,0.0,0.0,0.0,0.0,0.0,0.0,0.0,0.0,0.0,0.0,0.0,0.0,0.0,0.0,0.0,0.0,0.0,0.0,0.0,0.0],"memory":434736,"params":["Parameters",{"gctrial":true,"time_tolerance":0.05,"samples":10000,"evals":1,"gcsample":false,"seconds":5.0,"overhead":0.0,"memory_tolerance":0.01}],"times":[1.8332472e7,1.7623213e7,1.7609427e7,1.7609731e7,1.7648225e7,1.7602032e7,1.7597956e7,1.7724551e7,1.7536343e7,1.7689447e7,1.7484735e7,1.7806024e7,1.7531223e7,1.7585407e7,1.7483024e7,1.7589771e7,1.7500461e7,1.7625024e7,1.7569045e7,1.7516699e7,1.7742882e7,1.7567751e7,1.767653e7,1.7581505e7,1.7787762e7,1.7511226e7,1.753151e7,1.7616807e7,1.7963332e7,1.8116465e7,1.7085068e7,1.5847574e7,1.6133384e7,1.5790791e7,1.5441997e7,1.559918e7,1.6357769e7,1.5987142e7,1.5892853e7,1.5077802e7,1.5004575e7,1.5070615e7,1.5030239e7,1.5041422e7,1.5015453e7,1.5076782e7,1.5220138e7,1.5111881e7,1.5209564e7,1.5028087e7,1.5225763e7,1.5087279e7,1.5069804e7,1.5025424e7,1.5085008e7,1.4983386e7,1.5077771e7,1.501044e7,1.5033745e7,1.5214898e7,1.5105425e7,1.5154489e7,1.5000278e7,1.5217921e7,1.5075304e7,1.5037686e7,1.5273021e7,1.5099058e7,1.505114e7,1.5054157e7,1.5028226e7,1.5005073e7,1.5260311e7,1.5000786e7,1.512898e7,1.5021191e7,1.5273033e7,1.5104472e7,1.5036465e7,1.5044775e7,1.5036462e7,1.5062559e7,1.5065448e7,1.4995974e7,1.5029119e7,1.5221964e7,1.5033168e7,1.5089027e7,1.5054151e7,1.5275373e7,1.5068643e7,1.5049046e7,1.5034789e7,1.5081164e7,1.5010294e7,1.5185047e7,1.6299425e7,1.6632834e7,1.5810301e7,1.5735311e7,1.5503057e7,1.5669349e7,1.5317013e7,1.5099931e7,1.5032289e7,1.5128282e7,1.5149137e7,1.5015432e7,1.5072815e7,1.5099412e7,1.5048391e7,1.5218143e7,1.5110916e7,1.5140646e7,1.4992487e7,1.5267651e7,1.5007603e7,1.5086792e7,1.5004896e7,1.5551806e7,1.5030776e7,1.5020698e7,1.5066563e7,1.5110221e7,1.5218679e7,1.525607e7,1.5134909e7,1.4996301e7,1.5239611e7,1.5019555e7,1.5077784e7,1.5024449e7,1.5043662e7,1.5101234e7,1.5042133e7,1.5055737e7,1.4985871e7,1.5264188e7,1.5114132e7,1.5119365e7,1.5012019e7,1.525963e7,1.4993583e7,1.5061558e7,1.5105964e7,1.5107518e7,1.5017309e7,1.5073279e7,1.5102781e7,1.5050209e7,1.5178507e7,1.5102516e7,1.5127927e7,1.5030592e7,1.5250394e7,1.504263e7,1.5074131e7,1.5035262e7,1.5107376e7,1.5022234e7,1.5189471e7,1.5143078e7,1.4994225e7,1.5189837e7,1.5067647e7,1.6495791e7,1.5916714e7,1.6022544e7,1.5667194e7,1.5068562e7,1.5066798e7,1.5061869e7,1.51041e7,1.50916e7,1.5048438e7,1.4988815e7,1.5203837e7,1.5077336e7,1.5240677e7,1.5064489e7,1.5272354e7,1.5093702e7,1.5017132e7,1.506477e7,1.5113246e7,1.5140598e7,1.5272118e7,1.5046154e7,1.5149904e7,1.5211387e7,1.4980203e7,1.5150678e7,1.5048215e7,1.5243193e7,1.5039826e7,1.5015813e7,1.504094e7,1.5078963e7,1.503675e7,1.5063057e7,1.5068242e7,1.5053548e7,1.5214204e7,1.5238478e7,1.5202192e7,1.4968263e7,1.5230061e7,1.5067771e7,1.5039284e7,1.5008567e7,1.5088763e7,1.5026011e7,1.5055316e7,1.5034658e7,1.5079671e7,1.5296003e7,1.5048952e7,1.5125387e7,1.5021767e7,1.5228586e7,1.498281e7,1.5046976e7,1.5034316e7,1.5083251e7,1.5024245e7,1.5109776e7,1.5105667e7,1.5032361e7,1.5260776e7,1.523882e7,1.5381986e7,1.5081899e7,1.5212825e7,1.5710354e7,1.5947738e7,1.5845393e7,1.5720157e7,1.5237082e7,1.5317805e7,1.5130678e7,1.5044161e7,1.5240935e7,1.5076812e7,1.5169455e7,1.5049047e7,1.5251569e7,1.5051405e7,1.5017039e7,1.5046028e7,1.508479e7,1.505039e7,1.5064327e7,1.5075695e7,1.5104251e7,1.5209831e7,1.4997504e7,1.5180614e7,1.5044208e7,1.5245532e7,1.5067118e7,1.5025601e7,1.5018338e7,1.5107175e7,1.5051023e7,1.5107287e7,1.5024996e7,1.5020246e7,1.5244309e7,1.5027838e7,1.5149074e7,1.5095041e7,1.5236085e7,1.5037444e7,1.5075101e7,1.5083446e7,1.5064299e7,1.5028429e7,1.7777453e7,1.5219729e7,1.5200326e7,1.5332712e7,1.4259171e7,1.4418494e7,1.4201477e7,1.4542962e7,1.429496e7,1.4286391e7,1.425654e7,1.4291728e7,1.4231855e7,1.4250359e7,1.4277461e7,1.4225695e7,1.4391468e7,1.4200884e7,1.432524e7,1.4208572e7,1.4414841e7,1.4247713e7,1.4244618e7,1.4229639e7,1.4277233e7,1.4289834e7,1.5293432e7,1.5602696e7,1.4800867e7,1.5128533e7,1.4492517e7,1.4822334e7,1.4461248e7,1.4504813e7,1.4486046e7,1.447962e7,1.4244312e7,1.4393736e7,1.4209366e7,1.4243324e7,1.4172172e7,1.4198031e7,1.7862438e7,2.3018376e7,2.3156557e7,2.3123596e7,2.3251643e7]}]],"medians":[15.0833485]}