{"lengs":[10.0,21.544346900318832,46.4158883361278,100.0,215.44346900318845,464.15888336127773,1000.0],"benchmarks":[["Trial",{"allocs":10795,"gctimes":[0.0,0.0,0.0,0.0,0.0,0.0,0.0,0.0,9.283547e6,0.0,0.0,0.0],"memory":55017856,"params":["Parameters",{"gctrial":true,"time_tolerance":0.05,"samples":10000,"evals":1,"gcsample":false,"seconds":5.0,"overhead":0.0,"memory_tolerance":0.01}],"times":[4.42717122e8,4.35669266e8,4.40382592e8,4.35838635e8,4.52130038e8,4.54721789e8,4.58676602e8,4.35738894e8,4.45831313e8,4.37531235e8,4.3354053e8,4.39722271e8]}],["Trial",{"allocs":14819,"gctimes":[0.0,0.0,0.0,0.0,0.0,8.942104e6,0.0],"memory":75119360,"params":["Parameters",{"gctrial":true,"time_tolerance":0.05,"samples":10000,"evals":1,"gcsample":false,"seconds":5.0,"overhead":0.0,"memory_tolerance":0.01}],"times":[7.52869348e8,7.51597329e8,7.26178551e8,7.18460329e8,7.13815496e8,7.3672036e8,7.17029086e8]}],["Trial",{"allocs":20419,"gctimes":[0.0,0.0],"memory":104799776,"params":["Parameters",{"gctrial":true,"time_tolerance":0.05,"samples":10000,"evals":1,"gcsample":false,"seconds":5.0,"overhead":0.0,"memory_tolerance":0.01}],"times":[3.912276752e9,3.792140206e9]}],["Trial",{"allocs":21140,"gctimes":[0.0],"memory":109468192,"params":["Parameters",{"gctrial":true,"time_tolerance":0.05,"samples":10000,"evals":1,"gcsample":false,"seconds":5.0,"overhead":0.0,"memory_tolerance":0.01}],"times":[7.24070445e9]}],["Trial",{"allocs":21778,"gctimes":[0.0],"memory":113749760,"params":["Parameters",{"gctrial":true,"time_tolerance":0.05,"samples":10000,"evals":1,"gcsample":false,"seconds":5.0,"overhead":0.0,"memory_tolerance":0.01}],"times":[1.1526092965e10]}],["Trial",{"allocs":26948,"gctimes":[0.0],"memory":142975664,"params":["Parameters",{"gctrial":true,"time_tolerance":0.05,"samples":10000,"evals":1,"gcsample":false,"seconds":5.0,"overhead":0.0,"memory_tolerance":0.01}],"times":[1.7755718481e10]}],["Trial",{"allocs":29338,"gctimes":[0.0],"memory":156469680,"params":["Parameters",{"gctrial":true,"time_tolerance":0.05,"samples":10000,"evals":1,"gcsample":false,"seconds":5.0,"overhead":0.0,"memory_tolerance":0.01}],"times":[2.2109146002e10]}]],"medians":[440.0524315,726.178551,3852.208479,7240.70445,11526.092965,17755.718481,22109.146002]}