{"lengs":[10.0,21.544346900318832,46.4158883361278,100.0,215.44346900318845,464.15888336127773,1000.0],"benchmarks":[["Trial",{"allocs":1187,"gctimes":[0.0,0.0,0.0,0.0],"memory":11604912,"params":["Parameters",{"gctrial":true,"time_tolerance":0.05,"samples":10000,"evals":1,"gcsample":false,"seconds":5.0,"overhead":0.0,"memory_tolerance":0.01}],"times":[1.254104594e9,1.253597948e9,1.25459949e9,1.255620844e9]}],["Trial",{"allocs":1403,"gctimes":[0.0,0.0,0.0,0.0],"memory":11611472,"params":["Parameters",{"gctrial":true,"time_tolerance":0.05,"samples":10000,"evals":1,"gcsample":false,"seconds":5.0,"overhead":0.0,"memory_tolerance":0.01}],"times":[1.361749063e9,1.361257198e9,1.392571772e9,1.411724529e9]}],["Trial",{"allocs":4033,"gctimes":[0.0,0.0],"memory":11693248,"params":["Parameters",{"gctrial":true,"time_tolerance":0.05,"samples":10000,"evals":1,"gcsample":false,"seconds":5.0,"overhead":0.0,"memory_tolerance":0.01}],"times":[2.852111332e9,2.848819164e9]}],["Trial",{"allocs":4707,"gctimes":[0.0,0.0],"memory":11714624,"params":["Parameters",{"gctrial":true,"time_tolerance":0.05,"samples":10000,"evals":1,"gcsample":false,"seconds":5.0,"overhead":0.0,"memory_tolerance":0.01}],"times":[3.468180636e9,3.454321538e9]}],["Trial",{"allocs":5615,"gctimes":[0.0,0.0],"memory":11743424,"params":["Parameters",{"gctrial":true,"time_tolerance":0.05,"samples":10000,"evals":1,"gcsample":false,"seconds":5.0,"overhead":0.0,"memory_tolerance":0.01}],"times":[4.131381297e9,4.213947643e9]}],["Trial",{"allocs":8285,"gctimes":[0.0],"memory":11829024,"params":["Parameters",{"gctrial":true,"time_tolerance":0.05,"samples":10000,"evals":1,"gcsample":false,"seconds":5.0,"overhead":0.0,"memory_tolerance":0.01}],"times":[5.418895731e9]}],["Trial",{"allocs":9489,"gctimes":[0.0],"memory":11864528,"params":["Parameters",{"gctrial":true,"time_tolerance":0.05,"samples":10000,"evals":1,"gcsample":false,"seconds":5.0,"overhead":0.0,"memory_tolerance":0.01}],"times":[6.543059183e9]}]],"medians":[1254.352042,1377.1604175,2850.465248,3461.251087,4172.66447,5418.895731,6543.059183]}