{"lengs":[10.0,21.544346900318832,46.4158883361278,100.0,215.44346900318845,464.15888336127773,1000.0],"benchmarks":[["Trial",{"allocs":466830,"gctimes":[0.0],"memory":36605808,"params":["Parameters",{"gctrial":true,"time_tolerance":0.05,"samples":10000,"evals":1,"gcsample":false,"seconds":5.0,"overhead":0.0,"memory_tolerance":0.01}],"times":[8.40347774228e11]}],["Trial",{"allocs":684650,"gctimes":[0.0],"memory":50769264,"params":["Parameters",{"gctrial":true,"time_tolerance":0.05,"samples":10000,"evals":1,"gcsample":false,"seconds":5.0,"overhead":0.0,"memory_tolerance":0.01}],"times":[1.22126824001e12]}],["Trial",{"allocs":692885,"gctimes":[0.0],"memory":56292048,"params":["Parameters",{"gctrial":true,"time_tolerance":0.05,"samples":10000,"evals":1,"gcsample":false,"seconds":5.0,"overhead":0.0,"memory_tolerance":0.01}],"times":[1.229730494729e12]}],["Trial",{"allocs":708429,"gctimes":[0.0],"memory":61135008,"params":["Parameters",{"gctrial":true,"time_tolerance":0.05,"samples":10000,"evals":1,"gcsample":false,"seconds":5.0,"overhead":0.0,"memory_tolerance":0.01}],"times":[1.23343755718e12]}],["Trial",{"allocs":919605,"gctimes":[0.0],"memory":81468720,"params":["Parameters",{"gctrial":true,"time_tolerance":0.05,"samples":10000,"evals":1,"gcsample":false,"seconds":5.0,"overhead":0.0,"memory_tolerance":0.01}],"times":[1.61393546046e12]}],["Trial",{"allocs":1342754,"gctimes":[0.0],"memory":126578928,"params":["Parameters",{"gctrial":true,"time_tolerance":0.05,"samples":10000,"evals":1,"gcsample":false,"seconds":5.0,"overhead":0.0,"memory_tolerance":0.01}],"times":[2.293869368363e12]}],["Trial",{"allocs":1524428,"gctimes":[0.0],"memory":149204640,"params":["Parameters",{"gctrial":true,"time_tolerance":0.05,"samples":10000,"evals":1,"gcsample":false,"seconds":5.0,"overhead":0.0,"memory_tolerance":0.01}],"times":[2.597821091363e12]}]],"medians":[840347.774228,1.22126824001e6,1.229730494729e6,1.23343755718e6,1.61393546046e6,2.293869368363e6,2.597821091363e6]}