{"lengs":[149.9684835502374],"benchmarks":[["Trial",{"allocs":986766,"gctimes":[2.359780068e9],"memory":13939476160,"params":["Parameters",{"gctrial":true,"time_tolerance":0.05,"samples":10000,"evals":1,"gcsample":false,"seconds":5.0,"overhead":0.0,"memory_tolerance":0.01}],"times":[4.4552921647e10]}]],"medians":[44552.921647]}