{"lengs":[10.0,21.544346900318832,46.4158883361278,100.0,215.44346900318845,464.15888336127773,1000.0],"benchmarks":[["Trial",{"allocs":38209,"gctimes":[0.0,8.909355e6],"memory":512093696,"params":["Parameters",{"gctrial":true,"time_tolerance":0.05,"samples":10000,"evals":1,"gcsample":false,"seconds":5.0,"overhead":0.0,"memory_tolerance":0.01}],"times":[2.718676155e9,2.728657425e9]}],["Trial",{"allocs":74490,"gctimes":[9.912714e6],"memory":1021770592,"params":["Parameters",{"gctrial":true,"time_tolerance":0.05,"samples":10000,"evals":1,"gcsample":false,"seconds":5.0,"overhead":0.0,"memory_tolerance":0.01}],"times":[6.118635005e9]}],["Trial",{"allocs":147993,"gctimes":[1.9649724e7],"memory":2054519664,"params":["Parameters",{"gctrial":true,"time_tolerance":0.05,"samples":10000,"evals":1,"gcsample":false,"seconds":5.0,"overhead":0.0,"memory_tolerance":0.01}],"times":[1.2901058021e10]}],["Trial",{"allocs":307782,"gctimes":[2.18292859e8],"memory":4300687632,"params":["Parameters",{"gctrial":true,"time_tolerance":0.05,"samples":10000,"evals":1,"gcsample":false,"seconds":5.0,"overhead":0.0,"memory_tolerance":0.01}],"times":[2.8373650739e10]}],["Trial",{"allocs":660954,"gctimes":[1.31531193e9],"memory":9263616512,"params":["Parameters",{"gctrial":true,"time_tolerance":0.05,"samples":10000,"evals":1,"gcsample":false,"seconds":5.0,"overhead":0.0,"memory_tolerance":0.01}],"times":[6.2799796317e10]}],["Trial",{"allocs":1419922,"gctimes":[2.748700348e9],"memory":19929971376,"params":["Parameters",{"gctrial":true,"time_tolerance":0.05,"samples":10000,"evals":1,"gcsample":false,"seconds":5.0,"overhead":0.0,"memory_tolerance":0.01}],"times":[1.37011532035e11]}],["Trial",{"allocs":3058250,"gctimes":[4.365548159e9],"memory":42950845464,"params":["Parameters",{"gctrial":true,"time_tolerance":0.05,"samples":10000,"evals":1,"gcsample":false,"seconds":5.0,"overhead":0.0,"memory_tolerance":0.01}],"times":[2.92649835738e11]}]],"medians":[2723.66679,6118.635005,12901.058021,28373.650739,62799.796317,137011.532035,292649.835738]}