{"lengs":[10.0,21.544346900318832,46.4158883361278,100.0,215.44346900318845,464.15888336127773,1000.0],"benchmarks":[["Trial",{"allocs":14,"gctimes":[0.0,0.0,0.0,0.0,0.0,0.0,0.0,0.0,0.0,0.0,0.0],"memory":91792,"params":["Parameters",{"gctrial":true,"time_tolerance":0.05,"samples":10000,"evals":1,"gcsample":false,"seconds":5.0,"overhead":0.0,"memory_tolerance":0.01}],"times":[6.05140421e8,5.88662133e8,4.84797344e8,4.06102075e8,4.79394033e8,4.57854536e8,3.98598708e8,4.6240984e8,4.83166964e8,5.87471683e8,5.49433607e8]}],["Trial",{"allocs":14,"gctimes":[0.0,0.0,0.0],"memory":91792,"params":["Parameters",{"gctrial":true,"time_tolerance":0.05,"samples":10000,"evals":1,"gcsample":false,"seconds":5.0,"overhead":0.0,"memory_tolerance":0.01}],"times":[2.020572441e9,1.782521285e9,1.786457602e9]}],["Trial",{"allocs":14,"gctimes":[0.0,0.0],"memory":91792,"params":["Parameters",{"gctrial":true,"time_tolerance":0.05,"samples":10000,"evals":1,"gcsample":false,"seconds":5.0,"overhead":0.0,"memory_tolerance":0.01}],"times":[4.567241058e9,5.754928677e9]}],["Trial",{"allocs":14,"gctimes":[0.0],"memory":91792,"params":["Parameters",{"gctrial":true,"time_tolerance":0.05,"samples":10000,"evals":1,"gcsample":false,"seconds":5.0,"overhead":0.0,"memory_tolerance":0.01}],"times":[1.0639975995e10]}],["Trial",{"allocs":14,"gctimes":[0.0],"memory":91792,"params":["Parameters",{"gctrial":true,"time_tolerance":0.05,"samples":10000,"evals":1,"gcsample":false,"seconds":5.0,"overhead":0.0,"memory_tolerance":0.01}],"times":[1.9992331713e10]}],["Trial",{"allocs":14,"gctimes":[0.0],"memory":91792,"params":["Parameters",{"gctrial":true,"time_tolerance":0.05,"samples":10000,"evals":1,"gcsample":false,"seconds":5.0,"overhead":0.0,"memory_tolerance":0.01}],"times":[3.2415638112e10]}],["Trial",{"allocs":14,"gctimes":[0.0],"memory":91792,"params":["Parameters",{"gctrial":true,"time_tolerance":0.05,"samples":10000,"evals":1,"gcsample":false,"seconds":5.0,"overhead":0.0,"memory_tolerance":0.01}],"times":[5.0438833749e10]}]],"medians":[483.166964,1786.457602,5161.0848675,10639.975995,19992.331713,32415.638112,50438.833749]}