{"lengs":[10.0,21.544346900318832,46.4158883361278,100.0,215.44346900318845,464.15888336127773,1000.0],"benchmarks":[["Trial",{"allocs":1461,"gctimes":[0.0,0.0,0.0,0.0,0.0,0.0,0.0,0.0,0.0,0.0,0.0,0.0,0.0,0.0,0.0,0.0,0.0,0.0,0.0,0.0,0.0,0.0,0.0,0.0,0.0,0.0,0.0,0.0,0.0,0.0,0.0,0.0,0.0,0.0,0.0,0.0,0.0],"memory":2606304,"params":["Parameters",{"gctrial":true,"time_tolerance":0.05,"samples":10000,"evals":1,"gcsample":false,"seconds":5.0,"overhead":0.0,"memory_tolerance":0.01}],"times":[1.36579341e8,1.35738697e8,1.35723256e8,1.35455464e8,1.39953361e8,1.35756366e8,1.35581481e8,1.35019272e8,1.35189132e8,1.35302279e8,1.35214889e8,1.35643768e8,1.39343159e8,1.35341896e8,1.35431366e8,1.35165304e8,1.35508904e8,1.35257446e8,1.34905147e8,1.39362234e8,1.43438835e8,1.43053577e8,1.42804279e8,1.42717543e8,1.42632305e8,1.42910273e8,1.36913507e8,1.40794612e8,1.35029558e8,1.38792869e8,1.35305206e8,1.35062802e8,1.35163674e8,1.35289268e8,1.38956035e8,1.3628139e8,1.36161654e8]}],["Trial",{"allocs":1502,"gctimes":[0.0,0.0,0.0,0.0,0.0,0.0,0.0,0.0,0.0,0.0,0.0,0.0,0.0,0.0,0.0,0.0,0.0,0.0,0.0,0.0,0.0,0.0,0.0,0.0,0.0],"memory":2682240,"params":["Parameters",{"gctrial":true,"time_tolerance":0.05,"samples":10000,"evals":1,"gcsample":false,"seconds":5.0,"overhead":0.0,"memory_tolerance":0.01}],"times":[2.07188073e8,2.07945776e8,2.07671843e8,2.05419953e8,1.97704212e8,2.03225232e8,1.96684877e8,1.97795103e8,1.96423292e8,1.96306534e8,2.01052661e8,1.96488672e8,1.97338061e8,2.09454912e8,2.07584029e8,2.05910255e8,2.00501647e8,1.97021241e8,1.96202368e8,1.96474044e8,2.01882546e8,1.98088036e8,1.98094045e8,1.97470473e8,1.97087791e8]}],["Trial",{"allocs":1589,"gctimes":[0.0,0.0,0.0,0.0,0.0,0.0,0.0,0.0,0.0,0.0,0.0,0.0,0.0,0.0,0.0,0.0],"memory":2845808,"params":["Parameters",{"gctrial":true,"time_tolerance":0.05,"samples":10000,"evals":1,"gcsample":false,"seconds":5.0,"overhead":0.0,"memory_tolerance":0.01}],"times":[3.08389264e8,3.25596674e8,3.18107872e8,3.04578394e8,3.09793648e8,3.04394121e8,3.04607601e8,3.0898789e8,3.21478175e8,3.08390505e8,3.05225935e8,3.19653004e8,3.20190843e8,3.21164011e8,3.21146075e8,3.20324805e8]}],["Trial",{"allocs":1876,"gctimes":[0.0,0.0,0.0,0.0,0.0,0.0,0.0,0.0,0.0,0.0,0.0,0.0,0.0],"memory":3433376,"params":["Parameters",{"gctrial":true,"time_tolerance":0.05,"samples":10000,"evals":1,"gcsample":false,"seconds":5.0,"overhead":0.0,"memory_tolerance":0.01}],"times":[3.9633371e8,3.89426323e8,3.89564093e8,3.9389941e8,3.8928766e8,3.92757026e8,3.90233192e8,3.89716232e8,3.95059281e8,3.90117728e8,3.92611273e8,3.95735955e8,3.90090351e8]}],["Trial",{"allocs":2080,"gctimes":[0.0,0.0,0.0,0.0,0.0,0.0,0.0,0.0,0.0,0.0,0.0],"memory":3898816,"params":["Parameters",{"gctrial":true,"time_tolerance":0.05,"samples":10000,"evals":1,"gcsample":false,"seconds":5.0,"overhead":0.0,"memory_tolerance":0.01}],"times":[4.71089929e8,4.98356791e8,4.95318852e8,4.9770176e8,4.69520315e8,4.74092865e8,4.69374968e8,4.76626442e8,4.67748355e8,4.81465924e8,4.95075022e8]}],["Trial",{"allocs":2422,"gctimes":[0.0,0.0,0.0,0.0,0.0,0.0,0.0,0.0,0.0,0.0],"memory":4613120,"params":["Parameters",{"gctrial":true,"time_tolerance":0.05,"samples":10000,"evals":1,"gcsample":false,"seconds":5.0,"overhead":0.0,"memory_tolerance":0.01}],"times":[4.98513555e8,5.2426796e8,5.23634843e8,5.0733203e8,4.99160311e8,5.19544575e8,5.25125933e8,5.08423389e8,4.97717197e8,5.02086885e8]}],["Trial",{"allocs":2553,"gctimes":[0.0,0.0,0.0,0.0,0.0,0.0,0.0,0.0,0.0,0.0],"memory":4894336,"params":["Parameters",{"gctrial":true,"time_tolerance":0.05,"samples":10000,"evals":1,"gcsample":false,"seconds":5.0,"overhead":0.0,"memory_tolerance":0.01}],"times":[5.07882701e8,5.06169822e8,5.02580722e8,5.05527265e8,5.00920978e8,5.05644227e8,5.02233753e8,5.10135775e8,5.31436364e8,5.26251414e8]}]],"medians":[135.723256,198.088036,313.95076,390.233192,476.626442,507.8777095,505.9070245]}