{"lengs":[10.0,21.544346900318832,46.4158883361278,100.0,215.44346900318845,464.15888336127773,1000.0],"benchmarks":[["Trial",{"allocs":3971,"gctimes":[0.0,0.0,0.0,0.0,0.0],"memory":4226352,"params":["Parameters",{"gctrial":true,"time_tolerance":0.05,"samples":10000,"evals":1,"gcsample":false,"seconds":5.0,"overhead":0.0,"memory_tolerance":0.01}],"times":[1.232969109e9,1.186928878e9,1.173343074e9,1.180417725e9,1.177552129e9]}],["Trial",{"allocs":4946,"gctimes":[0.0,0.0,0.0,0.0],"memory":4495152,"params":["Parameters",{"gctrial":true,"time_tolerance":0.05,"samples":10000,"evals":1,"gcsample":false,"seconds":5.0,"overhead":0.0,"memory_tolerance":0.01}],"times":[1.495652722e9,1.512457073e9,1.535839089e9,2.102278563e9]}],["Trial",{"allocs":6441,"gctimes":[0.0,0.0,0.0],"memory":4907312,"params":["Parameters",{"gctrial":true,"time_tolerance":0.05,"samples":10000,"evals":1,"gcsample":false,"seconds":5.0,"overhead":0.0,"memory_tolerance":0.01}],"times":[2.048437667e9,2.06818664e9,2.498284466e9]}],["Trial",{"allocs":6935,"gctimes":[0.0,0.0,0.0],"memory":5043504,"params":["Parameters",{"gctrial":true,"time_tolerance":0.05,"samples":10000,"evals":1,"gcsample":false,"seconds":5.0,"overhead":0.0,"memory_tolerance":0.01}],"times":[2.221557935e9,2.239761931e9,2.187732191e9]}],["Trial",{"allocs":7208,"gctimes":[0.0,0.0,0.0],"memory":5118768,"params":["Parameters",{"gctrial":true,"time_tolerance":0.05,"samples":10000,"evals":1,"gcsample":false,"seconds":5.0,"overhead":0.0,"memory_tolerance":0.01}],"times":[2.259266355e9,2.244641477e9,2.309881802e9]}],["Trial",{"allocs":7325,"gctimes":[0.0,0.0,0.0],"memory":5151024,"params":["Parameters",{"gctrial":true,"time_tolerance":0.05,"samples":10000,"evals":1,"gcsample":false,"seconds":5.0,"overhead":0.0,"memory_tolerance":0.01}],"times":[2.288820615e9,2.28151072e9,2.2807233e9]}],["Trial",{"allocs":7351,"gctimes":[0.0,0.0,0.0],"memory":5158192,"params":["Parameters",{"gctrial":true,"time_tolerance":0.05,"samples":10000,"evals":1,"gcsample":false,"seconds":5.0,"overhead":0.0,"memory_tolerance":0.01}],"times":[2.343810065e9,2.279359749e9,2.286860208e9]}]],"medians":[1180.417725,1524.148081,2068.18664,2221.557935,2259.266355,2281.51072,2286.860208]}