{"lengs":[10.0,21.544346900318832,46.4158883361278,100.0,215.44346900318845,464.15888336127773,1000.0],"benchmarks":[["Trial",{"allocs":4071,"gctimes":[0.0,0.0,0.0,0.0,0.0,0.0,0.0,0.0,0.0,0.0,0.0,0.0,0.0,0.0,0.0,0.0,0.0,0.0,0.0,0.0,0.0,0.0,0.0,0.0,0.0,0.0,0.0,0.0,0.0,0.0,0.0,0.0,0.0,1.0279305e7,0.0,0.0,0.0,0.0,0.0,0.0,0.0,0.0,0.0,0.0,0.0,0.0,0.0,0.0,0.0,0.0,0.0,0.0,0.0,0.0,0.0,0.0,0.0,0.0,0.0,0.0,0.0,0.0,0.0,0.0,0.0,0.0,0.0,1.0613756e7,0.0,0.0,0.0,0.0,0.0,0.0,0.0,0.0,0.0,0.0,0.0,0.0,0.0,0.0],"memory":7473312,"params":["Parameters",{"gctrial":true,"time_tolerance":0.05,"samples":10000,"evals":1,"gcsample":false,"seconds":5.0,"overhead":0.0,"memory_tolerance":0.01}],"times":[5.2276399e7,5.1527398e7,5.1333815e7,5.1192605e7,5.1278537e7,5.1206261e7,5.1085141e7,5.0809624e7,4.8595024e7,4.8606985e7,4.842357e7,4.8642723e7,4.8629888e7,4.8781155e7,4.9565768e7,5.0775327e7,4.8846015e7,4.8569759e7,4.859398e7,4.8767024e7,4.862022e7,4.8542983e7,4.854278e7,4.8440288e7,4.860073e7,4.8497563e7,4.8523245e7,4.8437365e7,4.8577374e7,4.8541123e7,4.8370416e7,4.8407518e7,4.8449516e7,5.934038e7,4.8919836e7,4.8562062e7,5.1813739e7,4.8682859e7,4.8325981e7,4.8674322e7,4.8649102e7,4.8295999e7,6.2202749e7,7.6927595e7,7.6804699e7,7.6691787e7,7.6917835e7,7.6722189e7,7.7025215e7,7.6812356e7,7.6931098e7,7.702976e7,7.4667987e7,7.3768146e7,7.3770633e7,7.3597523e7,7.3695553e7,7.3647599e7,7.3744545e7,7.3717902e7,7.3762369e7,7.3520355e7,7.381792e7,7.3556287e7,7.3599959e7,7.3683549e7,7.4120425e7,8.503248e7,7.3927463e7,7.4063037e7,7.3723907e7,7.3617738e7,7.3779317e7,7.4212663e7,7.3904317e7,7.3794801e7,7.364213e7,7.3850155e7,7.3772228e7,7.3735316e7,6.9588312e7,6.811535e7]}],["Trial",{"allocs":4385,"gctimes":[0.0,0.0,0.0,0.0,0.0,0.0,0.0,0.0,0.0,0.0,0.0,0.0,0.0,0.0,0.0,0.0,0.0,0.0,0.0,0.0,0.0,0.0,0.0,0.0,0.0,0.0,0.0,0.0,0.0,0.0,0.0,1.0253932e7,0.0,0.0,0.0,0.0,0.0,0.0,0.0,0.0,0.0,0.0,0.0,0.0,0.0,0.0,0.0,0.0,0.0,0.0,0.0,0.0,0.0,0.0,0.0,0.0,0.0,0.0,0.0,0.0,0.0,0.0,0.0,1.0603365e7,0.0,0.0,0.0,0.0,0.0,0.0,0.0,0.0,0.0,0.0,0.0,0.0,0.0,0.0,0.0,0.0,0.0,0.0],"memory":7945168,"params":["Parameters",{"gctrial":true,"time_tolerance":0.05,"samples":10000,"evals":1,"gcsample":false,"seconds":5.0,"overhead":0.0,"memory_tolerance":0.01}],"times":[6.1466856e7,6.0597651e7,6.0671811e7,6.0431872e7,6.0430465e7,6.0622204e7,6.0452738e7,6.0445178e7,6.0401187e7,6.0333626e7,6.0192868e7,6.0237614e7,6.0286587e7,6.0024092e7,6.015238e7,6.3931062e7,6.0722258e7,6.0198729e7,6.0122165e7,6.023175e7,6.0168161e7,6.0165833e7,6.0204451e7,6.0173753e7,6.0400996e7,6.0214412e7,6.0118497e7,6.0094574e7,6.009376e7,6.0157817e7,6.0038073e7,7.0939894e7,6.4012124e7,6.1933981e7,6.0274501e7,6.0202656e7,6.0219576e7,6.0118368e7,5.9987998e7,6.0042467e7,6.0035493e7,6.0164273e7,6.0011804e7,6.0066075e7,6.003367e7,6.0116424e7,6.0140802e7,6.0521834e7,5.9916332e7,6.2591197e7,6.2282452e7,6.0155608e7,6.0100447e7,6.0502071e7,5.9891674e7,6.0100173e7,6.019326e7,6.0195291e7,6.0089924e7,6.020308e7,6.0137522e7,6.1365632e7,6.1215096e7,7.1337052e7,6.0420545e7,6.0062197e7,6.3347537e7,6.5708284e7,6.3417816e7,6.360778e7,6.3546214e7,6.3388182e7,6.3431885e7,6.3399466e7,6.3684433e7,6.3656506e7,6.3364338e7,6.3530253e7,6.3333572e7,6.3343501e7,6.324638e7,6.3383021e7]}],["Trial",{"allocs":4838,"gctimes":[0.0,0.0,0.0,0.0,0.0,0.0,0.0,0.0,0.0,0.0,0.0,0.0,0.0,0.0,0.0,0.0,0.0,0.0,0.0,0.0,0.0,0.0,0.0,0.0,0.0,0.0,0.0,0.0,1.0306378e7,0.0,0.0,0.0,0.0,0.0,0.0,0.0,0.0,0.0,0.0,0.0,0.0,0.0,0.0,0.0,0.0,0.0,0.0,0.0,0.0,0.0,0.0,0.0,0.0,0.0,0.0,0.0,0.0],"memory":8746464,"params":["Parameters",{"gctrial":true,"time_tolerance":0.05,"samples":10000,"evals":1,"gcsample":false,"seconds":5.0,"overhead":0.0,"memory_tolerance":0.01}],"times":[9.1535903e7,9.1381547e7,8.9503962e7,8.7740677e7,8.7728636e7,8.7538791e7,8.7659903e7,8.7639434e7,8.7880377e7,9.3200283e7,8.911243e7,8.7687144e7,8.797193e7,8.7624261e7,8.7826692e7,8.7804381e7,8.7678995e7,8.7543517e7,8.7563392e7,8.7596566e7,8.7543917e7,9.3974427e7,8.8795505e7,8.7664696e7,8.7507423e7,8.7478627e7,8.7548307e7,8.7677037e7,9.8404927e7,8.7912171e7,8.7816923e7,8.7453007e7,8.7521789e7,9.2454327e7,8.7946715e7,8.7511472e7,8.7445695e7,8.7397883e7,8.7526954e7,8.7586497e7,8.7667195e7,8.7551725e7,8.7831318e7,8.734274e7,8.8431664e7,9.0539005e7,8.7688854e7,8.7590691e7,8.733143e7,8.7545233e7,8.7443819e7,8.7353341e7,8.7387104e7,8.7456734e7,8.7459207e7,8.7372298e7,8.9449594e7]}],["Trial",{"allocs":5272,"gctimes":[0.0,0.0,0.0,0.0,0.0,0.0,0.0,0.0,0.0,0.0,0.0,0.0,0.0,0.0,0.0,0.0,0.0,0.0,0.0,0.0,0.0,0.0,0.0,0.0,0.0,0.0,1.4783479e7,0.0,0.0,0.0,0.0,0.0,0.0,0.0,0.0,0.0,0.0,0.0,0.0],"memory":9566704,"params":["Parameters",{"gctrial":true,"time_tolerance":0.05,"samples":10000,"evals":1,"gcsample":false,"seconds":5.0,"overhead":0.0,"memory_tolerance":0.01}],"times":[1.11528457e8,1.10916241e8,1.10330834e8,1.13623231e8,1.10801686e8,1.1066422e8,1.10343531e8,1.10185662e8,1.10171992e8,1.11516212e8,1.10413946e8,1.10381847e8,1.10913066e8,1.1378815e8,1.10453892e8,1.10431305e8,1.10211245e8,1.10116803e8,1.10253637e8,1.43219487e8,1.66827469e8,1.63716911e8,1.60283356e8,1.59966211e8,1.60082714e8,1.59665187e8,1.75377232e8,1.57067783e8,1.48581418e8,1.47453201e8,1.4751169e8,1.47307726e8,1.47617799e8,1.47392383e8,1.48062232e8,1.29598639e8,1.28802391e8,1.28030413e8,1.2795714e8]}],["Trial",{"allocs":5763,"gctimes":[0.0,0.0,0.0,0.0,0.0,0.0,0.0,0.0,0.0,0.0,0.0,0.0,0.0,0.0,0.0,0.0,0.0,0.0,0.0,0.0,0.0,0.0,0.0,1.0132513e7,0.0,0.0,0.0,0.0,0.0,0.0,0.0,0.0,0.0,0.0,0.0,0.0],"memory":10566864,"params":["Parameters",{"gctrial":true,"time_tolerance":0.05,"samples":10000,"evals":1,"gcsample":false,"seconds":5.0,"overhead":0.0,"memory_tolerance":0.01}],"times":[1.76535415e8,1.75935215e8,1.75299151e8,1.75004013e8,1.68095767e8,1.52281814e8,1.52064497e8,1.52127512e8,1.51605249e8,1.51754671e8,1.52214773e8,1.57892425e8,1.42264672e8,1.30667446e8,1.30699148e8,1.30896366e8,1.30787104e8,1.31148652e8,1.31373353e8,1.37198519e8,1.34317997e8,1.34104042e8,1.30951723e8,1.41597948e8,1.31201128e8,1.30329087e8,1.33115169e8,1.32175329e8,1.3194478e8,1.27916106e8,1.23736975e8,1.238436e8,1.23880954e8,1.23898458e8,1.25701007e8,1.26736201e8]}],["Trial",{"allocs":6356,"gctimes":[0.0,0.0,0.0,0.0,0.0,0.0,0.0,0.0,0.0,0.0,0.0,0.0,0.0,0.0,0.0,0.0,0.0,0.0,0.0,0.0,0.0,9.92263e6,0.0,0.0,0.0,0.0,0.0,0.0,0.0,0.0,0.0,0.0,0.0,0.0,0.0,0.0,0.0],"memory":11936224,"params":["Parameters",{"gctrial":true,"time_tolerance":0.05,"samples":10000,"evals":1,"gcsample":false,"seconds":5.0,"overhead":0.0,"memory_tolerance":0.01}],"times":[1.38038872e8,1.36693409e8,1.36668176e8,1.36440053e8,1.36379664e8,1.40744426e8,1.36549774e8,1.36572123e8,1.36558834e8,1.36910697e8,1.36847436e8,1.36708396e8,1.40977035e8,1.37563127e8,1.36819104e8,1.36562755e8,1.37152515e8,1.36879498e8,1.36450575e8,1.37033941e8,1.42418818e8,1.47391993e8,1.36481672e8,1.36551024e8,1.36703549e8,1.36255356e8,1.36678368e8,1.40448346e8,1.36936347e8,1.36544897e8,1.36466495e8,1.3677065e8,1.36723644e8,1.36514454e8,1.37644377e8,1.45939481e8,1.44895253e8]}],["Trial",{"allocs":6473,"gctimes":[0.0,0.0,0.0,0.0,0.0,0.0,0.0,0.0,0.0,0.0,0.0,0.0,0.0,0.0,0.0,0.0,0.0,0.0,0.0,0.0,9.904086e6,0.0,0.0,0.0,0.0,0.0,0.0,0.0,0.0,0.0,0.0,0.0,0.0,0.0,0.0,0.0],"memory":12175456,"params":["Parameters",{"gctrial":true,"time_tolerance":0.05,"samples":10000,"evals":1,"gcsample":false,"seconds":5.0,"overhead":0.0,"memory_tolerance":0.01}],"times":[1.49190974e8,1.45385305e8,1.45295299e8,1.45399408e8,1.45376613e8,1.45429571e8,1.45241e8,1.47755314e8,1.37351969e8,1.37764339e8,1.37945125e8,1.37721612e8,1.3756525e8,1.37592893e8,1.40864445e8,1.38654708e8,1.37757248e8,1.37722109e8,1.37108649e8,1.37586357e8,1.47866014e8,1.3855654e8,1.41233114e8,1.37711803e8,1.37542487e8,1.37849228e8,1.37609328e8,1.37392573e8,1.37535965e8,1.41378644e8,1.40082371e8,1.37555647e8,1.37161427e8,1.37439586e8,1.37313578e8,1.37274704e8]}]],"medians":[55.8083895,60.280544,87.659903,127.95714,132.645249,136.723644,137.7607935]}