{"lengs":[10.0,21.544346900318832,46.4158883361278,100.0,215.44346900318845,464.15888336127773,1000.0],"benchmarks":[["Trial",{"allocs":9343,"gctimes":[0.0,0.0,0.0,0.0,0.0,0.0,0.0,0.0,0.0,1.010264e7,0.0,0.0,0.0,0.0,0.0,0.0,0.0,0.0],"memory":44270816,"params":["Parameters",{"gctrial":true,"time_tolerance":0.05,"samples":10000,"evals":1,"gcsample":false,"seconds":5.0,"overhead":0.0,"memory_tolerance":0.01}],"times":[2.74342611e8,2.73598774e8,2.77462775e8,2.75800982e8,2.75822855e8,2.88326877e8,2.92352325e8,2.91049386e8,2.74981877e8,2.85822522e8,2.86844909e8,2.88071245e8,2.88250674e8,2.92041224e8,2.74741182e8,2.74209188e8,2.73350337e8,2.776283e8]}],["Trial",{"allocs":9610,"gctimes":[0.0,0.0,0.0,0.0,0.0,0.0,0.0,0.0,0.0,1.0073038e7,0.0,0.0,0.0,0.0,0.0],"memory":45324656,"params":["Parameters",{"gctrial":true,"time_tolerance":0.05,"samples":10000,"evals":1,"gcsample":false,"seconds":5.0,"overhead":0.0,"memory_tolerance":0.01}],"times":[3.46284411e8,3.42515823e8,3.41359029e8,3.40131781e8,3.43678745e8,3.58488202e8,3.5810456e8,3.57875365e8,3.41367475e8,3.50804386e8,3.4273848e8,3.42425243e8,3.40916111e8,3.4757583e8,3.55438968e8]}],["Trial",{"allocs":14199,"gctimes":[0.0,0.0,0.0,0.0,0.0],"memory":66213904,"params":["Parameters",{"gctrial":true,"time_tolerance":0.05,"samples":10000,"evals":1,"gcsample":false,"seconds":5.0,"overhead":0.0,"memory_tolerance":0.01}],"times":[1.109993274e9,1.102223036e9,1.081468638e9,1.084667586e9,1.082466825e9]}],["Trial",{"allocs":14964,"gctimes":[0.0,0.0,0.0],"memory":70612512,"params":["Parameters",{"gctrial":true,"time_tolerance":0.05,"samples":10000,"evals":1,"gcsample":false,"seconds":5.0,"overhead":0.0,"memory_tolerance":0.01}],"times":[1.757951768e9,1.758145563e9,1.752297193e9]}],["Trial",{"allocs":15687,"gctimes":[0.0,0.0,0.0],"memory":74577072,"params":["Parameters",{"gctrial":true,"time_tolerance":0.05,"samples":10000,"evals":1,"gcsample":false,"seconds":5.0,"overhead":0.0,"memory_tolerance":0.01}],"times":[2.438272558e9,2.408320116e9,2.389162028e9]}],["Trial",{"allocs":18589,"gctimes":[0.0,0.0],"memory":88400016,"params":["Parameters",{"gctrial":true,"time_tolerance":0.05,"samples":10000,"evals":1,"gcsample":false,"seconds":5.0,"overhead":0.0,"memory_tolerance":0.01}],"times":[3.656431408e9,3.515275586e9]}],["Trial",{"allocs":33988,"gctimes":[0.0,0.0],"memory":162816800,"params":["Parameters",{"gctrial":true,"time_tolerance":0.05,"samples":10000,"evals":1,"gcsample":false,"seconds":5.0,"overhead":0.0,"memory_tolerance":0.01}],"times":[4.108729433e9,4.016140144e9]}]],"medians":[277.5455375,343.678745,1084.667586,1757.951768,2408.320116,3585.853497,4062.4347885]}