{"lengs":[10.0],"benchmarks":[["Trial",{"allocs":3309,"gctimes":[0.0,0.0,0.0,0.0,0.0,0.0,0.0,0.0,0.0,0.0,0.0,0.0,0.0,0.0,0.0,0.0,0.0,0.0,0.0,0.0,0.0,0.0,0.0,0.0],"memory":3377712,"params":["Parameters",{"gctrial":true,"time_tolerance":0.05,"samples":10000,"evals":1,"gcsample":false,"seconds":5.0,"overhead":0.0,"memory_tolerance":0.01}],"times":[2.09998355e8,2.08381029e8,2.06446449e8,2.12267803e8,2.10057463e8,2.11043671e8,2.05075313e8,2.04232834e8,2.10395153e8,2.09956332e8,2.09007881e8,2.07944088e8,2.11238989e8,2.15593172e8,2.15005321e8,2.19787941e8,2.11373161e8,2.07896531e8,2.1966558e8,2.10833301e8,2.13824246e8,2.1106263e8,2.07198895e8,2.11345621e8]}]],"medians":[210.614227]}