{"lengs":[10.0,21.544346900318832,46.4158883361278,100.0,215.44346900318845,464.15888336127773,1000.0],"benchmarks":[["Trial",{"allocs":2870144,"gctimes":[0.0,1.9172466e7,1.8912475e7],"memory":230376920,"params":["Parameters",{"gctrial":true,"time_tolerance":0.05,"samples":10000,"evals":1,"gcsample":false,"seconds":5.0,"overhead":0.0,"memory_tolerance":0.01}],"times":[1.738706572e9,1.690929874e9,1.645852015e9]}],["Trial",{"allocs":3541321,"gctimes":[1.9110503e7,1.9429193e7,2.0272563e7],"memory":283851848,"params":["Parameters",{"gctrial":true,"time_tolerance":0.05,"samples":10000,"evals":1,"gcsample":false,"seconds":5.0,"overhead":0.0,"memory_tolerance":0.01}],"times":[2.055893235e9,2.083086153e9,2.003728314e9]}],["Trial",{"allocs":4479754,"gctimes":[1.8246977e7,1.8796334e7,4.6920856e7],"memory":358619960,"params":["Parameters",{"gctrial":true,"time_tolerance":0.05,"samples":10000,"evals":1,"gcsample":false,"seconds":5.0,"overhead":0.0,"memory_tolerance":0.01}],"times":[2.448091474e9,2.50103466e9,2.519540197e9]}],["Trial",{"allocs":4756121,"gctimes":[1.8986186e7,1.9207497e7],"memory":380639048,"params":["Parameters",{"gctrial":true,"time_tolerance":0.05,"samples":10000,"evals":1,"gcsample":false,"seconds":5.0,"overhead":0.0,"memory_tolerance":0.01}],"times":[2.713812367e9,2.68279562e9]}],["Trial",{"allocs":4889749,"gctimes":[1.8409926e7,2.068072e7],"memory":391285640,"params":["Parameters",{"gctrial":true,"time_tolerance":0.05,"samples":10000,"evals":1,"gcsample":false,"seconds":5.0,"overhead":0.0,"memory_tolerance":0.01}],"times":[2.689664992e9,3.13857624e9]}],["Trial",{"allocs":4926193,"gctimes":[1.8125635e7,2.1426827e7],"memory":394189256,"params":["Parameters",{"gctrial":true,"time_tolerance":0.05,"samples":10000,"evals":1,"gcsample":false,"seconds":5.0,"overhead":0.0,"memory_tolerance":0.01}],"times":[2.67343678e9,2.698641338e9]}],["Trial",{"allocs":4932267,"gctimes":[2.3330222e7,3.88923e7],"memory":394673192,"params":["Parameters",{"gctrial":true,"time_tolerance":0.05,"samples":10000,"evals":1,"gcsample":false,"seconds":5.0,"overhead":0.0,"memory_tolerance":0.01}],"times":[2.949351167e9,2.918543067e9]}]],"medians":[1690.929874,2055.893235,2501.03466,2698.3039935,2914.120616,2686.039059,2933.947117]}