{"lengs":[10.0,21.544346900318832,46.4158883361278,100.0,215.44346900318845,464.15888336127773,1000.0],"benchmarks":[["Trial",{"allocs":26314,"gctimes":[0.0,0.0,0.0,0.0,0.0,0.0,0.0,0.0,0.0,0.0,0.0,0.0,0.0,0.0,0.0,0.0,0.0,0.0,0.0,0.0,0.0,0.0,0.0,0.0,0.0,0.0,0.0,0.0,0.0,0.0,9.639174e6,0.0,0.0,0.0,0.0,0.0],"memory":8504504,"params":["Parameters",{"gctrial":true,"time_tolerance":0.05,"samples":10000,"evals":1,"gcsample":false,"seconds":5.0,"overhead":0.0,"memory_tolerance":0.01}],"times":[1.43484574e8,1.41215948e8,1.40081527e8,1.39382441e8,1.4194429e8,1.46445221e8,1.41417699e8,1.38749134e8,1.41044407e8,1.40475658e8,1.42419014e8,1.39478343e8,1.41355536e8,1.41783772e8,1.41647684e8,1.40254924e8,1.4138189e8,1.40745762e8,1.40693204e8,1.41238639e8,1.36851157e8,1.37911025e8,1.30965451e8,1.32127143e8,1.27086573e8,1.29672618e8,1.31984084e8,1.52930146e8,1.41328061e8,1.42924198e8,1.5808769e8,1.45726595e8,1.40500482e8,1.41685352e8,1.44082266e8,1.38770457e8]}],["Trial",{"allocs":31658,"gctimes":[0.0,0.0,0.0,0.0,0.0,0.0,0.0,0.0,0.0,0.0,0.0,0.0,0.0,0.0,0.0,0.0,0.0,0.0,0.0,0.0,0.0,0.0,0.0,0.0,0.0,0.0,0.0,0.0,1.4971916e7,0.0,0.0,0.0,0.0],"memory":8984920,"params":["Parameters",{"gctrial":true,"time_tolerance":0.05,"samples":10000,"evals":1,"gcsample":false,"seconds":5.0,"overhead":0.0,"memory_tolerance":0.01}],"times":[1.72897215e8,1.7052739e8,1.70232564e8,1.70511969e8,1.6938226e8,1.58229971e8,1.56858725e8,1.57441302e8,1.59978451e8,1.59700664e8,1.56231657e8,1.54221662e8,1.51053386e8,1.51391271e8,1.51210403e8,1.50360645e8,1.51951961e8,1.50561052e8,1.5417695e8,1.50535065e8,1.49787327e8,1.51064969e8,1.51657025e8,1.52813753e8,1.51162197e8,1.52785416e8,1.48261596e8,1.50424915e8,1.63646704e8,1.47857699e8,1.4718629e8,1.48419742e8,1.49443858e8]}],["Trial",{"allocs":47765,"gctimes":[0.0,0.0,0.0,0.0,0.0,0.0,0.0,0.0,0.0,0.0,0.0,0.0,0.0,0.0,0.0,0.0,0.0,0.0,0.0,0.0,0.0,0.0,0.0,0.0,0.0,1.2559107e7,0.0,0.0,0.0],"memory":10370152,"params":["Parameters",{"gctrial":true,"time_tolerance":0.05,"samples":10000,"evals":1,"gcsample":false,"seconds":5.0,"overhead":0.0,"memory_tolerance":0.01}],"times":[1.77023703e8,1.7454505e8,1.7773958e8,1.73649023e8,1.70017089e8,1.77195326e8,1.74343128e8,1.70398015e8,1.71309815e8,1.7022425e8,1.75467619e8,1.7599052e8,1.71736005e8,1.76422597e8,1.75144291e8,1.76713907e8,1.77381754e8,1.73553814e8,1.72997528e8,1.80854513e8,1.78455092e8,1.7298849e8,1.76916981e8,1.75457991e8,1.72226764e8,1.8758759e8,1.76332669e8,1.69266898e8,1.57605861e8]}],["Trial",{"allocs":55016,"gctimes":[0.0,0.0,0.0,0.0,0.0,0.0,0.0,0.0,0.0,0.0,0.0,0.0,0.0,0.0,0.0,0.0,0.0,0.0,0.0,0.0,0.0,0.0,1.6898856e7,0.0,0.0,0.0,0.0,0.0],"memory":11423832,"params":["Parameters",{"gctrial":true,"time_tolerance":0.05,"samples":10000,"evals":1,"gcsample":false,"seconds":5.0,"overhead":0.0,"memory_tolerance":0.01}],"times":[1.84747748e8,1.89388617e8,1.90093112e8,1.8174162e8,1.827663e8,1.82548286e8,1.7789096e8,1.81226791e8,1.75786277e8,1.80176581e8,1.80540749e8,1.84086069e8,1.77707118e8,1.84126227e8,1.83666082e8,1.82134003e8,1.80281364e8,1.79955229e8,1.79520811e8,1.77689193e8,1.80757463e8,1.84312599e8,1.99576015e8,1.78598487e8,1.78660462e8,1.76733711e8,1.77510604e8,1.81026639e8]}],["Trial",{"allocs":57399,"gctimes":[0.0,0.0,0.0,0.0,0.0,0.0,0.0,0.0,0.0,0.0,0.0,0.0,0.0,0.0,0.0,0.0,0.0,0.0,0.0,0.0,0.0,1.3263856e7,0.0,0.0,0.0],"memory":11889832,"params":["Parameters",{"gctrial":true,"time_tolerance":0.05,"samples":10000,"evals":1,"gcsample":false,"seconds":5.0,"overhead":0.0,"memory_tolerance":0.01}],"times":[2.05066467e8,2.04656714e8,2.1094622e8,2.05957476e8,2.02579883e8,2.11128332e8,2.04662361e8,2.03548297e8,2.06727972e8,2.06434586e8,2.04576192e8,2.05435467e8,2.00244124e8,2.04340654e8,2.10786895e8,2.06768233e8,2.04497614e8,2.03339422e8,2.0493456e8,2.0141155e8,2.05193286e8,2.17338771e8,1.98585841e8,2.03692006e8,2.04349191e8]}],["Trial",{"allocs":59356,"gctimes":[0.0,0.0,0.0,0.0,0.0,0.0,0.0,0.0,0.0,0.0,0.0,0.0,0.0,0.0,0.0,0.0,0.0,0.0,0.0,0.0,1.6238336e7,0.0],"memory":12543784,"params":["Parameters",{"gctrial":true,"time_tolerance":0.05,"samples":10000,"evals":1,"gcsample":false,"seconds":5.0,"overhead":0.0,"memory_tolerance":0.01}],"times":[2.13121052e8,2.15455179e8,2.17770318e8,2.17288163e8,2.18452941e8,2.11823789e8,2.07346103e8,2.10231731e8,2.11538828e8,2.11492212e8,2.1011348e8,2.18236215e8,2.18868189e8,2.17745014e8,2.14875007e8,2.55064704e8,2.51988895e8,2.58192645e8,2.66163837e8,2.60694213e8,2.66618876e8,2.45801307e8]}],["Trial",{"allocs":59722,"gctimes":[0.0,0.0,0.0,0.0,0.0,0.0,0.0,0.0,0.0,0.0,0.0,0.0,0.0,0.0,0.0,0.0,0.0,0.0,0.0,0.0,1.3320879e7,0.0],"memory":12713224,"params":["Parameters",{"gctrial":true,"time_tolerance":0.05,"samples":10000,"evals":1,"gcsample":false,"seconds":5.0,"overhead":0.0,"memory_tolerance":0.01}],"times":[2.31429137e8,2.3404623e8,2.33196392e8,2.38772775e8,2.37386051e8,2.33499323e8,2.32671779e8,2.29216926e8,2.26342589e8,2.17626652e8,2.18692176e8,2.22071594e8,2.24683531e8,2.24782536e8,2.2365167e8,2.2418416e8,2.24867649e8,2.23208342e8,2.20246055e8,2.28238136e8,2.36185637e8,2.2417083e8]}]],"medians":[141.1301775,151.951961,175.144291,180.892051,204.662361,217.757666,225.605119]}