{"lengs":[149.9684835502374],"benchmarks":[["Trial",{"allocs":103070,"gctimes":[6.262779e7],"memory":1052945536,"params":["Parameters",{"gctrial":true,"time_tolerance":0.05,"samples":10000,"evals":1,"gcsample":false,"seconds":5.0,"overhead":0.0,"memory_tolerance":0.01}],"times":[3.43692451915e11]}]],"medians":[343692.451915]}