{"lengs":[10.0,21.544346900318832,46.4158883361278,100.0,215.44346900318845,464.15888336127773,1000.0],"benchmarks":[["Trial",{"allocs":77758,"gctimes":[7.332506e6,1.2723397e7],"memory":1000579872,"params":["Parameters",{"gctrial":true,"time_tolerance":0.05,"samples":10000,"evals":1,"gcsample":false,"seconds":5.0,"overhead":0.0,"memory_tolerance":0.01}],"times":[4.087436907e9,4.014685323e9]}],["Trial",{"allocs":166927,"gctimes":[1.8668131e7],"memory":2148554496,"params":["Parameters",{"gctrial":true,"time_tolerance":0.05,"samples":10000,"evals":1,"gcsample":false,"seconds":5.0,"overhead":0.0,"memory_tolerance":0.01}],"times":[8.57731428e9]}],["Trial",{"allocs":330226,"gctimes":[2.80847879e8],"memory":4251185664,"params":["Parameters",{"gctrial":true,"time_tolerance":0.05,"samples":10000,"evals":1,"gcsample":false,"seconds":5.0,"overhead":0.0,"memory_tolerance":0.01}],"times":[1.6543613565e10]}],["Trial",{"allocs":682056,"gctimes":[1.384228109e9],"memory":8781285584,"params":["Parameters",{"gctrial":true,"time_tolerance":0.05,"samples":10000,"evals":1,"gcsample":false,"seconds":5.0,"overhead":0.0,"memory_tolerance":0.01}],"times":[3.2785114911e10]}],["Trial",{"allocs":1440047,"gctimes":[2.763679874e9],"memory":18537345736,"params":["Parameters",{"gctrial":true,"time_tolerance":0.05,"samples":10000,"evals":1,"gcsample":false,"seconds":5.0,"overhead":0.0,"memory_tolerance":0.01}],"times":[6.815931891e10]}],["Trial",{"allocs":3073052,"gctimes":[4.137233202e9],"memory":39555177952,"params":["Parameters",{"gctrial":true,"time_tolerance":0.05,"samples":10000,"evals":1,"gcsample":false,"seconds":5.0,"overhead":0.0,"memory_tolerance":0.01}],"times":[1.38065987568e11]}],["Trial",{"allocs":6591262,"gctimes":[7.259349358e9],"memory":84835783056,"params":["Parameters",{"gctrial":true,"time_tolerance":0.05,"samples":10000,"evals":1,"gcsample":false,"seconds":5.0,"overhead":0.0,"memory_tolerance":0.01}],"times":[2.96737165095e11]}]],"medians":[4051.061115,8577.31428,16543.613565,32785.114911,68159.31891,138065.987568,296737.165095]}