{"lengs":[149.9684835502374],"benchmarks":[["Trial",{"allocs":29930217,"gctimes":[3.07596968e8],"memory":1826219880,"params":["Parameters",{"gctrial":true,"time_tolerance":0.05,"samples":10000,"evals":1,"gcsample":false,"seconds":5.0,"overhead":0.0,"memory_tolerance":0.01}],"times":[1.094406161998e12]}]],"medians":[1.094406161998e6]}