{"lengs":[10.0,21.544346900318832,46.4158883361278,100.0,215.44346900318845,464.15888336127773,1000.0],"benchmarks":[["Trial",{"allocs":65816,"gctimes":[2.196864e7,2.8984246e7],"memory":929223440,"params":["Parameters",{"gctrial":true,"time_tolerance":0.05,"samples":10000,"evals":1,"gcsample":false,"seconds":5.0,"overhead":0.0,"memory_tolerance":0.01}],"times":[3.571202189e9,3.572280432e9]}],["Trial",{"allocs":141775,"gctimes":[1.6560461e7],"memory":2002351632,"params":["Parameters",{"gctrial":true,"time_tolerance":0.05,"samples":10000,"evals":1,"gcsample":false,"seconds":5.0,"overhead":0.0,"memory_tolerance":0.01}],"times":[5.745697654e9]}],["Trial",{"allocs":305420,"gctimes":[2.07220316e8],"memory":4314409136,"params":["Parameters",{"gctrial":true,"time_tolerance":0.05,"samples":10000,"evals":1,"gcsample":false,"seconds":5.0,"overhead":0.0,"memory_tolerance":0.01}],"times":[1.3095251482e10]}],["Trial",{"allocs":657986,"gctimes":[1.243800204e9],"memory":9295710080,"params":["Parameters",{"gctrial":true,"time_tolerance":0.05,"samples":10000,"evals":1,"gcsample":false,"seconds":5.0,"overhead":0.0,"memory_tolerance":0.01}],"times":[2.8999740228e10]}],["Trial",{"allocs":1417566,"gctimes":[2.585211218e9],"memory":20027547568,"params":["Parameters",{"gctrial":true,"time_tolerance":0.05,"samples":10000,"evals":1,"gcsample":false,"seconds":5.0,"overhead":0.0,"memory_tolerance":0.01}],"times":[6.0730274592e10]}],["Trial",{"allocs":3054040,"gctimes":[3.642539937e9],"memory":43145019000,"params":["Parameters",{"gctrial":true,"time_tolerance":0.05,"samples":10000,"evals":1,"gcsample":false,"seconds":5.0,"overhead":0.0,"memory_tolerance":0.01}],"times":[1.22619263523e11]}],["Trial",{"allocs":6579690,"gctimes":[6.842312833e9],"memory":92949248704,"params":["Parameters",{"gctrial":true,"time_tolerance":0.05,"samples":10000,"evals":1,"gcsample":false,"seconds":5.0,"overhead":0.0,"memory_tolerance":0.01}],"times":[2.79360881345e11]}]],"medians":[3571.7413105,5745.697654,13095.251482,28999.740228,60730.274592,122619.263523,279360.881345]}