{"lengs":[10.0,21.544346900318832,46.4158883361278,100.0,215.44346900318845,464.15888336127773,1000.0],"benchmarks":[["Trial",{"allocs":5115,"gctimes":[0.0,0.0,0.0,0.0,0.0,0.0,0.0],"memory":57245888,"params":["Parameters",{"gctrial":true,"time_tolerance":0.05,"samples":10000,"evals":1,"gcsample":false,"seconds":5.0,"overhead":0.0,"memory_tolerance":0.01}],"times":[8.17885679e8,8.12221475e8,8.09660375e8,8.07651657e8,8.16409169e8,8.72465573e8,8.6699601e8]}],["Trial",{"allocs":5302,"gctimes":[0.0,0.0,0.0,0.0,0.0],"memory":59178848,"params":["Parameters",{"gctrial":true,"time_tolerance":0.05,"samples":10000,"evals":1,"gcsample":false,"seconds":5.0,"overhead":0.0,"memory_tolerance":0.01}],"times":[1.030239617e9,1.038940593e9,1.026564855e9,1.027005121e9,1.001808583e9]}],["Trial",{"allocs":5798,"gctimes":[0.0,0.0,0.0,0.0,0.0],"memory":64267824,"params":["Parameters",{"gctrial":true,"time_tolerance":0.05,"samples":10000,"evals":1,"gcsample":false,"seconds":5.0,"overhead":0.0,"memory_tolerance":0.01}],"times":[1.210192803e9,1.213867918e9,1.206169416e9,1.210351802e9,1.205788901e9]}],["Trial",{"allocs":6179,"gctimes":[0.0,0.0,0.0,0.0],"memory":68329088,"params":["Parameters",{"gctrial":true,"time_tolerance":0.05,"samples":10000,"evals":1,"gcsample":false,"seconds":5.0,"overhead":0.0,"memory_tolerance":0.01}],"times":[1.443594942e9,1.439954057e9,1.477884074e9,1.466465051e9]}],["Trial",{"allocs":6398,"gctimes":[0.0,0.0,0.0],"memory":70728576,"params":["Parameters",{"gctrial":true,"time_tolerance":0.05,"samples":10000,"evals":1,"gcsample":false,"seconds":5.0,"overhead":0.0,"memory_tolerance":0.01}],"times":[1.76669845e9,1.767048739e9,1.766992944e9]}],["Trial",{"allocs":6608,"gctimes":[0.0,0.0,0.0],"memory":73059040,"params":["Parameters",{"gctrial":true,"time_tolerance":0.05,"samples":10000,"evals":1,"gcsample":false,"seconds":5.0,"overhead":0.0,"memory_tolerance":0.01}],"times":[2.379898379e9,2.375150045e9,2.373064568e9]}],["Trial",{"allocs":7642,"gctimes":[0.0,0.0],"memory":83837664,"params":["Parameters",{"gctrial":true,"time_tolerance":0.05,"samples":10000,"evals":1,"gcsample":false,"seconds":5.0,"overhead":0.0,"memory_tolerance":0.01}],"times":[2.798711932e9,2.793409961e9]}]],"medians":[816.409169,1027.005121,1210.192803,1455.0299965,1766.992944,2375.150045,2796.0609465]}