{"lengs":[1.9998618696327441],"benchmarks":[["Trial",{"allocs":383362,"gctimes":[0.0,0.0,0.0,0.0,0.0,0.0,0.0,0.0,1.8994568e7,0.0,0.0,0.0,0.0,0.0,0.0,0.0,1.9147974e7,0.0,0.0,0.0,0.0,0.0,0.0,0.0,1.9080797e7,0.0,0.0,0.0,0.0,0.0,0.0,0.0,1.8897297e7,0.0,0.0,0.0,0.0,0.0,0.0,0.0,1.8994729e7,0.0,0.0,0.0,0.0,0.0,0.0,0.0,1.8951827e7,0.0,0.0,0.0,0.0,0.0,0.0,0.0,1.8979849e7,0.0,0.0,0.0,0.0,0.0,0.0,0.0,0.0,2.0760687e7,0.0,0.0,0.0,0.0,0.0,0.0,0.0,2.0658918e7,0.0,0.0,0.0,0.0,0.0,0.0,0.0,2.0693678e7,0.0,0.0,0.0,0.0,0.0,0.0,0.0,1.9923451e7,0.0,0.0,0.0,0.0,0.0,0.0,0.0,2.0064885e7,0.0,0.0,0.0,0.0,0.0,0.0,0.0,1.9968313e7,0.0,0.0,0.0,0.0,0.0,0.0,0.0,0.0,1.9021834e7,0.0,0.0,0.0,0.0,0.0,0.0,0.0,1.8944232e7,0.0,0.0,0.0,0.0,0.0,0.0,0.0,1.9054821e7,0.0,0.0,0.0,0.0,0.0,0.0,0.0,1.9065339e7,0.0,0.0,0.0,0.0,0.0,0.0,0.0,1.8961558e7,0.0,0.0,0.0,0.0,0.0,0.0,0.0,1.9005044e7],"memory":25933992,"params":["Parameters",{"gctrial":true,"time_tolerance":0.05,"samples":10000,"evals":1,"gcsample":false,"seconds":5.0,"overhead":0.0,"memory_tolerance":0.01}],"times":[2.8919558e7,2.894636e7,2.9764332e7,2.9492918e7,2.9460784e7,2.9468328e7,2.9283984e7,2.9281372e7,4.2884917e7,2.2015446e7,2.3656952e7,2.943866e7,2.9369224e7,2.9701215e7,2.9289235e7,2.9429405e7,4.4338145e7,2.2068822e7,2.2747967e7,2.9635064e7,2.9273751e7,2.9358701e7,2.950171e7,2.9575113e7,4.5113582e7,2.1951893e7,2.1527189e7,2.9354537e7,2.934419e7,2.9670544e7,2.940862e7,2.9828108e7,4.578864e7,2.1921575e7,2.1434257e7,2.8238731e7,2.9246013e7,2.9364348e7,2.9411773e7,2.9225979e7,4.7272312e7,2.2065296e7,2.1317849e7,2.7027706e7,2.9188715e7,2.962077e7,2.9374308e7,2.9444206e7,4.8228366e7,2.1968298e7,2.1223909e7,2.63067e7,3.0468061e7,3.0010257e7,2.9656543e7,2.9725443e7,4.8526987e7,2.3168224e7,2.1236534e7,2.989588e7,3.7089881e7,3.7241957e7,3.7131457e7,3.781328e7,3.6847462e7,5.1000617e7,2.8263371e7,2.9977548e7,3.7193861e7,3.6835754e7,3.7086285e7,3.7018748e7,3.6905731e7,5.2666855e7,2.8310356e7,2.8379012e7,3.7238625e7,3.6930616e7,3.7360173e7,3.6992453e7,3.726679e7,5.3459816e7,2.7492632e7,2.67811e7,3.5365274e7,3.5767562e7,3.5781225e7,3.6415016e7,3.5728421e7,5.362271e7,2.7400996e7,2.6660763e7,3.3999675e7,3.5798631e7,3.6244206e7,3.5848448e7,3.6460654e7,5.4714862e7,2.7415353e7,2.6639148e7,3.253485e7,3.5793079e7,3.57201e7,3.5940777e7,3.5952191e7,5.6236288e7,2.7430754e7,2.6469119e7,3.1160149e7,3.5894341e7,3.6043525e7,3.3248908e7,3.3334667e7,3.2958056e7,4.4864846e7,2.4673789e7,2.7165554e7,3.3026771e7,3.263361e7,3.2716601e7,3.2809852e7,3.2562463e7,4.6270149e7,2.4605299e7,2.5648427e7,3.291164e7,3.261786e7,3.2925315e7,3.2698308e7,3.3189396e7,4.744452e7,2.4687286e7,2.4642297e7,3.2921857e7,3.2693461e7,3.2668784e7,3.2766981e7,3.3083829e7,4.8975617e7,2.4673462e7,2.4157876e7,3.1742828e7,3.2036432e7,3.1118624e7,3.0564678e7,3.0302635e7,4.7442842e7,2.2601164e7,2.1934749e7,2.8047154e7,3.021513e7,3.0116291e7,3.0164772e7,3.0167038e7,4.8934149e7]}]],"medians":[30.167038]}