{"lengs":[10.0,21.544346900318832,46.4158883361278,100.0,215.44346900318845,464.15888336127773,1000.0],"benchmarks":[["Trial",{"allocs":41490,"gctimes":[0.0],"memory":184138928,"params":["Parameters",{"gctrial":true,"time_tolerance":0.05,"samples":10000,"evals":1,"gcsample":false,"seconds":5.0,"overhead":0.0,"memory_tolerance":0.01}],"times":[3.0095306271e10]}],["Trial",{"allocs":56880,"gctimes":[0.0],"memory":251401328,"params":["Parameters",{"gctrial":true,"time_tolerance":0.05,"samples":10000,"evals":1,"gcsample":false,"seconds":5.0,"overhead":0.0,"memory_tolerance":0.01}],"times":[4.1262543335e10]}],["Trial",{"allocs":292293,"gctimes":[6.5787046e7],"memory":1282950896,"params":["Parameters",{"gctrial":true,"time_tolerance":0.05,"samples":10000,"evals":1,"gcsample":false,"seconds":5.0,"overhead":0.0,"memory_tolerance":0.01}],"times":[2.1230921388e11]}],["Trial",{"allocs":377983,"gctimes":[8.3180133e7],"memory":1657461296,"params":["Parameters",{"gctrial":true,"time_tolerance":0.05,"samples":10000,"evals":1,"gcsample":false,"seconds":5.0,"overhead":0.0,"memory_tolerance":0.01}],"times":[2.7736432599e11]}],["Trial",{"allocs":455169,"gctimes":[9.0944617e7],"memory":1990658864,"params":["Parameters",{"gctrial":true,"time_tolerance":0.05,"samples":10000,"evals":1,"gcsample":false,"seconds":5.0,"overhead":0.0,"memory_tolerance":0.01}],"times":[3.34681266361e11]}],["Trial",{"allocs":649023,"gctimes":[2.01282532e8],"memory":2831604544,"params":["Parameters",{"gctrial":true,"time_tolerance":0.05,"samples":10000,"evals":1,"gcsample":false,"seconds":5.0,"overhead":0.0,"memory_tolerance":0.01}],"times":[4.76277913572e11]}],["Trial",{"allocs":711186,"gctimes":[2.1519663e8],"memory":3118966800,"params":["Parameters",{"gctrial":true,"time_tolerance":0.05,"samples":10000,"evals":1,"gcsample":false,"seconds":5.0,"overhead":0.0,"memory_tolerance":0.01}],"times":[5.19822847435e11]}]],"medians":[30095.306271,41262.543335,212309.21388,277364.32599,334681.266361,476277.913572,519822.847435]}