{"lengs":[19.998618696327437],"benchmarks":[["Trial",{"allocs":15725,"gctimes":[0.0,0.0,0.0,0.0,0.0,0.0,0.0,0.0,0.0,0.0,0.0,0.0,0.0,0.0,0.0,0.0,0.0,0.0,0.0,0.0,0.0,0.0,0.0,0.0,0.0,0.0,0.0,0.0,0.0,0.0,0.0,0.0,0.0,0.0,0.0,0.0,0.0,0.0,0.0,0.0,0.0,0.0,0.0,0.0,0.0,0.0,0.0,0.0,0.0,0.0,0.0,0.0,0.0,0.0,0.0,0.0,0.0,0.0,0.0,0.0,0.0,0.0,0.0,0.0,0.0,0.0,0.0,0.0,0.0,0.0,0.0,0.0,0.0,0.0,0.0,0.0,0.0,0.0,0.0,0.0,0.0,0.0,0.0,0.0,0.0,0.0,0.0,0.0,0.0,0.0,0.0,0.0,0.0,0.0,0.0,0.0,0.0,0.0,0.0,0.0,0.0,0.0,0.0,0.0,0.0,0.0,0.0,0.0,0.0,0.0,0.0,0.0,0.0,1.900469e7,0.0,0.0,0.0,0.0,0.0,0.0,0.0,0.0,0.0,0.0,0.0,0.0,0.0,0.0,0.0,0.0,0.0,0.0,0.0,0.0,0.0,0.0,0.0,0.0,0.0,0.0,0.0,0.0,0.0,0.0,0.0,0.0,0.0,0.0,0.0,0.0,0.0,0.0,0.0,0.0,0.0,0.0,0.0,0.0,0.0,0.0,0.0,0.0,0.0,0.0,0.0,0.0,0.0,0.0,0.0,0.0,0.0,0.0,0.0,0.0,0.0,0.0,0.0,0.0,0.0,0.0,0.0,0.0,0.0,0.0,0.0,0.0,0.0,0.0,0.0,0.0,0.0,0.0,0.0,0.0,0.0,0.0,0.0,0.0,0.0,0.0,0.0,0.0,0.0,0.0,0.0,0.0,0.0,0.0,0.0,0.0,0.0,0.0,0.0,0.0,0.0,0.0,0.0,0.0,0.0,0.0,0.0,0.0,0.0,0.0,0.0,0.0,1.8871821e7,0.0,0.0,0.0,0.0,0.0,0.0,0.0,0.0,0.0,0.0,0.0,0.0,0.0,0.0,0.0,0.0,0.0,0.0,0.0,0.0,0.0,0.0,0.0,0.0,0.0,0.0,0.0,0.0,0.0,0.0,0.0,0.0,0.0,0.0,0.0,0.0,0.0,0.0,0.0,0.0,0.0,0.0,0.0,0.0,0.0,0.0,0.0,0.0,0.0,0.0,0.0,0.0,0.0,0.0,0.0,0.0,0.0,0.0,0.0,0.0,0.0,0.0,0.0,0.0,0.0,0.0,0.0,0.0,0.0,0.0,0.0,0.0,0.0,0.0,0.0,0.0,0.0,0.0,0.0,0.0,0.0,0.0,0.0,0.0,0.0,0.0,0.0,0.0,0.0,0.0,0.0,0.0,0.0,0.0,0.0,0.0,0.0,0.0,0.0,0.0,0.0,0.0,0.0,0.0,0.0,0.0,0.0,0.0,0.0,0.0,0.0,0.0,1.87686e7,0.0,0.0,0.0,0.0,0.0,0.0,0.0,0.0,0.0,0.0,0.0,0.0,0.0,0.0,0.0,0.0,0.0,0.0,0.0,0.0,0.0,0.0,0.0,0.0,0.0,0.0,0.0,0.0,0.0,0.0,0.0,0.0,0.0,0.0,0.0,0.0,0.0,0.0,0.0,0.0,0.0,0.0,0.0,0.0,0.0,0.0,0.0,0.0,0.0,0.0,0.0,0.0,0.0,0.0,0.0,0.0,0.0,0.0,0.0,0.0,0.0,0.0,0.0,0.0,0.0,0.0,0.0,0.0,0.0,0.0,0.0,0.0,0.0,0.0,0.0,0.0,0.0,0.0,0.0,0.0,0.0,0.0,0.0,0.0,0.0,0.0,0.0,0.0,0.0,0.0,0.0,0.0,0.0,0.0,0.0,0.0,0.0,0.0,0.0,0.0,0.0,0.0,0.0,0.0,0.0,0.0,0.0,0.0,0.0,0.0,0.0,0.0,2.4392391e7,0.0,0.0,0.0,0.0,0.0,0.0,0.0,0.0,0.0,0.0,0.0,0.0,0.0,0.0,0.0,0.0,0.0,0.0,0.0,0.0,0.0,0.0,0.0,0.0,0.0,0.0,0.0,0.0,0.0,0.0,0.0,0.0,0.0,0.0,0.0,0.0,0.0,0.0,0.0,0.0,0.0,0.0,0.0,0.0,0.0,0.0,0.0,0.0,0.0,0.0,0.0,0.0,0.0,0.0,0.0,0.0,0.0,0.0,0.0,0.0,0.0,0.0,0.0,0.0,0.0,0.0,0.0,0.0,0.0,0.0,0.0,0.0,0.0,0.0,0.0,0.0,0.0,0.0,0.0,0.0,0.0,0.0,0.0,0.0,0.0,0.0,0.0,0.0,0.0,0.0,0.0,0.0,0.0,0.0,0.0,0.0,0.0,0.0,0.0,0.0,0.0,0.0,0.0,0.0,0.0,0.0,0.0,0.0,0.0,0.0,0.0,0.0,2.0350772e7,0.0,0.0,0.0,0.0,0.0,0.0,0.0,0.0,0.0,0.0,0.0,0.0,0.0,0.0,0.0,0.0,0.0,0.0,0.0,0.0,0.0,0.0,0.0,0.0,0.0,0.0,0.0,0.0,0.0,0.0,0.0,0.0,0.0,0.0,0.0,0.0,0.0,0.0,0.0,0.0,0.0,0.0,0.0,0.0,0.0,0.0,0.0,0.0,0.0,0.0,0.0,0.0,0.0,0.0,0.0,0.0,0.0,0.0,0.0,0.0,0.0,0.0,0.0,0.0,0.0,0.0,0.0,0.0,0.0,0.0,0.0,0.0,0.0,0.0,0.0,0.0,0.0,0.0,0.0,0.0,0.0,0.0,0.0,0.0,0.0,0.0,0.0,0.0,0.0,0.0,0.0,0.0,0.0,0.0,0.0,0.0,0.0,0.0,0.0,0.0,0.0,0.0,0.0],"memory":1822624,"params":["Parameters",{"gctrial":true,"time_tolerance":0.05,"samples":10000,"evals":1,"gcsample":false,"seconds":5.0,"overhead":0.0,"memory_tolerance":0.01}],"times":[6.578572e6,6.515009e6,6.493731e6,6.474609e6,6.476609e6,6.482148e6,6.511687e6,6.485495e6,6.679935e6,6.541586e6,6.502068e6,6.485111e6,6.477393e6,6.475929e6,6.47822e6,6.468187e6,6.494087e6,6.479666e6,6.49197e6,6.484277e6,6.473619e6,6.477954e6,6.479274e6,6.483366e6,6.504374e6,6.478949e6,6.476096e6,6.497835e6,6.48789e6,6.472413e6,6.472508e6,6.462098e6,6.468445e6,6.435632e6,6.446319e6,6.439985e6,6.448292e6,6.44973e6,6.459358e6,6.456977e6,6.437651e6,6.453755e6,6.431966e6,6.437795e6,6.44453e6,6.443635e6,6.437826e6,6.457331e6,6.428093e6,6.443184e6,6.435814e6,6.450579e6,6.446435e6,7.109461e6,7.261961e6,7.586292e6,7.439008e6,7.446487e6,7.266667e6,7.45697e6,7.441694e6,7.471495e6,7.263663e6,7.442261e6,7.44235e6,7.274526e6,7.249633e6,7.262527e6,7.261676e6,7.247245e6,7.249627e6,7.257818e6,7.249559e6,7.247372e6,7.257099e6,7.267978e6,7.273858e6,7.249335e6,7.263068e6,7.267795e6,7.258765e6,7.260439e6,7.268815e6,7.254707e6,7.257575e6,7.256949e6,7.260693e6,7.25533e6,7.250018e6,7.265812e6,7.269867e6,7.265421e6,7.230653e6,7.26243e6,7.26921e6,7.26631e6,7.263446e6,7.250486e6,7.267474e6,7.243856e6,7.254789e6,7.259164e6,7.250564e6,6.950426e6,6.607418e6,6.504075e6,6.545743e6,6.613718e6,6.443524e6,6.602263e6,6.603937e6,6.426055e6,6.604967e6,2.5083326e7,6.480185e6,5.919551e6,5.862505e6,5.870945e6,5.878071e6,5.873324e6,5.852697e6,5.845085e6,6.286753e6,5.875594e6,5.863145e6,5.878867e6,5.843494e6,5.866806e6,5.858815e6,5.84341e6,5.862747e6,5.86709e6,5.871668e6,5.857618e6,5.865883e6,5.870186e6,5.857001e6,5.88863e6,5.856695e6,5.864851e6,5.873322e6,5.868536e6,5.864509e6,5.843189e6,6.152879e6,6.47387e6,6.316024e6,6.340056e6,6.329951e6,6.334965e6,6.333766e6,6.336335e6,6.36107e6,6.359862e6,6.336642e6,6.366575e6,6.357346e6,6.36212e6,6.549602e6,6.415288e6,6.494747e6,6.370618e6,6.37351e6,6.387819e6,6.404452e6,6.396923e6,6.395623e6,6.396147e6,6.403268e6,6.415237e6,6.421568e6,6.415048e6,6.420282e6,6.445788e6,6.446756e6,6.454317e6,6.419113e6,6.431797e6,6.446244e6,6.432382e6,6.594072e6,6.429726e6,6.414816e6,6.451932e6,6.442374e6,6.42845e6,6.442537e6,6.435495e6,6.433885e6,6.59565e6,6.434143e6,6.433661e6,6.426294e6,6.43355e6,6.461229e6,6.472878e6,6.4293e6,6.434268e6,6.4299e6,6.606064e6,6.442462e6,6.439993e6,6.428681e6,6.444883e6,6.443448e6,6.432497e6,6.442094e6,6.432827e6,7.744511e6,7.117543e6,6.731557e6,6.426129e6,6.745088e6,6.729685e6,6.439189e6,6.73488e6,6.734866e6,6.433192e6,6.58959e6,6.454867e6,6.446752e6,6.452912e6,6.4375e6,6.429358e6,6.437234e6,6.443856e6,2.5021463e7,6.45008e6,5.864513e6,5.879381e6,5.863218e6,5.877766e6,5.896108e6,5.857048e6,5.863415e6,6.210909e6,5.880289e6,5.877895e6,5.853834e6,5.864172e6,5.841835e6,5.864236e6,5.853126e6,5.877815e6,5.873442e6,5.859146e6,5.877263e6,5.856504e6,5.868999e6,5.866178e6,5.859353e6,5.859395e6,5.850582e6,5.876893e6,5.847774e6,5.859363e6,5.861224e6,6.069215e6,6.473098e6,6.343345e6,6.344615e6,6.328114e6,6.316737e6,6.337245e6,6.348672e6,6.349146e6,6.342779e6,6.352262e6,6.346259e6,6.350739e6,6.371703e6,6.364713e6,6.358194e6,6.391507e6,6.367721e6,6.369994e6,6.365526e6,6.394746e6,6.408308e6,6.388433e6,6.407038e6,6.415193e6,6.392996e6,6.426302e6,6.425283e6,6.411595e6,6.419594e6,6.439922e6,6.430473e6,6.438888e6,6.41471e6,6.439618e6,6.444341e6,6.422917e6,6.435365e6,6.421748e6,6.429337e6,6.435996e6,6.424217e6,6.43053e6,6.425203e6,6.430187e6,6.425144e6,6.435476e6,6.427351e6,6.438097e6,6.432894e6,6.439189e6,6.448137e6,6.433939e6,6.424152e6,6.429264e6,6.438907e6,6.433393e6,6.447284e6,6.428917e6,6.435487e6,6.424748e6,6.430091e6,6.458709e6,6.438914e6,6.444142e6,6.432156e6,6.445026e6,6.435742e6,6.448436e6,6.44046e6,6.431558e6,6.44893e6,6.446484e6,6.439308e6,6.437331e6,6.435443e6,6.448423e6,6.450119e6,6.4342e6,6.450331e6,6.437459e6,6.453329e6,2.4988722e7,6.46897e6,5.880051e6,5.890711e6,5.854933e6,5.878533e6,5.883281e6,5.874427e6,5.875353e6,6.133642e6,5.876295e6,5.868256e6,5.872017e6,5.88273e6,5.847354e6,6.0179e6,5.863302e6,5.87086e6,5.869212e6,5.862557e6,5.871164e6,5.846743e6,5.86952e6,5.867339e6,5.880867e6,5.875857e6,5.848455e6,5.87152e6,5.864707e6,7.445156e6,7.217599e6,5.983252e6,6.736798e6,6.684242e6,6.334253e6,6.645251e6,6.492466e6,6.337096e6,6.517601e6,6.51703e6,6.348152e6,6.501475e6,6.458072e6,6.39251e6,6.36847e6,6.372689e6,6.371432e6,6.396437e6,6.36903e6,6.382153e6,6.371874e6,6.382894e6,6.391454e6,6.391402e6,6.388697e6,6.40531e6,6.408022e6,6.404088e6,6.425488e6,6.413308e6,6.424991e6,6.446285e6,6.41741e6,6.43461e6,6.421495e6,6.428268e6,6.435116e6,6.402546e6,6.411867e6,6.423119e6,6.437785e6,6.432959e6,6.433765e6,6.431463e6,6.434222e6,6.45038e6,6.425815e6,6.426678e6,6.441286e6,6.429155e6,6.430835e6,6.445186e6,6.429511e6,6.438444e6,6.452225e6,6.430508e6,6.445816e6,6.43056e6,6.433773e6,6.444176e6,6.43614e6,6.440752e6,6.426444e6,6.433564e6,6.456105e6,6.462743e6,6.430624e6,6.441307e6,6.431449e6,6.432394e6,6.423223e6,6.44556e6,6.420487e6,6.44709e6,6.443252e6,6.440593e6,6.444923e6,6.438316e6,6.448983e6,6.439467e6,6.435867e6,6.429306e6,6.443798e6,3.1620635e7,9.343232e6,8.652301e6,8.632872e6,8.650665e6,8.637538e6,8.684629e6,8.63285e6,8.632337e6,