{"lengs":[1.9998618696327441],"benchmarks":[["Trial",{"allocs":1717,"gctimes":[0.0,0.0,0.0,0.0,0.0,0.0,0.0,0.0,0.0,0.0,0.0,0.0,0.0,0.0,0.0,0.0,0.0,0.0,0.0,0.0,0.0,0.0,0.0,0.0,0.0,0.0,0.0,0.0,0.0,0.0,0.0,0.0,0.0,0.0,0.0,0.0,0.0,0.0,0.0,0.0,0.0,0.0,0.0,0.0,0.0,0.0,0.0,0.0,0.0,0.0,0.0,0.0,0.0,0.0,0.0,0.0,0.0,0.0,0.0,0.0,0.0,0.0,0.0,0.0,0.0,0.0,0.0,0.0,0.0,0.0,0.0,0.0,0.0,0.0,0.0,0.0,0.0,0.0,0.0,0.0,0.0,0.0,0.0,0.0,0.0,0.0,0.0,0.0,0.0,0.0,0.0,0.0,0.0,0.0,0.0,0.0,0.0,0.0,0.0,0.0,0.0,0.0,0.0,0.0,0.0,0.0,0.0,0.0,0.0,0.0,0.0,0.0,0.0,0.0,0.0,0.0,0.0,0.0,0.0,0.0,0.0,0.0,0.0,0.0,0.0,0.0,0.0,0.0,0.0,0.0,0.0,0.0,0.0,0.0,0.0,0.0,0.0,0.0,0.0,0.0,0.0,0.0,0.0,0.0,0.0,0.0,0.0,0.0,0.0,0.0,0.0,0.0,0.0,0.0,0.0,0.0,0.0,0.0,0.0,0.0,0.0,0.0,0.0,0.0,0.0,0.0,0.0,0.0,0.0,0.0,0.0,0.0,0.0,0.0,0.0,0.0,0.0,0.0,0.0,0.0,0.0,0.0,0.0,0.0,0.0,0.0,0.0,0.0,0.0,0.0,0.0,0.0,0.0,0.0,0.0,0.0,0.0,0.0,0.0,0.0,0.0,0.0,0.0,0.0,0.0,0.0,0.0,0.0,0.0,0.0,0.0,0.0,0.0,0.0,0.0,0.0,0.0,0.0,0.0,0.0,0.0,0.0,0.0,0.0,0.0,0.0,0.0,0.0,0.0,0.0,0.0,0.0,0.0,0.0,0.0,0.0,0.0,0.0,0.0,0.0,0.0,0.0,0.0,0.0,0.0,0.0,0.0,0.0,0.0,0.0,0.0,0.0,0.0,0.0,0.0,0.0,0.0,0.0,0.0,0.0,0.0,0.0,0.0,0.0,0.0,0.0,2.1453542e7,0.0,0.0,0.0,0.0,0.0,0.0,0.0,0.0,0.0,0.0,0.0,0.0,0.0,0.0,0.0,0.0,0.0,0.0,0.0,0.0,0.0,0.0,0.0,0.0,0.0,0.0,0.0,0.0,0.0,0.0,0.0,0.0,0.0,0.0,0.0,0.0,0.0,0.0,0.0,0.0,0.0,0.0,0.0,0.0,0.0,0.0,0.0,0.0,0.0,0.0,0.0,0.0,0.0,0.0,0.0,0.0,0.0,0.0,0.0,0.0,0.0,0.0,0.0,0.0,0.0,0.0,0.0,0.0,0.0,0.0,0.0,0.0,0.0,0.0,0.0,0.0,0.0,0.0,0.0,0.0],"memory":777632,"params":["Parameters",{"gctrial":true,"time_tolerance":0.05,"samples":10000,"evals":1,"gcsample":false,"seconds":5.0,"overhead":0.0,"memory_tolerance":0.01}],"times":[1.5036147e7,1.4310088e7,1.4136788e7,1.4689721e7,1.4015121e7,1.4033009e7,1.415111e7,1.4058155e7,1.408247e7,1.4084081e7,1.4180412e7,1.4000911e7,1.4115539e7,1.4066758e7,1.4096472e7,1.4142676e7,1.4120956e7,1.4064117e7,1.4073286e7,1.4049395e7,1.403277e7,1.5228634e7,1.5591833e7,1.484723e7,1.4475104e7,1.4326993e7,1.4553883e7,1.4197546e7,1.4043215e7,1.4152483e7,1.4020281e7,1.4091982e7,1.4057042e7,1.4057576e7,1.406369e7,1.4121129e7,1.3991302e7,1.4021016e7,1.4044281e7,1.4043118e7,1.4094317e7,1.407004e7,1.4093071e7,1.4134952e7,1.4029393e7,1.4049469e7,1.4030484e7,1.4061754e7,1.4110674e7,1.4006988e7,1.4018754e7,1.4124921e7,1.4061491e7,1.4097791e7,1.4115496e7,1.4099912e7,1.401128e7,1.4042978e7,1.4103776e7,1.4076754e7,1.4079452e7,1.4115313e7,1.4003873e7,1.3997741e7,1.4038642e7,1.405695e7,1.4095463e7,1.4050185e7,1.4184966e7,1.4114388e7,1.4009595e7,1.4132186e7,1.401937e7,1.409205e7,1.405029e7,1.3985183e7,1.4105244e7,1.4137869e7,1.4064927e7,1.4149167e7,1.4037197e7,1.4079608e7,1.4027242e7,1.4028156e7,1.4045599e7,1.4080261e7,1.4059259e7,1.4045336e7,1.4000164e7,1.4007929e7,1.4043349e7,1.4049024e7,1.4135326e7,1.4076981e7,1.47035e7,1.4469514e7,1.4390684e7,1.442324e7,1.4288896e7,1.4593404e7,1.4463858e7,1.4245969e7,1.3993895e7,1.4047485e7,1.4131456e7,1.4072238e7,1.4083845e7,1.4096425e7,1.4005158e7,1.4116101e7,1.4040235e7,1.4137923e7,1.4058224e7,1.4077736e7,1.3994379e7,1.3987164e7,1.4043095e7,1.4049183e7,1.4186793e7,1.4024982e7,1.4108305e7,1.4003285e7,1.4038112e7,1.4154729e7,1.403905e7,1.4151603e7,1.4044037e7,1.4043359e7,1.4003477e7,1.4052444e7,1.4056669e7,1.4183143e7,1.411551e7,1.4079701e7,1.403074e7,1.4009045e7,1.4053583e7,1.4048485e7,1.4054853e7,1.4134131e7,1.4077948e7,1.4019969e7,1.4018437e7,1.4094897e7,1.4100172e7,1.4122076e7,1.4168722e7,1.4011944e7,1.4062437e7,1.4041866e7,1.4044499e7,1.4054005e7,1.4070795e7,1.4116541e7,1.3976495e7,1.4062745e7,1.4049185e7,1.4091043e7,1.4081375e7,1.4088943e7,1.410331e7,1.4002592e7,1.417724e7,1.4069507e7,1.4201503e7,1.4057119e7,1.4068007e7,1.4070026e7,1.5057022e7,1.5499301e7,1.4351924e7,1.4532977e7,1.4349041e7,1.4294157e7,1.4449459e7,1.4035301e7,1.4054723e7,1.4049642e7,1.4072265e7,1.4013682e7,1.3976925e7,1.4126114e7,1.402674e7,1.4126381e7,1.403912e7,1.4074839e7,1.3994032e7,1.4009807e7,1.4318083e7,1.4029184e7,1.4073803e7,1.4062286e7,1.3985558e7,1.4005365e7,1.4030458e7,1.4121687e7,1.4089986e7,1.4077233e7,1.4117435e7,1.3988203e7,1.4002876e7,1.4048824e7,1.4115223e7,1.4066034e7,1.407883e7,1.3997112e7,1.3992251e7,1.40481e7,1.4066636e7,1.4175965e7,1.4032247e7,1.4118161e7,1.3998543e7,1.4036262e7,1.4063565e7,1.4042038e7,1.4163173e7,1.4045049e7,1.4024569e7,1.3985563e7,1.4037986e7,1.404622e7,1.4104965e7,1.4127901e7,1.4092907e7,1.4038116e7,1.4026437e7,1.4042746e7,1.405115e7,1.4060356e7,1.4158382e7,1.3983029e7,1.4039249e7,1.4030499e7,1.407751e7,1.4096041e7,1.8928123e7,1.4209788e7,1.4029997e7,1.4106997e7,1.4087682e7,1.4736347e7,1.5625776e7,1.5852182e7,1.5276757e7,1.5472335e7,1.527092e7,1.5475359e7,1.4986393e7,1.4894325e7,1.4919612e7,1.4886747e7,1.4835509e7,1.4885011e7,1.4881885e7,1.4860983e7,1.4862621e7,1.4812577e7,1.488843e7,1.4838408e7,1.4879735e7,1.4904073e7,1.4823323e7,1.4866898e7,1.4804394e7,1.4888866e7,3.6300369e7,1.5381674e7,1.4719991e7,1.4809716e7,1.4710111e7,1.4655167e7,1.4653373e7,1.4597114e7,1.4558274e7,1.462461e7,1.4637097e7,1.4701238e7,1.4685645e7,1.4667535e7,1.4568297e7,1.4600815e7,1.4666818e7,1.4704591e7,1.4668946e7,1.4628985e7,1.4577393e7,1.4685963e7,1.4648172e7,1.4726744e7,1.4672988e7,1.468762e7,1.4711189e7,1.4601772e7,1.4620677e7,1.4720783e7,1.5556523e7,1.4741264e7,1.4661559e7,1.4637799e7,1.4588939e7,1.4686736e7,1.4642412e7,1.4741401e7,1.4646633e7,1.4694529e7,1.4582376e7,1.4667254e7,1.4623779e7,1.4659492e7,1.5185976e7,1.5262694e7,1.4768277e7,1.4975748e7,1.4815147e7,1.5298753e7,1.4672725e7,1.4645902e7,1.4668676e7,1.4590244e7,1.4675852e7,1.4727848e7,1.4650898e7,1.4728848e7,1.4659393e7,1.4577862e7,1.465824e7,1.4611368e7,1.4639696e7,1.4701893e7,1.4663205e7,1.4807304e7,1.4731968e7,1.4838403e7,1.480435e7,1.4804674e7,1.4796732e7,1.478759e7,1.4747563e7,1.4745392e7,1.4813091e7,1.4793117e7,1.4851074e7,1.4861844e7,1.4885341e7,1.4840343e7,1.4797933e7]}]],"medians":[14.115313]}