{"lengs":[19998.61869632745],"benchmarks":[["Trial",{"allocs":354774,"gctimes":[1.83521042e8],"memory":3265523264,"params":["Parameters",{"gctrial":true,"time_tolerance":0.05,"samples":10000,"evals":1,"gcsample":false,"seconds":5.0,"overhead":0.0,"memory_tolerance":0.01}],"times":[5.11605203087e11]}]],"medians":[511605.203087]}