{"lengs":[10.0],"benchmarks":[["Trial",{"allocs":3382,"gctimes":[0.0,0.0,0.0,0.0,0.0,0.0,0.0,0.0,0.0,0.0,0.0,0.0,0.0,0.0,0.0,0.0,0.0,0.0,0.0,0.0,0.0,0.0,0.0,0.0,0.0,0.0,0.0,0.0,0.0,0.0,0.0,0.0,0.0],"memory":3971664,"params":["Parameters",{"gctrial":true,"time_tolerance":0.05,"samples":10000,"evals":1,"gcsample":false,"seconds":5.0,"overhead":0.0,"memory_tolerance":0.01}],"times":[1.53499014e8,1.53048195e8,1.52346247e8,1.51906048e8,1.57444433e8,1.617202e8,1.63240309e8,1.58938598e8,1.59570918e8,1.60035035e8,1.61498842e8,1.60874279e8,1.52470199e8,1.5249164e8,1.52997604e8,1.52616173e8,1.52594048e8,1.50338537e8,1.62687268e8,1.59756632e8,1.56336766e8,1.56530798e8,1.59194094e8,1.60134915e8,1.58212436e8,1.52106619e8,1.53553932e8,1.5160464e8,1.51970468e8,1.51522437e8,1.5877737e8,1.57074814e8,1.525365e8]}]],"medians":[156.336766]}