{"lengs":[10.0,21.544346900318832,46.4158883361278,100.0,215.44346900318845,464.15888336127773,1000.0],"benchmarks":[["Trial",{"allocs":18944,"gctimes":[0.0],"memory":197518048,"params":["Parameters",{"gctrial":true,"time_tolerance":0.05,"samples":10000,"evals":1,"gcsample":false,"seconds":5.0,"overhead":0.0,"memory_tolerance":0.01}],"times":[6.74353039e9]}],["Trial",{"allocs":30768,"gctimes":[0.0],"memory":337637872,"params":["Parameters",{"gctrial":true,"time_tolerance":0.05,"samples":10000,"evals":1,"gcsample":false,"seconds":5.0,"overhead":0.0,"memory_tolerance":0.01}],"times":[1.2998684983e10]}],["Trial",{"allocs":46928,"gctimes":[0.0],"memory":542718976,"params":["Parameters",{"gctrial":true,"time_tolerance":0.05,"samples":10000,"evals":1,"gcsample":false,"seconds":5.0,"overhead":0.0,"memory_tolerance":0.01}],"times":[2.262996086e10]}],["Trial",{"allocs":68536,"gctimes":[1.1475614e7],"memory":830727440,"params":["Parameters",{"gctrial":true,"time_tolerance":0.05,"samples":10000,"evals":1,"gcsample":false,"seconds":5.0,"overhead":0.0,"memory_tolerance":0.01}],"times":[3.768348217e10]}],["Trial",{"allocs":104965,"gctimes":[1.0069673e7],"memory":1331457840,"params":["Parameters",{"gctrial":true,"time_tolerance":0.05,"samples":10000,"evals":1,"gcsample":false,"seconds":5.0,"overhead":0.0,"memory_tolerance":0.01}],"times":[6.450568507e10]}],["Trial",{"allocs":168279,"gctimes":[5.1096088e7],"memory":2225580336,"params":["Parameters",{"gctrial":true,"time_tolerance":0.05,"samples":10000,"evals":1,"gcsample":false,"seconds":5.0,"overhead":0.0,"memory_tolerance":0.01}],"times":[1.1495997694e11]}],["Trial",{"allocs":195294,"gctimes":[6.0050896e7],"memory":2640584176,"params":["Parameters",{"gctrial":true,"time_tolerance":0.05,"samples":10000,"evals":1,"gcsample":false,"seconds":5.0,"overhead":0.0,"memory_tolerance":0.01}],"times":[1.47024442136e11]}]],"medians":[6743.53039,12998.684983,22629.96086,37683.48217,64505.68507,114959.97694,147024.442136]}