{"lengs":[10.0],"benchmarks":[["Trial",{"allocs":4266,"gctimes":[0.0,0.0,0.0,0.0,0.0,0.0,0.0,0.0,0.0,0.0,0.0,0.0,0.0,0.0,0.0,0.0,0.0,0.0,0.0,0.0,0.0,0.0,0.0,0.0,0.0,0.0,0.0,0.0,0.0,0.0,0.0,0.0,0.0],"memory":205920,"params":["Parameters",{"gctrial":true,"time_tolerance":0.05,"samples":10000,"evals":1,"gcsample":false,"seconds":5.0,"overhead":0.0,"memory_tolerance":0.01}],"times":[1.66082584e8,1.5715011e8,1.5463822e8,1.53581914e8,1.53721444e8,1.5318649e8,1.53454684e8,1.55242485e8,1.54699936e8,1.55412041e8,1.53903219e8,1.53094083e8,1.53400619e8,1.53451393e8,1.55971776e8,1.61396638e8,1.54255436e8,1.55620633e8,1.55303713e8,1.55086478e8,1.54596765e8,1.56529594e8,1.56874348e8,1.54767422e8,1.55037718e8,1.54695588e8,1.54925546e8,1.55147334e8,1.54976259e8,1.54497305e8,1.54810096e8,1.54838679e8,1.54739589e8]}]],"medians":[154.810096]}