{"lengs":[10.0,21.544346900318832,46.4158883361278,100.0,215.44346900318845,464.15888336127773,1000.0],"benchmarks":[["Trial",{"allocs":64660,"gctimes":[1.3724876e7,1.2840069e7],"memory":918853072,"params":["Parameters",{"gctrial":true,"time_tolerance":0.05,"samples":10000,"evals":1,"gcsample":false,"seconds":5.0,"overhead":0.0,"memory_tolerance":0.01}],"times":[3.235555691e9,3.280596871e9]}],["Trial",{"allocs":139314,"gctimes":[1.7476986e7],"memory":1980430896,"params":["Parameters",{"gctrial":true,"time_tolerance":0.05,"samples":10000,"evals":1,"gcsample":false,"seconds":5.0,"overhead":0.0,"memory_tolerance":0.01}],"times":[7.240472589e9]}],["Trial",{"allocs":300152,"gctimes":[3.61820213e8],"memory":4267668368,"params":["Parameters",{"gctrial":true,"time_tolerance":0.05,"samples":10000,"evals":1,"gcsample":false,"seconds":5.0,"overhead":0.0,"memory_tolerance":0.01}],"times":[1.6410908711e10]}],["Trial",{"allocs":646658,"gctimes":[1.297205832e9],"memory":9195319088,"params":["Parameters",{"gctrial":true,"time_tolerance":0.05,"samples":10000,"evals":1,"gcsample":false,"seconds":5.0,"overhead":0.0,"memory_tolerance":0.01}],"times":[3.6392435751e10]}],["Trial",{"allocs":1393190,"gctimes":[2.452003456e9],"memory":19811682896,"params":["Parameters",{"gctrial":true,"time_tolerance":0.05,"samples":10000,"evals":1,"gcsample":false,"seconds":5.0,"overhead":0.0,"memory_tolerance":0.01}],"times":[7.4594256274e10]}],["Trial",{"allocs":3001543,"gctimes":[4.429080828e9],"memory":42680233672,"params":["Parameters",{"gctrial":true,"time_tolerance":0.05,"samples":10000,"evals":1,"gcsample":false,"seconds":5.0,"overhead":0.0,"memory_tolerance":0.01}],"times":[1.62012766974e11]}],["Trial",{"allocs":6466633,"gctimes":[8.477895781e9],"memory":91948531360,"params":["Parameters",{"gctrial":true,"time_tolerance":0.05,"samples":10000,"evals":1,"gcsample":false,"seconds":5.0,"overhead":0.0,"memory_tolerance":0.01}],"times":[3.23077239554e11]}]],"medians":[3258.076281,7240.472589,16410.908711,36392.435751,74594.256274,162012.766974,323077.239554]}