{"lengs":[1.9998618696327441],"benchmarks":[["Trial",{"allocs":60225,"gctimes":[0.0,0.0,0.0,0.0,0.0,0.0,0.0,0.0,0.0,0.0,0.0,0.0,0.0,0.0,0.0,0.0,0.0,0.0,0.0,0.0,0.0,0.0,0.0,0.0,0.0,0.0,0.0,0.0,0.0,0.0,0.0,0.0,0.0,0.0,0.0,0.0,0.0,0.0,0.0,0.0,0.0,1.9643603e7,0.0,0.0,0.0,0.0,0.0,0.0,0.0,0.0,0.0,0.0,0.0,0.0,0.0,0.0,0.0,0.0,0.0,0.0,0.0,0.0,0.0,0.0,0.0,0.0,0.0,0.0,0.0,0.0,0.0,0.0,0.0,0.0,0.0,0.0,0.0,0.0,0.0,0.0,0.0,0.0,0.0,1.9840946e7,0.0,0.0,0.0,0.0,0.0,0.0,0.0,0.0,0.0,0.0,0.0,0.0,0.0,0.0,0.0,0.0,0.0,0.0,0.0,0.0,0.0,0.0,0.0,0.0,0.0,0.0,0.0,0.0,0.0,0.0,0.0,0.0,0.0,0.0,0.0,0.0,0.0,0.0,0.0,0.0,0.0,1.9789388e7,0.0,0.0,0.0,0.0,0.0,0.0,0.0,0.0,0.0,0.0,0.0,0.0,0.0,0.0,0.0,0.0,0.0,0.0,0.0,0.0,0.0,0.0,0.0,0.0,0.0,0.0,0.0,0.0,0.0,0.0,0.0,0.0,0.0,0.0,0.0,0.0,0.0,0.0,0.0,0.0,0.0,1.9713201e7,0.0,0.0,0.0,0.0,0.0,0.0,0.0,0.0,0.0,0.0,0.0,0.0,0.0,0.0,0.0,0.0,0.0,0.0,0.0,0.0,0.0,0.0,0.0,0.0,0.0,0.0,0.0,0.0,0.0,0.0,0.0,0.0,0.0,0.0,0.0,0.0,0.0,0.0,0.0,0.0,0.0,2.0139224e7,0.0,0.0,0.0,0.0,0.0,0.0,0.0,0.0,0.0,0.0,0.0,0.0,0.0,0.0,0.0,0.0,0.0,0.0,0.0,0.0,0.0,0.0,0.0,0.0,0.0,0.0,0.0,0.0,0.0,0.0,0.0,0.0,0.0,0.0,0.0,0.0,0.0,0.0,0.0,0.0,0.0,0.0,2.0129537e7,0.0,0.0,0.0,0.0,0.0,0.0,0.0,0.0,0.0,0.0,0.0,0.0,0.0,0.0,0.0,0.0,0.0,0.0,0.0,0.0,0.0,0.0,0.0,0.0,0.0,0.0,0.0,0.0,0.0,0.0,0.0,0.0,0.0,0.0,0.0,0.0,0.0,0.0,0.0,0.0,0.0,2.0439841e7,0.0,0.0,0.0,0.0,0.0,0.0,0.0,0.0,0.0,0.0,0.0,0.0,0.0,0.0,0.0,0.0,0.0,0.0,0.0,0.0,0.0,0.0,0.0,0.0,0.0,0.0,0.0,0.0,0.0,0.0,0.0,0.0,0.0,0.0,0.0,0.0,0.0,0.0,0.0,0.0,0.0,1.9828706e7,0.0,0.0,0.0,0.0,0.0,0.0,0.0,0.0,0.0,0.0,0.0,0.0,0.0,0.0,0.0,0.0,0.0,0.0,0.0,0.0,0.0,0.0,0.0,0.0,0.0,0.0,0.0,0.0,0.0,0.0,0.0,0.0,0.0,0.0,0.0,0.0,0.0,0.0,0.0,0.0,0.0,1.9765225e7,0.0,0.0,0.0,0.0,0.0,0.0,0.0,0.0,0.0,0.0,0.0,0.0,0.0,0.0,0.0,0.0,0.0,0.0,0.0,0.0,0.0,0.0,0.0,0.0,0.0,0.0,0.0,0.0,0.0,0.0,0.0,0.0,0.0,0.0,0.0,0.0,0.0,0.0,0.0,0.0,0.0,1.9835239e7,0.0,0.0,0.0,0.0,0.0,0.0,0.0,0.0,0.0,0.0,0.0,0.0,0.0,0.0,0.0,0.0,0.0,0.0,0.0,0.0,0.0,0.0,0.0,0.0,0.0,0.0,0.0,0.0,0.0,0.0,0.0,0.0,0.0,0.0,0.0,0.0,0.0,0.0,0.0,0.0,0.0,1.9765249e7,0.0,0.0,0.0,0.0,0.0,0.0,0.0,0.0,0.0,0.0,0.0,0.0,0.0,0.0,0.0,0.0,0.0,0.0,0.0,0.0,0.0,0.0,0.0,0.0,0.0,0.0,0.0,0.0,0.0,0.0,0.0,0.0,0.0,0.0,0.0,0.0,0.0,0.0,0.0,0.0,0.0,2.0173261e7,0.0,0.0,0.0,0.0,0.0,0.0,0.0,0.0,0.0,0.0,0.0,0.0,0.0,0.0,0.0,0.0,0.0,0.0,0.0,0.0,0.0,0.0,0.0,0.0,0.0,0.0,0.0,0.0,0.0,0.0,0.0,0.0,0.0,0.0,0.0,0.0,0.0,0.0,0.0,0.0,0.0,2.039796e7,0.0,0.0,0.0,0.0,0.0,0.0,0.0,0.0,0.0,0.0,0.0,0.0,0.0,0.0,0.0,0.0],"memory":5027080,"params":["Parameters",{"gctrial":true,"time_tolerance":0.05,"samples":10000,"evals":1,"gcsample":false,"seconds":5.0,"overhead":0.0,"memory_tolerance":0.01}],"times":[8.637733e6,8.476361e6,8.226567e6,9.103523e6,9.408311e6,9.262129e6,9.372627e6,9.390092e6,9.228031e6,8.727093e6,8.822492e6,9.514288e6,9.399313e6,9.359396e6,9.500754e6,9.450561e6,9.483261e6,9.542593e6,9.546545e6,9.351643e6,9.351587e6,9.422739e6,9.449635e6,9.47507e6,9.49949e6,9.590552e6,9.408176e6,9.592273e6,9.541128e6,9.420645e6,9.472246e6,9.421867e6,9.349028e6,9.663571e6,9.487714e6,9.40054e6,9.625071e6,9.530207e6,9.533719e6,9.63224e6,9.68603e6,3.0064521e7,7.909402e6,7.732227e6,7.593262e6,7.736131e6,7.714329e6,7.640592e6,7.643239e6,7.638628e6,7.682411e6,7.701024e6,7.591116e6,7.581894e6,7.750981e6,7.664885e6,7.569063e6,7.564565e6,7.656477e6,7.56139e6,8.326935e6,8.528092e6,8.366115e6,9.391143e6,8.86633e6,8.874692e6,8.785532e6,8.752567e6,8.667636e6,8.776063e6,8.633222e6,8.72159e6,8.703313e6,8.64683e6,8.542782e6,8.871571e6,8.54819e6,8.569658e6,8.696156e6,1.7013724e7,8.949076e6,9.194942e6,9.385399e6,2.9716198e7,7.734556e6,7.508369e6,7.595297e6,7.590456e6,7.526371e6,7.540665e6,7.56265e6,7.667098e6,7.580553e6,7.584612e6,7.593103e6,7.644841e6,7.558327e6,7.582076e6,7.525466e6,7.596962e6,7.519687e6,7.511648e6,7.484646e6,7.56973e6,7.696334e6,8.247115e6,8.270798e6,8.26878e6,8.320277e6,8.464065e6,8.382525e6,8.421687e6,8.568255e6,8.45397e6,8.43936e6,8.520525e6,8.490602e6,8.840353e6,8.435862e6,8.420776e6,8.576837e6,8.637203e6,8.633675e6,8.883942e6,9.391807e6,2.9524311e7,7.625368e6,7.759127e6,7.53893e6,7.530922e6,7.533538e6,7.72371e6,7.630568e6,7.5483e6,7.58241e6,7.567552e6,7.571903e6,7.746752e6,7.61951e6,7.623474e6,7.700559e6,7.545916e6,7.571125e6,7.552558e6,7.586092e6,7.528911e6,7.539999e6,8.430715e6,8.544499e6,8.643736e6,8.508674e6,8.600655e6,8.443962e6,8.453765e6,8.490805e6,8.732819e6,8.566434e6,8.515056e6,8.479618e6,8.807851e6,8.510374e6,8.541316e6,8.656145e6,8.670884e6,8.751863e6,8.916724e6,9.181568e6,2.9576054e7,7.624016e6,7.647493e6,7.683523e6,7.537358e6,7.544251e6,7.557418e6,7.558751e6,7.576389e6,7.586961e6,7.541743e6,7.564932e6,8.534096e6,8.507739e6,8.304595e6,8.205147e6,8.040945e6,8.086241e6,8.17854e6,8.171358e6,8.141111e6,7.923862e6,8.849723e6,8.953401e6,8.947396e6,8.95855e6,9.070258e6,8.938774e6,9.320145e6,8.955423e6,8.961445e6,8.943085e6,8.96453e6,8.969323e6,9.243891e6,9.028978e6,8.998169e6,9.058232e6,9.240295e6,9.142884e6,9.405127e6,9.548723e6,3.0248815e7,8.5097e6,8.187988e6,8.068145e6,7.958912e6,8.275493e6,8.141585e6,7.970406e6,7.959451e6,7.982278e6,8.027055e6,7.992303e6,7.958285e6,7.997465e6,7.990145e6,7.980875e6,7.910604e6,7.940841e6,8.005558e6,7.919078e6,7.926123e6,7.97435e6,8.817852e6,9.038106e6,8.945207e6,9.001287e6,9.034863e6,8.930852e6,9.032927e6,8.939509e6,8.960278e6,8.987509e6,9.050679e6,8.923039e6,9.387989e6,9.082183e6,8.897291e6,9.134281e6,9.078135e6,9.084379e6,9.291252e6,9.595972e6,9.589431e6,2.9152988e7,7.987708e6,8.084254e6,8.073521e6,7.944138e6,8.08647e6,7.973321e6,7.960436e6,7.993183e6,7.991394e6,8.075344e6,7.992701e6,8.129411e6,8.018363e6,8.014571e6,8.026144e6,8.019943e6,8.059901e6,8.00511e6,8.003243e6,7.94296e6,8.758994e6,9.041305e6,8.982108e6,9.004495e6,9.130338e6,8.991732e6,8.971031e6,8.89186e6,8.990674e6,8.994486e6,8.94442e6,8.949898e6,9.379417e6,9.090233e6,8.979069e6,9.038466e6,9.18162e6,9.170207e6,9.283531e6,9.762097e6,9.563839e6,2.9915032e7,8.32015e6,7.578538e6,7.835963e6,7.843441e6,7.850698e6,7.812917e6,7.586679e6,7.716408e6,7.657239e6,7.663778e6,7.548173e6,7.604472e6,7.672154e6,7.537616e6,7.496651e6,7.505482e6,7.757304e6,7.484319e6,7.48807e6,7.522216e6,8.606289e6,8.637282e6,8.476324e6,8.521368e6,8.578867e6,8.462393e6,8.438028e6,8.404893e6,8.489948e6,8.412746e6,8.447072e6,8.444406e6,8.653222e6,8.509744e6,8.512109e6,8.600741e6,8.681637e6,8.638796e6,8.723109e6,9.015258e6,9.138127e6,2.8687426e7,7.563956e6,7.75363e6,7.591629e6,7.550864e6,7.644413e6,7.729154e6,7.560014e6,7.578768e6,7.58087e6,7.63434e6,7.694213e6,7.6954e6,7.681874e6,7.617961e6,7.522499e6,7.498132e6,7.517895e6,7.602629e6,7.627856e6,7.547803e6,8.13314e6,8.455377e6,8.663203e6,8.563541e6,8.638738e6,8.479369e6,8.524329e6,8.588189e6,8.688952e6,8.517823e6,8.517739e6,8.495249e6,8.642691e6,8.594629e6,8.430295e6,8.521754e6,8.768615e6,8.560185e6,8.721476e6,9.083682e6,9.073674e6,2.8674324e7,7.585406e6,7.590057e6,7.53664e6,7.539794e6,7.522227e6,7.649959e6,7.668284e6,7.586758e6,7.638093e6,7.682547e6,7.648611e6,7.63503e6,7.646882e6,7.68508e6,7.6152e6,7.508848e6,7.602675e6,7.717251e6,7.492461e6,7.490417e6,8.042672e6,8.558704e6,8.506353e6,8.733051e6,8.699053e6,8.602235e6,8.67391e6,8.515167e6,8.632827e6,8.58719e6,8.587993e6,8.638036e6,8.844301e6,8.854153e6,8.474545e6,8.573985e6,9.573345e6,9.536476e6,9.550468e6,9.448537e6,9.302684e6,2.9132795e7,7.697311e6,7.685276e6,7.596387e6,7.544161e6,7.64517e6,7.562371e6,7.618274e6,7.65352e6,7.60629e6,7.577674e6,7.648457e6,7.596893e6,7.564133e6,7.57748e6,7.511755e6,7.504986e6,7.858809e6,7.558446e6,7.538275e6,7.527024e6,8.016683e6,8.531609e6,8.549251e6,8.589331e6,8.600455e6,8.564303e6,8.437666e6,8.453128e6,8.509663e6,8.590771e6,8.608724e6,8.552129e6,8.842108e6,8.782502e6,8.504829e6,8.487244e6,8.674239e6,9.060874e6,8.725167e6,8.972875e6,9.068177e6,2.922248e7,7.607193e6,7.612262e6,7.620346e6,7.594138e6,7.806313e6,7.598713e6,7.573755e6,7.551858e6,7.580215e6,7.557997e6,7.724427e6,7.663554e6,7.633093e6,7.615906e6,7.63002e6,7.571604e6,7.754729e6,7.583553e6,7.521611e6,7.596089e6,7.90579e6,8.738247e6,8.554123e6,8.630947e6,8.559252e6,8.684394e6,8.484137e6,8.488577e6,8.481248e6,