{"lengs":[10.0,21.544346900318832,46.4158883361278,100.0,215.44346900318845,464.15888336127773,1000.0],"benchmarks":[["Trial",{"allocs":3168099,"gctimes":[0.0,0.0],"memory":184127200,"params":["Parameters",{"gctrial":true,"time_tolerance":0.05,"samples":10000,"evals":1,"gcsample":false,"seconds":5.0,"overhead":0.0,"memory_tolerance":0.01}],"times":[2.693287312e9,2.748961164e9]}],["Trial",{"allocs":4464063,"gctimes":[0.0,5.9644073e7],"memory":255764320,"params":["Parameters",{"gctrial":true,"time_tolerance":0.05,"samples":10000,"evals":1,"gcsample":false,"seconds":5.0,"overhead":0.0,"memory_tolerance":0.01}],"times":[3.808383921e9,3.899447929e9]}],["Trial",{"allocs":15875746,"gctimes":[5.2755151e7],"memory":886568960,"params":["Parameters",{"gctrial":true,"time_tolerance":0.05,"samples":10000,"evals":1,"gcsample":false,"seconds":5.0,"overhead":0.0,"memory_tolerance":0.01}],"times":[1.3504389172e10]}],["Trial",{"allocs":18611670,"gctimes":[1.09610323e8],"memory":1037802880,"params":["Parameters",{"gctrial":true,"time_tolerance":0.05,"samples":10000,"evals":1,"gcsample":false,"seconds":5.0,"overhead":0.0,"memory_tolerance":0.01}],"times":[1.6151160847e10]}],["Trial",{"allocs":21419592,"gctimes":[1.13496485e8],"memory":1193016640,"params":["Parameters",{"gctrial":true,"time_tolerance":0.05,"samples":10000,"evals":1,"gcsample":false,"seconds":5.0,"overhead":0.0,"memory_tolerance":0.01}],"times":[1.8372236857e10]}],["Trial",{"allocs":31391315,"gctimes":[1.67701753e8],"memory":1744224480,"params":["Parameters",{"gctrial":true,"time_tolerance":0.05,"samples":10000,"evals":1,"gcsample":false,"seconds":5.0,"overhead":0.0,"memory_tolerance":0.01}],"times":[2.6747335643e10]}],["Trial",{"allocs":34667224,"gctimes":[1.63435668e8],"memory":1925307200,"params":["Parameters",{"gctrial":true,"time_tolerance":0.05,"samples":10000,"evals":1,"gcsample":false,"seconds":5.0,"overhead":0.0,"memory_tolerance":0.01}],"times":[2.953113858e10]}]],"medians":[2721.124238,3853.915925,13504.389172,16151.160847,18372.236857,26747.335643,29531.13858]}