{"lengs":[19.998618696327437],"benchmarks":[["Trial",{"allocs":96211,"gctimes":[0.0,0.0,0.0,0.0,0.0,0.0,0.0,0.0,0.0,0.0,0.0,0.0,0.0,0.0,0.0,0.0,0.0,0.0,0.0,0.0,0.0,0.0,0.0,0.0,0.0,0.0,0.0,0.0,0.0,1.935393e7,0.0,0.0,0.0,0.0,0.0,0.0,0.0,0.0,0.0,0.0,0.0,0.0,0.0,0.0,0.0,0.0,0.0,0.0,0.0,0.0,0.0,0.0,0.0,0.0,0.0,0.0,0.0,0.0,1.9401158e7,0.0,0.0,0.0,0.0,0.0,0.0,0.0,0.0,0.0,0.0,0.0,0.0,0.0,0.0,0.0,0.0,0.0,0.0,0.0,0.0,0.0,0.0,0.0,0.0,0.0,0.0,0.0,0.0,0.0,2.2653933e7,0.0,0.0,0.0,0.0,0.0,0.0,0.0,0.0,0.0,0.0,0.0,0.0,0.0,0.0,0.0,0.0,0.0,0.0,0.0,0.0,0.0,0.0,0.0,0.0,0.0,0.0,0.0,0.0,1.9218295e7,0.0,0.0,0.0,0.0,0.0,0.0,0.0,0.0,0.0,0.0,0.0,0.0,0.0,0.0,0.0,0.0,0.0,0.0,0.0,0.0,0.0,0.0,0.0,0.0,0.0,0.0,0.0,0.0,0.0,2.0050535e7,0.0,0.0,0.0,0.0,0.0,0.0,0.0,0.0,0.0,0.0,0.0,0.0,0.0,0.0,0.0,0.0,0.0,0.0,0.0,0.0,0.0,0.0,0.0,0.0,0.0,0.0,0.0,0.0,1.9684503e7,0.0,0.0,0.0,0.0,0.0,0.0,0.0,0.0,0.0,0.0,0.0,0.0,0.0,0.0,0.0,0.0,0.0,0.0,0.0,0.0,0.0,0.0,0.0,0.0,0.0,0.0,0.0,0.0,1.9640396e7,0.0,0.0,0.0,0.0,0.0,0.0,0.0,0.0,0.0,0.0,0.0,0.0,0.0,0.0,0.0,0.0,0.0,0.0,0.0,0.0,0.0,0.0,0.0,0.0,0.0,0.0,0.0,0.0,0.0,1.9703954e7,0.0,0.0,0.0,0.0,0.0,0.0,0.0,0.0,0.0,0.0,0.0,0.0,0.0,0.0,0.0,0.0,0.0,0.0,0.0,0.0,0.0,0.0,0.0,0.0,0.0,0.0,0.0,0.0,1.9674904e7,0.0,0.0,0.0,0.0,0.0,0.0,0.0,0.0,0.0,0.0,0.0,0.0,0.0,0.0,0.0,0.0,0.0,0.0,0.0,0.0,0.0,0.0,0.0,0.0,0.0,0.0,0.0,0.0,0.0,1.9363218e7,0.0,0.0,0.0,0.0,0.0,0.0,0.0,0.0,0.0,0.0,0.0,0.0,0.0,0.0,0.0,0.0,0.0,0.0,0.0,0.0,0.0,0.0,0.0,0.0,0.0,0.0,0.0,0.0,1.9207187e7,0.0,0.0,0.0,0.0,0.0,0.0,0.0,0.0,0.0,0.0,0.0,0.0,0.0,0.0,0.0,0.0,0.0,0.0,0.0,0.0,0.0,0.0,0.0,0.0,0.0,0.0,0.0,0.0,0.0,1.9273545e7,0.0,0.0,0.0,0.0,0.0,0.0,0.0,0.0,0.0,0.0,0.0,0.0,0.0,0.0,0.0,0.0,0.0,0.0,0.0,0.0,0.0,0.0,0.0,0.0,0.0,0.0,0.0,0.0,1.9318351e7,0.0,0.0,0.0,0.0,0.0,0.0,0.0,0.0,0.0,0.0,0.0,0.0,0.0,0.0,0.0,0.0,0.0,0.0,0.0,0.0,0.0,0.0,0.0,0.0,0.0,0.0,0.0,0.0,1.9249272e7,0.0,0.0,0.0,0.0,0.0,0.0,0.0,0.0,0.0,0.0,0.0,0.0,0.0,0.0,0.0,0.0,0.0,0.0,0.0,0.0,0.0,0.0,0.0,0.0,0.0,0.0,0.0,0.0,0.0,1.9809049e7,0.0,0.0,0.0,0.0,0.0,0.0,0.0,0.0,0.0,0.0,0.0,0.0,0.0,0.0,0.0,0.0,0.0,0.0,0.0,0.0,0.0,0.0,0.0,0.0,0.0,0.0,0.0,0.0,1.9761054e7,0.0,0.0,0.0,0.0,0.0,0.0,0.0,0.0,0.0,0.0,0.0,0.0,0.0,0.0,0.0,0.0,0.0,0.0,0.0,0.0,0.0,0.0,0.0,0.0,0.0,0.0,0.0,0.0,0.0,1.9703179e7,0.0,0.0,0.0,0.0,0.0,0.0,0.0,0.0,0.0,0.0,0.0,0.0,0.0,0.0,0.0,0.0,0.0,0.0,0.0,0.0,0.0,0.0,0.0,0.0,0.0,0.0,0.0,0.0,2.0601181e7,0.0,0.0,0.0,0.0,0.0,0.0,0.0,0.0,0.0,0.0,0.0,0.0,0.0,0.0,0.0,0.0,0.0,0.0,0.0,0.0,0.0,0.0,0.0,0.0,0.0,0.0,0.0,0.0,0.0,1.9701571e7,0.0,0.0,0.0,0.0,0.0,0.0,0.0,0.0,0.0,0.0,0.0,0.0,0.0,0.0,0.0,0.0,0.0,0.0,0.0,0.0,0.0,0.0,0.0,0.0,0.0,0.0,0.0,0.0,1.9349095e7,0.0,0.0,0.0,0.0,0.0,0.0,0.0,0.0,0.0,0.0,0.0,0.0,0.0,0.0,0.0,0.0,0.0,0.0,0.0,0.0,0.0,0.0,0.0,0.0,0.0,0.0,0.0,0.0,0.0,1.9324036e7,0.0,0.0,0.0,0.0,0.0,0.0,0.0,0.0,0.0,0.0,0.0,0.0,0.0,0.0,0.0,0.0,0.0,0.0,0.0,0.0,0.0,0.0,0.0,0.0,0.0,0.0,0.0,0.0,1.9294291e7,0.0,0.0,0.0,0.0,0.0,0.0,0.0,0.0,0.0,0.0,0.0,0.0,0.0,0.0,0.0,0.0,0.0,0.0,0.0,0.0,0.0,0.0,0.0,0.0,0.0,0.0,0.0,0.0,1.9327425e7,0.0,0.0,0.0,0.0,0.0,0.0,0.0,0.0,0.0,0.0,0.0,0.0,0.0,0.0,0.0,0.0,0.0,0.0,0.0,0.0,0.0,0.0,0.0,0.0,0.0,0.0,0.0,0.0,0.0,1.9306951e7,0.0,0.0,0.0,0.0,0.0,0.0,0.0,0.0,0.0,0.0,0.0,0.0,0.0,0.0,0.0,0.0,0.0,0.0,0.0,0.0,0.0,0.0,0.0,0.0,0.0,0.0,0.0,0.0,1.9253796e7],"memory":7042184,"params":["Parameters",{"gctrial":true,"time_tolerance":0.05,"samples":10000,"evals":1,"gcsample":false,"seconds":5.0,"overhead":0.0,"memory_tolerance":0.01}],"times":[5.997347e6,6.315762e6,6.450692e6,6.445618e6,6.49496e6,6.606965e6,6.599345e6,6.615334e6,6.607721e6,6.680611e6,6.745623e6,6.713305e6,6.810708e6,6.755026e6,6.742044e6,6.726068e6,6.707055e6,6.674797e6,6.693643e6,6.718402e6,6.771075e6,6.695155e6,6.7511e6,6.81084e6,6.686723e6,6.690327e6,6.765435e6,6.707865e6,6.955585e6,2.5980513e7,5.230377e6,5.023196e6,4.976771e6,5.037313e6,4.950733e6,4.946482e6,4.947899e6,4.955533e6,4.95535e6,4.987235e6,4.954651e6,5.249702e6,6.589168e6,6.705024e6,6.722061e6,6.697935e6,6.53273e6,6.429862e6,6.465588e6,6.572994e6,6.574815e6,6.667262e6,6.704684e6,6.720318e6,6.695437e6,6.772036e6,6.697288e6,6.880529e6,2.6798949e7,5.156543e6,5.107511e6,4.989567e6,4.928538e6,4.931399e6,4.957188e6,4.934341e6,4.952335e6,4.940462e6,6.89427e6,5.043024e6,4.960066e6,5.970403e6,6.584912e6,6.688939e6,6.700366e6,6.659915e6,6.626703e6,6.440564e6,6.523403e6,6.633455e6,6.65756e6,6.716508e6,6.669885e6,6.658146e6,6.72278e6,6.672576e6,6.672344e6,7.069006e6,2.9074209e7,5.196992e6,4.984647e6,4.981773e6,4.942068e6,4.955671e6,4.926385e6,4.963229e6,4.949402e6,4.966995e6,4.93864e6,4.94106e6,5.625764e6,6.655371e6,6.689732e6,6.69343e6,6.737761e6,6.599894e6,6.483439e6,6.469096e6,6.577584e6,6.626107e6,6.686061e6,6.706853e6,6.671896e6,6.681995e6,6.760765e6,6.706455e6,6.909533e6,2.6343808e7,5.132551e6,5.071773e6,4.94229e6,4.948162e6,4.913651e6,4.947723e6,4.912724e6,4.939306e6,4.910607e6,4.996003e6,4.964467e6,5.065409e6,6.12855e6,7.21722e6,7.240263e6,7.018212e6,6.980124e6,6.646317e6,6.490312e6,6.733436e6,6.727141e6,6.652555e6,6.79559e6,6.778038e6,6.692767e6,7.246201e6,7.237859e6,7.290756e6,7.422339e6,2.6601089e7,5.57976e6,5.236282e6,5.233198e6,5.198818e6,5.200259e6,5.181949e6,5.212427e6,5.189512e6,5.213033e6,5.232706e6,5.218237e6,6.221353e6,6.985562e6,6.991509e6,6.995932e6,6.986412e6,6.843562e6,6.708148e6,6.781101e6,6.908827e6,6.936016e6,6.991615e6,7.008961e6,6.997598e6,6.973601e6,7.038956e6,6.994656e6,7.235745e6,2.6779681e7,5.482012e6,5.250444e6,5.252896e6,5.220425e6,5.216002e6,5.165147e6,5.213371e6,5.237164e6,5.21383e6,5.248312e6,5.222601e6,5.432622e6,6.688644e6,6.976814e6,7.044653e6,7.011036e6,6.99293e6,6.701225e6,6.750435e6,6.880865e6,6.907835e6,6.965049e6,6.964022e6,6.987217e6,6.958063e6,7.048421e6,6.9836e6,7.085236e6,2.7049211e7,5.944667e6,5.362485e6,5.250974e6,5.235348e6,5.220034e6,5.225866e6,5.202774e6,5.210069e6,5.203867e6,5.23633e6,5.209435e6,5.223834e6,5.885472e6,6.824152e6,6.966035e6,6.99775e6,6.986365e6,7.010161e6,6.761311e6,6.808447e6,6.88714e6,6.940634e6,6.976432e6,6.985535e6,7.072157e6,6.982153e6,7.061598e6,6.994785e6,7.266894e6,2.6579759e7,5.493922e6,5.267289e6,5.246798e6,5.211416e6,5.186002e6,5.209685e6,5.194363e6,5.2114e6,5.206979e6,5.207959e6,5.347774e6,5.598699e6,6.855677e6,6.983118e6,7.000414e6,7.008096e6,6.987986e6,6.862669e6,6.741437e6,6.925019e6,6.931621e6,6.961068e6,6.971742e6,6.979548e6,7.036442e6,7.069654e6,6.97614e6,7.187253e6,2.7305173e7,5.411815e6,5.385572e6,5.256391e6,5.234909e6,5.191182e6,5.205036e6,5.177018e6,5.196432e6,5.194014e6,5.232165e6,5.207648e6,5.221806e6,6.183404e6,6.97686e6,7.02077e6,7.099983e6,7.339168e6,7.151305e6,6.851617e6,6.832101e6,6.838964e6,6.782629e6,6.709033e6,6.843742e6,6.831086e6,6.760593e6,6.830229e6,6.845791e6,6.971265e6,2.5860217e7,5.240604e6,4.98427e6,4.961935e6,4.925012e6,4.954195e6,4.91315e6,4.944192e6,4.95368e6,4.956972e6,4.945057e6,4.956539e6,5.569764e6,6.638732e6,6.670825e6,6.68719e6,6.691847e6,6.615758e6,6.48236e6,6.491082e6,6.575159e6,6.629481e6,6.680659e6,6.653179e6,6.667781e6,6.675038e6,6.73561e6,6.745532e6,6.897455e6,2.6318352e7,5.147448e6,5.069328e6,4.961568e6,4.941593e6,4.936424e6,4.945622e6,4.954186e6,4.91511e6,4.935501e6,4.958955e6,4.943541e6,4.985338e6,6.079353e6,6.675974e6,6.69388e6,6.707423e6,6.833177e6,6.482811e6,6.442146e6,6.513667e6,6.557996e6,6.708528e6,6.704269e6,6.647926e6,6.660426e6,6.737714e6,6.655842e6,6.756904e6,6.935e6,2.5370655e7,5.175367e6,4.978616e6,4.979463e6,4.937632e6,4.938165e6,4.919715e6,4.96381e6,4.939493e6,4.94293e6,4.929332e6,4.944484e6,5.874306e6,6.650208e6,6.662828e6,6.688548e6,6.688849e6,6.565251e6,6.404366e6,6.488672e6,6.635431e6,6.601468e6,6.674229e6,6.712964e6,6.668854e6,6.696148e6,6.77841e6,6.707374e6,6.951723e6,2.6162624e7,5.204299e6,5.067288e6,4.965661e6,4.952497e6,4.93962e6,4.933344e6,4.902808e6,4.935502e6,4.924178e6,4.993277e6,4.949518e6,5.133921e6,6.346965e6,6.702214e6,6.701437e6,6.7208e6,6.696617e6,6.427254e6,6.44773e6,6.566208e6,6.598672e6,6.686268e6,6.715033e6,6.680691e6,6.683569e6,6.782959e6,6.678823e6,6.739002e6,2.6403762e7,5.654613e6,5.135633e6,5.002671e6,4.965059e6,4.938672e6,4.966096e6,4.917531e6,4.939163e6,