{"lengs":[10.0,21.544346900318832,46.4158883361278,100.0,215.44346900318845,464.15888336127773,1000.0],"benchmarks":[["Trial",{"allocs":5899,"gctimes":[0.0,0.0,0.0,0.0,0.0,0.0,0.0,0.0,0.0,0.0,0.0,0.0,0.0,0.0,9.581611e6,0.0,0.0,0.0,0.0,0.0,0.0,0.0,0.0,0.0],"memory":30952272,"params":["Parameters",{"gctrial":true,"time_tolerance":0.05,"samples":10000,"evals":1,"gcsample":false,"seconds":5.0,"overhead":0.0,"memory_tolerance":0.01}],"times":[2.11465092e8,2.09683016e8,2.14665286e8,2.1059896e8,2.10517462e8,2.10681983e8,2.10587017e8,2.13987085e8,2.10328605e8,2.10223213e8,2.11254992e8,2.11431752e8,2.14603889e8,2.10974182e8,2.20778211e8,2.11034692e8,2.13405343e8,2.11031322e8,2.10542421e8,2.10705954e8,2.10845533e8,2.14773969e8,2.11022071e8,2.10580391e8]}],["Trial",{"allocs":6454,"gctimes":[0.0,0.0,0.0,0.0,0.0,0.0,0.0,0.0,0.0,0.0,0.0,0.0,8.363009e6,0.0,0.0,0.0,0.0,0.0,0.0],"memory":33924880,"params":["Parameters",{"gctrial":true,"time_tolerance":0.05,"samples":10000,"evals":1,"gcsample":false,"seconds":5.0,"overhead":0.0,"memory_tolerance":0.01}],"times":[2.64016162e8,2.66409568e8,2.62711897e8,2.62932488e8,2.62468102e8,2.71729056e8,2.62646804e8,2.62190021e8,2.62407881e8,2.66630339e8,2.62883775e8,2.64434259e8,2.70525454e8,2.63887066e8,2.61440101e8,2.62132983e8,2.65957331e8,2.63174823e8,2.62200949e8]}],["Trial",{"allocs":11667,"gctimes":[0.0,0.0,0.0,0.0,0.0,0.0],"memory":62700384,"params":["Parameters",{"gctrial":true,"time_tolerance":0.05,"samples":10000,"evals":1,"gcsample":false,"seconds":5.0,"overhead":0.0,"memory_tolerance":0.01}],"times":[9.41821257e8,9.37813644e8,9.39657124e8,9.63488755e8,9.39277374e8,9.37731135e8]}],["Trial",{"allocs":12428,"gctimes":[0.0,0.0,0.0,0.0],"memory":67889056,"params":["Parameters",{"gctrial":true,"time_tolerance":0.05,"samples":10000,"evals":1,"gcsample":false,"seconds":5.0,"overhead":0.0,"memory_tolerance":0.01}],"times":[1.580226985e9,1.540906641e9,1.538289758e9,1.540574496e9]}],["Trial",{"allocs":12907,"gctimes":[0.0,0.0,0.0],"memory":70914352,"params":["Parameters",{"gctrial":true,"time_tolerance":0.05,"samples":10000,"evals":1,"gcsample":false,"seconds":5.0,"overhead":0.0,"memory_tolerance":0.01}],"times":[2.23697662e9,2.235479755e9,2.251755344e9]}],["Trial",{"allocs":16775,"gctimes":[0.0,0.0],"memory":93615760,"params":["Parameters",{"gctrial":true,"time_tolerance":0.05,"samples":10000,"evals":1,"gcsample":false,"seconds":5.0,"overhead":0.0,"memory_tolerance":0.01}],"times":[3.325047616e9,3.258885934e9]}],["Trial",{"allocs":18856,"gctimes":[0.0,0.0],"memory":105207600,"params":["Parameters",{"gctrial":true,"time_tolerance":0.05,"samples":10000,"evals":1,"gcsample":false,"seconds":5.0,"overhead":0.0,"memory_tolerance":0.01}],"times":[3.593942852e9,3.602340265e9]}]],"medians":[210.9981265,262.932488,939.467249,1540.7405685,2236.97662,3291.966775,3598.1415585]}