{"lengs":[149.9684835502374],"benchmarks":[["Trial",{"allocs":1009008,"gctimes":[2.567776e9],"memory":14484830672,"params":["Parameters",{"gctrial":true,"time_tolerance":0.05,"samples":10000,"evals":1,"gcsample":false,"seconds":5.0,"overhead":0.0,"memory_tolerance":0.01}],"times":[5.3274466209e10]}]],"medians":[53274.466209]}