{"lengs":[149.9684835502374],"benchmarks":[["Trial",{"allocs":7925,"gctimes":[0.0,0.0,0.0,0.0],"memory":90295600,"params":["Parameters",{"gctrial":true,"time_tolerance":0.05,"samples":10000,"evals":1,"gcsample":false,"seconds":5.0,"overhead":0.0,"memory_tolerance":0.01}],"times":[1.624465123e9,1.666300521e9,1.624617829e9,1.62159227e9]}]],"medians":[1624.541476]}