{"lengs":[10.0,21.544346900318832,46.4158883361278,100.0,215.44346900318845,464.15888336127773,1000.0],"benchmarks":[["Trial",{"allocs":11409131,"gctimes":[0.0],"memory":695729288,"params":["Parameters",{"gctrial":true,"time_tolerance":0.05,"samples":10000,"evals":1,"gcsample":false,"seconds":5.0,"overhead":0.0,"memory_tolerance":0.01}],"times":[2.13236042155e11]}],["Trial",{"allocs":16137149,"gctimes":[1.51138844e8],"memory":945832392,"params":["Parameters",{"gctrial":true,"time_tolerance":0.05,"samples":10000,"evals":1,"gcsample":false,"seconds":5.0,"overhead":0.0,"memory_tolerance":0.01}],"times":[2.99544266494e11]}],["Trial",{"allocs":19837340,"gctimes":[1.50828928e8],"memory":1141582728,"params":["Parameters",{"gctrial":true,"time_tolerance":0.05,"samples":10000,"evals":1,"gcsample":false,"seconds":5.0,"overhead":0.0,"memory_tolerance":0.01}],"times":[3.6876141068e11]}],["Trial",{"allocs":21790217,"gctimes":[1.55406068e8],"memory":1244886184,"params":["Parameters",{"gctrial":true,"time_tolerance":0.05,"samples":10000,"evals":1,"gcsample":false,"seconds":5.0,"overhead":0.0,"memory_tolerance":0.01}],"times":[4.0403130234e11]}],["Trial",{"allocs":23434745,"gctimes":[1.6115955e8],"memory":1331878568,"params":["Parameters",{"gctrial":true,"time_tolerance":0.05,"samples":10000,"evals":1,"gcsample":false,"seconds":5.0,"overhead":0.0,"memory_tolerance":0.01}],"times":[4.36992486337e11]}],["Trial",{"allocs":26518235,"gctimes":[1.550369e8],"memory":1494989288,"params":["Parameters",{"gctrial":true,"time_tolerance":0.05,"samples":10000,"evals":1,"gcsample":false,"seconds":5.0,"overhead":0.0,"memory_tolerance":0.01}],"times":[4.89526409064e11]}],["Trial",{"allocs":28162763,"gctimes":[1.5659494e8],"memory":1581981672,"params":["Parameters",{"gctrial":true,"time_tolerance":0.05,"samples":10000,"evals":1,"gcsample":false,"seconds":5.0,"overhead":0.0,"memory_tolerance":0.01}],"times":[5.17984037521e11]}]],"medians":[213236.042155,299544.266494,368761.41068,404031.30234,436992.486337,489526.409064,517984.037521]}