{"lengs":[10.0,21.544346900318832,46.4158883361278,100.0,215.44346900318845,464.15888336127773,1000.0],"benchmarks":[["Trial",{"allocs":4013,"gctimes":[0.0,0.0,0.0,0.0,0.0,0.0,0.0,0.0,0.0,0.0,0.0,0.0,0.0,0.0,0.0,0.0,0.0,0.0,0.0,0.0,0.0,0.0,0.0,0.0,0.0],"memory":4979664,"params":["Parameters",{"gctrial":true,"time_tolerance":0.05,"samples":10000,"evals":1,"gcsample":false,"seconds":5.0,"overhead":0.0,"memory_tolerance":0.01}],"times":[2.01293454e8,2.02266706e8,2.03582521e8,2.00163594e8,2.03774126e8,2.01785249e8,2.08472673e8,2.00515649e8,2.04932667e8,1.99429634e8,2.00519931e8,2.08943986e8,2.06313995e8,2.01842196e8,2.00124655e8,2.04334642e8,2.04633673e8,2.01461208e8,2.01778769e8,2.11480317e8,2.11592698e8,2.12429525e8,2.06884563e8,2.03069623e8,2.00659475e8]}],["Trial",{"allocs":5361,"gctimes":[0.0,0.0,0.0,0.0,0.0,0.0,0.0,0.0,0.0,0.0,0.0,0.0,0.0,0.0,0.0,0.0,0.0,0.0,0.0],"memory":5447184,"params":["Parameters",{"gctrial":true,"time_tolerance":0.05,"samples":10000,"evals":1,"gcsample":false,"seconds":5.0,"overhead":0.0,"memory_tolerance":0.01}],"times":[2.66978119e8,2.61484088e8,2.65113055e8,2.6048631e8,2.63518911e8,2.64553991e8,2.67662193e8,2.71807861e8,2.75977685e8,2.72553919e8,2.70145123e8,2.76249902e8,2.76789911e8,2.73297551e8,2.7110933e8,2.65914689e8,2.59946234e8,2.64337085e8,2.62400566e8]}],["Trial",{"allocs":8575,"gctimes":[0.0,0.0,0.0,0.0,0.0,0.0,0.0,0.0,0.0,0.0,0.0,0.0,0.0],"memory":6437680,"params":["Parameters",{"gctrial":true,"time_tolerance":0.05,"samples":10000,"evals":1,"gcsample":false,"seconds":5.0,"overhead":0.0,"memory_tolerance":0.01}],"times":[3.89933466e8,3.84244955e8,3.93593566e8,3.88839253e8,3.93603086e8,3.92113305e8,3.97048468e8,3.87169727e8,4.08329986e8,3.98100888e8,3.86636683e8,4.01688788e8,3.96642086e8]}],["Trial",{"allocs":12287,"gctimes":[0.0,0.0,0.0,0.0,0.0,0.0,0.0,0.0,0.0,0.0],"memory":7380912,"params":["Parameters",{"gctrial":true,"time_tolerance":0.05,"samples":10000,"evals":1,"gcsample":false,"seconds":5.0,"overhead":0.0,"memory_tolerance":0.01}],"times":[5.37395347e8,5.33255825e8,5.30604795e8,5.168079e8,5.31083902e8,5.18376565e8,5.33957094e8,5.18451591e8,5.33300484e8,5.15598944e8]}],["Trial",{"allocs":15899,"gctimes":[0.0,0.0,0.0,0.0,0.0,0.0,0.0,0.0],"memory":8257072,"params":["Parameters",{"gctrial":true,"time_tolerance":0.05,"samples":10000,"evals":1,"gcsample":false,"seconds":5.0,"overhead":0.0,"memory_tolerance":0.01}],"times":[6.44144479e8,6.40278198e8,6.66868024e8,6.69432373e8,6.84839309e8,6.6434458e8,6.70366487e8,6.50799385e8]}],["Trial",{"allocs":17552,"gctimes":[0.0,0.0,0.0,0.0,0.0,0.0,0.0],"memory":8641840,"params":["Parameters",{"gctrial":true,"time_tolerance":0.05,"samples":10000,"evals":1,"gcsample":false,"seconds":5.0,"overhead":0.0,"memory_tolerance":0.01}],"times":[7.09768861e8,7.07148963e8,7.20692249e8,7.13180484e8,7.26273424e8,7.09832772e8,7.29380794e8]}],["Trial",{"allocs":17625,"gctimes":[0.0,0.0,0.0,0.0,0.0,0.0,0.0],"memory":8677968,"params":["Parameters",{"gctrial":true,"time_tolerance":0.05,"samples":10000,"evals":1,"gcsample":false,"seconds":5.0,"overhead":0.0,"memory_tolerance":0.01}],"times":[7.2056929e8,7.15809566e8,7.21759401e8,7.06892118e8,7.36933837e8,7.11804373e8,7.26121553e8]}]],"medians":[203.069623,266.978119,393.593566,530.8443485,665.606302,713.180484,720.56929]}