{"lengs":[10.0,21.544346900318832,46.4158883361278,100.0,215.44346900318845,464.15888336127773,1000.0],"benchmarks":[["Trial",{"allocs":9832,"gctimes":[0.0,0.0,0.0,0.0,0.0,0.0,0.0,0.0,0.0,0.0,0.0,0.0,0.0,1.0901539e7,0.0,0.0,0.0,0.0,0.0,0.0,0.0,0.0,0.0,0.0,0.0,0.0,0.0,1.0913109e7,0.0,0.0,0.0,0.0,0.0,0.0,0.0,0.0,0.0,0.0,0.0,0.0,1.0957757e7,0.0,0.0,0.0,0.0,0.0,0.0,0.0,0.0],"memory":18524464,"params":["Parameters",{"gctrial":true,"time_tolerance":0.05,"samples":10000,"evals":1,"gcsample":false,"seconds":5.0,"overhead":0.0,"memory_tolerance":0.01}],"times":[1.02961122e8,1.02061468e8,1.03215024e8,1.04105162e8,1.01310078e8,1.01833471e8,1.01661427e8,1.01574621e8,1.01600064e8,1.05997743e8,1.01105196e8,1.01726301e8,1.01020584e8,1.14913854e8,1.01314796e8,1.01447523e8,1.01525531e8,1.01088205e8,1.00982585e8,1.01172381e8,1.01083141e8,1.00844361e8,1.01322545e8,1.0594829e8,1.01516638e8,1.01363006e8,1.00875223e8,1.13016226e8,1.01474371e8,1.01185161e8,1.01477984e8,1.00975773e8,1.01046807e8,1.06150598e8,1.01482919e8,1.01561314e8,1.01001989e8,1.01218395e8,1.01458392e8,1.0146548e8,1.13272928e8,1.04793134e8,1.06547802e8,1.05825083e8,1.01403617e8,1.01865219e8,1.01196656e8,1.01158635e8,1.01203971e8]}],["Trial",{"allocs":12139,"gctimes":[0.0,0.0,0.0,0.0,0.0,0.0,0.0,0.0,0.0,0.0,1.1015371e7,0.0,0.0,0.0,0.0,0.0,0.0,0.0,0.0,0.0,0.0,1.1038758e7,0.0,0.0,0.0,0.0,0.0,0.0,0.0,0.0,0.0,0.0,1.0978449e7,0.0,0.0,0.0],"memory":22881392,"params":["Parameters",{"gctrial":true,"time_tolerance":0.05,"samples":10000,"evals":1,"gcsample":false,"seconds":5.0,"overhead":0.0,"memory_tolerance":0.01}],"times":[1.39137541e8,1.41920855e8,1.45039483e8,1.44171079e8,1.44097275e8,1.44923595e8,1.4446475e8,1.43990732e8,1.45154827e8,1.45461029e8,1.55591299e8,1.44553107e8,1.43960348e8,1.4429078e8,1.44105961e8,1.4430068e8,1.41578465e8,1.36864324e8,1.36912279e8,1.36634276e8,1.36697578e8,1.47719567e8,1.37359599e8,1.41564978e8,1.36550387e8,1.3655415e8,1.36727523e8,1.36606918e8,1.3666637e8,1.36628805e8,1.36600308e8,1.40567451e8,1.48225717e8,1.37303461e8,1.36002238e8,1.36659037e8]}],["Trial",{"allocs":16531,"gctimes":[0.0,0.0,0.0,0.0,0.0,0.0,0.0,0.0,1.5164901e7,0.0,0.0,0.0,0.0,0.0,0.0,0.0,1.0990996e7,0.0,0.0,0.0,0.0,0.0,0.0,0.0,1.0962979e7],"memory":31153696,"params":["Parameters",{"gctrial":true,"time_tolerance":0.05,"samples":10000,"evals":1,"gcsample":false,"seconds":5.0,"overhead":0.0,"memory_tolerance":0.01}],"times":[2.02293747e8,2.0144882e8,2.04980837e8,2.02839509e8,2.00746232e8,2.00108693e8,2.00553752e8,2.05667869e8,2.1648819e8,2.00334138e8,2.00529426e8,2.0005873e8,2.04846374e8,2.04503834e8,1.9983337e8,2.00883055e8,2.12021234e8,2.05225438e8,2.12518839e8,2.11464543e8,2.11654478e8,2.10738012e8,2.11459045e8,2.01640082e8,2.1261807e8]}],["Trial",{"allocs":19667,"gctimes":[0.0,0.0,0.0,0.0,0.0,0.0,1.4473425e7,0.0,0.0,0.0,0.0,0.0,0.0,1.1051008e7,0.0,0.0,0.0,0.0,0.0],"memory":37062368,"params":["Parameters",{"gctrial":true,"time_tolerance":0.05,"samples":10000,"evals":1,"gcsample":false,"seconds":5.0,"overhead":0.0,"memory_tolerance":0.01}],"times":[2.65276543e8,2.6417665e8,2.65551997e8,2.65585283e8,2.62485906e8,2.64418587e8,2.81812548e8,2.63224537e8,2.62509595e8,2.62579258e8,2.65423231e8,2.63364036e8,2.62459221e8,2.74524821e8,2.66502088e8,2.62003191e8,2.62518647e8,2.64660739e8,2.66925709e8]}],["Trial",{"allocs":22176,"gctimes":[0.0,0.0,0.0,0.0,0.0,1.1302321e7,0.0,0.0,0.0,0.0,0.0,1.1417024e7,0.0,0.0,0.0,0.0],"memory":41885248,"params":["Parameters",{"gctrial":true,"time_tolerance":0.05,"samples":10000,"evals":1,"gcsample":false,"seconds":5.0,"overhead":0.0,"memory_tolerance":0.01}],"times":[3.21909923e8,3.20756914e8,3.25325339e8,3.21276197e8,3.21092645e8,3.3840792e8,3.20821037e8,3.19739542e8,3.22734402e8,3.22327978e8,3.20013135e8,3.3334825e8,3.24522526e8,3.20970871e8,3.19916707e8,3.35287032e8]}],["Trial",{"allocs":23051,"gctimes":[0.0,0.0,0.0,0.0,0.0,1.0641866e7,0.0,0.0,0.0,0.0,0.0,1.0890134e7,0.0,0.0,0.0],"memory":43607264,"params":["Parameters",{"gctrial":true,"time_tolerance":0.05,"samples":10000,"evals":1,"gcsample":false,"seconds":5.0,"overhead":0.0,"memory_tolerance":0.01}],"times":[3.45801529e8,3.39736678e8,3.39413084e8,3.43452854e8,3.39919616e8,3.51009823e8,3.42778602e8,3.39569663e8,3.38983638e8,3.4252388e8,3.4058194e8,3.50746296e8,3.41995278e8,3.39943284e8,3.43834779e8]}],["Trial",{"allocs":23175,"gctimes":[0.0,0.0,0.0,0.0,0.0,1.0477766e7,0.0,0.0,0.0,0.0,0.0,1.5788168e7,0.0,0.0,0.0],"memory":43864608,"params":["Parameters",{"gctrial":true,"time_tolerance":0.05,"samples":10000,"evals":1,"gcsample":false,"seconds":5.0,"overhead":0.0,"memory_tolerance":0.01}],"times":[3.4461522e8,3.51406199e8,3.64014033e8,3.43720229e8,3.45761974e8,3.55460261e8,3.42761936e8,3.47150076e8,3.45294481e8,3.44867937e8,3.47689622e8,3.63745812e8,3.4394357e8,3.47927711e8,3.44958966e8]}]],"medians":[101.474371,141.5717215,204.503834,264.418587,321.59306,341.995278,345.761974]}