{"lengs":[10.0,21.544346900318832,46.4158883361278,100.0,215.44346900318845,464.15888336127773,1000.0],"benchmarks":[["Trial",{"allocs":5361,"gctimes":[0.0,0.0,0.0,0.0,0.0,0.0,0.0,0.0,0.0,0.0,0.0,0.0,0.0,0.0,0.0,0.0,0.0,0.0,0.0,0.0,0.0,0.0,0.0,0.0,0.0,0.0,0.0,0.0,0.0,0.0,0.0],"memory":2197344,"params":["Parameters",{"gctrial":true,"time_tolerance":0.05,"samples":10000,"evals":1,"gcsample":false,"seconds":5.0,"overhead":0.0,"memory_tolerance":0.01}],"times":[1.4467908e8,1.4369793e8,1.48186744e8,1.80160624e8,1.81596074e8,1.81589474e8,1.8139156e8,1.81633927e8,1.73727931e8,1.72302702e8,1.72704246e8,1.72215156e8,1.7205509e8,1.72543536e8,1.57124767e8,1.54887312e8,1.54915447e8,1.54777623e8,1.54783269e8,1.54929363e8,1.56859886e8,1.546696e8,1.55396505e8,1.55132151e8,1.5771249e8,1.58313554e8,1.59968881e8,1.61774311e8,1.57788096e8,1.55355969e8,1.56710785e8]}],["Trial",{"allocs":6906,"gctimes":[0.0,0.0,0.0,0.0,0.0,0.0,0.0,0.0,0.0,0.0,0.0,0.0,0.0,0.0,0.0,0.0,0.0,0.0,0.0,0.0,0.0,0.0,0.0,0.0,0.0],"memory":2873184,"params":["Parameters",{"gctrial":true,"time_tolerance":0.05,"samples":10000,"evals":1,"gcsample":false,"seconds":5.0,"overhead":0.0,"memory_tolerance":0.01}],"times":[2.13333514e8,2.11613972e8,2.10741806e8,2.10066079e8,2.05501259e8,2.04570335e8,2.04634472e8,2.04610525e8,2.05316552e8,2.04436783e8,2.04484896e8,2.00262884e8,1.99299906e8,2.02315896e8,2.04310596e8,2.04359159e8,2.04394872e8,2.04500679e8,2.04109116e8,1.99424524e8,1.99992631e8,1.99795924e8,1.99945139e8,2.0015486e8,2.0040868e8]}],["Trial",{"allocs":9248,"gctimes":[0.0,0.0,0.0,0.0,0.0,0.0,0.0,0.0,0.0,0.0,0.0,0.0,0.0,0.0,0.0,0.0,0.0,0.0,0.0,0.0,0.0,0.0,0.0,0.0],"memory":3735520,"params":["Parameters",{"gctrial":true,"time_tolerance":0.05,"samples":10000,"evals":1,"gcsample":false,"seconds":5.0,"overhead":0.0,"memory_tolerance":0.01}],"times":[2.07895174e8,2.03418904e8,2.02812064e8,2.03958033e8,2.03454942e8,2.05390955e8,2.03651565e8,2.03146544e8,1.98281289e8,1.98589857e8,2.01904714e8,1.97823517e8,1.98350031e8,2.00917346e8,2.54075615e8,2.30778568e8,2.21027982e8,2.21507358e8,2.20787138e8,2.23474217e8,2.22186445e8,2.20849698e8,2.21364012e8,2.21357754e8]}],["Trial",{"allocs":9697,"gctimes":[0.0,0.0,0.0,0.0,0.0,0.0,0.0,0.0,0.0,0.0,0.0,0.0,0.0,0.0,0.0,0.0,0.0,0.0,0.0],"memory":4079712,"params":["Parameters",{"gctrial":true,"time_tolerance":0.05,"samples":10000,"evals":1,"gcsample":false,"seconds":5.0,"overhead":0.0,"memory_tolerance":0.01}],"times":[2.90936999e8,2.88680619e8,2.87564412e8,2.8467198e8,2.83274631e8,2.81290453e8,2.82668574e8,2.73323087e8,2.71424901e8,2.55167775e8,2.52144597e8,2.51139248e8,2.55135681e8,2.51575257e8,2.51136519e8,2.51804301e8,2.54145611e8,2.5214649e8,2.51299684e8]}],["Trial",{"allocs":10662,"gctimes":[0.0,0.0,0.0,0.0,0.0,0.0,0.0,0.0,0.0,0.0,0.0,0.0,0.0,0.0,0.0,0.0,0.0,0.0,0.0,0.0],"memory":4344032,"params":["Parameters",{"gctrial":true,"time_tolerance":0.05,"samples":10000,"evals":1,"gcsample":false,"seconds":5.0,"overhead":0.0,"memory_tolerance":0.01}],"times":[2.68607373e8,2.58053102e8,2.55154964e8,2.54728709e8,2.55383579e8,2.58476285e8,2.54360656e8,2.47432928e8,2.4832901e8,2.5053587e8,2.4753528e8,2.47662802e8,2.48312249e8,2.51080383e8,2.47149486e8,2.47979525e8,2.47970113e8,2.50758856e8,2.4892312e8,2.47102554e8]}],["Trial",{"allocs":11467,"gctimes":[0.0,0.0,0.0,0.0,0.0,0.0,0.0,0.0,0.0,0.0,0.0,0.0,0.0,0.0,0.0,0.0],"memory":4426272,"params":["Parameters",{"gctrial":true,"time_tolerance":0.05,"samples":10000,"evals":1,"gcsample":false,"seconds":5.0,"overhead":0.0,"memory_tolerance":0.01}],"times":[3.21004152e8,3.65501701e8,3.67329761e8,3.47161624e8,3.19604831e8,3.19045743e8,3.2129933e8,3.16812279e8,3.16520921e8,3.08505957e8,2.89957942e8,2.8434821e8,2.84817701e8,2.89179575e8,2.85490738e8,2.84498158e8]}],["Trial",{"allocs":11614,"gctimes":[0.0,0.0,0.0,0.0,0.0,0.0,0.0,0.0,0.0,0.0,0.0,0.0,0.0,0.0,0.0,0.0,0.0,0.0],"memory":4564128,"params":["Parameters",{"gctrial":true,"time_tolerance":0.05,"samples":10000,"evals":1,"gcsample":false,"seconds":5.0,"overhead":0.0,"memory_tolerance":0.01}],"times":[2.88403486e8,2.87300702e8,2.8993711e8,2.87547347e8,2.86776243e8,2.88324574e8,2.9111347e8,2.87593401e8,2.87336946e8,2.90563891e8,2.87446521e8,2.8795183e8,2.87567067e8,2.90072628e8,2.87259811e8,2.87594452e8,2.90131016e8,2.8778649e8]}]],"medians":[157.71249,204.394872,204.674494,255.167775,249.729495,316.6666,287.690471]}