{"lengs":[10.0,21.544346900318832,46.4158883361278,100.0,215.44346900318845,464.15888336127773,1000.0],"benchmarks":[["Trial",{"allocs":2402,"gctimes":[0.0,0.0,0.0,0.0,0.0,0.0,0.0,0.0,0.0,0.0,0.0,0.0,0.0,0.0,0.0,0.0,0.0,0.0,0.0,0.0,0.0,0.0,0.0,0.0,0.0,0.0,0.0,0.0,0.0,0.0,0.0,0.0,0.0,0.0,0.0,0.0,0.0,0.0,0.0,0.0,0.0,0.0,0.0,0.0,0.0,0.0,0.0,0.0,0.0,0.0,0.0,0.0,1.0206395e7,0.0,0.0,0.0,0.0,0.0,0.0,0.0,0.0,0.0,0.0,0.0,0.0,0.0,0.0,0.0,0.0,0.0,0.0,0.0,0.0,0.0,0.0,0.0,0.0,0.0,0.0,0.0,0.0,0.0,0.0,0.0,0.0,0.0,0.0,0.0,0.0,0.0,0.0,0.0,0.0,0.0,0.0,0.0,0.0,0.0,0.0,0.0,0.0,0.0,0.0,0.0,1.0286401e7,0.0,0.0,0.0,0.0,0.0,0.0,0.0,0.0,0.0,0.0,0.0,0.0,0.0,0.0,0.0,0.0,0.0,0.0,0.0,0.0,0.0,0.0,0.0,0.0,0.0,0.0,0.0,0.0,0.0,0.0,0.0,0.0,0.0,0.0,0.0],"memory":4808592,"params":["Parameters",{"gctrial":true,"time_tolerance":0.05,"samples":10000,"evals":1,"gcsample":false,"seconds":5.0,"overhead":0.0,"memory_tolerance":0.01}],"times":[3.626591e7,3.5666113e7,3.5849475e7,3.8278704e7,3.8043082e7,3.7310341e7,3.7442039e7,3.7386857e7,3.7181092e7,3.7321402e7,3.7222694e7,3.7283108e7,3.7278792e7,3.6943356e7,3.5457349e7,3.5226685e7,3.5890352e7,3.5484414e7,3.5743583e7,3.5410494e7,3.5493039e7,3.5434356e7,3.5407261e7,3.5434287e7,3.551489e7,3.5423338e7,3.5333119e7,3.5291547e7,3.530146e7,3.5431704e7,3.5247214e7,3.5824773e7,3.6597352e7,3.6185316e7,3.5533877e7,3.5394407e7,3.5361348e7,3.5311441e7,3.5491975e7,3.5379104e7,3.5338139e7,3.5340214e7,3.5292964e7,3.5373776e7,3.5464453e7,3.5354221e7,3.5209794e7,3.5371085e7,3.5386804e7,3.5356126e7,3.5511566e7,3.5410965e7,4.6061089e7,3.5394743e7,3.5433519e7,3.5361172e7,3.593396e7,3.5506884e7,3.538914e7,3.5324577e7,3.6425983e7,3.7509228e7,3.5796634e7,3.5308774e7,3.5350647e7,3.5477491e7,3.5305828e7,3.522194e7,3.5545969e7,3.516833e7,3.5463401e7,3.5327361e7,3.5623038e7,3.5648305e7,3.5378095e7,3.5384023e7,3.5363577e7,3.5473914e7,3.5331523e7,3.5256721e7,3.5239434e7,3.5097761e7,3.5268131e7,3.5201016e7,3.5360219e7,3.5267134e7,3.5546904e7,3.564221e7,3.5466397e7,3.5283779e7,3.8183955e7,3.6038774e7,3.6199307e7,3.5294719e7,3.5269919e7,3.5235881e7,3.5317135e7,3.5441579e7,3.5245593e7,3.5327164e7,3.5369483e7,3.5342371e7,3.5322631e7,3.5494178e7,4.6082993e7,3.543162e7,3.5408362e7,3.5518539e7,3.550015e7,3.5260548e7,3.5483953e7,3.5266412e7,3.5285431e7,3.5370434e7,3.5562421e7,3.5315433e7,3.5287375e7,3.5414965e7,3.539326e7,3.6840592e7,3.6068923e7,3.6301161e7,3.5409064e7,3.5250277e7,3.5329973e7,3.5280586e7,3.5265057e7,3.5421474e7,3.5413421e7,3.5399094e7,3.6035156e7,3.5555129e7,3.5408814e7,3.5433693e7,3.5282932e7,3.5213846e7,3.5618152e7,3.5524999e7,3.5237245e7,3.5345708e7]}],["Trial",{"allocs":2534,"gctimes":[0.0,0.0,0.0,0.0,0.0,0.0,0.0,0.0,0.0,0.0,0.0,0.0,0.0,0.0,0.0,0.0,0.0,0.0,0.0,0.0,0.0,0.0,0.0,0.0,0.0,0.0,0.0,0.0,0.0,0.0,0.0,0.0,0.0,0.0,0.0,0.0,0.0,0.0,0.0,0.0,0.0,0.0,0.0,0.0,0.0,0.0,0.0,0.0,1.0470487e7,0.0,0.0,0.0,0.0,0.0,0.0,0.0,0.0,0.0,0.0,0.0,0.0,0.0,0.0,0.0,0.0,0.0,0.0,0.0,0.0,0.0,0.0,0.0,0.0,0.0,0.0,0.0,0.0,0.0,0.0,0.0,0.0,0.0,0.0,0.0,0.0,0.0,0.0,0.0,0.0,0.0,0.0,0.0,0.0,0.0,0.0,0.0,0.0,1.0681282e7,0.0,0.0,0.0,0.0,0.0,0.0],"memory":5108496,"params":["Parameters",{"gctrial":true,"time_tolerance":0.05,"samples":10000,"evals":1,"gcsample":false,"seconds":5.0,"overhead":0.0,"memory_tolerance":0.01}],"times":[5.048712e7,4.9792712e7,4.9731674e7,4.9534619e7,4.9671543e7,4.9460121e7,4.9475078e7,4.7025024e7,4.6827456e7,4.693971e7,4.7138514e7,4.7169474e7,4.7109044e7,4.7074571e7,4.6943887e7,4.7435291e7,5.0053589e7,5.113108e7,5.0246513e7,4.9410545e7,4.9537973e7,4.9834867e7,4.9419811e7,4.9621569e7,4.9617793e7,4.8566852e7,4.7147753e7,4.7036636e7,4.7061781e7,4.6966237e7,4.7012622e7,4.7016264e7,4.7077719e7,4.7223553e7,4.7307408e7,4.7213011e7,4.9293101e7,4.9447548e7,5.1141305e7,5.0683345e7,4.9594937e7,4.9553784e7,4.9537476e7,4.9561041e7,4.9514677e7,4.9518499e7,4.9758141e7,4.9511892e7,6.0259367e7,4.9886222e7,4.9538969e7,4.9385021e7,4.9513527e7,4.9401307e7,4.9536092e7,4.9705573e7,4.9617234e7,4.9419342e7,5.0012766e7,4.9105484e7,4.7335631e7,4.6934618e7,4.6823138e7,4.7053827e7,4.7052369e7,4.6921402e7,4.7144993e7,4.6881203e7,4.6859691e7,4.699517e7,4.6966096e7,4.6926591e7,4.6980007e7,4.6912952e7,4.6976914e7,4.691453e7,4.6857947e7,4.7191055e7,4.699978e7,4.7329149e7,4.7095788e7,4.8671768e7,4.7617415e7,4.6967303e7,4.7062796e7,4.7024304e7,4.6913112e7,4.6857158e7,4.6895754e7,4.71243e7,4.6996364e7,4.6971935e7,4.7048856e7,4.6884357e7,4.6902022e7,4.700635e7,4.9705797e7,6.4004246e7,4.7772422e7,5.0517401e7,4.6878816e7,4.6955913e7,4.8885627e7,4.8148114e7]}],["Trial",{"allocs":2873,"gctimes":[0.0,0.0,0.0,0.0,0.0,0.0,0.0,0.0,0.0,0.0,0.0,0.0,0.0,0.0,0.0,0.0,0.0,0.0,0.0,0.0,0.0,0.0,0.0,0.0,0.0,0.0,0.0,0.0,0.0,0.0,0.0,0.0,0.0,0.0,0.0,0.0,0.0,0.0,0.0,0.0,0.0,0.0,1.0689493e7,0.0,0.0,0.0,0.0,0.0,0.0,0.0,0.0,0.0,0.0,0.0,0.0,0.0,0.0,0.0,0.0,0.0,0.0,0.0,0.0,0.0,0.0,0.0,0.0,0.0,0.0,0.0,0.0,0.0,0.0,0.0,0.0,0.0],"memory":5827056,"params":["Parameters",{"gctrial":true,"time_tolerance":0.05,"samples":10000,"evals":1,"gcsample":false,"seconds":5.0,"overhead":0.0,"memory_tolerance":0.01}],"times":[6.6187118e7,6.5352796e7,6.5388064e7,6.5166716e7,6.5339758e7,6.5210529e7,6.5101927e7,6.5026874e7,6.5295759e7,6.5403846e7,6.514119e7,6.7264171e7,6.7628114e7,6.5606202e7,6.5247858e7,6.557631e7,6.7527217e7,6.8922521e7,6.5544782e7,6.5328565e7,6.5365567e7,6.5454285e7,6.828717e7,6.5348898e7,6.5507653e7,6.5310884e7,6.5286358e7,6.8025532e7,6.6763396e7,6.5197329e7,6.522092e7,6.5115522e7,6.5321368e7,6.5534739e7,6.5553011e7,6.5374884e7,6.5209734e7,6.5335213e7,6.545029e7,6.526237e7,6.5718214e7,6.567446e7,7.6160389e7,6.8802072e7,6.5939267e7,6.5159708e7,6.5393023e7,6.5596638e7,6.5638815e7,6.5325009e7,6.555965e7,6.5360195e7,6.5496602e7,6.507586e7,6.5442856e7,6.5736929e7,6.5291858e7,6.5206755e7,6.5231835e7,6.8432691e7,6.5656018e7,6.5363566e7,6.5234472e7,6.5489351e7,6.5363638e7,6.5270162e7,6.5304749e7,6.5385426e7,6.533303e7,6.5279513e7,6.5376926e7,6.5673413e7,6.5106883e7,6.5119379e7,6.6490542e7,6.7590489e7]}],["Trial",{"allocs":3304,"gctimes":[0.0,0.0,0.0,0.0,0.0,0.0,0.0,0.0,0.0,0.0,0.0,0.0,0.0,0.0,0.0,0.0,0.0,0.0,0.0,0.0,0.0,0.0,0.0,0.0,0.0,0.0,0.0,0.0,0.0,0.0,0.0,0.0,0.0,0.0,0.0,0.0,0.0,1.2982906e7,0.0,0.0,0.0,0.0,0.0,0.0,0.0,0.0,0.0,0.0,0.0,0.0,0.0,0.0,0.0,0.0,0.0,0.0,0.0,0.0,0.0,0.0],"memory":6729744,"params":["Parameters",{"gctrial":true,"time_tolerance":0.05,"samples":10000,"evals":1,"gcsample":false,"seconds":5.0,"overhead":0.0,"memory_tolerance":0.01}],"times":[8.3913556e7,8.2945226e7,8.3081951e7,8.2855456e7,8.3128539e7,8.6620652e7,8.355065e7,8.2845535e7,8.3276569e7,8.2990208e7,8.3444808e7,8.3142308e7,8.35542e7,8.3007597e7,8.2895752e7,8.3240845e7,8.3273161e7,8.516406e7,8.8655689e7,8.7401396e7,8.7179949e7,8.7186227e7,8.7588314e7,8.7444308e7,8.7350739e7,8.7361196e7,8.7267872e7,8.9893867e7,8.731188e7,8.8922657e7,8.4305385e7,8.2736395e7,8.2802345e7,8.3372341e7,8.3167939e7,8.3540784e7,8.2912254e7,9.6661893e7,8.2778703e7,8.3259915e7,8.320156e7,8.2636727e7,8.7491221e7,8.2675877e7,8.2603066e7,8.3566259e7,8.2776103e7,8.275837e7,8.2906511e7,8.2603185e7,8.2592771e7,8.3038594e7,8.3017133e7,8.2997061e7,8.5022965e7,8.3206988e7,8.2849588e7,8.2896173e7,8.2633206e7,8.2729536e7]}],["Trial",{"allocs":3596,"gctimes":[0.0,0.0,0.0,0.0,0.0,0.0,0.0,0.0,0.0,0.0,0.0,0.0,0.0,0.0,0.0,0.0,0.0,0.0,0.0,0.0,0.0,0.0,0.0,0.0,0.0,0.0,0.0,0.0,0.0,0.0,0.0,0.0,0.0,1.0519184e7,0.0,0.0,0.0,0.0,0.0,0.0,0.0,0.0,0.0,0.0,0.0,0.0,0.0,0.0,0.0,0.0],"memory":7401392,"params":["Parameters",{"gctrial":true,"time_tolerance":0.05,"samples":10000,"evals":1,"gcsample":false,"seconds":5.0,"overhead":0.0,"memory_tolerance":0.01}],