{"lengs":[10.0,21.544346900318832,46.4158883361278,100.0,215.44346900318845,464.15888336127773,1000.0],"benchmarks":[["Trial",{"allocs":11,"gctimes":[0.0,0.0,0.0,0.0,0.0,0.0,0.0,0.0,0.0,0.0,0.0,0.0,0.0,0.0,0.0,0.0],"memory":10816,"params":["Parameters",{"gctrial":true,"time_tolerance":0.05,"samples":10000,"evals":1,"gcsample":false,"seconds":5.0,"overhead":0.0,"memory_tolerance":0.01}],"times":[3.18296734e8,3.18970643e8,3.16383247e8,3.18817702e8,3.21176447e8,3.22342465e8,3.17113196e8,3.16868784e8,3.1708004e8,3.18501679e8,3.17729909e8,3.21017019e8,3.16793836e8,3.18816988e8,3.18506862e8,3.17295913e8]}],["Trial",{"allocs":11,"gctimes":[0.0,0.0,0.0,0.0,0.0,0.0,0.0,0.0],"memory":10816,"params":["Parameters",{"gctrial":true,"time_tolerance":0.05,"samples":10000,"evals":1,"gcsample":false,"seconds":5.0,"overhead":0.0,"memory_tolerance":0.01}],"times":[6.76673849e8,7.08616968e8,6.90816705e8,6.93739217e8,6.92574028e8,6.9704167e8,6.89257665e8,6.87850132e8]}],["Trial",{"allocs":11,"gctimes":[0.0,0.0,0.0,0.0],"memory":10816,"params":["Parameters",{"gctrial":true,"time_tolerance":0.05,"samples":10000,"evals":1,"gcsample":false,"seconds":5.0,"overhead":0.0,"memory_tolerance":0.01}],"times":[1.397788634e9,1.317103469e9,1.300139328e9,1.298421522e9]}],["Trial",{"allocs":11,"gctimes":[0.0,0.0],"memory":10816,"params":["Parameters",{"gctrial":true,"time_tolerance":0.05,"samples":10000,"evals":1,"gcsample":false,"seconds":5.0,"overhead":0.0,"memory_tolerance":0.01}],"times":[2.8780922e9,2.853838698e9]}],["Trial",{"allocs":11,"gctimes":[0.0],"memory":10816,"params":["Parameters",{"gctrial":true,"time_tolerance":0.05,"samples":10000,"evals":1,"gcsample":false,"seconds":5.0,"overhead":0.0,"memory_tolerance":0.01}],"times":[5.707252226e9]}],["Trial",{"allocs":11,"gctimes":[0.0],"memory":10816,"params":["Parameters",{"gctrial":true,"time_tolerance":0.05,"samples":10000,"evals":1,"gcsample":false,"seconds":5.0,"overhead":0.0,"memory_tolerance":0.01}],"times":[1.219435673e10]}],["Trial",{"allocs":11,"gctimes":[0.0],"memory":10816,"params":["Parameters",{"gctrial":true,"time_tolerance":0.05,"samples":10000,"evals":1,"gcsample":false,"seconds":5.0,"overhead":0.0,"memory_tolerance":0.01}],"times":[2.5354620736e10]}]],"medians":[318.3992065,691.6953665,1308.6213985,2865.965449,5707.252226,12194.35673,25354.620736]}