{"lengs":[10.0,21.544346900318832,46.4158883361278,100.0,215.44346900318845,464.15888336127773,1000.0],"benchmarks":[["Trial",{"allocs":67162,"gctimes":[8.274047e6,1.1786537e7],"memory":972665248,"params":["Parameters",{"gctrial":true,"time_tolerance":0.05,"samples":10000,"evals":1,"gcsample":false,"seconds":5.0,"overhead":0.0,"memory_tolerance":0.01}],"times":[3.298497279e9,3.270957789e9]}],["Trial",{"allocs":144653,"gctimes":[1.7064897e7],"memory":2095640544,"params":["Parameters",{"gctrial":true,"time_tolerance":0.05,"samples":10000,"evals":1,"gcsample":false,"seconds":5.0,"overhead":0.0,"memory_tolerance":0.01}],"times":[7.211595259e9]}],["Trial",{"allocs":311606,"gctimes":[2.12613379e8],"memory":4514501664,"params":["Parameters",{"gctrial":true,"time_tolerance":0.05,"samples":10000,"evals":1,"gcsample":false,"seconds":5.0,"overhead":0.0,"memory_tolerance":0.01}],"times":[1.6599659686e10]}],["Trial",{"allocs":671267,"gctimes":[1.28673848e9],"memory":9726065376,"params":["Parameters",{"gctrial":true,"time_tolerance":0.05,"samples":10000,"evals":1,"gcsample":false,"seconds":5.0,"overhead":0.0,"memory_tolerance":0.01}],"times":[3.6617424562e10]}],["Trial",{"allocs":1446150,"gctimes":[2.374965366e9],"memory":20954358752,"params":["Parameters",{"gctrial":true,"time_tolerance":0.05,"samples":10000,"evals":1,"gcsample":false,"seconds":5.0,"overhead":0.0,"memory_tolerance":0.01}],"times":[7.6417823436e10]}],["Trial",{"allocs":3115596,"gctimes":[4.501216191e9],"memory":45145102688,"params":["Parameters",{"gctrial":true,"time_tolerance":0.05,"samples":10000,"evals":1,"gcsample":false,"seconds":5.0,"overhead":0.0,"memory_tolerance":0.01}],"times":[1.63612262757e11]}],["Trial",{"allocs":6712295,"gctimes":[6.884979755e9],"memory":97258596504,"params":["Parameters",{"gctrial":true,"time_tolerance":0.05,"samples":10000,"evals":1,"gcsample":false,"seconds":5.0,"overhead":0.0,"memory_tolerance":0.01}],"times":[3.54069561856e11]}]],"medians":[3284.727534,7211.595259,16599.659686,36617.424562,76417.823436,163612.262757,354069.561856]}