{"lengs":[19998.61869632745],"benchmarks":[["Trial",{"allocs":102906,"gctimes":[9.991318e7],"memory":776012960,"params":["Parameters",{"gctrial":true,"time_tolerance":0.05,"samples":10000,"evals":1,"gcsample":false,"seconds":5.0,"overhead":0.0,"memory_tolerance":0.01}],"times":[1.972496644848e12]}]],"medians":[1.972496644848e6]}