{"lengs":[10.0],"benchmarks":[["Trial",{"allocs":4013,"gctimes":[0.0,0.0,0.0,0.0,0.0,0.0,0.0,0.0,0.0,0.0,0.0,0.0,0.0,0.0,0.0,0.0,0.0,0.0,0.0,0.0,0.0,0.0,0.0,0.0,0.0],"memory":4979664,"params":["Parameters",{"gctrial":true,"time_tolerance":0.05,"samples":10000,"evals":1,"gcsample":false,"seconds":5.0,"overhead":0.0,"memory_tolerance":0.01}],"times":[2.09640215e8,2.09761821e8,2.08541566e8,2.03440423e8,2.09863188e8,2.07335522e8,2.07297256e8,2.02719518e8,2.09798225e8,2.00413509e8,2.00067766e8,2.08168372e8,2.09467359e8,2.09471566e8,2.12269448e8,2.07155569e8,2.06627303e8,2.09223151e8,2.09054746e8,2.00826566e8,2.07469751e8,2.00648975e8,1.97555704e8,1.92579031e8,2.11406937e8]}]],"medians":[207.469751]}