{"lengs":[10.0,21.544346900318832,46.4158883361278,100.0,215.44346900318845,464.15888336127773,1000.0],"benchmarks":[["Trial",{"allocs":36424,"gctimes":[0.0,0.0,0.0,0.0,0.0,0.0,0.0,0.0,0.0,0.0,0.0,0.0,0.0,0.0,0.0,0.0,0.0,0.0,0.0,0.0,0.0,0.0,0.0,0.0,0.0,0.0,0.0,0.0,0.0,0.0,0.0,0.0,0.0,0.0,0.0,0.0,0.0,0.0,0.0,0.0,0.0,0.0,0.0,0.0,0.0,0.0,0.0,0.0,0.0,0.0,0.0,0.0,0.0,0.0,0.0,0.0,0.0,0.0,0.0,0.0],"memory":8750768,"params":["Parameters",{"gctrial":true,"time_tolerance":0.05,"samples":10000,"evals":1,"gcsample":false,"seconds":5.0,"overhead":0.0,"memory_tolerance":0.01}],"times":[9.8943113e7,8.323876e7,8.3280436e7,8.3376158e7,8.3049831e7,8.3427719e7,8.3159176e7,8.3301135e7,8.3097099e7,8.336725e7,8.3053584e7,8.3102472e7,8.462452e7,8.3784365e7,8.2889336e7,8.3421704e7,8.291995e7,8.3344771e7,8.2989499e7,8.3109773e7,8.4969114e7,8.4164907e7,8.3443803e7,8.366157e7,8.466427e7,8.5682209e7,8.3553844e7,8.3673719e7,8.3472739e7,8.3770831e7,8.35415e7,8.418548e7,8.4778644e7,9.03479e7,8.7726921e7,8.7779069e7,8.7919124e7,8.6589397e7,8.4180436e7,8.3549068e7,8.3578788e7,8.3623499e7,8.3498925e7,8.3535754e7,8.5119138e7,8.8391185e7,8.3751301e7,8.3932252e7,8.3560575e7,8.7131785e7,8.3886345e7,8.3826288e7,8.3410777e7,8.3593463e7,8.3677192e7,8.3373363e7,8.3957072e7,8.3769423e7,8.3400509e7,8.3428143e7]}],["Trial",{"allocs":41396,"gctimes":[0.0,0.0,0.0,0.0,0.0,0.0,0.0,0.0,0.0,0.0,0.0,0.0,0.0,0.0,0.0,0.0,0.0,0.0,0.0,0.0,0.0,0.0,0.0,0.0,0.0,0.0,0.0,0.0,0.0,0.0,0.0,0.0,0.0,0.0,0.0,0.0,0.0,0.0,0.0,0.0,0.0,0.0,0.0,0.0,0.0,0.0],"memory":9297376,"params":["Parameters",{"gctrial":true,"time_tolerance":0.05,"samples":10000,"evals":1,"gcsample":false,"seconds":5.0,"overhead":0.0,"memory_tolerance":0.01}],"times":[1.20634974e8,1.07232857e8,1.07372472e8,1.0701594e8,1.0710142e8,1.07218625e8,1.07888622e8,1.08448258e8,1.07164332e8,1.07029804e8,1.0729463e8,1.07369514e8,1.11733668e8,1.12624076e8,1.12544384e8,1.1404807e8,1.11139591e8,1.07318089e8,1.07518129e8,1.070696e8,1.07429476e8,1.07302864e8,1.0695516e8,1.07133635e8,1.07534146e8,1.07172436e8,1.09871588e8,1.07153576e8,1.07088024e8,1.07944107e8,1.0760228e8,1.07362415e8,1.0722207e8,1.07231967e8,1.07720044e8,1.09622398e8,1.08260057e8,1.07283471e8,1.07659616e8,1.07604491e8,1.07886889e8,1.07412766e8,1.34479242e8,1.48014589e8,1.42648572e8,1.29658396e8]}],["Trial",{"allocs":101089,"gctimes":[0.0,0.0,0.0,0.0,0.0,0.0,0.0,0.0,0.0,0.0,0.0,0.0,0.0,0.0,0.0,0.0,0.0],"memory":19930032,"params":["Parameters",{"gctrial":true,"time_tolerance":0.05,"samples":10000,"evals":1,"gcsample":false,"seconds":5.0,"overhead":0.0,"memory_tolerance":0.01}],"times":[3.23384335e8,3.09545836e8,3.12220896e8,3.09596337e8,3.1062904e8,3.12636088e8,3.10185047e8,3.08345242e8,3.13526829e8,3.09882396e8,3.09263615e8,3.08871335e8,3.13072747e8,3.09148388e8,3.09590831e8,3.12552559e8,3.09808887e8]}],["Trial",{"allocs":96050,"gctimes":[0.0,0.0,0.0,0.0,0.0,0.0,0.0,0.0,0.0,0.0,0.0,0.0,0.0,0.0,0.0,0.0,0.0],"memory":19195616,"params":["Parameters",{"gctrial":true,"time_tolerance":0.05,"samples":10000,"evals":1,"gcsample":false,"seconds":5.0,"overhead":0.0,"memory_tolerance":0.01}],"times":[3.12187663e8,2.98962117e8,2.99773438e8,3.02707795e8,2.98604334e8,2.99288936e8,3.03061872e8,2.98175946e8,2.98137521e8,2.9839706e8,3.02317544e8,2.98400621e8,2.97959984e8,3.01487629e8,2.98623416e8,2.98976217e8,2.99012435e8]}],["Trial",{"allocs":110227,"gctimes":[0.0,0.0,0.0,0.0,0.0,0.0,0.0,0.0,0.0,0.0,0.0,0.0,0.0,0.0,0.0],"memory":22530976,"params":["Parameters",{"gctrial":true,"time_tolerance":0.05,"samples":10000,"evals":1,"gcsample":false,"seconds":5.0,"overhead":0.0,"memory_tolerance":0.01}],"times":[3.59957892e8,3.50644416e8,3.46999957e8,3.47141759e8,3.49364069e8,3.46848464e8,3.46662427e8,3.50579112e8,3.46795678e8,3.46890251e8,3.49202463e8,3.46641983e8,3.46780427e8,3.50669278e8,3.46864674e8]}],["Trial",{"allocs":139526,"gctimes":[0.0,0.0,0.0,0.0,0.0,0.0,0.0,0.0,0.0,0.0,0.0],"memory":28023584,"params":["Parameters",{"gctrial":true,"time_tolerance":0.05,"samples":10000,"evals":1,"gcsample":false,"seconds":5.0,"overhead":0.0,"memory_tolerance":0.01}],"times":[4.82424971e8,4.7875988e8,4.85565808e8,4.71812176e8,4.6878665e8,4.72621921e8,4.70180505e8,4.68180586e8,4.70478276e8,4.77515566e8,4.95050687e8]}],["Trial",{"allocs":580391,"gctimes":[0.0,0.0,0.0],"memory":100567088,"params":["Parameters",{"gctrial":true,"time_tolerance":0.05,"samples":10000,"evals":1,"gcsample":false,"seconds":5.0,"overhead":0.0,"memory_tolerance":0.01}],"times":[2.083526607e9,2.071044043e9,2.068115565e9]}]],"medians":[83.5861255,107.4738025,309.882396,298.976217,346.999957,472.621921,2071.044043]}