{"lengs":[10.0,21.544346900318832,46.4158883361278,100.0,215.44346900318845,464.15888336127773,1000.0],"benchmarks":[["Trial",{"allocs":38993,"gctimes":[0.0],"memory":380020048,"params":["Parameters",{"gctrial":true,"time_tolerance":0.05,"samples":10000,"evals":1,"gcsample":false,"seconds":5.0,"overhead":0.0,"memory_tolerance":0.01}],"times":[1.53792514822e11]}],["Trial",{"allocs":59132,"gctimes":[0.0],"memory":574832560,"params":["Parameters",{"gctrial":true,"time_tolerance":0.05,"samples":10000,"evals":1,"gcsample":false,"seconds":5.0,"overhead":0.0,"memory_tolerance":0.01}],"times":[2.32014125947e11]}],["Trial",{"allocs":77317,"gctimes":[0.0],"memory":762057520,"params":["Parameters",{"gctrial":true,"time_tolerance":0.05,"samples":10000,"evals":1,"gcsample":false,"seconds":5.0,"overhead":0.0,"memory_tolerance":0.01}],"times":[2.87964514348e11]}],["Trial",{"allocs":91526,"gctimes":[5.0625342e7],"memory":917071440,"params":["Parameters",{"gctrial":true,"time_tolerance":0.05,"samples":10000,"evals":1,"gcsample":false,"seconds":5.0,"overhead":0.0,"memory_tolerance":0.01}],"times":[3.26492555916e11]}],["Trial",{"allocs":105070,"gctimes":[5.1131442e7],"memory":1066089600,"params":["Parameters",{"gctrial":true,"time_tolerance":0.05,"samples":10000,"evals":1,"gcsample":false,"seconds":5.0,"overhead":0.0,"memory_tolerance":0.01}],"times":[3.67739013166e11]}],["Trial",{"allocs":121307,"gctimes":[5.2354192e7],"memory":1226562800,"params":["Parameters",{"gctrial":true,"time_tolerance":0.05,"samples":10000,"evals":1,"gcsample":false,"seconds":5.0,"overhead":0.0,"memory_tolerance":0.01}],"times":[4.23137287808e11]}],["Trial",{"allocs":137378,"gctimes":[5.0320806e7],"memory":1381690496,"params":["Parameters",{"gctrial":true,"time_tolerance":0.05,"samples":10000,"evals":1,"gcsample":false,"seconds":5.0,"overhead":0.0,"memory_tolerance":0.01}],"times":[4.78008239621e11]}]],"medians":[153792.514822,232014.125947,287964.514348,326492.555916,367739.013166,423137.287808,478008.239621]}