{"lengs":[10.0],"benchmarks":[["Trial",{"allocs":3987,"gctimes":[0.0,0.0,0.0,0.0,0.0,0.0,0.0,0.0,0.0,0.0,0.0,0.0,0.0,0.0,0.0,0.0,0.0,0.0,0.0,0.0,0.0,0.0,0.0,0.0,0.0,0.0,0.0,0.0,0.0,0.0,0.0,0.0,0.0,0.0,0.0,0.0,0.0,0.0,0.0,0.0,0.0,0.0,0.0,0.0,0.0,0.0,0.0,0.0,0.0,0.0,0.0,0.0,0.0,0.0,0.0,0.0,0.0,0.0,0.0,0.0,0.0,0.0,0.0,0.0,0.0,0.0,0.0,0.0,0.0,0.0,0.0,0.0,0.0,0.0,0.0,0.0,0.0,0.0,0.0,0.0,0.0,0.0,0.0,0.0,0.0,0.0,0.0,0.0,0.0,0.0,0.0,0.0,0.0,0.0,0.0,0.0,0.0,0.0,0.0,0.0,0.0,0.0,0.0,0.0,0.0,0.0,0.0,0.0,0.0,0.0,0.0,0.0,0.0,0.0,0.0,0.0,0.0,0.0,0.0,0.0,0.0,0.0,0.0,0.0,0.0,0.0,0.0,0.0,0.0,0.0,0.0,0.0,0.0,0.0],"memory":1265648,"params":["Parameters",{"gctrial":true,"time_tolerance":0.05,"samples":10000,"evals":1,"gcsample":false,"seconds":5.0,"overhead":0.0,"memory_tolerance":0.01}],"times":[3.7976061e7,3.7206074e7,3.6964912e7,3.6924594e7,3.8772488e7,3.8403913e7,3.7319775e7,3.6899047e7,3.7144484e7,3.6930495e7,3.7027599e7,3.6999728e7,3.696164e7,3.7019355e7,3.6916314e7,3.7023955e7,3.6866502e7,3.6984903e7,3.7014232e7,3.6904827e7,3.6948899e7,3.7021584e7,3.6989327e7,3.6995355e7,3.6889129e7,3.6916149e7,3.6964328e7,3.6896132e7,3.7049206e7,3.7038969e7,3.6984429e7,3.6866677e7,3.8971255e7,3.8100377e7,3.7217745e7,3.6878473e7,3.6920677e7,3.6917423e7,3.6933052e7,3.690099e7,3.6922159e7,3.691749e7,3.6925938e7,3.7145813e7,3.6882798e7,3.6996317e7,3.6907114e7,3.6936818e7,3.6936388e7,3.7070174e7,3.6913282e7,3.6995595e7,3.6921688e7,3.7010137e7,3.6969285e7,3.7095596e7,3.6941288e7,3.6899621e7,3.6927791e7,3.692604e7,3.8354917e7,3.8146834e7,3.7290905e7,3.694186e7,3.6930891e7,3.709759e7,3.698833e7,3.6955229e7,3.6884248e7,3.6924617e7,3.6988603e7,3.6898276e7,3.6900128e7,3.694599e7,3.7008563e7,3.7009152e7,3.6996984e7,3.6983638e7,3.7006095e7,3.6918532e7,3.6909594e7,3.7401596e7,3.7506918e7,3.7019238e7,3.6937702e7,3.6951488e7,3.6889076e7,3.7017993e7,3.8270042e7,3.8499106e7,3.7641621e7,3.7076459e7,3.7082062e7,3.7051164e7,3.6992886e7,3.7089279e7,3.7265429e7,3.7359997e7,3.7079089e7,3.6977352e7,3.6949291e7,3.73186e7,3.7941452e7,3.7330761e7,3.7129297e7,3.6918003e7,3.7439496e7,3.6946024e7,3.6914718e7,3.8725221e7,3.9141745e7,3.9030683e7,3.9259532e7,3.9051484e7,3.8862035e7,4.0540225e7,4.1163433e7,3.8949914e7,3.8243528e7,3.7415833e7,3.7794399e7,3.7418465e7,3.7558715e7,3.689543e7,3.7491905e7,3.7012101e7,3.7553204e7,3.7150142e7,3.7928665e7,3.8976154e7,3.9434406e7,3.8790091e7,3.9264675e7,3.9343549e7]}]],"medians":[37.0096445]}