{"lengs":[1.9998618696327441],"benchmarks":[["Trial",{"allocs":1610,"gctimes":[0.0,0.0,0.0,0.0,0.0,0.0,0.0,0.0,0.0,0.0,0.0,0.0,0.0,0.0,0.0,0.0,0.0,0.0,0.0,0.0,0.0,0.0,0.0,0.0,0.0,0.0,0.0,0.0,0.0,0.0,0.0,0.0,0.0,0.0,0.0,0.0,0.0,0.0,0.0,0.0,0.0,0.0,0.0,0.0,0.0,0.0,0.0,0.0,0.0,0.0,0.0,0.0,0.0,0.0,0.0,0.0,0.0,0.0,0.0,0.0,0.0,0.0,0.0,0.0,0.0,0.0,0.0,0.0,0.0,0.0,0.0,0.0,0.0,0.0,0.0,0.0,0.0,0.0,0.0,0.0,0.0,0.0,0.0,0.0,0.0,0.0,0.0,0.0,0.0,0.0,0.0,0.0,0.0,0.0,0.0,0.0,0.0,0.0,0.0,0.0,0.0,0.0,0.0,0.0,0.0,0.0,0.0,0.0,0.0,0.0,0.0,0.0,0.0,0.0,0.0,0.0,0.0,0.0,0.0,0.0,0.0,0.0,0.0,0.0,0.0,0.0,0.0,0.0,0.0,0.0,0.0,0.0,0.0,0.0,0.0,0.0,0.0,0.0,0.0,0.0,0.0,0.0,0.0,0.0,0.0,0.0,0.0,0.0,0.0,0.0,0.0,0.0,0.0,0.0,0.0,0.0,0.0,0.0,0.0,0.0,0.0,0.0,0.0,0.0,0.0,0.0,0.0,0.0,0.0,0.0,0.0,0.0,0.0,0.0,0.0,0.0,0.0,0.0,0.0,0.0,0.0,0.0,0.0,0.0,0.0,0.0,0.0,0.0,0.0,0.0,0.0,0.0,0.0,0.0,0.0,0.0,0.0,0.0,0.0,0.0,0.0,0.0,0.0,0.0,0.0,0.0,0.0,0.0,0.0,0.0,0.0,0.0,0.0,0.0,0.0,0.0,0.0,0.0,0.0,0.0,0.0,0.0,0.0,0.0,0.0,0.0,0.0,0.0,0.0,0.0,0.0,0.0,0.0,0.0,0.0,0.0,0.0,0.0,0.0,0.0,0.0,0.0,0.0,0.0,0.0,0.0,0.0,0.0,0.0,0.0,0.0,0.0,0.0,0.0,0.0,0.0,0.0,0.0,0.0,0.0,0.0,0.0,0.0,0.0,0.0,0.0,0.0,0.0,0.0,0.0,0.0,0.0,0.0,0.0,0.0,0.0,0.0,0.0,0.0,0.0,0.0,0.0,0.0,0.0,0.0,0.0,0.0,0.0,1.7130692e7,0.0,0.0,0.0,0.0,0.0,0.0,0.0,0.0,0.0,0.0,0.0,0.0,0.0,0.0,0.0,0.0,0.0,0.0,0.0,0.0,0.0,0.0,0.0,0.0,0.0,0.0,0.0,0.0,0.0,0.0,0.0,0.0,0.0,0.0,0.0,0.0,0.0,0.0,0.0,0.0,0.0,0.0,0.0,0.0,0.0,0.0,0.0,0.0,0.0,0.0,0.0,0.0,0.0,0.0,0.0,0.0,0.0,0.0,0.0,0.0,0.0,0.0,0.0,0.0,0.0,0.0,0.0,0.0,0.0,0.0,0.0,0.0,0.0,0.0,0.0,0.0,0.0,0.0,0.0,0.0,0.0,0.0,0.0,0.0,0.0,0.0,0.0,0.0,0.0,0.0,0.0,0.0,0.0,0.0,0.0,0.0,0.0,0.0,0.0,0.0,0.0,0.0,0.0,0.0,0.0,0.0,0.0,0.0,0.0,0.0,0.0,0.0,0.0,0.0,0.0,0.0,0.0,0.0,0.0,0.0,0.0,0.0,0.0,0.0,0.0,0.0,0.0,0.0,0.0,0.0,0.0,0.0,0.0,0.0,0.0,0.0,0.0,0.0,0.0,0.0,0.0,0.0,0.0,0.0,0.0,0.0,0.0,0.0,0.0,0.0,0.0,0.0,0.0,0.0,0.0,0.0,0.0,0.0,0.0,0.0,0.0,0.0,0.0,0.0,0.0,0.0,0.0,0.0,0.0,0.0,0.0,0.0,0.0,0.0,0.0,0.0,0.0,0.0,0.0,0.0,0.0,0.0,0.0,0.0,0.0,0.0,0.0],"memory":718112,"params":["Parameters",{"gctrial":true,"time_tolerance":0.05,"samples":10000,"evals":1,"gcsample":false,"seconds":5.0,"overhead":0.0,"memory_tolerance":0.01}],"times":[1.1575612e7,1.1367456e7,1.0788027e7,1.0697199e7,1.056744e7,1.0490637e7,1.0526927e7,1.0518242e7,1.0512094e7,1.0502313e7,1.0488663e7,1.0507791e7,1.0562897e7,1.0486405e7,1.0492906e7,1.0528038e7,1.0500886e7,1.0519279e7,1.0481898e7,1.0509326e7,1.0522425e7,1.0534002e7,1.0524689e7,1.0504916e7,1.0482916e7,1.0501155e7,1.0548382e7,1.0478786e7,1.0510826e7,1.05217e7,1.048836e7,1.0494761e7,1.0494111e7,1.0483246e7,1.0561559e7,1.0525061e7,1.0496762e7,1.0541569e7,1.0547681e7,1.0497503e7,1.0500389e7,1.0531462e7,1.0475522e7,1.0523871e7,1.049251e7,1.0495527e7,1.0495712e7,1.048289e7,1.0553431e7,1.0521271e7,1.0528612e7,1.059034e7,1.0496799e7,1.0496001e7,1.0526239e7,1.0495887e7,1.0518504e7,1.0516132e7,1.0518555e7,1.0542388e7,1.0513322e7,1.0520172e7,1.0489398e7,1.0511915e7,1.0497698e7,1.0506793e7,1.0504274e7,1.0535297e7,1.0483673e7,1.0524424e7,1.0506899e7,1.052635e7,1.0489477e7,1.056406e7,1.0512927e7,1.0475034e7,1.048957e7,1.0603362e7,1.0509427e7,1.0529353e7,1.0582983e7,1.0503894e7,1.0511315e7,1.0522995e7,1.0498084e7,1.0521468e7,1.0520127e7,1.0485832e7,1.0560359e7,1.0480084e7,1.0490627e7,1.0529526e7,1.0484868e7,1.0493335e7,1.0547867e7,1.1262777e7,1.1387653e7,1.1057894e7,1.0909527e7,1.0867519e7,1.0835558e7,1.0882473e7,1.0923365e7,1.0501372e7,1.050168e7,1.0510109e7,1.0526554e7,1.051251e7,1.0475031e7,1.0503319e7,1.0502527e7,1.0538411e7,1.0481978e7,1.0508518e7,1.0505854e7,1.0485089e7,1.0482559e7,1.0535985e7,1.0528453e7,1.049469e7,1.0518309e7,1.0503527e7,1.0484513e7,1.0496244e7,1.0515162e7,1.0535448e7,1.0477247e7,1.0521263e7,1.0510404e7,1.0483475e7,1.0491691e7,1.0511641e7,1.0598332e7,1.0489172e7,1.0513899e7,1.0502501e7,1.0479691e7,1.0500772e7,1.0512076e7,1.0539358e7,1.0468205e7,1.050592e7,1.0505428e7,1.0481398e7,1.0491923e7,1.0506333e7,1.0593464e7,1.047289e7,1.0511087e7,1.0498145e7,1.0475743e7,1.0501324e7,1.0519907e7,1.0526233e7,1.0473741e7,1.0529404e7,1.0502994e7,1.0476051e7,1.0495404e7,1.0547365e7,1.0534484e7,1.047042e7,1.0518868e7,1.0510893e7,1.0483901e7,1.0490977e7,1.0516346e7,1.0551277e7,1.0470976e7,1.0512313e7,1.0501264e7,1.0466542e7,1.0560176e7,1.0497476e7,1.0546972e7,1.0463882e7,1.0521181e7,1.0500591e7,1.0530757e7,1.0493853e7,1.0496419e7,1.0521735e7,1.0470115e7,1.0506747e7,1.0494508e7,1.0517227e7,1.049725e7,1.0538559e7,1.0547604e7,1.0459504e7,1.0524514e7,1.0509454e7,1.0474309e7,1.1501059e7,1.2496916e7,1.1623118e7,1.0845157e7,1.1052804e7,1.0935679e7,1.0803244e7,1.0831451e7,1.0565322e7,1.053522e7,1.0469786e7,1.0509935e7,1.0506253e7,1.0476008e7,1.0498662e7,1.050814e7,1.0529412e7,1.0474963e7,1.0514908e7,1.0503673e7,1.0480372e7,1.0496168e7,1.0506403e7,1.0536296e7,1.0470902e7,1.0505186e7,1.0498615e7,1.0476298e7,1.0478952e7,1.0517146e7,1.0526751e7,1.0469762e7,1.0494283e7,1.0494443e7,1.0479017e7,1.0497616e7,1.0510936e7,1.0538093e7,1.0463097e7,1.0531553e7,1.0491297e7,1.0470727e7,1.0492742e7,1.0508403e7,1.053585e7,1.0467947e7,1.0516566e7,1.0552064e7,1.048363e7,1.0498657e7,1.0503721e7,1.0533438e7,1.0463357e7,1.0513225e7,1.0499508e7,1.0482625e7,1.0492651e7,1.0504099e7,1.0538108e7,1.0471891e7,1.0512635e7,1.0503713e7,1.047824e7,1.055995e7,1.0507637e7,1.052761e7,1.0476128e7,1.0513888e7,1.0495634e7,1.0472682e7,1.0493775e7,1.0504729e7,1.0541197e7,1.0536038e7,1.0582954e7,1.0499441e7,1.0466809e7,1.0482143e7,1.0504037e7,1.0594687e7,1.0458121e7,1.0520991e7,1.0507923e7,1.0537702e7,1.048202e7,1.0504597e7,1.0518333e7,1.0459063e7,1.0495572e7,1.049312e7,1.0467674e7,1.5794461e7,9.994645e6,1.0111121e7,1.0054246e7,2.712991e7,1.0540624e7,1.1877261e7,1.0886896e7,1.0666467e7,1.0654235e7,1.0477368e7,1.0509283e7,1.0489541e7,1.0374296e7,1.0286205e7,1.0282015e7,1.0350244e7,1.0279185e7,1.0371669e7,1.034091e7,1.0410413e7,1.0383878e7,1.0283377e7,1.029268e7,1.0305246e7,1.0344189e7,1.0298376e7,1.0353534e7,1.0283593e7,1.0287907e7,1.0397762e7,1.0281369e7,1.0298527e7,1.0327276e7,1.0289255e7,1.0290703e7,1.0305687e7,1.0280242e7,1.0347307e7,1.0334967e7,1.0276139e7,1.0362875e7,1.0343309e7,1.0281962e7,1.0388939e7,1.0330537e7,1.0288157e7,1.0290931e7,1.0303991e7,1.0345687e7,1.0388297e7,1.0328184e7,1.0339921e7,1.0294787e7,1.0373159e7,1.0287498e7,1.0277022e7,1.0319482e7,1.035991e7,1.0451663e7,1.0466863e7,1.0349166e7,1.0289833e7,1.0281579e7,1.0281453e7,1.0303444e7,1.0321885e7,1.0297306e7,1.0302002e7,1.0325515e7,1.0301381e7,1.03246e7,1.0301053e7,1.0404213e7,1.0447492e7,1.0422993e7,1.0555859e7,1.0847038e7,1.0783926e7,1.0844847e7,1.0846865e7,1.0801076e7,1.0791253e7,1.0886536e7,1.0864058e7,1.0814893e7,1.0842128e7,1.0877112e7,1.0839165e7,1.0845034e7,1.0883705e7,1.0792761e7,1.0789372e7,1.0774313e7,1.0815869e7,1.0817777e7,1.0788553e7,1.0791748e7,1.0821096e7,1.0776728e7,1.0787948e7,1.0781156e7,1.0777033e7,1.0842182e7,1.0848566e7,1.154041e7,1.0962589e7,1.123853e7,1.0774965e7,1.0754909e7,1.0743396e7,1.0549279e7,1.0595376e7,1.0531956e7,1.0513303e7,1.0513231e7,1.0499378e7,1.0519045e7,1.0538717e7,1.0569803e7,1.0499237e7,1.0070372e7,9.997771e6,9.922526e6,9.971591e6,1.0002202e7,9.925572e6,9.945877e6,9.981015e6,9.909788e6,9.929005e6,9.960375e6,9.915036e6,9.932669e6,9.944779e6,9.973268e6,9.914576e6,9.94202e6,1.0023448e7,9.943689e6,9.939887e6,9.998774e6,1.0010371e7,9.967676e6,9.961732e6,1.0138949e7,9.965709e6,9.963788e6,9.957224e6,1.0014261e7,1.0018387e7,9.942532e6,1.0205263e7,9.946974e6,9.958845e6,9.956068e6,9.972605e6,9.915226e6,9.918681e6,1.0030072e7,9.951818e6,9.935335e6,9.985105e6,1.0007343e7,9.909967e6,9.931642e6,9.958352e6,9.91457e6,9.934026e6,9.94463e6,9.979676e6,9.928263e6,9.922575e6,1.0074643e7,1.0000582e7,1.0024658e7,9.949119e6,9.971688e6,9.898164e6,9.929474e6,9.978914e6,9.981635e6,9.924987e6,1.0034927e7,1.0135512e7,9.994025e6,1.0021834e7,1.0024245e7,9.90622e6,9.943287e6,9.92448e6,9.965363e6]}]],"medians":[10.4974895]}