{"lengs":[19.998618696327437],"benchmarks":[["Trial",{"allocs":138972,"gctimes":[0.0,0.0,0.0,0.0,0.0,0.0,0.0,0.0,0.0,0.0,0.0,0.0,0.0,0.0,0.0,0.0,0.0,0.0,0.0,0.0,2.0645677e7,0.0,0.0,0.0,0.0,0.0,0.0,0.0,0.0,0.0,0.0,0.0,0.0,0.0,0.0,0.0,0.0,0.0,0.0,0.0,2.0589234e7,0.0,0.0,0.0,0.0,0.0,0.0,0.0,0.0,0.0,0.0,0.0,0.0,0.0,0.0,0.0,0.0,0.0,0.0,0.0,2.0625221e7,0.0,0.0,0.0,0.0,0.0,0.0,0.0,0.0,0.0,0.0,0.0,0.0,0.0,0.0,0.0,0.0,0.0,0.0,0.0,2.0443044e7,0.0,0.0,0.0,0.0,0.0,0.0,0.0,0.0,0.0,0.0,0.0,0.0,0.0,0.0,0.0,0.0,0.0,0.0,0.0,2.0458397e7,0.0,0.0,0.0,0.0,0.0,0.0,0.0,0.0,0.0,0.0,0.0,0.0,0.0,0.0,0.0,0.0,0.0,0.0,0.0,2.060348e7,0.0,0.0,0.0,0.0,0.0,0.0,0.0,0.0,0.0,0.0,0.0,0.0,0.0,0.0,0.0,0.0,0.0,0.0,0.0,2.0539766e7,0.0,0.0,0.0,0.0,0.0,0.0,0.0,0.0,0.0,0.0,0.0,0.0,0.0,0.0,0.0,0.0,0.0,0.0,0.0,2.0495777e7,0.0,0.0,0.0,0.0,0.0,0.0,0.0,0.0,0.0,0.0,0.0,0.0,0.0,0.0,0.0,0.0,0.0,0.0,0.0,2.0545187e7,0.0,0.0,0.0,0.0,0.0,0.0,0.0,0.0,0.0,0.0,0.0,0.0,0.0,0.0,0.0,0.0,0.0,0.0,0.0,0.0,2.0496146e7,0.0,0.0,0.0,0.0,0.0,0.0,0.0,0.0,0.0,0.0,0.0,0.0,0.0,0.0,0.0,0.0,0.0,0.0,0.0,2.1123683e7,0.0,0.0,0.0,0.0,0.0,0.0,0.0,0.0,0.0,0.0,0.0,0.0,0.0,0.0,0.0,0.0,0.0,0.0,0.0,2.0413259e7,0.0,0.0,0.0,0.0,0.0,0.0,0.0,0.0,0.0,0.0,0.0,0.0,0.0,0.0,0.0,0.0,0.0,0.0,0.0,2.0621754e7,0.0,0.0,0.0,0.0,0.0,0.0,0.0,0.0,0.0,0.0,0.0,0.0,0.0,0.0,0.0,0.0,0.0,0.0,0.0,2.0581566e7,0.0,0.0,0.0,0.0,0.0,0.0,0.0,0.0,0.0,0.0,0.0,0.0,0.0,0.0,0.0,0.0,0.0,0.0,0.0,2.0522414e7,0.0,0.0,0.0,0.0,0.0,0.0,0.0,0.0,0.0,0.0,0.0,0.0,0.0,0.0,0.0,0.0,0.0,0.0,0.0,2.0506631e7,0.0,0.0,0.0,0.0,0.0,0.0,0.0,0.0,0.0,0.0,0.0,0.0,0.0,0.0,0.0,0.0,0.0,0.0,0.0,2.0537648e7,0.0,0.0,0.0,0.0,0.0,0.0,0.0,0.0,0.0,0.0,0.0,0.0,0.0,0.0,0.0,0.0,0.0,0.0,0.0,2.0651832e7,0.0,0.0,0.0,0.0,0.0,0.0,0.0,0.0,0.0,0.0,0.0,0.0,0.0,0.0,0.0,0.0,0.0,0.0,0.0,2.0552317e7,0.0,0.0,0.0,0.0,0.0,0.0,0.0,0.0,0.0,0.0,0.0,0.0,0.0,0.0,0.0,0.0,0.0,0.0,0.0,0.0,2.0479242e7,0.0,0.0,0.0,0.0,0.0,0.0,0.0,0.0,0.0,0.0,0.0,0.0,0.0,0.0,0.0,0.0,0.0,0.0,0.0,2.0430533e7,0.0,0.0,0.0,0.0,0.0,0.0,0.0,0.0,0.0,0.0,0.0,0.0,0.0,0.0,0.0,0.0,0.0,0.0,0.0,2.0421433e7,0.0,0.0,0.0,0.0,0.0,0.0,0.0,0.0,0.0,0.0,0.0,0.0,0.0,0.0,0.0,0.0,0.0,0.0,0.0,2.0477301e7,0.0,0.0,0.0,0.0,0.0,0.0,0.0,0.0,0.0,0.0,0.0,0.0,0.0,0.0,0.0,0.0,0.0,0.0,0.0,2.0462711e7,0.0,0.0,0.0,0.0,0.0,0.0,0.0,0.0,0.0,0.0,0.0,0.0,0.0,0.0,0.0,0.0,0.0,0.0,0.0,2.0623161e7,0.0,0.0,0.0,0.0,0.0],"memory":10317240,"params":["Parameters",{"gctrial":true,"time_tolerance":0.05,"samples":10000,"evals":1,"gcsample":false,"seconds":5.0,"overhead":0.0,"memory_tolerance":0.01}],"times":[9.146171e6,9.293046e6,9.537432e6,9.708502e6,9.760892e6,9.746512e6,9.726542e6,9.843337e6,9.810084e6,9.825686e6,1.05751e7,1.0582983e7,1.0410519e7,1.027331e7,9.988821e6,1.0002011e7,9.999592e6,1.0389304e7,1.0250946e7,1.0428333e7,2.9188084e7,7.517703e6,7.406563e6,7.394114e6,7.351768e6,7.437397e6,7.365427e6,7.337235e6,7.405549e6,9.584893e6,9.801333e6,9.762322e6,9.291239e6,9.513922e6,9.572642e6,9.731629e6,9.749656e6,1.024391e7,1.011295e7,1.0356619e7,2.9291729e7,7.552448e6,7.397293e6,7.406774e6,7.421603e6,7.382784e6,7.370503e6,7.411591e6,7.35298e6,9.341692e6,9.874643e6,9.794416e6,9.427798e6,9.514117e6,9.568924e6,9.730621e6,9.760397e6,1.0204119e7,1.0098443e7,1.0383794e7,2.9625949e7,7.57321e6,7.373658e6,7.372886e6,7.337953e6,7.344007e6,7.601893e6,7.420309e6,7.319534e6,8.93567e6,9.778976e6,9.775891e6,9.549942e6,9.462202e6,9.542607e6,9.803344e6,9.706699e6,1.0153714e7,1.0104319e7,1.0332779e7,2.9183309e7,8.112845e6,7.380185e6,7.419126e6,7.364008e6,7.373444e6,7.417433e6,7.428121e6,7.438781e6,8.543922e6,9.769834e6,9.792458e6,9.772856e6,9.42659e6,9.517556e6,9.696739e6,9.728528e6,1.0087388e7,1.0182202e7,1.0252004e7,2.9505983e7,8.115298e6,7.369699e6,7.397855e6,7.364061e6,7.357253e6,7.338778e6,7.357033e6,7.346001e6,8.209146e6,9.692198e6,9.763091e6,9.790903e6,9.523858e6,9.603755e6,9.620027e6,1.0709657e7,1.0809138e7,1.0999259e7,1.044336e7,3.0137914e7,8.131928e6,7.651951e6,7.58002e6,7.376217e6,7.363532e6,7.366847e6,7.361929e6,7.335026e6,7.863106e6,9.571517e6,9.897935e6,9.938839e6,9.702795e6,9.538327e6,9.559244e6,9.746547e6,9.990802e6,1.0237792e7,1.0160564e7,3.0111267e7,8.206442e6,7.461553e6,7.425727e6,7.371975e6,7.370233e6,7.379135e6,7.388315e6,7.324003e6,7.668333e6,9.394269e6,9.771364e6,9.832843e6,9.757314e6,9.654721e6,9.561656e6,9.80319e6,9.942307e6,1.0267205e7,1.0104536e7,3.0365902e7,8.095568e6,7.471524e6,7.385655e6,7.386386e6,7.328242e6,7.331295e6,7.363516e6,7.360138e6,7.591958e6,9.019969e6,9.757763e6,9.825953e6,9.765736e6,9.622086e6,9.545531e6,9.723999e6,9.971405e6,1.0253949e7,1.0093012e7,3.0748722e7,8.166601e6,7.507246e6,7.385573e6,7.332846e6,7.319513e6,7.330578e6,7.370042e6,7.340047e6,7.500087e6,8.768675e6,9.707627e6,9.805125e6,9.785272e6,9.720792e6,9.564507e6,9.728186e6,1.0025623e7,1.0199216e7,1.0121175e7,1.0308576e7,2.8749665e7,7.446326e6,7.394602e6,7.32594e6,7.320883e6,7.330873e6,7.310277e6,7.390311e6,7.600306e6,9.680895e6,9.759898e6,9.765997e6,9.494196e6,9.664323e6,9.535379e6,9.689855e6,9.815247e6,1.0215128e7,1.0094414e7,1.0315789e7,3.0393125e7,7.969526e6,7.659319e6,7.675892e6,7.593721e6,7.386375e6,7.544809e6,7.529382e6,7.49271e6,9.769646e6,9.807274e6,9.770971e6,9.309995e6,9.528406e6,9.587633e6,9.734483e6,9.875953e6,1.0325899e7,1.013919e7,1.0383668e7,2.9415635e7,7.565156e6,7.410665e6,7.398193e6,7.346596e6,7.322614e6,7.446562e6,7.339374e6,7.341475e6,9.133561e6,9.79203e6,9.739706e6,9.459869e6,9.548219e6,9.50789e6,9.700778e6,9.686757e6,1.0221187e7,1.0071533e7,1.0317267e7,2.9772021e7,7.520621e6,7.374189e6,7.404511e6,7.338311e6,7.385496e6,7.341937e6,7.343594e6,7.337578e6,8.773462e6,9.7978e6,9.779814e6,9.744452e6,9.427147e6,9.544878e6,9.736494e6,9.681295e6,1.0182262e7,1.0123624e7,1.0320235e7,2.9500804e7,8.174736e6,7.400687e6,7.386204e6,7.359175e6,7.323353e6,7.334231e6,7.372747e6,7.345661e6,8.472477e6,9.761508e6,9.760971e6,9.810312e6,9.411904e6,9.537788e6,9.678939e6,9.714795e6,1.0053304e7,1.0216476e7,1.0244041e7,2.9692538e7,8.160433e6,7.425884e6,7.392314e6,7.385712e6,7.358444e6,7.366833e6,7.391406e6,7.367229e6,8.04077e6,9.66335e6,9.733374e6,9.832403e6,9.53038e6,9.489363e6,9.592438e6,9.792889e6,1.005111e7,1.0256895e7,1.0186248e7,2.9930774e7,8.1304e6,7.480875e6,7.405202e6,7.364704e6,7.91704e6,7.747549e6,7.408457e6,7.557151e6,8.017393e6,9.770286e6,1.013532e7,9.993607e6,9.740913e6,9.55144e6,9.592067e6,9.754499e6,1.0011921e7,1.0254618e7,1.0148826e7,3.0271457e7,8.140341e6,7.488811e6,7.457605e6,7.352856e6,7.31574e6,7.328524e6,7.342039e6,7.341669e6,7.586345e6,9.23054e6,9.771157e6,9.800502e6,9.779783e6,9.488779e6,9.59124e6,9.713259e6,9.946814e6,1.0244615e7,1.0149994e7,3.0700452e7,8.084506e6,7.468774e6,7.398426e6,7.321034e6,7.361581e6,7.521321e6,7.351708e6,7.343906e6,7.542452e6,8.906563e6,9.770388e6,9.816624e6,9.782584e6,9.639991e6,9.556201e6,9.736544e6,9.925045e6,1.0259072e7,1.0050671e7,3.0881784e7,8.076277e6,7.45018e6,7.388833e6,7.340691e6,7.311331e6,7.325182e6,7.327438e6,7.443897e6,7.543654e6,8.628862e6,9.732017e6,9.863375e6,9.790609e6,9.787816e6,9.570091e6,9.724298e6,9.862375e6,1.0158092e7,1.0126939e7,1.0342474e7,2.8850573e7,7.528028e6,7.363292e6,7.356892e6,7.391734e6,7.354805e6,7.362415e6,7.329286e6,7.42474e6,9.599676e6,9.757074e6,9.7817e6,9.491436e6,9.624797e6,9.54795e6,9.694847e6,9.722685e6,1.0234737e7,1.0068069e7,1.0322308e7,2.9227023e7,7.562574e6,7.421912e6,7.36924e6,7.339791e6,7.379363e6,7.341243e6,7.344325e6,7.321096e6,9.273624e6,9.728167e6,1.0388406e7,1.0316253e7,1.015018e7,1.0070718e7,9.966725e6,9.964233e6,1.0393471e7,1.0440349e7,1.0472826e7,2.9400745e7,7.532452e6,7.35447e6,7.339074e6,7.333307e6,7.388553e6,7.342204e6,7.430534e6,7.334551e6,8.957851e6,9.812791e6,9.837293e6,9.595943e6,9.431911e6,9.546376e6,9.703218e6,9.700452e6,1.1064655e7,1.0103636e7,1.0546047e7,2.9561192e7,8.118405e6,7.396452e6,7.374144e6,7.340742e6,7.353906e6,7.358984e6,7.354347e6,7.343476e6,8.513947e6,9.774306e6,9.743035e6,9.82202e6,9.39538e6,9.53293e6,9.725848e6,9.689436e6,1.0121711e7,1.0247221e7,1.0281002e7,2.9476299e7,8.11214e6,7.372005e6,7.365845e6,7.326133e6,7.331865e6,7.380538e6,7.339378e6,7.376053e6,8.197231e6,9.652608e6,9.887585e6,