{"lengs":[10.0,21.544346900318832,46.4158883361278,100.0,215.44346900318845,464.15888336127773,1000.0],"benchmarks":[["Trial",{"allocs":6954,"gctimes":[0.0,0.0,0.0,0.0,0.0],"memory":29814560,"params":["Parameters",{"gctrial":true,"time_tolerance":0.05,"samples":10000,"evals":1,"gcsample":false,"seconds":5.0,"overhead":0.0,"memory_tolerance":0.01}],"times":[1.135303142e9,1.133404368e9,1.131652883e9,1.131576323e9,1.132350861e9]}],["Trial",{"allocs":7631,"gctimes":[0.0,0.0,0.0],"memory":33695712,"params":["Parameters",{"gctrial":true,"time_tolerance":0.05,"samples":10000,"evals":1,"gcsample":false,"seconds":5.0,"overhead":0.0,"memory_tolerance":0.01}],"times":[2.159577126e9,2.179949889e9,2.231732321e9]}],["Trial",{"allocs":13314,"gctimes":[0.0],"memory":64722928,"params":["Parameters",{"gctrial":true,"time_tolerance":0.05,"samples":10000,"evals":1,"gcsample":false,"seconds":5.0,"overhead":0.0,"memory_tolerance":0.01}],"times":[5.700595573e9]}],["Trial",{"allocs":14338,"gctimes":[0.0],"memory":72460960,"params":["Parameters",{"gctrial":true,"time_tolerance":0.05,"samples":10000,"evals":1,"gcsample":false,"seconds":5.0,"overhead":0.0,"memory_tolerance":0.01}],"times":[7.889648817e9]}],["Trial",{"allocs":15959,"gctimes":[0.0],"memory":86052480,"params":["Parameters",{"gctrial":true,"time_tolerance":0.05,"samples":10000,"evals":1,"gcsample":false,"seconds":5.0,"overhead":0.0,"memory_tolerance":0.01}],"times":[1.0988907019e10]}],["Trial",{"allocs":21101,"gctimes":[0.0],"memory":124683968,"params":["Parameters",{"gctrial":true,"time_tolerance":0.05,"samples":10000,"evals":1,"gcsample":false,"seconds":5.0,"overhead":0.0,"memory_tolerance":0.01}],"times":[1.8315459455e10]}],["Trial",{"allocs":25399,"gctimes":[0.0],"memory":156517136,"params":["Parameters",{"gctrial":true,"time_tolerance":0.05,"samples":10000,"evals":1,"gcsample":false,"seconds":5.0,"overhead":0.0,"memory_tolerance":0.01}],"times":[2.249741837e10]}]],"medians":[1132.350861,2179.949889,5700.595573,7889.648817,10988.907019,18315.459455,22497.41837]}