{"lengs":[1.9998618696327441],"benchmarks":[["Trial",{"allocs":64199,"gctimes":[0.0,0.0,0.0,0.0,0.0,0.0,0.0,0.0,0.0,0.0,0.0,0.0,0.0,0.0,0.0,0.0,0.0,0.0,0.0,0.0,0.0,0.0,0.0,0.0,0.0,0.0,0.0,0.0,0.0,0.0,0.0,0.0,0.0,0.0,0.0,0.0,0.0,0.0,2.06851e7,0.0,0.0,0.0,0.0,0.0,0.0,0.0,0.0,0.0,0.0,0.0,0.0,0.0,0.0,0.0,0.0,0.0,0.0,0.0,0.0,0.0,0.0,0.0,0.0,0.0,0.0,0.0,0.0,0.0,0.0,0.0,0.0,0.0,0.0,0.0,0.0,0.0,2.0664585e7,0.0,0.0,0.0,0.0,0.0,0.0,0.0,0.0,0.0,0.0,0.0,0.0,0.0,0.0,0.0,0.0,0.0,0.0,0.0,0.0,0.0,0.0,0.0,0.0,0.0,0.0,0.0,0.0,0.0,0.0,0.0,0.0,0.0,0.0,0.0,0.0,0.0,2.0722049e7,0.0,0.0,0.0,0.0,0.0,0.0,0.0,0.0,0.0,0.0,0.0,0.0,0.0,0.0,0.0,0.0,0.0,0.0,0.0,0.0,0.0,0.0,0.0,0.0,0.0,0.0,0.0,0.0,0.0,0.0,0.0,0.0,0.0,0.0,0.0,0.0,0.0,2.0754204e7,0.0,0.0,0.0,0.0,0.0,0.0,0.0,0.0,0.0,0.0,0.0,0.0,0.0,0.0,0.0,0.0,0.0,0.0,0.0,0.0,0.0,0.0,0.0,0.0,0.0,0.0,0.0,0.0,0.0,0.0,0.0,0.0,0.0,0.0,0.0,0.0,0.0,2.0698126e7,0.0,0.0,0.0,0.0,0.0,0.0,0.0,0.0,0.0,0.0,0.0,0.0,0.0,0.0,0.0,0.0,0.0,0.0,0.0,0.0,0.0,0.0,0.0,0.0,0.0,0.0,0.0,0.0,0.0,0.0,0.0,0.0,0.0,0.0,0.0,0.0,0.0,0.0,2.0692483e7,0.0,0.0,0.0,0.0,0.0,0.0,0.0,0.0,0.0,0.0,0.0,0.0,0.0,0.0,0.0,0.0,0.0,0.0,0.0,0.0,0.0,0.0,0.0,0.0,0.0,0.0,0.0,0.0,0.0,0.0,0.0,0.0,0.0,0.0,0.0,0.0,0.0,2.0695383e7,0.0,0.0,0.0,0.0,0.0,0.0,0.0,0.0,0.0,0.0,0.0,0.0,0.0,0.0,0.0,0.0,0.0,0.0,0.0,0.0,0.0,0.0,0.0,0.0,0.0,0.0,0.0,0.0,0.0,0.0,0.0,0.0,0.0,0.0,0.0,0.0,0.0,2.0728895e7,0.0,0.0,0.0,0.0,0.0,0.0,0.0,0.0,0.0,0.0,0.0,0.0,0.0,0.0,0.0,0.0,0.0,0.0,0.0,0.0,0.0,0.0,0.0,0.0,0.0,0.0,0.0,0.0,0.0,0.0,0.0,0.0,0.0,0.0,0.0,0.0,0.0,0.0,2.1492315e7,0.0,0.0,0.0,0.0,0.0,0.0,0.0,0.0,0.0,0.0,0.0,0.0,0.0,0.0,0.0,0.0,0.0,0.0,0.0,0.0,0.0,0.0,0.0,0.0,0.0,0.0,0.0,0.0,0.0,0.0,0.0,0.0,0.0,0.0,0.0,0.0,0.0,2.0800074e7,0.0,0.0,0.0,0.0,0.0,0.0,0.0,0.0,0.0,0.0,0.0,0.0,0.0,0.0,0.0,0.0,0.0,0.0,0.0,0.0,0.0,0.0,0.0,0.0,0.0,0.0,0.0,0.0,0.0,0.0,0.0,0.0,0.0,0.0,0.0,0.0,0.0,2.0154568e7,0.0,0.0,0.0,0.0,0.0,0.0,0.0,0.0,0.0,0.0,0.0,0.0,0.0,0.0,0.0,0.0,0.0,0.0,0.0,0.0,0.0,0.0,0.0,0.0,0.0,0.0,0.0,0.0,0.0,0.0,0.0,0.0,0.0,0.0,0.0,0.0,0.0,2.0319772e7,0.0,0.0,0.0,0.0,0.0,0.0,0.0,0.0,0.0,0.0,0.0,0.0,0.0,0.0,0.0,0.0,0.0,0.0,0.0,0.0,0.0,0.0,0.0,0.0,0.0,0.0,0.0,0.0,0.0,0.0,0.0,0.0,0.0,0.0,0.0,0.0,0.0,0.0,2.0088879e7,0.0,0.0,0.0,0.0,0.0,0.0,0.0,0.0,0.0,0.0,0.0,0.0,0.0,0.0],"memory":5530424,"params":["Parameters",{"gctrial":true,"time_tolerance":0.05,"samples":10000,"evals":1,"gcsample":false,"seconds":5.0,"overhead":0.0,"memory_tolerance":0.01}],"times":[1.0176633e7,9.948269e6,9.769159e6,9.89324e6,9.971666e6,1.0028736e7,1.0008239e7,1.0039151e7,1.0042972e7,1.0051148e7,1.0164401e7,1.0099259e7,1.0134042e7,1.0061118e7,1.0114691e7,1.0079546e7,1.0080894e7,1.0047168e7,1.0070816e7,1.0215596e7,1.0054223e7,1.0263198e7,1.0128494e7,1.0230898e7,1.0160383e7,1.0232986e7,1.0084289e7,1.0501569e7,1.0333025e7,1.018314e7,1.0467049e7,1.0223173e7,1.0112379e7,1.0191936e7,1.0131827e7,1.0124283e7,1.0201119e7,1.0334363e7,3.0444051e7,8.817446e6,8.717685e6,8.655538e6,8.697597e6,8.669797e6,8.652544e6,8.782181e6,8.713074e6,8.738813e6,8.741366e6,8.666243e6,8.670963e6,8.602047e6,8.698599e6,8.615763e6,8.71625e6,8.604755e6,9.140436e6,9.778871e6,9.811313e6,9.768205e6,9.797533e6,9.788829e6,9.620181e6,9.945325e6,9.728769e6,9.883934e6,9.773887e6,9.87754e6,1.0019051e7,9.856586e6,9.786041e6,1.0120366e7,9.875335e6,9.765902e6,1.000575e7,1.0388548e7,3.0606368e7,8.681587e6,8.703651e6,8.721012e6,8.801555e6,8.630358e6,8.690798e6,8.751841e6,8.76173e6,8.766269e6,8.820639e6,8.643211e6,8.802408e6,8.659336e6,8.667588e6,8.638029e6,8.590877e6,8.915258e6,8.947585e6,9.704988e6,9.758623e6,9.776311e6,9.766107e6,9.866145e6,9.899484e6,9.780009e6,9.722861e6,9.737602e6,9.951054e6,9.982894e6,9.950886e6,9.866311e6,9.748218e6,9.990918e6,9.894605e6,9.729528e6,1.0111086e7,1.0179236e7,3.1099514e7,8.65492e6,8.771469e6,8.704032e6,8.760909e6,8.778033e6,8.689885e6,8.705408e6,8.74336e6,8.814219e6,8.691728e6,8.675487e6,8.647423e6,8.671116e6,8.632805e6,8.63674e6,8.603871e6,8.6181e6,9.271859e6,1.0078516e7,1.002091e7,1.0037424e7,1.0236805e7,1.0089185e7,1.0041659e7,9.968727e6,9.770337e6,9.798389e6,9.712781e6,9.724542e6,9.863384e6,1.0024549e7,9.88303e6,9.836223e6,9.929966e6,9.768998e6,9.911323e6,1.006884e7,3.1650253e7,8.73169e6,9.085548e6,8.836663e6,8.658439e6,8.656065e6,8.657953e6,8.661235e6,8.656949e6,8.689748e6,8.677325e6,8.734961e6,8.647603e6,8.660734e6,8.635893e6,8.626706e6,8.759352e6,8.593181e6,8.61756e6,9.725147e6,9.733e6,9.886951e6,9.749445e6,9.849693e6,9.804196e6,9.634614e6,9.716073e6,9.771783e6,9.852281e6,9.668221e6,9.732111e6,1.0029527e7,9.733297e6,9.7616e6,9.854872e6,9.861598e6,9.772525e6,1.0066319e7,3.1762714e7,8.895505e6,8.953605e6,8.714008e6,8.738454e6,8.656248e6,8.680792e6,8.789847e6,8.637074e6,8.677943e6,8.70905e6,8.7127e6,8.639506e6,8.664014e6,8.612595e6,8.626395e6,8.625008e6,8.606628e6,8.64989e6,9.04128e6,9.732413e6,9.78618e6,9.808814e6,9.786227e6,9.828073e6,9.68021e6,9.770663e6,9.818298e6,9.708264e6,9.709706e6,9.887319e6,1.0297312e7,9.743441e6,9.769714e6,9.872934e6,9.880799e6,9.87689e6,1.0004739e7,1.0128794e7,3.085609e7,8.693652e6,8.719263e6,8.665691e6,8.6832e6,8.618887e6,8.826023e6,9.219623e6,9.268614e6,8.916639e6,8.929731e6,8.690448e6,8.954015e6,8.927974e6,8.982642e6,8.912048e6,8.806844e6,8.711543e6,9.097665e6,9.710429e6,9.822724e6,1.0008356e7,9.8382e6,9.868035e6,9.74694e6,9.701881e6,9.838216e6,9.769148e6,9.69666e6,9.778536e6,9.896648e6,9.95832e6,9.842534e6,9.946529e6,9.958925e6,9.867592e6,1.0101882e7,1.0081546e7,3.1489702e7,8.813156e6,8.691048e6,8.682545e6,8.662946e6,8.628713e6,8.670518e6,8.74003e6,8.65783e6,8.63535e6,8.706389e6,8.665527e6,8.673314e6,8.661069e6,8.648609e6,8.610564e6,8.671015e6,8.652241e6,8.711596e6,9.783579e6,9.749212e6,9.743449e6,9.758236e6,9.749648e6,9.817407e6,9.633367e6,9.678248e6,9.750512e6,9.916519e6,9.671952e6,9.806486e6,1.029007e7,9.735162e6,9.843205e6,1.0049979e7,9.816555e6,9.809327e6,1.0082351e7,3.1509594e7,8.757096e6,8.705628e6,8.696211e6,8.705667e6,8.64768e6,8.698429e6,8.681029e6,8.665397e6,8.655966e6,8.660963e6,8.929431e6,8.65324e6,8.720846e6,8.657836e6,8.628273e6,8.788794e6,8.65245e6,8.648688e6,9.370571e6,9.767079e6,9.768366e6,9.758084e6,9.893144e6,9.812693e6,9.648459e6,9.65681e6,9.834327e6,9.810243e6,9.711036e6,1.0617703e7,1.003789e7,9.797694e6,9.752731e6,1.0116731e7,1.0046636e7,1.0213712e7,1.0637666e7,1.0762775e7,3.1485537e7,9.049943e6,8.894263e6,8.714071e6,8.772275e6,8.942551e6,8.847741e6,8.686187e6,8.673094e6,8.664883e6,8.69959e6,8.621335e6,8.684901e6,8.641304e6,8.649086e6,8.614073e6,8.618865e6,8.616734e6,9.429685e6,9.802436e6,9.768958e6,9.754683e6,9.743261e6,9.79447e6,9.91468e6,9.68141e6,9.822191e6,9.732001e6,9.984283e6,9.742684e6,9.947457e6,9.810544e6,9.726675e6,9.875449e6,9.91257e6,1.0142327e7,9.96067e6,1.0223019e7,3.1056727e7,8.670978e6,8.912095e6,8.771976e6,8.66961e6,8.682589e6,8.66689e6,8.652109e6,8.721171e6,1.0583953e7,8.548378e6,8.724036e6,9.491694e6,8.685225e6,8.699156e6,8.67507e6,8.082193e6,7.957931e6,8.222201e6,9.188637e6,9.04149e6,9.195866e6,9.057583e6,9.088231e6,9.07031e6,9.055513e6,9.044822e6,9.203808e6,9.140377e6,9.038549e6,9.094569e6,9.269706e6,9.030481e6,9.130948e6,9.47348e6,9.060476e6,9.139856e6,9.330689e6,3.0141218e7,8.05802e6,8.058532e6,8.3281e6,8.005705e6,7.975257e6,8.227259e6,7.992063e6,7.981274e6,7.97666e6,8.011177e6,8.017273e6,7.973084e6,8.044138e6,7.971609e6,7.919706e6,7.979658e6,8.134145e6,7.984407e6,8.813846e6,9.198462e6,9.139765e6,9.035452e6,9.067588e6,9.259917e6,8.979789e6,8.943457e6,9.04661e6,8.9732e6,9.054781e6,8.998642e6,9.962221e6,9.793091e6,9.947291e6,9.558593e6,9.540284e6,9.380885e6,9.602857e6,3.1093179e7,8.18079e6,8.056801e6,8.134368e6,8.184029e6,8.045454e6,7.989668e6,7.980953e6,8.097468e6,7.998317e6,8.004684e6,8.025418e6,7.962782e6,8.02132e6,7.938756e6,7.982114e6,7.991969e6,8.198557e6,8.199496e6,8.492626e6,9.101747e6,9.410692e6,9.03938e6,9.34074e6,9.138986e6,9.024348e6,9.16213e6,9.374302e6,9.174749e6,9.31401e6,8.987402e6,9.271735e6,9.020022e6,9.097719e6,9.230353e6,9.186506e6,9.006849e6,9.270958e6,9.491656e6,2.9391088e7,8.008694e6,8.108983e6,7.986522e6,8.054969e6,7.964925e6,8.017983e6,8.055442e6,7.995071e6,