{"lengs":[10.0,21.544346900318832,46.4158883361278,100.0,215.44346900318845,464.15888336127773,1000.0],"benchmarks":[["Trial",{"allocs":11385,"gctimes":[0.0,0.0,0.0],"memory":52139552,"params":["Parameters",{"gctrial":true,"time_tolerance":0.05,"samples":10000,"evals":1,"gcsample":false,"seconds":5.0,"overhead":0.0,"memory_tolerance":0.01}],"times":[2.155067759e9,2.149855085e9,2.15630338e9]}],["Trial",{"allocs":16932,"gctimes":[0.0,0.0],"memory":86356848,"params":["Parameters",{"gctrial":true,"time_tolerance":0.05,"samples":10000,"evals":1,"gcsample":false,"seconds":5.0,"overhead":0.0,"memory_tolerance":0.01}],"times":[4.017746177e9,4.005722365e9]}],["Trial",{"allocs":66450,"gctimes":[0.0],"memory":320157504,"params":["Parameters",{"gctrial":true,"time_tolerance":0.05,"samples":10000,"evals":1,"gcsample":false,"seconds":5.0,"overhead":0.0,"memory_tolerance":0.01}],"times":[1.6665010301e10]}],["Trial",{"allocs":90583,"gctimes":[1.8283077e7],"memory":491132864,"params":["Parameters",{"gctrial":true,"time_tolerance":0.05,"samples":10000,"evals":1,"gcsample":false,"seconds":5.0,"overhead":0.0,"memory_tolerance":0.01}],"times":[2.6357077296e10]}],["Trial",{"allocs":121147,"gctimes":[9.366019e6],"memory":724188928,"params":["Parameters",{"gctrial":true,"time_tolerance":0.05,"samples":10000,"evals":1,"gcsample":false,"seconds":5.0,"overhead":0.0,"memory_tolerance":0.01}],"times":[4.1412433943e10]}],["Trial",{"allocs":193347,"gctimes":[3.0272019e7],"memory":1213528704,"params":["Parameters",{"gctrial":true,"time_tolerance":0.05,"samples":10000,"evals":1,"gcsample":false,"seconds":5.0,"overhead":0.0,"memory_tolerance":0.01}],"times":[7.1035172883e10]}],["Trial",{"allocs":219977,"gctimes":[6.0780527e7],"memory":1410631552,"params":["Parameters",{"gctrial":true,"time_tolerance":0.05,"samples":10000,"evals":1,"gcsample":false,"seconds":5.0,"overhead":0.0,"memory_tolerance":0.01}],"times":[8.1668787077e10]}]],"medians":[2155.067759,4011.734271,16665.010301,26357.077296,41412.433943,71035.172883,81668.787077]}