{"lengs":[10.0,21.544346900318832,46.4158883361278,100.0,215.44346900318845,464.15888336127773,1000.0],"benchmarks":[["Trial",{"allocs":37719,"gctimes":[0.0,0.0,0.0,0.0,0.0,0.0,0.0,0.0,0.0,0.0,0.0,0.0,0.0,0.0,0.0,0.0,0.0,0.0,0.0,0.0,0.0,0.0,0.0,0.0,0.0,0.0,0.0,0.0,0.0,0.0,0.0,0.0,0.0,0.0,0.0,0.0,0.0,0.0,0.0,0.0,2.2886112e7,0.0,0.0,0.0,0.0,0.0,0.0,0.0,0.0,0.0,0.0,0.0,0.0,0.0,0.0,0.0,0.0,0.0],"memory":15842096,"params":["Parameters",{"gctrial":true,"time_tolerance":0.05,"samples":10000,"evals":1,"gcsample":false,"seconds":5.0,"overhead":0.0,"memory_tolerance":0.01}],"times":[1.02274005e8,8.9356199e7,8.9193438e7,8.88871e7,8.8893963e7,8.9042962e7,8.9610814e7,8.5190449e7,8.4584696e7,8.4732973e7,8.4834531e7,8.5034184e7,8.4743187e7,8.483961e7,8.4917679e7,8.4855888e7,8.4961825e7,8.494734e7,8.833241e7,8.6181631e7,8.5034474e7,8.5165325e7,8.481759e7,8.524302e7,8.521167e7,8.5854891e7,8.5432389e7,8.5464625e7,8.5184938e7,8.5172644e7,8.8152325e7,8.5749778e7,8.5121487e7,8.5387979e7,8.5271509e7,8.5067147e7,8.5236619e7,8.4488753e7,8.5445754e7,8.5133256e7,1.29286442e8,8.5283801e7,8.8749338e7,8.5504339e7,8.4825944e7,8.4823513e7,8.4712217e7,8.4563483e7,8.46535e7,8.6463859e7,8.4956909e7,8.496911e7,8.4679379e7,8.464272e7,8.6686635e7,8.5758052e7,8.476374e7,8.4522802e7]}],["Trial",{"allocs":43026,"gctimes":[0.0,0.0,0.0,0.0,0.0,0.0,0.0,0.0,0.0,0.0,0.0,0.0,0.0,0.0,0.0,0.0,0.0,0.0,0.0,0.0,0.0,0.0,0.0,0.0,0.0,0.0,0.0,0.0,0.0,0.0,0.0,0.0,0.0,0.0,0.0,2.2357695e7,0.0,0.0,0.0,0.0,0.0,0.0,0.0,0.0],"memory":18231472,"params":["Parameters",{"gctrial":true,"time_tolerance":0.05,"samples":10000,"evals":1,"gcsample":false,"seconds":5.0,"overhead":0.0,"memory_tolerance":0.01}],"times":[1.28570282e8,1.16454415e8,1.15978503e8,1.15581884e8,1.17748742e8,1.11885309e8,1.110429e8,1.10583052e8,1.10777209e8,1.10499222e8,1.10865057e8,1.10895926e8,1.10410567e8,1.10606089e8,1.18420702e8,1.1633711e8,1.16851551e8,1.16187281e8,1.16364322e8,1.16326003e8,1.16352605e8,1.16817849e8,1.17056737e8,1.14626858e8,1.11225418e8,1.11111935e8,1.11862946e8,1.1096825e8,1.11487117e8,1.12017204e8,1.1531163e8,1.11428303e8,1.16209304e8,1.12049192e8,1.11981515e8,1.5389972e8,1.09547164e8,1.10522863e8,1.09903437e8,1.10614207e8,1.10483189e8,1.14680945e8,1.09645772e8,1.10312175e8]}],["Trial",{"allocs":105922,"gctimes":[0.0,0.0,0.0,0.0,0.0,0.0,0.0,0.0,0.0,0.0,0.0,0.0,0.0,2.3358817e7,0.0,0.0],"memory":46510656,"params":["Parameters",{"gctrial":true,"time_tolerance":0.05,"samples":10000,"evals":1,"gcsample":false,"seconds":5.0,"overhead":0.0,"memory_tolerance":0.01}],"times":[3.44406281e8,3.31060654e8,3.24959893e8,3.15116555e8,3.14424649e8,3.20078336e8,3.18272269e8,3.31538354e8,3.30105415e8,3.16391506e8,3.27274596e8,3.34860431e8,3.31741384e8,3.75412891e8,3.3412036e8,3.31367664e8]}],["Trial",{"allocs":100723,"gctimes":[0.0,0.0,0.0,0.0,0.0,0.0,0.0,0.0,0.0,0.0,0.0,0.0,0.0,0.0,2.2041e7,0.0],"memory":44896112,"params":["Parameters",{"gctrial":true,"time_tolerance":0.05,"samples":10000,"evals":1,"gcsample":false,"seconds":5.0,"overhead":0.0,"memory_tolerance":0.01}],"times":[3.2068009e8,3.15820877e8,3.23002058e8,3.20485265e8,3.20610065e8,3.22116623e8,3.10246912e8,3.06265728e8,3.0863915e8,3.10967715e8,3.20347665e8,3.20888742e8,3.10304099e8,3.04991391e8,3.48371847e8,3.09696975e8]}],["Trial",{"allocs":115655,"gctimes":[0.0,0.0,0.0,0.0,0.0,0.0,0.0,0.0,0.0,0.0,0.0,0.0,4.31563e7,0.0],"memory":52384576,"params":["Parameters",{"gctrial":true,"time_tolerance":0.05,"samples":10000,"evals":1,"gcsample":false,"seconds":5.0,"overhead":0.0,"memory_tolerance":0.01}],"times":[3.82857688e8,3.73943402e8,3.80941258e8,3.76199096e8,3.75162837e8,3.73192967e8,3.72714744e8,3.70223404e8,3.56793306e8,3.54422232e8,3.63541076e8,3.72504161e8,4.36434703e8,3.7418091e8]}],["Trial",{"allocs":146519,"gctimes":[0.0,0.0,0.0,0.0,0.0,0.0,0.0,0.0,0.0,2.2369912e7,0.0],"memory":66485936,"params":["Parameters",{"gctrial":true,"time_tolerance":0.05,"samples":10000,"evals":1,"gcsample":false,"seconds":5.0,"overhead":0.0,"memory_tolerance":0.01}],"times":[5.16337949e8,5.04786131e8,4.85384306e8,5.02306863e8,4.8036863e8,4.97979606e8,5.04390927e8,4.92976997e8,4.79988667e8,5.34562711e8,4.94712676e8]}],["Trial",{"allocs":615070,"gctimes":[0.0,0.0,2.3425097e7],"memory":291599168,"params":["Parameters",{"gctrial":true,"time_tolerance":0.05,"samples":10000,"evals":1,"gcsample":false,"seconds":5.0,"overhead":0.0,"memory_tolerance":0.01}],"times":[2.125055054e9,2.112780355e9,2.154311888e9]}]],"medians":[85.178791,111.933412,330.5830345,318.084271,373.5681845,497.979606,2125.055054]}