{"lengs":[10.0,21.544346900318832,46.4158883361278,100.0,215.44346900318845,464.15888336127773,1000.0],"benchmarks":[["Trial",{"allocs":19408,"gctimes":[0.0,0.0,0.0,0.0,0.0,0.0,0.0,0.0,0.0,0.0,0.0,0.0,0.0,0.0,0.0,0.0,0.0,0.0,0.0,0.0,0.0,0.0,0.0,0.0,0.0,0.0,0.0,0.0,0.0,0.0,0.0,0.0,0.0,0.0,0.0,0.0,0.0,0.0,0.0,0.0,0.0,0.0,0.0,0.0,8.985729e6,0.0,0.0,0.0,0.0,0.0,0.0,0.0,0.0,0.0,0.0,0.0,0.0,0.0,0.0,0.0,0.0,0.0,0.0,0.0,0.0,0.0],"memory":5853880,"params":["Parameters",{"gctrial":true,"time_tolerance":0.05,"samples":10000,"evals":1,"gcsample":false,"seconds":5.0,"overhead":0.0,"memory_tolerance":0.01}],"times":[7.6134164e7,7.4735308e7,7.6326305e7,7.6914513e7,7.4632962e7,7.6503722e7,7.8929192e7,7.6446593e7,7.4564496e7,7.4892712e7,7.8870839e7,7.6662751e7,7.7128688e7,7.6289774e7,7.6649563e7,7.5228122e7,7.5721732e7,7.4717587e7,8.1479325e7,7.7602285e7,7.983653e7,7.9166255e7,8.0582843e7,7.9327031e7,7.8702575e7,8.0310907e7,7.9485944e7,7.9275975e7,7.9005329e7,7.9377309e7,8.011041e7,8.0724566e7,7.9376035e7,7.6333904e7,7.5993291e7,7.4725261e7,7.5982113e7,7.5611353e7,7.6160476e7,7.5838844e7,7.6742582e7,7.7292218e7,7.6657122e7,7.6332335e7,8.4341547e7,7.4721017e7,7.892965e7,7.8409358e7,7.5077004e7,7.4658718e7,7.4168771e7,7.5983198e7,7.4053051e7,7.420475e7,7.5027011e7,7.4705434e7,7.5154609e7,7.5574998e7,7.4831429e7,7.6493704e7,7.7377629e7,7.5218873e7,7.4756948e7,7.5328609e7,7.4868783e7,7.4759919e7]}],["Trial",{"allocs":23846,"gctimes":[0.0,0.0,0.0,0.0,0.0,0.0,0.0,0.0,0.0,0.0,0.0,0.0,0.0,0.0,0.0,0.0,0.0,0.0,0.0,0.0,0.0,0.0,0.0,0.0,0.0,0.0,0.0,0.0,0.0,0.0,0.0,0.0,0.0,0.0,0.0,0.0,0.0,0.0,0.0,0.0,0.0,1.3336123e7,0.0,0.0,0.0,0.0,0.0,0.0,0.0,0.0,0.0,0.0,0.0,0.0,0.0,0.0,0.0,0.0,0.0,0.0],"memory":6267960,"params":["Parameters",{"gctrial":true,"time_tolerance":0.05,"samples":10000,"evals":1,"gcsample":false,"seconds":5.0,"overhead":0.0,"memory_tolerance":0.01}],"times":[8.4964769e7,8.2476273e7,8.3228848e7,8.5428461e7,8.0967616e7,8.3864464e7,8.3073652e7,8.2617723e7,8.3780612e7,8.2895811e7,8.1330043e7,8.8273839e7,8.4678337e7,8.2479412e7,8.3882407e7,8.3069761e7,8.4177767e7,8.5913196e7,8.6446867e7,8.6137939e7,8.5893733e7,8.7050822e7,8.9327298e7,8.6214029e7,9.0335094e7,8.7401281e7,8.7975357e7,8.7542743e7,8.6666304e7,8.2996463e7,8.3699459e7,8.1839996e7,8.3519354e7,8.442545e7,8.3751549e7,8.5080567e7,8.5307834e7,8.4560814e7,8.2205809e7,8.370345e7,8.2718086e7,9.500086e7,8.171608e7,8.2473717e7,8.4677988e7,8.1986673e7,8.204986e7,8.3842428e7,8.3035616e7,8.609842e7,7.9979148e7,8.1480057e7,8.3461164e7,8.275809e7,8.2872108e7,8.2629826e7,8.4087402e7,8.1071734e7,8.2203047e7,8.2613616e7]}],["Trial",{"allocs":37532,"gctimes":[0.0,0.0,0.0,0.0,0.0,0.0,0.0,0.0,0.0,0.0,0.0,0.0,0.0,0.0,0.0,0.0,0.0,0.0,0.0,0.0,0.0,0.0,0.0,0.0,0.0,0.0,0.0,0.0,0.0,0.0,0.0,0.0,0.0,0.0,1.165285e7,0.0,0.0,0.0,0.0,0.0,0.0,0.0,0.0,0.0,0.0,0.0,0.0,0.0,0.0],"memory":7468440,"params":["Parameters",{"gctrial":true,"time_tolerance":0.05,"samples":10000,"evals":1,"gcsample":false,"seconds":5.0,"overhead":0.0,"memory_tolerance":0.01}],"times":[1.02748202e8,1.01871064e8,1.01162312e8,1.07435893e8,1.01857726e8,1.01345289e8,1.01279773e8,1.00072284e8,1.02583381e8,1.02138129e8,1.02723646e8,1.03860825e8,1.01447636e8,1.08040433e8,1.02274415e8,1.03508988e8,1.01805294e8,1.02323229e8,1.01136202e8,1.03829997e8,1.02142707e8,1.02904286e8,1.0112056e8,1.04681524e8,1.02685089e8,1.03054611e8,1.03225271e8,1.01117702e8,1.02538019e8,1.0302683e8,1.01639377e8,1.03333171e8,1.01750188e8,1.06817365e8,1.13406101e8,1.00847312e8,1.02138002e8,1.02156987e8,1.06912375e8,1.04809068e8,1.00286979e8,9.9872279e7,1.02051616e8,1.04585359e8,1.01810962e8,1.00636496e8,9.8558531e7,1.01215138e8,1.01515815e8]}],["Trial",{"allocs":41148,"gctimes":[0.0,0.0,0.0,0.0,0.0,0.0,0.0,0.0,0.0,0.0,0.0,0.0,0.0,0.0,0.0,0.0,0.0,0.0,0.0,0.0,0.0,0.0,0.0,0.0,0.0,0.0,0.0,0.0,0.0,0.0,0.0,0.0,1.1803555e7,0.0,0.0,0.0,0.0,0.0,0.0,0.0,0.0,0.0,0.0,0.0],"memory":8101112,"params":["Parameters",{"gctrial":true,"time_tolerance":0.05,"samples":10000,"evals":1,"gcsample":false,"seconds":5.0,"overhead":0.0,"memory_tolerance":0.01}],"times":[1.15249558e8,1.12578029e8,1.14627566e8,1.17112191e8,1.15874619e8,1.11213664e8,1.13906235e8,1.17703684e8,1.11163429e8,1.17282664e8,1.17288331e8,1.13009864e8,1.14678416e8,1.1269962e8,1.15877916e8,1.13599679e8,1.12103263e8,1.13664774e8,1.16392401e8,1.15363623e8,1.14531081e8,1.13414321e8,1.12881026e8,1.1278133e8,1.1443472e8,1.14277147e8,1.12998059e8,1.156259e8,1.15935724e8,1.13453248e8,1.14237751e8,1.13247248e8,1.24956864e8,1.12313715e8,1.09781288e8,1.16563705e8,1.16048317e8,1.1385205e8,1.14686627e8,1.1475396e8,1.11319939e8,1.1378768e8,1.11303063e8,1.11177004e8]}],["Trial",{"allocs":43360,"gctimes":[0.0,0.0,0.0,0.0,0.0,0.0,0.0,0.0,0.0,0.0,0.0,0.0,0.0,0.0,0.0,0.0,0.0,0.0,0.0,0.0,0.0,0.0,0.0,0.0,0.0,0.0,0.0,0.0,0.0,0.0,1.2621487e7,0.0,0.0,0.0,0.0,0.0,0.0,0.0,0.0,0.0,0.0],"memory":8554552,"params":["Parameters",{"gctrial":true,"time_tolerance":0.05,"samples":10000,"evals":1,"gcsample":false,"seconds":5.0,"overhead":0.0,"memory_tolerance":0.01}],"times":[1.21879763e8,1.25945031e8,1.24939653e8,1.21821349e8,1.22412548e8,1.23680545e8,1.18517957e8,1.2372435e8,1.21337902e8,1.24279844e8,1.26174601e8,1.19912145e8,1.27058486e8,1.21298452e8,1.20333276e8,1.22644262e8,1.22206158e8,1.22642578e8,1.26832579e8,1.28875772e8,1.28967798e8,1.24287358e8,1.21564932e8,1.22983098e8,1.21734339e8,1.22970245e8,1.24460467e8,1.23529271e8,1.24445387e8,1.24147912e8,1.3512151e8,1.20526187e8,1.23697017e8,1.20620902e8,1.21030279e8,1.20490181e8,1.23314018e8,1.23896893e8,1.25739808e8,1.1746083e8,1.20766544e8]}],["Trial",{"allocs":44908,"gctimes":[0.0,0.0,0.0,0.0,0.0,0.0,0.0,0.0,0.0,0.0,0.0,0.0,0.0,0.0,0.0,0.0,0.0,0.0,0.0,0.0,0.0,0.0,0.0,0.0,0.0,0.0,0.0,0.0,0.0,1.1723325e7,0.0,0.0,0.0,0.0,0.0,0.0,0.0,0.0,0.0,0.0],"memory":8886040,"params":["Parameters",{"gctrial":true,"time_tolerance":0.05,"samples":10000,"evals":1,"gcsample":false,"seconds":5.0,"overhead":0.0,"memory_tolerance":0.01}],"times":[1.28356965e8,1.28375165e8,1.26132278e8,1.25204942e8,1.25002989e8,1.3273564e8,1.2821274e8,1.2841844e8,1.31862944e8,1.25615774e8,1.26282975e8,1.26039908e8,1.28563413e8,1.31289126e8,1.2761765e8,1.26640969e8,1.27099461e8,1.28333802e8,1.27014369e8,1.36086758e8,1.25046699e8,1.30978855e8,1.26043203e8,1.24138426e8,1.28847628e8,1.27839411e8,1.27639371e8,1.26908775e8,1.27349071e8,1.41508122e8,1.26759354e8,1.27165746e8,1.27815218e8,1.25496385e8,1.26530109e8,1.25153934e8,1.25571662e8,1.25312629e8,1.30226636e8,1.26054437e8]}],["Trial",{"allocs":45681,"gctimes":[0.0,0.0,0.0,0.0,0.0,0.0,0.0,0.0,0.0,0.0,0.0,0.0,0.0,0.0,0.0,0.0,0.0,0.0,0.0,0.0,0.0,0.0,0.0,0.0,0.0,0.0,0.0,0.0,1.3189427e7,0.0,0.0,0.0,0.0,0.0,0.0,0.0,0.0],"memory":9086984,"params":["Parameters",{"gctrial":true,"time_tolerance":0.05,"samples":10000,"evals":1,"gcsample":false,"seconds":5.0,"overhead":0.0,"memory_tolerance":0.01}],"times":[1.3056331e8,1.32013436e8,1.31709434e8,1.3107273e8,1.37107835e8,1.31979846e8,1.32654576e8,1.31236538e8,1.32581801e8,1.32569579e8,1.32527207e8,1.30731139e8,1.3288272e8,1.30912089e8,1.3276227e8,1.33221921e8,1.3304269e8,1.29886577e8,1.35595972e8,1.36272804e8,1.41865753e8,1.34617361e8,1.39875251e8,1.38745019e8,1.39790498e8,1.43394146e8,1.3911934e8,1.39478895e8,1.55127668e8,1.39019438e8,1.39068033e8,1.37445867e8,1.37288234e8,1.40615513e8,1.38365674e8,1.38365399e8,1.32577761e8]}]],"medians":[76.32932,83.7274995,102.142707,114.071993,122.983098,127.1326035,134.617361]}