{"lengs":[10.0,21.544346900318832,46.4158883361278,100.0,215.44346900318845,464.15888336127773,1000.0],"benchmarks":[["Trial",{"allocs":42733,"gctimes":[0.0,0.0,1.2726518e7,0.0,0.0,1.7938981e7,0.0,0.0],"memory":97508064,"params":["Parameters",{"gctrial":true,"time_tolerance":0.05,"samples":10000,"evals":1,"gcsample":false,"seconds":5.0,"overhead":0.0,"memory_tolerance":0.01}],"times":[6.60755881e8,6.87071742e8,6.86262503e8,6.75970841e8,6.84504606e8,7.00753803e8,6.68596307e8,6.9522426e8]}],["Trial",{"allocs":47621,"gctimes":[0.0,0.0,1.3098713e7,0.0,1.8216563e7,0.0,0.0],"memory":108613600,"params":["Parameters",{"gctrial":true,"time_tolerance":0.05,"samples":10000,"evals":1,"gcsample":false,"seconds":5.0,"overhead":0.0,"memory_tolerance":0.01}],"times":[8.32978602e8,8.24224333e8,8.34680434e8,8.19879501e8,8.41823734e8,8.16543559e8,8.31724215e8]}],["Trial",{"allocs":56480,"gctimes":[0.0,1.4598018e7,0.0,2.3387027e7,0.0],"memory":129473824,"params":["Parameters",{"gctrial":true,"time_tolerance":0.05,"samples":10000,"evals":1,"gcsample":false,"seconds":5.0,"overhead":0.0,"memory_tolerance":0.01}],"times":[1.000285755e9,1.005900583e9,9.96333301e8,1.03120747e9,9.90430173e8]}],["Trial",{"allocs":59512,"gctimes":[0.0,1.4966767e7,0.0,2.2781776e7,0.0],"memory":136362528,"params":["Parameters",{"gctrial":true,"time_tolerance":0.05,"samples":10000,"evals":1,"gcsample":false,"seconds":5.0,"overhead":0.0,"memory_tolerance":0.01}],"times":[1.069570089e9,1.132585078e9,1.069773039e9,1.111263627e9,1.069083364e9]}],["Trial",{"allocs":60568,"gctimes":[0.0,1.5530174e7,0.0,2.287115e7,0.0],"memory":138761760,"params":["Parameters",{"gctrial":true,"time_tolerance":0.05,"samples":10000,"evals":1,"gcsample":false,"seconds":5.0,"overhead":0.0,"memory_tolerance":0.01}],"times":[1.132548235e9,1.164087404e9,1.110915484e9,1.197147278e9,1.151809099e9]}],["Trial",{"allocs":60676,"gctimes":[0.0,1.4318869e7,0.0,2.2007394e7,0.0],"memory":139007136,"params":["Parameters",{"gctrial":true,"time_tolerance":0.05,"samples":10000,"evals":1,"gcsample":false,"seconds":5.0,"overhead":0.0,"memory_tolerance":0.01}],"times":[1.103963005e9,1.113379979e9,1.098603756e9,1.190541313e9,1.104749493e9]}],["Trial",{"allocs":60692,"gctimes":[0.0,1.4144364e7,0.0,2.1827924e7,0.0],"memory":139043488,"params":["Parameters",{"gctrial":true,"time_tolerance":0.05,"samples":10000,"evals":1,"gcsample":false,"seconds":5.0,"overhead":0.0,"memory_tolerance":0.01}],"times":[1.127339812e9,1.152517027e9,1.193949401e9,1.190133365e9,1.118216496e9]}]],"medians":[685.3835545,831.724215,1000.285755,1069.773039,1151.809099,1104.749493,1152.517027]}