{"lengs":[10.0,21.544346900318832,46.4158883361278,100.0,215.44346900318845,464.15888336127773,1000.0],"benchmarks":[["Trial",{"allocs":67768,"gctimes":[0.0,0.0,0.0,0.0,0.0,0.0,0.0,0.0,0.0,0.0,0.0,9.377193e6,0.0,0.0],"memory":22439464,"params":["Parameters",{"gctrial":true,"time_tolerance":0.05,"samples":10000,"evals":1,"gcsample":false,"seconds":5.0,"overhead":0.0,"memory_tolerance":0.01}],"times":[3.69140967e8,3.88063203e8,3.81474789e8,3.71929601e8,3.73013239e8,3.82567685e8,3.8301614e8,3.87029183e8,3.89904213e8,3.88889701e8,3.88209974e8,4.06567714e8,3.83474309e8,3.75706842e8]}],["Trial",{"allocs":93232,"gctimes":[0.0,0.0,0.0,0.0,0.0,0.0,0.0,0.0,0.0,1.0920356e7,0.0],"memory":28213416,"params":["Parameters",{"gctrial":true,"time_tolerance":0.05,"samples":10000,"evals":1,"gcsample":false,"seconds":5.0,"overhead":0.0,"memory_tolerance":0.01}],"times":[4.60067238e8,4.71942296e8,4.75651182e8,4.73182527e8,5.05163401e8,4.79161409e8,4.77949992e8,4.74951958e8,4.75214687e8,4.80562536e8,4.73633994e8]}],["Trial",{"allocs":153855,"gctimes":[0.0,0.0,0.0,0.0,0.0,0.0,1.0127356e7],"memory":41074872,"params":["Parameters",{"gctrial":true,"time_tolerance":0.05,"samples":10000,"evals":1,"gcsample":false,"seconds":5.0,"overhead":0.0,"memory_tolerance":0.01}],"times":[7.26274421e8,7.20809582e8,7.41408862e8,7.0296821e8,6.91031085e8,7.15485436e8,7.12293942e8]}],["Trial",{"allocs":223653,"gctimes":[0.0,0.0,0.0,0.0,1.0709853e7,0.0],"memory":54012728,"params":["Parameters",{"gctrial":true,"time_tolerance":0.05,"samples":10000,"evals":1,"gcsample":false,"seconds":5.0,"overhead":0.0,"memory_tolerance":0.01}],"times":[8.9623533e8,9.10494463e8,9.23279296e8,9.1795019e8,9.37094625e8,9.40485122e8]}],["Trial",{"allocs":291559,"gctimes":[0.0,0.0,0.0,1.426231e7,0.0],"memory":66240760,"params":["Parameters",{"gctrial":true,"time_tolerance":0.05,"samples":10000,"evals":1,"gcsample":false,"seconds":5.0,"overhead":0.0,"memory_tolerance":0.01}],"times":[1.124270339e9,1.138543971e9,1.15726833e9,1.172722132e9,1.166570881e9]}],["Trial",{"allocs":323177,"gctimes":[0.0,0.0,0.0,1.2432206e7,0.0],"memory":72279800,"params":["Parameters",{"gctrial":true,"time_tolerance":0.05,"samples":10000,"evals":1,"gcsample":false,"seconds":5.0,"overhead":0.0,"memory_tolerance":0.01}],"times":[1.224632501e9,1.252609918e9,1.240211965e9,1.239557022e9,1.214852562e9]}],["Trial",{"allocs":324458,"gctimes":[0.0,0.0,0.0,1.5646292e7],"memory":72590088,"params":["Parameters",{"gctrial":true,"time_tolerance":0.05,"samples":10000,"evals":1,"gcsample":false,"seconds":5.0,"overhead":0.0,"memory_tolerance":0.01}],"times":[1.243564646e9,1.262882328e9,1.224418538e9,1.315593681e9]}]],"medians":[383.2452245,475.214687,715.485436,920.614743,1157.26833,1239.557022,1253.223487]}