{"lengs":[10.0,21.544346900318832,46.4158883361278,100.0,215.44346900318845,464.15888336127773,1000.0],"benchmarks":[["Trial",{"allocs":1714949,"gctimes":[0.0,0.0,2.3563223e7,0.0,2.6354746e7,0.0,2.405238e7,0.0,2.3678202e7],"memory":122260360,"params":["Parameters",{"gctrial":true,"time_tolerance":0.05,"samples":10000,"evals":1,"gcsample":false,"seconds":5.0,"overhead":0.0,"memory_tolerance":0.01}],"times":[5.49305226e8,5.33795471e8,5.73908595e8,5.85760036e8,6.98225757e8,6.26166983e8,5.75212086e8,5.70849173e8,5.64106573e8]}],["Trial",{"allocs":2191274,"gctimes":[0.0,2.36923e7,0.0,2.2937644e7,0.0,2.3028485e7,2.3219621e7,0.0],"memory":155757160,"params":["Parameters",{"gctrial":true,"time_tolerance":0.05,"samples":10000,"evals":1,"gcsample":false,"seconds":5.0,"overhead":0.0,"memory_tolerance":0.01}],"times":[7.09891749e8,7.31743102e8,6.93498097e8,6.82319374e8,6.82519972e8,7.08443671e8,6.9955728e8,7.93755902e8]}],["Trial",{"allocs":2921639,"gctimes":[0.0,2.3631385e7,2.3520008e7,2.3014453e7,0.0,2.300525e7],"memory":207118920,"params":["Parameters",{"gctrial":true,"time_tolerance":0.05,"samples":10000,"evals":1,"gcsample":false,"seconds":5.0,"overhead":0.0,"memory_tolerance":0.01}],"times":[9.53977049e8,9.31181358e8,9.38339352e8,9.6080815e8,9.05382759e8,9.04539384e8]}],["Trial",{"allocs":3162977,"gctimes":[0.0,2.3733086e7,3.3306303e7,2.3068321e7,2.3090488e7],"memory":224090632,"params":["Parameters",{"gctrial":true,"time_tolerance":0.05,"samples":10000,"evals":1,"gcsample":false,"seconds":5.0,"overhead":0.0,"memory_tolerance":0.01}],"times":[1.032095034e9,1.056924097e9,1.029737715e9,9.86072546e8,9.87172513e8]}],["Trial",{"allocs":3296348,"gctimes":[0.0,2.3953906e7,2.4038034e7,2.4121714e7,2.4135757e7],"memory":233469736,"params":["Parameters",{"gctrial":true,"time_tolerance":0.05,"samples":10000,"evals":1,"gcsample":false,"seconds":5.0,"overhead":0.0,"memory_tolerance":0.01}],"times":[1.118349218e9,1.10333971e9,1.098199378e9,1.104691957e9,1.091607555e9]}],["Trial",{"allocs":3353507,"gctimes":[0.0,2.3888012e7,2.4013995e7,2.805104e7,2.4007928e7],"memory":237489352,"params":["Parameters",{"gctrial":true,"time_tolerance":0.05,"samples":10000,"evals":1,"gcsample":false,"seconds":5.0,"overhead":0.0,"memory_tolerance":0.01}],"times":[1.121100504e9,1.118601006e9,1.127077464e9,1.116579516e9,1.102165853e9]}],["Trial",{"allocs":3366209,"gctimes":[0.0,2.3715818e7,2.3707647e7,2.296276e7,2.4624886e7],"memory":238382600,"params":["Parameters",{"gctrial":true,"time_tolerance":0.05,"samples":10000,"evals":1,"gcsample":false,"seconds":5.0,"overhead":0.0,"memory_tolerance":0.01}],"times":[1.049847175e9,1.048884545e9,1.103687005e9,1.05316982e9,1.064021076e9]}]],"medians":[573.908595,704.0004755,934.760355,1029.737715,1103.33971,1118.601006,1053.16982]}