{"lengs":[1.9998618696327441],"benchmarks":[["Trial",{"allocs":35396,"gctimes":[0.0,0.0,0.0,0.0,0.0,0.0,0.0,0.0,0.0,0.0,0.0,0.0,0.0,0.0,0.0,0.0,0.0,0.0,0.0,0.0,0.0,0.0,0.0,0.0,0.0,0.0,0.0,0.0,0.0,0.0,0.0,0.0,0.0,0.0,0.0,0.0,0.0,0.0,0.0,0.0,0.0,0.0,0.0,0.0,0.0,0.0,0.0,0.0,0.0,0.0,0.0,0.0,0.0,0.0,0.0,0.0,1.7914357e7,0.0,0.0,0.0,0.0,0.0,0.0,0.0,0.0,0.0,0.0,0.0,0.0,0.0,0.0,0.0,0.0,0.0,0.0,0.0,0.0,0.0,0.0,0.0,0.0,0.0,0.0,0.0,0.0,0.0,0.0,0.0,0.0,0.0,0.0,0.0,0.0,0.0,0.0,0.0,0.0,0.0,0.0,0.0,0.0,0.0,0.0,0.0,0.0,0.0,0.0,0.0,0.0,0.0,0.0,0.0,0.0,1.8009779e7,0.0,0.0,0.0,0.0,0.0,0.0,0.0,0.0,0.0,0.0,0.0,0.0,0.0,0.0,0.0,0.0,0.0,0.0,0.0,0.0,0.0,0.0,0.0,0.0,0.0,0.0,0.0,0.0,0.0,0.0,0.0,0.0,0.0,0.0,0.0,0.0,0.0,0.0,0.0,0.0,0.0,0.0,0.0,0.0,0.0,0.0,0.0,0.0,0.0,0.0,0.0,0.0,0.0,0.0,0.0,0.0,0.0,1.8111898e7,0.0,0.0,0.0,0.0,0.0,0.0,0.0,0.0,0.0,0.0,0.0,0.0,0.0,0.0,0.0,0.0,0.0,0.0,0.0,0.0,0.0,0.0,0.0,0.0,0.0,0.0,0.0,0.0,0.0,0.0,0.0,0.0,0.0,0.0,0.0,0.0,0.0,0.0,0.0,0.0,0.0,0.0,0.0,0.0,0.0,0.0,0.0,0.0,0.0,0.0,0.0,0.0,0.0,0.0,0.0,0.0,1.7983054e7,0.0,0.0,0.0,0.0,0.0,0.0,0.0,0.0,0.0,0.0,0.0,0.0,0.0,0.0,0.0,0.0,0.0,0.0,0.0,0.0,0.0,0.0,0.0,0.0,0.0,0.0,0.0,0.0,0.0,0.0,0.0,0.0,0.0,0.0,0.0,0.0,0.0,0.0,0.0,0.0,0.0,0.0,0.0,0.0,0.0,0.0,0.0,0.0,0.0,0.0,0.0,0.0,0.0,0.0,0.0,0.0,1.8008288e7,0.0,0.0,0.0,0.0,0.0,0.0,0.0,0.0,0.0,0.0,0.0,0.0,0.0,0.0,0.0,0.0,0.0,0.0,0.0,0.0,0.0,0.0,0.0,0.0,0.0,0.0,0.0,0.0,0.0,0.0,0.0,0.0,0.0,0.0,0.0,0.0,0.0,0.0,0.0,0.0,0.0,0.0,0.0,0.0,0.0,0.0,0.0,0.0,0.0,0.0,0.0,0.0,0.0,0.0,0.0,0.0,0.0,1.9067409e7,0.0,0.0,0.0,0.0,0.0,0.0,0.0,0.0,0.0,0.0,0.0,0.0,0.0,0.0,0.0,0.0,0.0,0.0,0.0,0.0,0.0,0.0,0.0,0.0,0.0,0.0,0.0,0.0,0.0,0.0,0.0,0.0,0.0,0.0,0.0,0.0,0.0,0.0,0.0,0.0,0.0,0.0,0.0,0.0,0.0,0.0,0.0,0.0,0.0,0.0,0.0,0.0,0.0,0.0,0.0,0.0,1.7955966e7,0.0,0.0,0.0,0.0,0.0,0.0,0.0,0.0,0.0,0.0,0.0,0.0,0.0,0.0,0.0,0.0,0.0,0.0,0.0,0.0,0.0,0.0,0.0,0.0,0.0,0.0,0.0,0.0,0.0,0.0,0.0,0.0,0.0,0.0,0.0,0.0,0.0,0.0,0.0,0.0,0.0,0.0,0.0,0.0,0.0,0.0,0.0,0.0,0.0,0.0,0.0,0.0,0.0,0.0,0.0,0.0,1.7976515e7,0.0,0.0,0.0,0.0,0.0,0.0,0.0,0.0,0.0,0.0,0.0,0.0,0.0,0.0,0.0,0.0,0.0,0.0,0.0,0.0,0.0,0.0,0.0,0.0,0.0,0.0,0.0,0.0,0.0,0.0,0.0,0.0,0.0,0.0,0.0,0.0,0.0,0.0,0.0,0.0,0.0,0.0,0.0,0.0,0.0,0.0,0.0,0.0,0.0,0.0,0.0,0.0,0.0,0.0,0.0,0.0,0.0,1.8096729e7,0.0,0.0,0.0,0.0,0.0,0.0,0.0,0.0,0.0,0.0,0.0,0.0,0.0,0.0,0.0,0.0,0.0,0.0,0.0,0.0,0.0,0.0,0.0,0.0,0.0,0.0,0.0,0.0,0.0,0.0,0.0,0.0,0.0,0.0,0.0,0.0,0.0,0.0,0.0,0.0,0.0,0.0,0.0,0.0,0.0,0.0,0.0,0.0,0.0,0.0,0.0,0.0,0.0,0.0,0.0,0.0,1.7990141e7,0.0,0.0,0.0,0.0,0.0,0.0,0.0,0.0,0.0,0.0,0.0,0.0,0.0,0.0,0.0,0.0,0.0,0.0,0.0,0.0,0.0,0.0,0.0,0.0,0.0,0.0,0.0,0.0,0.0,0.0,0.0,0.0,0.0],"memory":3688280,"params":["Parameters",{"gctrial":true,"time_tolerance":0.05,"samples":10000,"evals":1,"gcsample":false,"seconds":5.0,"overhead":0.0,"memory_tolerance":0.01}],"times":[8.503001e6,8.517289e6,8.345432e6,8.540235e6,8.319376e6,8.325834e6,8.476418e6,8.505193e6,8.517785e6,8.625136e6,8.746001e6,8.470526e6,8.572033e6,8.644788e6,8.496293e6,8.775359e6,8.981228e6,8.673537e6,8.553113e6,8.605962e6,8.749593e6,8.761635e6,8.706315e6,8.724035e6,8.567799e6,8.642859e6,8.519235e6,8.52291e6,8.532603e6,8.548851e6,8.58156e6,8.532817e6,8.853175e6,8.50647e6,8.658397e6,8.698094e6,8.482166e6,8.485991e6,8.488158e6,8.549406e6,8.515622e6,8.440615e6,8.513338e6,8.467559e6,8.46575e6,8.454871e6,8.47988e6,8.475722e6,8.480687e6,8.474176e6,8.475997e6,8.559566e6,8.444018e6,8.538139e6,8.445354e6,8.490615e6,2.7518128e7,7.685218e6,7.754236e6,7.577646e6,7.586896e6,7.602418e6,7.611145e6,7.612892e6,7.918081e6,7.615336e6,7.751388e6,7.665065e6,7.667378e6,7.619895e6,7.581843e6,7.574483e6,7.586749e6,7.864025e6,7.563364e6,7.710152e6,7.58517e6,7.621723e6,7.56772e6,7.580719e6,7.567657e6,7.682449e6,7.56326e6,8.327492e6,8.594752e6,8.515759e6,8.51227e6,8.548554e6,8.54216e6,8.511832e6,8.476997e6,8.420371e6,8.478501e6,8.442299e6,8.479984e6,8.445629e6,8.432555e6,8.461087e6,8.453895e6,8.461626e6,8.608906e6,8.458774e6,8.486608e6,8.530385e6,8.705901e6,8.488478e6,8.469952e6,8.497924e6,8.438443e6,8.470903e6,8.499314e6,8.528969e6,8.647205e6,2.7520552e7,7.790922e6,7.665769e6,7.575071e6,7.580738e6,7.611691e6,7.607805e6,7.628065e6,7.574689e6,7.60672e6,7.594554e6,7.639884e6,7.582908e6,7.587407e6,7.62492e6,7.617082e6,7.602705e6,7.585001e6,7.596987e6,7.580626e6,7.858202e6,7.672327e6,7.714017e6,7.694934e6,7.857375e6,7.694822e6,7.79868e6,8.817887e6,8.709501e6,8.65234e6,8.600626e6,8.556177e6,8.681563e6,8.677834e6,8.620245e6,8.384556e6,8.416151e6,8.44306e6,8.442496e6,8.433182e6,8.457485e6,8.441357e6,8.42725e6,8.466063e6,8.446274e6,8.526168e6,8.471004e6,8.499919e6,8.495721e6,8.466113e6,8.494889e6,8.436123e6,8.461549e6,8.465234e6,8.464334e6,8.45358e6,8.493404e6,8.492225e6,2.7100638e7,7.769753e6,7.667394e6,7.568192e6,7.571963e6,7.695288e6,7.596224e6,7.633852e6,7.565386e6,7.786302e6,7.637007e6,7.595907e6,7.57461e6,7.603511e6,7.566436e6,7.631338e6,7.580757e6,7.737404e6,7.589921e6,7.570959e6,7.616639e6,7.821378e6,7.598355e6,7.735649e6,7.656464e6,7.659962e6,8.125388e6,8.537315e6,8.771106e6,8.54605e6,8.608046e6,8.604934e6,8.509697e6,8.496931e6,8.757204e6,8.417942e6,8.437723e6,8.434581e6,8.444402e6,8.474617e6,8.453977e6,8.455775e6,8.506033e6,8.493513e6,8.454294e6,8.520569e6,8.468489e6,8.490522e6,8.489325e6,8.498602e6,8.470086e6,8.488631e6,8.479154e6,8.466625e6,8.467764e6,8.556279e6,8.467679e6,2.715389e7,7.838232e6,7.627689e6,7.600917e6,7.621514e6,7.613934e6,7.585019e6,7.633173e6,7.578949e6,7.82515e6,7.584691e6,7.716937e6,7.629378e6,7.728098e6,7.589385e6,7.620805e6,7.897597e6,7.614955e6,7.583196e6,7.57597e6,7.791164e6,7.648985e6,7.571341e6,7.624304e6,7.71281e6,7.61925e6,7.791927e6,8.488843e6,8.509831e6,8.78481e6,8.527961e6,8.673668e6,8.743137e6,8.5478e6,8.610078e6,8.840375e6,8.606967e6,8.644425e6,8.614096e6,8.633997e6,8.434925e6,8.435157e6,8.4434e6,8.581157e6,8.498193e6,8.862935e6,8.49976e6,8.479075e6,8.652056e6,8.702507e6,8.527777e6,8.47353e6,8.446451e6,8.574845e6,8.526503e6,8.454763e6,8.456286e6,2.7661883e7,7.682265e6,7.780323e6,7.568238e6,7.603407e6,7.62947e6,7.588889e6,7.610071e6,7.590585e6,7.79898e6,7.592243e6,7.620165e6,7.642395e6,7.589081e6,7.601371e6,7.566145e6,7.748857e6,7.587984e6,7.620572e6,7.590279e6,7.649923e6,7.621076e6,9.212824e6,7.659626e6,7.602849e6,7.733108e6,7.603326e6,8.397882e6,8.485393e6,8.503025e6,8.50344e6,8.486114e6,8.501719e6,8.518528e6,8.498831e6,8.579354e6,8.413791e6,8.404367e6,8.441199e6,8.409412e6,8.44976e6,8.455655e6,8.457175e6,8.428283e6,8.478208e6,8.457962e6,8.547603e6,8.617085e6,8.446599e6,8.468688e6,8.507774e6,8.440182e6,8.45108e6,8.4601e6,8.4546e6,8.522901e6,8.444381e6,8.473171e6,2.8127578e7,7.744463e6,8.255602e6,7.606126e6,7.623352e6,7.581158e6,7.619815e6,7.769179e6,7.585868e6,7.611743e6,7.586209e6,7.733974e6,7.602021e6,7.571516e6,7.5779e6,7.606191e6,7.773659e6,7.589383e6,7.718271e6,7.627905e6,7.627435e6,7.571035e6,7.809617e6,7.625137e6,7.615229e6,7.662186e6,8.11631e6,8.518806e6,8.528785e6,8.50124e6,8.51545e6,8.49597e6,8.503172e6,8.75996e6,8.446191e6,8.541679e6,8.530921e6,8.433617e6,8.413647e6,8.435797e6,8.751054e6,8.610817e6,8.576376e6,8.56479e6,8.577676e6,8.534224e6,8.857826e6,8.576886e6,8.600614e6,8.66924e6,8.45822e6,8.451064e6,8.444684e6,8.639855e6,8.519586e6,8.456787e6,8.551012e6,2.71937e7,7.691707e6,7.726997e6,7.57319e6,7.608969e6,7.607342e6,7.645688e6,7.62062e6,7.598535e6,7.642784e6,7.639561e6,7.602444e6,7.618799e6,7.589851e6,7.570461e6,7.856995e6,7.618266e6,7.648155e6,7.574622e6,7.73071e6,7.699624e6,7.621068e6,7.569058e6,7.627291e6,7.64797e6,7.616668e6,7.774643e6,8.475539e6,8.564978e6,8.556715e6,8.487171e6,8.534897e6,8.56642e6,8.490115e6,8.464849e6,8.451866e6,8.581202e6,8.458288e6,8.446422e6,8.426399e6,8.472225e6,8.455314e6,8.455801e6,8.457181e6,8.458262e6,8.475828e6,8.471746e6,8.567308e6,8.49435e6,8.49267e6,8.50362e6,8.47198e6,8.474671e6,8.437291e6,8.453529e6,8.442845e6,8.485039e6,2.752411e7,7.681244e6,7.629356e6,7.602859e6,7.602907e6,7.597934e6,7.729364e6,7.635047e6,7.606339e6,7.614945e6,7.733661e6,7.655946e6,7.562263e6,7.769089e6,7.585018e6,7.575149e6,7.240221e6,6.610783e6,6.588102e6,6.667455e6,6.634086e6,6.631712e6,6.641027e6,