{"lengs":[10.0],"benchmarks":[["Trial",{"allocs":11107,"gctimes":[0.0,0.0,0.0,0.0,0.0,0.0,0.0,0.0,0.0,0.0,0.0,0.0,1.0831458e7,0.0,0.0,0.0,0.0,0.0,0.0,0.0,0.0,0.0,0.0,0.0,1.0824477e7,0.0,0.0,0.0,0.0,0.0,0.0,0.0,0.0,0.0,0.0,0.0,1.8306169e7,0.0,0.0,0.0,0.0],"memory":20786896,"params":["Parameters",{"gctrial":true,"time_tolerance":0.05,"samples":10000,"evals":1,"gcsample":false,"seconds":5.0,"overhead":0.0,"memory_tolerance":0.01}],"times":[1.25954812e8,1.22530365e8,1.22573164e8,1.22993714e8,1.22548898e8,1.22679357e8,1.22725944e8,1.23644489e8,1.26008477e8,1.22406853e8,1.22435703e8,1.22540501e8,1.34694354e8,1.22205141e8,1.21766911e8,1.22367116e8,1.27321349e8,1.21841666e8,1.22211422e8,1.22272014e8,1.22199159e8,1.21632458e8,1.21874629e8,1.22179052e8,1.37775898e8,1.23607413e8,1.22410488e8,1.22119187e8,1.22238152e8,1.22310717e8,1.21915196e8,1.22255016e8,1.21982484e8,1.25883515e8,1.22118651e8,1.22671484e8,1.41834552e8,1.22623163e8,1.25033546e8,1.21782019e8,1.22032889e8]}]],"medians":[122.410488]}