{"lengs":[10.0,21.544346900318832,46.4158883361278,100.0,215.44346900318845,464.15888336127773,1000.0],"benchmarks":[["Trial",{"allocs":2866357,"gctimes":[0.0,1.9334878e7,1.8853477e7,1.8889302e7],"memory":221724648,"params":["Parameters",{"gctrial":true,"time_tolerance":0.05,"samples":10000,"evals":1,"gcsample":false,"seconds":5.0,"overhead":0.0,"memory_tolerance":0.01}],"times":[1.689645682e9,1.589673009e9,1.572415499e9,1.580865019e9]}],["Trial",{"allocs":3536650,"gctimes":[1.8842675e7,1.8780589e7,1.9094484e7],"memory":273191128,"params":["Parameters",{"gctrial":true,"time_tolerance":0.05,"samples":10000,"evals":1,"gcsample":false,"seconds":5.0,"overhead":0.0,"memory_tolerance":0.01}],"times":[1.993382249e9,1.950824409e9,1.957036604e9]}],["Trial",{"allocs":4473847,"gctimes":[1.9075309e7,1.870383e7,2.0833181e7],"memory":345151048,"params":["Parameters",{"gctrial":true,"time_tolerance":0.05,"samples":10000,"evals":1,"gcsample":false,"seconds":5.0,"overhead":0.0,"memory_tolerance":0.01}],"times":[2.51660913e9,2.455236519e9,2.476269723e9]}],["Trial",{"allocs":4749850,"gctimes":[1.9877658e7,1.8656049e7],"memory":366343128,"params":["Parameters",{"gctrial":true,"time_tolerance":0.05,"samples":10000,"evals":1,"gcsample":false,"seconds":5.0,"overhead":0.0,"memory_tolerance":0.01}],"times":[2.596776314e9,2.635330458e9]}],["Trial",{"allocs":4883302,"gctimes":[1.8851935e7,1.9253461e7],"memory":376589848,"params":["Parameters",{"gctrial":true,"time_tolerance":0.05,"samples":10000,"evals":1,"gcsample":false,"seconds":5.0,"overhead":0.0,"memory_tolerance":0.01}],"times":[2.687230189e9,2.716107202e9]}],["Trial",{"allocs":4919698,"gctimes":[1.9335155e7,1.8821823e7],"memory":379384408,"params":["Parameters",{"gctrial":true,"time_tolerance":0.05,"samples":10000,"evals":1,"gcsample":false,"seconds":5.0,"overhead":0.0,"memory_tolerance":0.01}],"times":[2.7778455e9,2.808007877e9]}],["Trial",{"allocs":4925764,"gctimes":[1.8789296e7,2.9195067e7],"memory":379850168,"params":["Parameters",{"gctrial":true,"time_tolerance":0.05,"samples":10000,"evals":1,"gcsample":false,"seconds":5.0,"overhead":0.0,"memory_tolerance":0.01}],"times":[2.72039629e9,2.729861923e9]}]],"medians":[1585.269014,1957.036604,2476.269723,2616.053386,2701.6686955,2792.9266885,2725.1291065]}