{"lengs":[10.0,21.544346900318832,46.4158883361278,100.0,215.44346900318845,464.15888336127773,1000.0],"benchmarks":[["Trial",{"allocs":18153,"gctimes":[0.0,0.0,0.0],"memory":233262704,"params":["Parameters",{"gctrial":true,"time_tolerance":0.05,"samples":10000,"evals":1,"gcsample":false,"seconds":5.0,"overhead":0.0,"memory_tolerance":0.01}],"times":[2.367371125e9,2.338342688e9,2.356213492e9]}],["Trial",{"allocs":27295,"gctimes":[0.0,0.0],"memory":350886288,"params":["Parameters",{"gctrial":true,"time_tolerance":0.05,"samples":10000,"evals":1,"gcsample":false,"seconds":5.0,"overhead":0.0,"memory_tolerance":0.01}],"times":[4.333391918e9,4.305043042e9]}],["Trial",{"allocs":45960,"gctimes":[0.0],"memory":591304688,"params":["Parameters",{"gctrial":true,"time_tolerance":0.05,"samples":10000,"evals":1,"gcsample":false,"seconds":5.0,"overhead":0.0,"memory_tolerance":0.01}],"times":[8.57483493e9]}],["Trial",{"allocs":86980,"gctimes":[7.114749e6],"memory":1119079728,"params":["Parameters",{"gctrial":true,"time_tolerance":0.05,"samples":10000,"evals":1,"gcsample":false,"seconds":5.0,"overhead":0.0,"memory_tolerance":0.01}],"times":[1.7346769632e10]}],["Trial",{"allocs":176982,"gctimes":[3.5676475e7],"memory":2277771968,"params":["Parameters",{"gctrial":true,"time_tolerance":0.05,"samples":10000,"evals":1,"gcsample":false,"seconds":5.0,"overhead":0.0,"memory_tolerance":0.01}],"times":[3.7725602072e10]}],["Trial",{"allocs":369940,"gctimes":[4.31149594e8],"memory":4762004304,"params":["Parameters",{"gctrial":true,"time_tolerance":0.05,"samples":10000,"evals":1,"gcsample":false,"seconds":5.0,"overhead":0.0,"memory_tolerance":0.01}],"times":[8.1552843684e10]}],["Trial",{"allocs":493824,"gctimes":[1.61172025e9],"memory":6357739160,"params":["Parameters",{"gctrial":true,"time_tolerance":0.05,"samples":10000,"evals":1,"gcsample":false,"seconds":5.0,"overhead":0.0,"memory_tolerance":0.01}],"times":[1.15190078337e11]}]],"medians":[2356.213492,4319.21748,8574.83493,17346.769632,37725.602072,81552.843684,115190.078337]}