{"lengs":[1.9998618696327441],"benchmarks":[["Trial",{"allocs":3403,"gctimes":[0.0,0.0,0.0,0.0,0.0,0.0,0.0,0.0,0.0,0.0,0.0,0.0,0.0,0.0,0.0,0.0,0.0,0.0,0.0,0.0,0.0,0.0,0.0,0.0,0.0,0.0,0.0,0.0,0.0,0.0,0.0,0.0,0.0,0.0,0.0,0.0,0.0,0.0,0.0,0.0,0.0,0.0,0.0,0.0,0.0,0.0,0.0,0.0,0.0,0.0,0.0,0.0,0.0,0.0,0.0,0.0,0.0,0.0,0.0,0.0,0.0,0.0,0.0,0.0,0.0,0.0,0.0,0.0,0.0,0.0,0.0,0.0,0.0,0.0,0.0,0.0,0.0,0.0,0.0,0.0,0.0,0.0,0.0,0.0,0.0,0.0,0.0,0.0,0.0,0.0,0.0,0.0,0.0,0.0,0.0,0.0,0.0,0.0,0.0,0.0,0.0,0.0,0.0,0.0,0.0,0.0,0.0,0.0,0.0,0.0,0.0,0.0,0.0,0.0,0.0,0.0,0.0,0.0,0.0,0.0,0.0,0.0,0.0,0.0,0.0,0.0,0.0,0.0,1.6978798e7,0.0,0.0,0.0,0.0,0.0,0.0,0.0,0.0,0.0,0.0,0.0,0.0,0.0,0.0,0.0,0.0,0.0,0.0,0.0,0.0,0.0,0.0,0.0,0.0,0.0,0.0,0.0,0.0,0.0,0.0,0.0,0.0,0.0,0.0,0.0,0.0,0.0,0.0,0.0,0.0,0.0,0.0,0.0,0.0,0.0,0.0,0.0,0.0,0.0,0.0,0.0,0.0,0.0,0.0,0.0,0.0,0.0,0.0,0.0,0.0,0.0,0.0,0.0,0.0,0.0,0.0,0.0,0.0,0.0,0.0,0.0,0.0,0.0,0.0,0.0,0.0,0.0,0.0,0.0,0.0,0.0,0.0,0.0,0.0,0.0,0.0,0.0,0.0,0.0,0.0,0.0,0.0,0.0,0.0,0.0,0.0,0.0,0.0,0.0,0.0,0.0,0.0,0.0,0.0,0.0,0.0,0.0,0.0,0.0,0.0,0.0,0.0,0.0,0.0,0.0,0.0,0.0,0.0,0.0,0.0,0.0,0.0,0.0,0.0,0.0,0.0,0.0,0.0,1.7028438e7,0.0,0.0,0.0,0.0,0.0,0.0,0.0,0.0,0.0,0.0,0.0,0.0,0.0,0.0,0.0,0.0,0.0,0.0,0.0,0.0,0.0,0.0,0.0,0.0,0.0,0.0,0.0,0.0,0.0,0.0,0.0,0.0,0.0,0.0,0.0,0.0,0.0,0.0,0.0,0.0,0.0,0.0,0.0,0.0,0.0,0.0,0.0,0.0,0.0,0.0,0.0,0.0,0.0,0.0,0.0,0.0,0.0,0.0,0.0,0.0,0.0,0.0,0.0,0.0,0.0,0.0,0.0,0.0,0.0,0.0,0.0,0.0,0.0,0.0,0.0,0.0,0.0,0.0,0.0,0.0,0.0,0.0,0.0,0.0,0.0,0.0,0.0,0.0,0.0,0.0,0.0,0.0,0.0,0.0,0.0,0.0,0.0,0.0,0.0,0.0,0.0,0.0,0.0,0.0,0.0,0.0,0.0,0.0,0.0,0.0,0.0,0.0,0.0,0.0,0.0,0.0,0.0,0.0,0.0,0.0,0.0,0.0,0.0,0.0,0.0,0.0,0.0,0.0,0.0,2.0144243e7,0.0,0.0,0.0,0.0,0.0,0.0,0.0,0.0,0.0,0.0,0.0,0.0,0.0,0.0,0.0,0.0,0.0,0.0,0.0,0.0,0.0,0.0,0.0,0.0,0.0,0.0,0.0,0.0,0.0,0.0,0.0,0.0,0.0,0.0,0.0,0.0,0.0,0.0,0.0,0.0,0.0,0.0,0.0,0.0,0.0,0.0,0.0,0.0,0.0,0.0,0.0,0.0,0.0,0.0,0.0,0.0,0.0,0.0,0.0,0.0,0.0,0.0,0.0,0.0,0.0,0.0,0.0,0.0,0.0,0.0,0.0,0.0,0.0,0.0,0.0,0.0,0.0,0.0,0.0,0.0,0.0,0.0,0.0,0.0,0.0,0.0,0.0,0.0,0.0,0.0,0.0,0.0,0.0,0.0,0.0,0.0,0.0,0.0,0.0,0.0,0.0,0.0,0.0,0.0,0.0,0.0,0.0,0.0,0.0,0.0,0.0,0.0,0.0,0.0,0.0,0.0,0.0,0.0,0.0,0.0,0.0,0.0,0.0,0.0,0.0,0.0,0.0,0.0,1.7350248e7,0.0,0.0,0.0,0.0,0.0,0.0,0.0,0.0,0.0,0.0,0.0,0.0,0.0,0.0,0.0,0.0,0.0,0.0,0.0,0.0,0.0,0.0,0.0,0.0,0.0,0.0,0.0,0.0,0.0,0.0,0.0,0.0,0.0,0.0,0.0,0.0,0.0,0.0,0.0,0.0,0.0,0.0,0.0,0.0,0.0,0.0,0.0,0.0,0.0,0.0,0.0,0.0,0.0,0.0,0.0,0.0,0.0,0.0,0.0,0.0,0.0,0.0,0.0,0.0,0.0,0.0,0.0,0.0,0.0,0.0,0.0,0.0,0.0,0.0,0.0,0.0,0.0,0.0,0.0,0.0,0.0,0.0,0.0,0.0,0.0,0.0,0.0,0.0,0.0,0.0,0.0,0.0,0.0,0.0,0.0,0.0,0.0,0.0,0.0,0.0,0.0,0.0,0.0,0.0,0.0,0.0,0.0,0.0,0.0,0.0,0.0,0.0,0.0,0.0,0.0,0.0,0.0,0.0,0.0,0.0,0.0,0.0,0.0,0.0,0.0,0.0,0.0,0.0,1.7347865e7,0.0,0.0,0.0,0.0,0.0,0.0,0.0,0.0,0.0,0.0,0.0,0.0,0.0,0.0,0.0,0.0,0.0,0.0,0.0,0.0,0.0,0.0,0.0,0.0,0.0,0.0,0.0,0.0,0.0,0.0,0.0,0.0,0.0,0.0,0.0,0.0,0.0,0.0,0.0,0.0,0.0,0.0,0.0,0.0,0.0,0.0,0.0,0.0,0.0,0.0,0.0,0.0,0.0,0.0,0.0,0.0,0.0,0.0,0.0,0.0,0.0,0.0,0.0,0.0,0.0,0.0,0.0,0.0,0.0,0.0,0.0,0.0,0.0,0.0,0.0,0.0,0.0,0.0,0.0,0.0,0.0,0.0],"memory":1614112,"params":["Parameters",{"gctrial":true,"time_tolerance":0.05,"samples":10000,"evals":1,"gcsample":false,"seconds":5.0,"overhead":0.0,"memory_tolerance":0.01}],"times":[7.222767e6,6.048843e6,6.052596e6,6.036315e6,6.041709e6,6.02684e6,6.026845e6,6.035257e6,5.993641e6,6.021487e6,6.006782e6,6.008775e6,6.017619e6,6.018628e6,6.017416e6,6.019098e6,6.01558e6,6.008626e6,5.995567e6,6.01017e6,6.015863e6,6.028816e6,6.019306e6,6.024136e6,6.102428e6,6.013666e6,6.021697e6,6.008382e6,6.027889e6,6.905525e6,6.662447e6,6.873181e6,6.965494e6,6.816048e6,6.357449e6,6.735713e6,6.494338e6,6.427559e6,6.668725e6,6.406193e6,6.531615e6,6.52784e6,6.301741e6,6.329322e6,6.312599e6,6.306277e6,6.326909e6,6.32675e6,6.320646e6,6.32144e6,6.298818e6,6.316957e6,6.321549e6,6.301605e6,6.395996e6,6.312463e6,6.321258e6,6.317859e6,6.319412e6,6.314158e6,6.315723e6,6.31515e6,6.356245e6,6.308933e6,6.322495e6,6.325429e6,6.323227e6,6.324793e6,6.316134e6,6.324056e6,6.335065e6,6.332041e6,6.375427e6,6.331856e6,6.331134e6,6.342397e6,6.323217e6,6.331517e6,6.334925e6,6.326192e6,6.33345e6,6.323157e6,6.341364e6,6.318416e6,6.304944e6,6.308575e6,6.314121e6,6.327876e6,6.302767e6,6.307819e6,6.326197e6,6.311682e6,6.384789e6,6.31301e6,6.306202e6,6.31922e6,6.325488e6,6.313275e6,6.323228e6,6.333704e6,6.315343e6,6.329751e6,6.308959e6,6.316608e6,6.374621e6,6.319542e6,6.315859e6,6.319698e6,6.322546e6,6.305144e6,6.310962e6,6.305553e6,6.300234e6,6.319505e6,6.308433e6,6.320906e6,6.361929e6,6.323632e6,6.318275e6,6.303112e6,6.306557e6,6.306925e6,6.311708e6,6.300943e6,6.320188e6,6.321673e6,6.314772e6,6.315323e6,2.334039e7,6.884478e6,5.874686e6,5.879279e6,5.849054e6,5.870838e6,5.858003e6,5.88905e6,5.846286e6,5.876679e6,5.857994e6,5.831274e6,5.837521e6,5.841713e6,5.858068e6,5.852774e6,5.856911e6,5.852157e6,5.856676e6,5.85377e6,5.833625e6,5.861396e6,5.854122e6,5.864619e6,5.851778e6,5.880978e6,5.865299e6,5.843374e6,5.854949e6,5.856309e6,5.834014e6,5.859809e6,6.035519e6,6.323581e6,6.330299e6,6.307689e6,6.310108e6,6.309673e6,6.319279e6,6.330819e6,6.313238e6,6.313627e6,6.31828e6,6.304443e6,6.298745e6,6.297196e6,6.311797e6,6.300934e6,6.326001e6,6.315387e6,6.304087e6,6.324874e6,6.305917e6,6.312568e6,6.315959e6,6.327466e6,6.30422e6,6.310173e6,6.314145e6,6.29779e6,6.330982e6,6.314577e6,6.30389e6,6.302565e6,7.094276e6,7.457437e6,7.453814e6,7.576898e6,7.307366e6,6.28396e6,6.743495e6,6.708207e6,6.297949e6,6.51441e6,6.502411e6,6.318085e6,6.517223e6,6.378738e6,6.309967e6,6.318308e6,6.344182e6,6.327932e6,6.315042e6,6.317006e6,6.307987e6,6.321247e6,6.317749e6,6.312525e6,6.326799e6,6.296423e6,6.306126e6,6.304989e6,6.310695e6,6.320876e6,6.302891e6,6.29627e6,6.298752e6,6.283675e6,6.305779e6,6.30956e6,6.318517e6,6.345986e6,6.311355e6,6.300597e6,6.310613e6,6.291245e6,6.310931e6,6.314821e6,6.322916e6,6.318594e6,6.297319e6,6.310119e6,6.316714e6,6.305889e6,6.311e6,6.302658e6,6.295872e6,6.312919e6,6.291731e6,6.316868e6,6.298472e6,6.287456e6,6.354937e6,6.30622e6,6.299139e6,6.296894e6,6.294927e6,6.307671e6,6.320485e6,2.334808e7,6.887501e6,5.849613e6,5.878217e6,5.858873e6,5.870055e6,5.884247e6,5.856668e6,5.920104e6,5.869662e6,5.840786e6,5.842748e6,5.834472e6,5.857823e6,5.866908e6,5.86432e6,5.86612e6,5.844873e6,5.849532e6,5.861269e6,5.851413e6,5.879034e6,5.843306e6,5.871197e6,5.850086e6,5.850438e6,6.753825e6,5.886948e6,5.871907e6,5.850345e6,5.842665e6,5.861566e6,6.156801e6,6.340501e6,6.325396e6,1.4284725e7,9.446226e6,9.438634e6,9.464471e6,9.472344e6,9.43772e6,9.468849e6,9.460545e6,9.411792e6,9.434086e6,9.438719e6,9.438615e6,9.454085e6,9.464442e6,9.465142e6,9.455443e6,9.449098e6,9.47114e6,9.453526e6,9.449973e6,9.464475e6,9.468885e6,9.453262e6,9.461495e6,9.414119e6,9.4873e6,9.43867e6,9.465123e6,9.428714e6,9.44277e6,9.449781e6,9.436003e6,9.458517e6,9.461184e6,9.418941e6,9.482277e6,9.452535e6,9.427951e6,9.475842e6,9.469524e6,9.467836e6,9.469197e6,9.463618e6,9.460081e6,9.474601e6,9.454865e6,9.488394e6,9.458839e6,9.45776e6,9.457924e6,9.462308e6,9.442702e6,9.435314e6,9.451997e6,9.422145e6,9.442106e6,9.453818e6,9.462717e6,9.468424e6,9.451149e6,9.422438e6,9.443552e6,9.452685e6,9.446823e6,9.453901e6,9.477453e6,9.467228e6,9.46724e6,9.439199e6,9.467384e6,9.519719e6,9.457019e6,9.454139e6,9.473231e6,9.447942e6,9.418486e6,9.448694e6,9.426805e6,9.432072e6,9.439855e6,9.436872e6,9.436121e6,9.430148e6,9.429588e6,9.456695e6,9.516256e6,9.410023e6,9.4891e6,9.446686e6,9.432992e6,9.451636e6,9.44484e6,9.42368e6,9.441625e6,8.623363e6,2.7878448e7,6.043931e6,6.041162e6,6.047544e6,6.031897e6,6.022708e6,6.021284e6,6.054241e6,6.032565e6,6.045193e6,6.01829e6,6.032699e6,6.033976e6,6.004322e6,6.031155e6,6.012047e6,6.034487e6,6.029132e6,6.016375e6,6.033649e6,6.015748e6,6.025142e6,6.033122e6,6.016749e6,6.025188e6,6.033708e6,6.025227e6,6.034182e6,6.016795e6,6.022786e6,6.025434e6,6.291311e6,6.50579e6,6.525733e6,6.49778e6,6.524931e6,6.521251e6,6.51101e6,6.522433e6,6.499611e6,6.476854e6,6.492444e6,6.488499e6,6.489348e6,6.474071e6,6.49112e6,6.498702e6,6.481704e6,6.495967e6,6.48043e6,6.4858e6,