{"lengs":[10.0,21.544346900318832,46.4158883361278,100.0,215.44346900318845,464.15888336127773,1000.0],"benchmarks":[["Trial",{"allocs":1351,"gctimes":[0.0,0.0,0.0,0.0,0.0,0.0,0.0,0.0,0.0,0.0,0.0,0.0,0.0,0.0,0.0,0.0,0.0,0.0,0.0,0.0,0.0,0.0,0.0,0.0,0.0,0.0,0.0,0.0,0.0,0.0,0.0,0.0,0.0,0.0,0.0,0.0,0.0,0.0,0.0,0.0,0.0,0.0,0.0,0.0,0.0,0.0,0.0,0.0,0.0,0.0,0.0,0.0,0.0,0.0,0.0,0.0,0.0,0.0,0.0,0.0,0.0,0.0,0.0,0.0,0.0,0.0,0.0,0.0,1.2093894e7,0.0,0.0,0.0,0.0,0.0,0.0,0.0,0.0,0.0,0.0,0.0,0.0,0.0,0.0,0.0,0.0,0.0,0.0,0.0,0.0,0.0,0.0,0.0,0.0,0.0,0.0,0.0,0.0,0.0,0.0,0.0,0.0,0.0,0.0,0.0,0.0,0.0,0.0,0.0,0.0,0.0,0.0,0.0,0.0,0.0,0.0,0.0,0.0,0.0,0.0,0.0,0.0,0.0,0.0,0.0,0.0,0.0,0.0,0.0,0.0,0.0,0.0,0.0,0.0,0.0,0.0,0.0,1.1604965e7,0.0,0.0,0.0,0.0,0.0,0.0,0.0,0.0,0.0,0.0,0.0,0.0,0.0,0.0,0.0,0.0,0.0,0.0,0.0,0.0,0.0,0.0,0.0,0.0,0.0,0.0,0.0,0.0,0.0,0.0,0.0,0.0,0.0,0.0,0.0,0.0,0.0,0.0,0.0,0.0,0.0,0.0,0.0,0.0,0.0,0.0,0.0,0.0,0.0,0.0,0.0,0.0,0.0,0.0,0.0,0.0,0.0,0.0,0.0,0.0,0.0,0.0,0.0,0.0,0.0,0.0,0.0,1.123257e7,0.0,0.0,0.0,0.0,0.0,0.0,0.0,0.0,0.0,0.0,0.0,0.0,0.0,0.0,0.0,0.0,0.0,0.0,0.0,0.0,0.0,0.0,0.0,0.0,0.0,0.0,0.0,0.0,0.0,0.0,0.0,0.0,0.0,0.0,0.0,0.0,0.0,0.0,0.0,0.0,0.0,0.0,0.0,0.0,0.0,0.0,0.0,0.0,0.0,0.0,0.0,0.0,0.0,0.0,0.0,0.0,0.0,0.0,0.0,0.0,0.0,0.0,0.0,0.0,0.0,0.0,0.0,0.0,9.756329e6,0.0,0.0,0.0,0.0,0.0,0.0,0.0,0.0,0.0,0.0,0.0,0.0,0.0,0.0,0.0,0.0,0.0,0.0,0.0,0.0,0.0,0.0,0.0,0.0,0.0,0.0,0.0,0.0,0.0,0.0,0.0,0.0,0.0,0.0,0.0,0.0,0.0,0.0,0.0,0.0,0.0,0.0,0.0,0.0,0.0,0.0,0.0,0.0,0.0,0.0,0.0],"memory":3666544,"params":["Parameters",{"gctrial":true,"time_tolerance":0.05,"samples":10000,"evals":1,"gcsample":false,"seconds":5.0,"overhead":0.0,"memory_tolerance":0.01}],"times":[1.6703732e7,1.5825889e7,1.5571861e7,1.5631874e7,1.5774688e7,1.5586676e7,1.5554559e7,1.5555439e7,1.5647553e7,1.5598433e7,1.559607e7,1.5608152e7,1.564335e7,1.5727793e7,1.5553576e7,1.5592487e7,1.5702976e7,1.5536734e7,1.5570645e7,1.5572709e7,1.5584653e7,1.5655387e7,1.5546729e7,1.5562814e7,1.56733e7,1.556712e7,1.5720901e7,1.5661014e7,1.5562737e7,1.5536389e7,1.5500594e7,1.565499e7,1.5721963e7,1.56974e7,1.5515056e7,1.5755463e7,1.5673248e7,1.5550087e7,1.5665106e7,1.5626375e7,1.5658153e7,1.5517451e7,1.5567282e7,1.5523941e7,1.5561592e7,1.6614306e7,1.7020437e7,1.6335795e7,1.5698021e7,1.5851657e7,1.5664622e7,1.5798088e7,1.5591096e7,1.5530132e7,1.5505165e7,1.551034e7,1.5589094e7,1.5713844e7,1.5652307e7,1.568056e7,1.5620256e7,1.5665951e7,1.5518437e7,1.5628813e7,1.5518722e7,1.5533591e7,1.5682773e7,1.5536859e7,2.8338947e7,1.5533999e7,1.5637441e7,1.5525736e7,1.5563221e7,1.5577199e7,1.5668286e7,1.8045141e7,1.5605063e7,1.5619962e7,1.558189e7,1.5573321e7,1.5697957e7,1.5593821e7,1.5598033e7,1.5534869e7,1.5867261e7,1.5582374e7,1.5621391e7,1.5541746e7,1.5666026e7,1.5624585e7,1.5620327e7,1.5557158e7,1.5527028e7,1.5737801e7,1.5656145e7,1.5630489e7,1.5626251e7,1.5589247e7,1.5562248e7,1.5622331e7,1.5726493e7,1.5601328e7,1.5681893e7,1.5724119e7,1.5615555e7,1.5531676e7,1.5505943e7,1.5634776e7,1.5587371e7,1.5680326e7,1.6191867e7,1.7215151e7,1.6674011e7,1.6185974e7,1.5749802e7,1.5926479e7,1.5756874e7,1.580147e7,1.5622379e7,1.5564423e7,1.592829e7,1.5664836e7,1.565581e7,1.5491477e7,1.5757335e7,1.5599544e7,1.56482e7,1.548772e7,1.556753e7,1.5584552e7,1.5603296e7,1.5585569e7,1.5625244e7,1.5447003e7,1.5451923e7,1.5566227e7,2.7706016e7,1.5580421e7,1.5528546e7,1.5589855e7,1.5550648e7,1.5552751e7,1.5987263e7,1.6486585e7,1.6463256e7,1.6490709e7,1.6528272e7,1.6399982e7,1.6449384e7,1.6422953e7,1.6559352e7,1.6396181e7,1.6486664e7,1.6394696e7,1.6359222e7,1.6491041e7,1.6476777e7,1.6466063e7,1.641375e7,1.6517068e7,1.639226e7,1.6508875e7,1.6410867e7,1.6449721e7,1.6413875e7,1.6415379e7,1.6557261e7,1.6369148e7,1.6467578e7,1.6464015e7,1.6418027e7,1.6358069e7,1.6522525e7,1.638662e7,1.677874e7,1.7008405e7,1.5929331e7,1.6135728e7,1.5952196e7,1.5838037e7,1.5658691e7,1.5791593e7,1.6371029e7,1.6493947e7,1.6411941e7,1.6346811e7,1.6320538e7,1.6400481e7,1.641612e7,1.6339952e7,1.6313782e7,1.6398842e7,1.6368938e7,1.6360265e7,1.6405314e7,1.6447368e7,1.6332875e7,1.6401427e7,1.6282814e7,1.6340563e7,1.6403343e7,1.6348688e7,1.6302634e7,1.6428632e7,2.8236408e7,1.6408404e7,1.6394289e7,1.6391177e7,1.6389081e7,1.6504542e7,1.6359222e7,1.6408102e7,1.6507203e7,1.6420561e7,1.6421097e7,1.6528226e7,1.6404107e7,1.6410945e7,1.6403492e7,1.6363784e7,1.643373e7,1.6537543e7,1.6433629e7,1.6370606e7,1.6422908e7,1.6534224e7,1.6368868e7,1.6452651e7,1.6446769e7,1.6535043e7,1.65084e7,1.651692e7,1.6435766e7,1.6432646e7,1.6365203e7,1.6402051e7,1.7683703e7,1.7910424e7,1.5492023e7,1.3857012e7,1.350459e7,1.3506151e7,1.3442121e7,1.3179643e7,1.3226364e7,1.3376777e7,1.320593e7,1.3159749e7,1.3173665e7,1.3060153e7,1.3133857e7,1.312734e7,1.3114172e7,1.306531e7,1.3115849e7,1.3140491e7,1.3149451e7,1.309013e7,1.3132874e7,1.3153112e7,1.3102213e7,1.3097943e7,1.3114408e7,1.3089118e7,1.3103333e7,1.310713e7,1.3062321e7,1.3110096e7,1.3067073e7,1.3053874e7,1.3101867e7,1.3212588e7,1.3132076e7,2.3618496e7,1.3202623e7,1.3130445e7,1.3131932e7,1.3218492e7,1.3356905e7,1.3198472e7,1.3148657e7,1.3214879e7,1.3202774e7,1.3141803e7,1.3159473e7,1.3214659e7,1.3184954e7,1.3133895e7,1.3202704e7,1.3138324e7,1.311414e7,1.3240595e7,1.3199356e7,1.3123207e7,1.3201781e7,1.314677e7,1.3130255e7,1.3142093e7,1.3181394e7,1.3151224e7,1.3138691e7,1.3201356e7,1.3227783e7,1.3109215e7,1.3115262e7,1.3199174e7,1.3098928e7,1.3106902e7,1.3111506e7,1.3178217e7,1.310554e7,1.3203112e7,1.3104626e7,1.3178933e7,1.3153321e7,1.4208489e7,1.3736315e7,1.3691567e7,1.3288259e7,1.3276036e7,1.3367656e7,1.3203217e7,1.3022419e7,1.3090816e7,1.3103577e7]}],["Trial",{"allocs":2119,"gctimes":[0.0,0.0,0.0,0.0,0.0,0.0,0.0,0.0,0.0,0.0,0.0,0.0,0.0,0.0,0.0,0.0,0.0,0.0,0.0,0.0,0.0,0.0,0.0,0.0,0.0,0.0,0.0,0.0,0.0,0.0,0.0,0.0,0.0,0.0,0.0,0.0,0.0,0.0,0.0,0.0,0.0,0.0,0.0,9.939439e6,0.0,0.0,0.0,0.0,0.0,0.0,0.0,0.0,0.0,0.0,0.0,0.0,0.0,0.0,0.0,0.0,0.0,0.0,0.0,0.0,0.0,0.0,0.0,0.0,0.0,0.0,0.0,0.0,0.0,0.0,0.0,0.0,0.0,0.0,0.0,0.0,0.0,0.0,0.0,0.0,0.0,0.0,9.322651e6,0.0,0.0,0.0,0.0,0.0,0.0,0.0,0.0,0.0,0.0,0.0,0.0,0.0,0.0,0.0,0.0,0.0,0.0,0.0,0.0,0.0,0.0,0.0,0.0,0.0,0.0,0.0,0.0,0.0,0.0,0.0,0.0,0.0,0.0,0.0,0.0,0.0,0.0,0.0,0.0,0.0,0.0,8.995348e6,0.0,0.0,0.0,0.0,0.0,0.0,0.0,0.0,0.0,0.0,0.0,0.0,0.0,0.0,0.0,0.0,0.0,0.0,0.0,0.0,0.0,0.0,0.0,0.0,0.0,0.0,0.0,0.0,0.0,0.0,0.0,0.0,0.0,0.0,0.0,0.0,0.0,0.0,0.0,0.0,0.0,0.0,0.0,8.925935e6,0.0,0.0,0.0,0.0,0.0,0.0,0.0,0.0,0.0,0.0,0.0,0.0,0.0,0.0,0.0,0.0,0.0,0.0,0.0,0.0,0.0,0.0,0.0,0.0,0.0,0.0,0.0,0.0,0.0,0.0,0.0,0.0,0.0,0.0,0.0,0.0,0.0,0.0,0.0,0.0,0.0,0.0,0.0,8.839865e6,0.0,0.0,0.0,0.0,0.0,0.0,0.0,0.0,0.0,0.0,0.0,0.0,0.0,0.0,0.0,0.0,0.0,0.0,0.0,0.0,0.0,0.0,0.0,0.0,0.0,0.0,0.0,0.0,0.0,0.0],"memory":5792368,"params":["Parameters",{"gctrial":true,"time_tolerance":0.05,"samples":10000,"evals":1,"gcsample":false,"seconds":5.0,"overhead":0.0,"memory_tolerance":0.01}],