{"lengs":[19998.61869632745],"benchmarks":[["Trial",{"allocs":2675699,"gctimes":[4.68243797e8],"memory":17372374736,"params":["Parameters",{"gctrial":true,"time_tolerance":0.05,"samples":10000,"evals":1,"gcsample":false,"seconds":5.0,"overhead":0.0,"memory_tolerance":0.01}],"times":[5.30168131721e11]}]],"medians":[530168.131721]}