{"lengs":[19998.61869632745],"benchmarks":[["Trial",{"allocs":508928,"gctimes":[1.31920449e8],"memory":2504484752,"params":["Parameters",{"gctrial":true,"time_tolerance":0.05,"samples":10000,"evals":1,"gcsample":false,"seconds":5.0,"overhead":0.0,"memory_tolerance":0.01}],"times":[3.45641944014e11]}]],"medians":[345641.944014]}