{"lengs":[1.9998618696327441],"benchmarks":[["Trial",{"allocs":518495,"gctimes":[0.0,0.0,0.0,0.0,0.0,0.0,1.8099271e7,0.0,0.0,0.0,0.0,0.0,1.804627e7,0.0,0.0,0.0,0.0,0.0,1.8360636e7,0.0,0.0,0.0,0.0,0.0,1.7912972e7,0.0,0.0,0.0,0.0,0.0,1.7939014e7,0.0,0.0,0.0,0.0,0.0,1.7850204e7,0.0,0.0,0.0,0.0,0.0,1.7905761e7,0.0,0.0,0.0,0.0,0.0,1.7872051e7,0.0,0.0,0.0,0.0,0.0,1.7924009e7,0.0,0.0,0.0,0.0,0.0,1.7908214e7,0.0,0.0,0.0,0.0,0.0,1.8852544e7,0.0,0.0,0.0,0.0,0.0,1.849132e7,0.0,0.0,0.0,0.0,0.0,1.8437488e7,0.0,0.0,0.0,0.0,0.0,1.8419617e7,0.0,0.0,0.0,0.0,0.0,1.8002759e7,0.0,0.0,0.0,0.0,0.0,1.7942231e7,0.0,0.0,0.0,0.0,0.0,1.8000589e7,0.0,0.0,0.0,0.0,0.0,1.7952601e7,0.0,0.0,0.0,0.0,0.0,1.8655791e7,0.0,0.0,0.0,0.0,0.0,1.8390369e7,0.0,0.0,0.0,0.0,0.0,1.7976395e7,0.0,0.0,0.0],"memory":35028552,"params":["Parameters",{"gctrial":true,"time_tolerance":0.05,"samples":10000,"evals":1,"gcsample":false,"seconds":5.0,"overhead":0.0,"memory_tolerance":0.01}],"times":[3.6814056e7,3.8009527e7,3.8727146e7,3.8607373e7,3.8283099e7,3.8440686e7,4.8589961e7,2.9286861e7,3.8612176e7,3.7954811e7,3.8350887e7,3.8186587e7,4.8028038e7,2.8824845e7,3.7967927e7,3.7836118e7,3.8850938e7,3.832989e7,4.8469331e7,2.8807609e7,3.7630135e7,3.7852067e7,3.8308434e7,3.8199569e7,4.8479053e7,2.8914294e7,3.7390019e7,3.7901765e7,3.8291853e7,3.8174924e7,4.8818047e7,2.8722686e7,3.7149801e7,3.7743644e7,3.9819739e7,3.9045228e7,4.9151039e7,2.8699504e7,3.6879172e7,3.7618621e7,3.8389313e7,3.8235158e7,4.9466805e7,2.866238e7,3.668865e7,3.7593663e7,3.8396041e7,3.8910808e7,4.9735743e7,2.8672199e7,3.6328837e7,3.7485385e7,3.8212008e7,3.8225063e7,5.1232777e7,2.8580862e7,3.5991719e7,3.7658915e7,3.8403255e7,3.8375954e7,5.1160617e7,3.1124174e7,3.7757993e7,3.9572968e7,4.007659e7,4.0046724e7,5.2887023e7,3.0120534e7,3.706124e7,3.9661619e7,4.0104157e7,4.0106899e7,5.3410853e7,3.0012139e7,3.6678938e7,3.9522173e7,4.0057221e7,4.0238121e7,5.361953e7,3.0099711e7,3.6309324e7,3.9615652e7,4.0035675e7,4.0128089e7,5.4045262e7,2.9930063e7,3.612238e7,4.051005e7,3.8780868e7,3.8569989e7,5.2440604e7,2.8744829e7,3.4099823e7,3.7726039e7,3.8245736e7,3.8231981e7,5.2844474e7,2.8428563e7,3.3733327e7,3.7938803e7,3.8403756e7,3.8303471e7,5.3062838e7,2.8317151e7,3.3230896e7,3.8179235e7,3.8455217e7,3.8423695e7,5.3549133e7,2.8440804e7,3.3225999e7,3.7786282e7,3.8042124e7,3.8317449e7,5.6022728e7,2.8738803e7,3.2687194e7,3.7997776e7,3.8208021e7,3.8437383e7,5.3994184e7,2.8288439e7,3.2002416e7,3.7862704e7,3.8061009e7,3.8218713e7,5.4554686e7,2.8302147e7,3.1770902e7,3.7895575e7]}]],"medians":[38.2100145]}