{"lengs":[10.0],"benchmarks":[["Trial",{"allocs":1716033,"gctimes":[0.0,0.0,2.3621385e7,0.0,2.3942829e7,0.0,2.4054441e7,0.0,2.4007328e7],"memory":124734072,"params":["Parameters",{"gctrial":true,"time_tolerance":0.05,"samples":10000,"evals":1,"gcsample":false,"seconds":5.0,"overhead":0.0,"memory_tolerance":0.01}],"times":[5.97804392e8,5.88787999e8,5.95012572e8,5.80604062e8,5.89314e8,5.74162561e8,5.8981309e8,5.77002217e8,5.84983428e8]}]],"medians":[588.787999]}