{"lengs":[10.0],"benchmarks":[["Trial",{"allocs":2870144,"gctimes":[0.0,1.9473259e7,1.9710026e7,1.9858568e7],"memory":230376920,"params":["Parameters",{"gctrial":true,"time_tolerance":0.05,"samples":10000,"evals":1,"gcsample":false,"seconds":5.0,"overhead":0.0,"memory_tolerance":0.01}],"times":[1.656856272e9,1.673715847e9,1.646434339e9,1.623088242e9]}]],"medians":[1651.6453055]}