{"lengs":[10.0,21.544346900318832,46.4158883361278,100.0,215.44346900318845,464.15888336127773,1000.0],"benchmarks":[["Trial",{"allocs":33200,"gctimes":[0.0,0.0,0.0,0.0,0.0],"memory":21201600,"params":["Parameters",{"gctrial":true,"time_tolerance":0.05,"samples":10000,"evals":1,"gcsample":false,"seconds":5.0,"overhead":0.0,"memory_tolerance":0.01}],"times":[1.032230681e9,1.015330207e9,1.024565464e9,1.034809595e9,1.054396001e9]}],["Trial",{"allocs":53896,"gctimes":[0.0,0.0,0.0,0.0],"memory":25478336,"params":["Parameters",{"gctrial":true,"time_tolerance":0.05,"samples":10000,"evals":1,"gcsample":false,"seconds":5.0,"overhead":0.0,"memory_tolerance":0.01}],"times":[1.399193186e9,1.390132113e9,1.388593742e9,1.365050432e9]}],["Trial",{"allocs":181865,"gctimes":[0.0,0.0],"memory":51376512,"params":["Parameters",{"gctrial":true,"time_tolerance":0.05,"samples":10000,"evals":1,"gcsample":false,"seconds":5.0,"overhead":0.0,"memory_tolerance":0.01}],"times":[3.397450988e9,3.465884027e9]}],["Trial",{"allocs":220223,"gctimes":[0.0,0.0],"memory":64813408,"params":["Parameters",{"gctrial":true,"time_tolerance":0.05,"samples":10000,"evals":1,"gcsample":false,"seconds":5.0,"overhead":0.0,"memory_tolerance":0.01}],"times":[4.498934119e9,4.589330063e9]}],["Trial",{"allocs":273787,"gctimes":[0.0],"memory":96511808,"params":["Parameters",{"gctrial":true,"time_tolerance":0.05,"samples":10000,"evals":1,"gcsample":false,"seconds":5.0,"overhead":0.0,"memory_tolerance":0.01}],"times":[7.616548265e9]}],["Trial",{"allocs":453640,"gctimes":[0.0],"memory":163661472,"params":["Parameters",{"gctrial":true,"time_tolerance":0.05,"samples":10000,"evals":1,"gcsample":false,"seconds":5.0,"overhead":0.0,"memory_tolerance":0.01}],"times":[1.3329337354e10]}],["Trial",{"allocs":564812,"gctimes":[0.0],"memory":250665280,"params":["Parameters",{"gctrial":true,"time_tolerance":0.05,"samples":10000,"evals":1,"gcsample":false,"seconds":5.0,"overhead":0.0,"memory_tolerance":0.01}],"times":[2.1295468644e10]}]],"medians":[1032.230681,1389.3629275,3431.6675075,4544.132091,7616.548265,13329.337354,21295.468644]}