{"lengs":[19998.61869632745],"benchmarks":[["Trial",{"allocs":266710829,"gctimes":[2.002806968e9],"memory":17185091264,"params":["Parameters",{"gctrial":true,"time_tolerance":0.05,"samples":10000,"evals":1,"gcsample":false,"seconds":5.0,"overhead":0.0,"memory_tolerance":0.01}],"times":[5.97508413064e11]}]],"medians":[597508.413064]}