{"lengs":[10.0,31.622776601683793,100.0,316.22776601683796,1000.0,3162.2776601683795,10000.0,31622.776601683792,100000.0],"benchmarks":[["Trial",{"allocs":863108,"gctimes":[0.0,0.0,0.0,1.8645006e7,0.0,0.0,0.0,1.8317007e7,0.0,0.0,0.0,1.8381338e7,0.0,0.0,1.8728842e7,0.0,0.0,0.0,1.8242043e7,0.0,0.0,0.0,1.8448474e7,0.0,0.0,1.8697858e7,0.0,0.0,0.0,1.8670539e7,0.0,0.0,0.0,1.8432411e7,0.0,0.0,1.8272967e7,0.0,0.0,0.0,1.8204752e7,0.0,0.0,0.0,1.8179774e7,0.0,0.0,1.8295044e7,0.0,0.0,0.0,1.8196128e7,0.0,0.0,0.0,1.8395612e7,0.0,0.0,1.8331859e7,0.0,0.0,0.0,1.8266882e7,0.0,0.0,0.0,1.9269561e7,0.0,0.0],"memory":57289368,"params":["Parameters",{"gctrial":true,"time_tolerance":0.05,"samples":10000,"evals":1,"gcsample":false,"seconds":5.0,"overhead":0.0,"memory_tolerance":0.01}],"times":[7.0728043e7,7.3987375e7,7.3190303e7,8.7785146e7,5.8116116e7,7.208446e7,7.2566948e7,8.2691023e7,6.2372273e7,7.288487e7,7.2785942e7,7.8324999e7,6.6749965e7,7.5495021e7,9.2998198e7,6.2656402e7,7.3204645e7,7.2725697e7,8.3681187e7,6.0826752e7,7.3057608e7,7.2855659e7,8.0204838e7,6.9244454e7,7.6221788e7,9.277301e7,6.2053469e7,7.5241264e7,7.5857107e7,8.7198964e7,6.0587753e7,7.269667e7,7.2653531e7,7.9810935e7,6.4539379e7,7.2939101e7,9.0180102e7,5.7788575e7,6.9387499e7,7.2703282e7,8.5131803e7,6.2515123e7,7.4577643e7,7.3027148e7,8.0572737e7,6.3872536e7,7.2707233e7,9.0570965e7,5.8089545e7,6.9914563e7,7.2858389e7,8.5973878e7,5.8370466e7,7.2628721e7,8.1154141e7,8.4610443e7,6.3906172e7,7.248018e7,9.1618737e7,6.1075468e7,6.7553001e7,7.3031352e7,8.7177848e7,5.84872e7,7.432048e7,7.2986416e7,8.3030389e7,6.2057783e7,7.2809397e7]}],["Trial",{"allocs":863820,"gctimes":[0.0,0.0,0.0,1.8722435e7,0.0,0.0,0.0,1.8648897e7,0.0,0.0,0.0,1.8972916e7,0.0,0.0,1.8792306e7,0.0,0.0,0.0,1.8734126e7,0.0,0.0,0.0,1.8383773e7,0.0,0.0,1.9117313e7,0.0,0.0,0.0,1.8321369e7,0.0,0.0,0.0,1.8334665e7,0.0,0.0,1.8690047e7,0.0,0.0,0.0,1.8835757e7,0.0,0.0,0.0,1.8711199e7,0.0,0.0,1.8587161e7,0.0,0.0,0.0,1.8337778e7,0.0,0.0,0.0,1.8427124e7,0.0,0.0,1.8390043e7,0.0,0.0,0.0,1.8680905e7,0.0,0.0,0.0,1.8324482e7,0.0,0.0],"memory":57336520,"params":["Parameters",{"gctrial":true,"time_tolerance":0.05,"samples":10000,"evals":1,"gcsample":false,"seconds":5.0,"overhead":0.0,"memory_tolerance":0.01}],"times":[7.1162088e7,7.3371192e7,7.3157766e7,8.7817628e7,5.7751894e7,7.2075255e7,7.3083826e7,8.3696276e7,6.6154854e7,7.3236991e7,7.3640544e7,8.1765921e7,6.6811813e7,7.4886238e7,8.859307e7,5.7896442e7,7.1265054e7,7.5551799e7,8.3454405e7,6.1165134e7,7.2844424e7,7.2960578e7,7.8424451e7,6.5490251e7,7.2984212e7,9.1633264e7,5.8784588e7,7.1186981e7,7.3348603e7,8.4030705e7,6.0502533e7,7.2323016e7,7.2794569e7,7.8991313e7,6.5320891e7,7.5447003e7,8.9748269e7,5.7675269e7,6.9387062e7,7.5350846e7,8.6832978e7,6.0125356e7,7.2611503e7,7.3191903e7,8.0245153e7,6.4345743e7,7.3250665e7,9.0398776e7,5.7743391e7,6.9712766e7,7.4180932e7,8.5498972e7,5.9107204e7,7.2303322e7,7.6479523e7,8.1475923e7,6.3774205e7,7.419776e7,9.1218321e7,5.788717e7,6.7978471e7,7.3371041e7,8.8902668e7,5.8364528e7,7.239179e7,7.4661218e7,8.139238e7,6.3065258e7,7.7221146e7]}],["Trial",{"allocs":864532,"gctimes":[0.0,0.0,0.0,1.8636485e7,0.0,0.0,0.0,1.8474388e7,0.0,0.0,0.0,1.8380214e7,0.0,0.0,1.8388487e7,0.0,0.0,0.0,1.8361965e7,0.0,0.0,0.0,1.8446194e7,0.0,0.0,1.8407859e7,0.0,0.0,0.0,1.8611977e7,0.0,0.0,0.0,1.8905012e7,0.0,0.0,1.8881197e7,0.0,0.0,0.0,1.8830144e7,0.0,0.0,0.0,1.8909175e7,0.0,0.0,1.8799494e7,0.0,0.0,0.0,1.8480953e7,0.0,0.0,0.0,1.8383985e7,0.0,0.0,1.846351e7,0.0,0.0,0.0,1.8372208e7,0.0,0.0,0.0,1.8663211e7,0.0],"memory":57383672,"params":["Parameters",{"gctrial":true,"time_tolerance":0.05,"samples":10000,"evals":1,"gcsample":false,"seconds":5.0,"overhead":0.0,"memory_tolerance":0.01}],"times":[7.0579431e7,7.3255153e7,7.4738141e7,8.824518e7,5.7953551e7,7.2131308e7,7.2798948e7,8.2499473e7,6.1992159e7,7.6084811e7,7.3180983e7,7.82693e7,6.6519562e7,7.2873035e7,8.7829393e7,5.8819076e7,7.1039491e7,7.2875371e7,8.3544539e7,6.1445803e7,7.2119793e7,7.3025911e7,7.7925168e7,6.9499551e7,7.3369606e7,8.9058998e7,5.7555425e7,7.0407543e7,7.3130633e7,8.4562544e7,6.1081402e7,7.5494867e7,7.6616438e7,8.327958e7,6.8912533e7,7.8885078e7,9.6286236e7,6.2233671e7,7.3778984e7,7.6474606e7,8.7853616e7,6.3370488e7,7.5890482e7,7.7089092e7,8.2996628e7,6.860301e7,7.6027504e7,9.4087742e7,6.0581862e7,7.2676477e7,7.7079982e7,8.6556241e7,5.9400999e7,7.2253071e7,7.2765156e7,7.9857802e7,6.4216211e7,7.2754441e7,9.0947193e7,5.7550015e7,6.8612099e7,7.3045441e7,8.5649949e7,5.8910964e7,7.7207154e7,7.716079e7,8.0961393e7,6.355993e7]}],["Trial",{"allocs":865244,"gctimes":[0.0,0.0,0.0,1.898685e7,0.0,0.0,0.0,1.8748629e7,0.0,0.0,0.0,1.9163418e7,0.0,0.0,1.9150289e7,0.0,0.0,0.0,1.890422e7,0.0,0.0,0.0,1.9522059e7,0.0,0.0,1.8664103e7,0.0,0.0,0.0,1.8636681e7,0.0,0.0,0.0,1.8655044e7,0.0,0.0,1.8789517e7,0.0,0.0,0.0,1.8636881e7,0.0,0.0,0.0,1.8685315e7,0.0,0.0,1.8652531e7,0.0,0.0,0.0,1.9175411e7,0.0,0.0,0.0,1.877508e7,0.0,0.0,1.8642898e7,0.0,0.0,0.0,1.8630733e7,0.0,0.0,0.0,1.8611192e7,0.0,0.0],"memory":57430824,"params":["Parameters",{"gctrial":true,"time_tolerance":0.05,"samples":10000,"evals":1,"gcsample":false,"seconds":5.0,"overhead":0.0,"memory_tolerance":0.01}],"times":[7.038862e7,7.3752688e7,7.3279738e7,8.7925405e7,5.7603289e7,7.1734133e7,7.2914318e7,8.3076823e7,6.46907e7,7.3126645e7,7.6586458e7,8.1180819e7,7.0228629e7,7.6103989e7,9.1871389e7,6.2558137e7,7.4721061e7,7.3172143e7,8.3023224e7,6.184507e7,7.1859951e7,7.3042534e7,8.1139283e7,6.653448e7,7.2928264e7,8.8505252e7,5.7557415e7,7.1047478e7,7.2924875e7,8.3371869e7,6.138702e7,7.2227717e7,7.2947479e7,7.8339921e7,6.6058748e7,7.2710407e7,9.2396071e7,5.760078e7,7.0589427e7,7.276767e7,8.3728546e7,6.0583891e7,7.1937425e7,7.3179224e7,8.0763648e7,6.5568677e7,7.3101369e7,8.9292354e7,5.7583823e7,6.9904457e7,7.5873038e7,8.8477965e7,6.3681615e7,7.5492227e7,8.4524878e7,7.9523645e7,6.5332087e7,7.3156947e7,8.9860137e7,5.7464085e7,6.9978726e7,7.312751e7,8.6320809e7,5.9830285e7,7.3626562e7,7.3724056e7,7.9839124e7,6.5013986e7,7.3001278e7]}],["Trial",{"allocs":865244,"gctimes":[0.0,0.0,0.0,1.8968687e7,0.0,0.0,0.0,1.9456854e7,0.0,0.0,0.0,1.8911734e7,0.0,0.0,1.8679452e7,0.0,0.0,0.0,1.8618345e7,0.0,0.0,0.0,1.882034e7,0.0,0.0,1.8647259e7,0.0,0.0,0.0,1.8609053e7,0.0,0.0,0.0,1.8660892e7,0.0,0.0,1.8767938e7,0.0,0.0,0.0,1.8612573e7,0.0,0.0,0.0,1.8574675e7,0.0,0.0,1.8601153e7,0.0,0.0,0.0,1.8315803e7,0.0,0.0,0.0,1.8325079e7,0.0,0.0,1.8611021e7,0.0,0.0,0.0,1.8627698e7,0.0,0.0,0.0,1.858886e7,0.0,0.0],"memory":57430824,"params":["Parameters",{"gctrial":true,"time_tolerance":0.05,"samples":10000,"evals":1,"gcsample":false,"seconds":5.0,"overhead":0.0,"memory_tolerance":0.01}],"times":[7.0454846e7,7.4182821e7,7.3250399e7,8.8148355e7,5.7595555e7,7.1909021e7,7.3480402e7,8.4942379e7,6.2642992e7,8.0835205e7,7.2853181e7,7.748632e7,6.8708336e7,7.1996346e7,8.7759407e7,5.7675395e7,7.179366e7,7.2792637e7,8.2755153e7,6.1686954e7,7.2591778e7,7.5812151e7,7.8188695e7,6.7110574e7,7.3067621e7,8.8354216e7,5.776037e7,7.1447893e7,7.2631259e7,8.5303007e7,6.0966385e7,7.2411588e7,7.2755534e7,7.8178396e7,6.6157806e7,7.3639326e7,8.968998e7,5.7970652e7,7.0895313e7,7.258835e7,8.3779959e7,6.0544129e7,7.247048e7,7.2766478e7,7.9114936e7,6.5516966e7,7.2108421e7,8.9299363e7,5.7488471e7,7.0445456e7,7.5644526e7,8.4527e7,6.0177965e7,7.2631578e7,7.3419133e7,7.9205814e7,6.5762257e7,7.2450472e7,8.9934756e7,5.768601e7,7.0084582e7,7.2726985e7,8.4823829e7,6.016692e7,7.7529287e7,7.3983197e7,7.9872383e7,6.4851173e7,7.3699415e7]}],["Trial",{"allocs":865956,"gctimes":[0.0,0.0,0.0,1.903036e7,0.0,0.0,0.0,1.8863076e7,0.0,0.0,0.0,1.8733172e7,0.0,0.0,1.8700566e7,0.0,0.0,0.0,1.8708242e7,0.0,0.0,0.0,1.8855898e7,0.0,0.0,1.8687701e7,0.0,0.0,0.0,1.866893e7,0.0,0.0,0.0,1.8689862e7,0.0,0.0,1.8725512e7,0.0,0.0,0.0,1.8774928e7,0.0,0.0,0.0,1.8626154e7,0.0,0.0,1.852802e7,0.0,0.0,0.0,1.8844238e7,0.0,0.0,0.0,1.9080473e7,0.0,0.0,1.8727606e7,0.0,0.0,0.0,1.9400299e7,0.0,0.0,0.0,1.9116096e7,0.0],"memory":57477976,"params":["Parameters",{"gctrial":true,"time_tolerance":0.05,"samples":10000,