{"lengs":[19.998618696327437],"benchmarks":[["Trial",{"allocs":95359,"gctimes":[0.0,0.0,0.0,0.0,0.0,0.0,0.0,0.0,0.0,0.0,0.0,0.0,0.0,0.0,0.0,0.0,0.0,0.0,0.0,0.0,0.0,0.0,0.0,0.0,0.0,0.0,0.0,0.0,0.0,2.1026142e7,0.0,0.0,0.0,0.0,0.0,0.0,0.0,0.0,0.0,0.0,0.0,0.0,0.0,0.0,0.0,0.0,0.0,0.0,0.0,0.0,0.0,0.0,0.0,0.0,0.0,0.0,0.0,0.0,0.0,2.17402e7,0.0,0.0,0.0,0.0,0.0,0.0,0.0,0.0,0.0,0.0,0.0,0.0,0.0,0.0,0.0,0.0,0.0,0.0,0.0,0.0,0.0,0.0,0.0,0.0,0.0,0.0,0.0,0.0,0.0,2.0940939e7,0.0,0.0,0.0,0.0,0.0,0.0,0.0,0.0,0.0,0.0,0.0,0.0,0.0,0.0,0.0,0.0,0.0,0.0,0.0,0.0,0.0,0.0,0.0,0.0,0.0,0.0,0.0,0.0,0.0,2.0883443e7,0.0,0.0,0.0,0.0,0.0,0.0,0.0,0.0,0.0,0.0,0.0,0.0,0.0,0.0,0.0,0.0,0.0,0.0,0.0,0.0,0.0,0.0,0.0,0.0,0.0,0.0,0.0,0.0,0.0,2.0872505e7,0.0,0.0,0.0,0.0,0.0,0.0,0.0,0.0,0.0,0.0,0.0,0.0,0.0,0.0,0.0,0.0,0.0,0.0,0.0,0.0,0.0,0.0,0.0,0.0,0.0,0.0,0.0,0.0,0.0,2.0887046e7,0.0,0.0,0.0,0.0,0.0,0.0,0.0,0.0,0.0,0.0,0.0,0.0,0.0,0.0,0.0,0.0,0.0,0.0,0.0,0.0,0.0,0.0,0.0,0.0,0.0,0.0,0.0,0.0,0.0,2.092314e7,0.0,0.0,0.0,0.0,0.0,0.0,0.0,0.0,0.0,0.0,0.0,0.0,0.0,0.0,0.0,0.0,0.0,0.0,0.0,0.0,0.0,0.0,0.0,0.0,0.0,0.0,0.0,0.0,0.0,2.1362552e7,0.0,0.0,0.0,0.0,0.0,0.0,0.0,0.0,0.0,0.0,0.0,0.0,0.0,0.0,0.0,0.0,0.0,0.0,0.0,0.0,0.0,0.0,0.0,0.0,0.0,0.0,0.0,0.0,0.0,2.138864e7,0.0,0.0,0.0,0.0,0.0,0.0,0.0,0.0,0.0,0.0,0.0,0.0,0.0,0.0,0.0,0.0,0.0,0.0,0.0,0.0,0.0,0.0,0.0,0.0,0.0,0.0,0.0,0.0,0.0,2.0970014e7,0.0,0.0,0.0,0.0,0.0,0.0,0.0,0.0,0.0,0.0,0.0,0.0,0.0,0.0,0.0,0.0,0.0,0.0,0.0,0.0,0.0,0.0,0.0,0.0,0.0,0.0,0.0,0.0,0.0,2.1102947e7,0.0,0.0,0.0,0.0,0.0,0.0,0.0,0.0,0.0,0.0,0.0,0.0,0.0,0.0,0.0,0.0,0.0,0.0,0.0,0.0,0.0,0.0,0.0,0.0,0.0,0.0,0.0,0.0,0.0,2.0923907e7,0.0,0.0,0.0,0.0,0.0,0.0,0.0,0.0,0.0,0.0,0.0,0.0,0.0,0.0,0.0,0.0,0.0,0.0,0.0,0.0,0.0,0.0,0.0,0.0,0.0,0.0,0.0,0.0,0.0,2.098923e7,0.0,0.0,0.0,0.0,0.0,0.0,0.0,0.0,0.0,0.0,0.0,0.0,0.0,0.0,0.0,0.0,0.0,0.0,0.0,0.0,0.0,0.0,0.0,0.0,0.0,0.0,0.0,0.0,0.0,2.0844399e7,0.0,0.0,0.0,0.0,0.0,0.0,0.0,0.0,0.0,0.0,0.0,0.0,0.0,0.0,0.0,0.0,0.0,0.0,0.0,0.0,0.0,0.0,0.0,0.0,0.0,0.0,0.0,0.0,0.0,2.0878516e7,0.0,0.0,0.0,0.0,0.0,0.0,0.0,0.0,0.0,0.0,0.0,0.0,0.0,0.0,0.0,0.0,0.0,0.0,0.0,0.0,0.0,0.0,0.0,0.0,0.0,0.0,0.0,0.0,0.0,2.0868432e7,0.0,0.0,0.0,0.0,0.0,0.0,0.0,0.0,0.0,0.0,0.0,0.0,0.0,0.0,0.0,0.0,0.0,0.0,0.0,0.0,0.0,0.0,0.0,0.0,0.0,0.0,0.0,0.0,0.0,2.0888578e7,0.0,0.0,0.0,0.0,0.0,0.0,0.0,0.0,0.0,0.0,0.0,0.0,0.0,0.0,0.0,0.0,0.0,0.0,0.0,0.0,0.0,0.0,0.0,0.0,0.0,0.0,0.0,0.0,0.0,2.0877072e7,0.0,0.0,0.0,0.0,0.0,0.0,0.0,0.0,0.0,0.0,0.0,0.0,0.0,0.0,0.0,0.0,0.0,0.0,0.0,0.0,0.0,0.0,0.0,0.0,0.0,0.0,0.0,0.0,0.0,2.0903542e7,0.0,0.0,0.0,0.0,0.0,0.0,0.0,0.0,0.0,0.0,0.0,0.0,0.0,0.0,0.0,0.0,0.0,0.0,0.0,0.0,0.0,0.0,0.0,0.0,0.0,0.0,0.0,0.0,0.0,2.0879886e7,0.0,0.0,0.0,0.0,0.0,0.0,0.0,0.0,0.0,0.0,0.0,0.0,0.0,0.0,0.0,0.0,0.0,0.0,0.0,0.0,0.0,0.0,0.0,0.0,0.0,0.0,0.0,0.0,0.0,2.0823648e7,0.0,0.0,0.0,0.0,0.0,0.0,0.0,0.0,0.0,0.0,0.0,0.0,0.0,0.0,0.0,0.0,0.0,0.0,0.0,0.0,0.0,0.0,0.0,0.0,0.0,0.0,0.0,0.0,0.0,2.0882594e7,0.0,0.0,0.0,0.0,0.0,0.0,0.0,0.0,0.0,0.0,0.0,0.0,0.0,0.0,0.0,0.0,0.0,0.0,0.0,0.0,0.0,0.0,0.0,0.0,0.0,0.0,0.0,0.0,2.0917632e7,0.0,0.0,0.0,0.0,0.0,0.0,0.0,0.0,0.0,0.0,0.0,0.0,0.0,0.0,0.0,0.0,0.0,0.0,0.0,0.0,0.0,0.0,0.0,0.0,0.0,0.0,0.0,0.0,0.0,2.0902015e7,0.0,0.0,0.0,0.0,0.0,0.0,0.0,0.0,0.0,0.0,0.0,0.0,0.0,0.0,0.0,0.0,0.0,0.0,0.0,0.0,0.0,0.0],"memory":6924376,"params":["Parameters",{"gctrial":true,"time_tolerance":0.05,"samples":10000,"evals":1,"gcsample":false,"seconds":5.0,"overhead":0.0,"memory_tolerance":0.01}],"times":[6.442733e6,6.176141e6,6.388165e6,6.395966e6,6.385034e6,6.511547e6,6.573484e6,6.532604e6,6.523424e6,6.611209e6,6.670236e6,6.650828e6,6.637203e6,6.688556e6,6.664634e6,6.666859e6,6.668347e6,6.631448e6,6.643252e6,6.709122e6,6.672884e6,6.66685e6,6.699874e6,6.679297e6,6.787256e6,6.724259e6,6.685803e6,6.788612e6,6.861466e6,2.8273337e7,5.847625e6,4.929096e6,4.921361e6,4.880435e6,4.87937e6,4.887115e6,5.0842e6,5.194202e6,5.213457e6,5.136962e6,5.1814e6,5.128557e6,6.438647e6,6.954316e6,6.925413e6,6.932838e6,6.958911e6,6.950231e6,6.937202e6,7.023566e6,6.979512e6,6.970444e6,7.000207e6,6.977431e6,6.958547e6,7.024573e6,6.978426e6,7.075465e6,7.178947e6,2.9627386e7,6.188195e6,4.902807e6,5.165797e6,4.874889e6,5.133556e6,4.870098e6,5.140281e6,4.874389e6,5.141158e6,4.8636e6,5.142769e6,4.860111e6,6.45046e6,6.718789e6,6.776698e6,6.625759e6,6.624785e6,6.624939e6,6.638112e6,6.698336e6,6.641162e6,6.627527e6,6.697616e6,6.695144e6,6.630309e6,6.68609e6,6.646807e6,6.788415e6,6.816958e6,2.7974263e7,5.783347e6,4.907071e6,4.916113e6,4.872286e6,4.893122e6,4.887016e6,4.898021e6,4.867985e6,4.876347e6,4.894213e6,4.908828e6,4.867599e6,6.314266e6,6.604695e6,6.582431e6,6.614127e6,6.693179e6,6.704168e6,6.63772e6,6.700221e6,6.665168e6,6.722961e6,6.627076e6,6.627741e6,6.628007e6,6.67627e6,6.677101e6,6.772128e6,6.841469e6,2.7782604e7,5.776068e6,4.915846e6,4.882436e6,4.860654e6,4.860609e6,4.88878e6,4.867809e6,4.874915e6,4.889032e6,4.897341e6,4.906532e6,4.896481e6,6.373742e6,6.623747e6,6.611935e6,6.623734e6,6.630495e6,6.624808e6,6.63973e6,6.708811e6,6.625231e6,6.665398e6,6.752131e6,6.651998e6,6.636014e6,6.661777e6,6.665541e6,6.813064e6,6.862215e6,2.7732874e7,5.712071e6,4.911858e6,4.89007e6,4.894386e6,4.850714e6,4.887852e6,4.858447e6,4.879388e6,4.864593e6,4.891637e6,4.90181e6,4.899014e6,6.400627e6,6.60327e6,6.594928e6,6.604503e6,6.585551e6,6.597953e6,6.615146e6,6.671655e6,6.643613e6,6.663412e6,6.665085e6,6.64006e6,6.639439e6,6.706452e6,6.691817e6,6.809031e6,6.865841e6,2.7712096e7,5.732758e6,4.919665e6,4.902272e6,4.965479e6,4.872549e6,4.895657e6,4.85859e6,4.879868e6,4.892357e6,4.9572e6,4.920356e6,4.960041e6,6.445785e6,6.596506e6,6.589813e6,6.604599e6,6.621111e6,6.659651e6,6.614142e6,6.687806e6,6.661106e6,6.641835e6,6.667767e6,6.736719e6,6.637156e6,6.69654e6,6.687903e6,6.808863e6,6.920764e6,2.7524026e7,5.750623e6,5.520747e6,5.12908e6,5.49385e6,5.130117e6,5.458912e6,5.137679e6,5.452441e6,5.141911e6,5.490828e6,5.215322e6,5.420856e6,6.996828e6,6.909707e6,7.08409e6,7.091304e6,7.067963e6,6.968418e6,7.009372e6,7.016121e6,6.973045e6,6.974438e6,7.011211e6,7.122098e6,6.97708e6,7.017335e6,7.001145e6,7.16204e6,7.312719e6,2.8199466e7,6.02873e6,5.19161e6,5.198189e6,5.169831e6,5.196118e6,5.128075e6,5.150637e6,5.111624e6,5.163672e6,5.148187e6,5.163826e6,5.344792e6,6.85637e6,6.935537e6,6.907695e6,6.931946e6,6.943848e6,6.939839e6,6.992317e6,7.029415e6,6.988576e6,6.993528e6,6.983791e6,6.969513e6,6.949369e6,7.055125e6,7.019533e6,7.154117e6,7.302718e6,2.812054e7,5.983563e6,5.172648e6,5.181418e6,5.125214e6,5.149233e6,5.154819e6,5.137714e6,5.137839e6,5.168381e6,5.173736e6,5.15033e6,5.398191e6,6.580425e6,6.621241e6,6.619944e6,6.598881e6,6.633289e6,6.602628e6,6.629418e6,6.677249e6,6.63826e6,6.67235e6,6.657871e6,6.664787e6,6.774892e6,6.717254e6,6.667428e6,6.855741e6,6.997119e6,2.7325895e7,5.706402e6,4.923622e6,4.916865e6,4.867749e6,5.049275e6,4.893959e6,4.994824e6,4.876747e6,4.908653e6,4.917117e6,4.903404e6,5.178814e6,6.551564e6,6.610016e6,6.603255e6,6.594813e6,6.644361e6,6.618857e6,6.662105e6,6.690801e6,6.632169e6,6.669452e6,6.647754e6,6.637587e6,6.948616e6,7.900988e6,6.67993e6,6.917163e6,7.647701e6,2.7732346e7,5.675663e6,5.010088e6,4.882516e6,4.96964e6,4.870601e6,4.981972e6,4.848279e6,4.971852e6,4.867883e6,4.903092e6,4.878908e6,5.235293e6,6.552796e6,6.663239e6,6.609588e6,6.5956e6,6.604135e6,6.626053e6,6.651267e6,6.685264e6,6.669052e6,6.680758e6,6.71097e6,6.663984e6,6.762777e6,6.73343e6,6.710979e6,6.845817e6,7.023702e6,2.7135161e7,5.657863e6,4.929617e6,4.900859e6,5.584815e6,5.267658e6,5.576926e6,5.40436e6,5.34444e6,5.454132e6,4.880004e6,5.129875e6,5.297082e6,6.778876e6,6.682557e6,6.752633e6,6.612048e6,6.619526e6,6.616656e6,6.618002e6,6.682303e6,6.638722e6,6.633395e6,6.651547e6,6.610664e6,6.644127e6,6.720496e6,6.680798e6,6.830464e6,7.040553e6,2.7107257e7,5.657198e6,4.904403e6,4.905812e6,4.854462e6,4.854595e6,4.881243e6,4.868809e6,4.86259e6,4.896914e6,4.880151e6,4.899374e6,5.378033e6,6.554512e6,6.608035e6,6.596222e6,6.596902e6,6.64309e6,6.59021e6,6.667091e6,6.68625e6,6.653378e6,6.665578e6,6.660717e6,6.638681e6,6.652141e6,6.732083e6,6.654101e6,6.805651e6,7.038111e6,