{"lengs":[10.0,31.622776601683793,100.0,316.22776601683796,1000.0,3162.2776601683795,10000.0,31622.776601683792,100000.0],"benchmarks":[["Trial",{"allocs":11,"gctimes":[0.0,0.0,0.0,0.0,0.0,0.0,0.0,0.0,0.0,0.0,0.0,0.0,0.0,0.0,0.0],"memory":3664,"params":["Parameters",{"gctrial":true,"time_tolerance":0.05,"samples":10000,"evals":1,"gcsample":false,"seconds":5.0,"overhead":0.0,"memory_tolerance":0.01}],"times":[3.5850867e8,3.50194946e8,3.42575045e8,3.41513082e8,3.42533033e8,3.41933122e8,3.39744668e8,3.44110133e8,3.38381585e8,3.39540168e8,3.4341551e8,3.4273313e8,3.41579055e8,3.43377661e8,3.42428101e8]}],["Trial",{"allocs":11,"gctimes":[0.0,0.0,0.0,0.0,0.0],"memory":3664,"params":["Parameters",{"gctrial":true,"time_tolerance":0.05,"samples":10000,"evals":1,"gcsample":false,"seconds":5.0,"overhead":0.0,"memory_tolerance":0.01}],"times":[9.95499377e8,1.011941125e9,1.041597926e9,1.008989304e9,1.038088453e9]}],["Trial",{"allocs":11,"gctimes":[0.0,0.0],"memory":3664,"params":["Parameters",{"gctrial":true,"time_tolerance":0.05,"samples":10000,"evals":1,"gcsample":false,"seconds":5.0,"overhead":0.0,"memory_tolerance":0.01}],"times":[3.121421205e9,3.0332473e9]}],["Trial",{"allocs":11,"gctimes":[0.0],"memory":3664,"params":["Parameters",{"gctrial":true,"time_tolerance":0.05,"samples":10000,"evals":1,"gcsample":false,"seconds":5.0,"overhead":0.0,"memory_tolerance":0.01}],"times":[9.502814353e9]}],["Trial",{"allocs":11,"gctimes":[0.0],"memory":3664,"params":["Parameters",{"gctrial":true,"time_tolerance":0.05,"samples":10000,"evals":1,"gcsample":false,"seconds":5.0,"overhead":0.0,"memory_tolerance":0.01}],"times":[3.0746100545e10]}],["Trial",{"allocs":11,"gctimes":[0.0],"memory":3664,"params":["Parameters",{"gctrial":true,"time_tolerance":0.05,"samples":10000,"evals":1,"gcsample":false,"seconds":5.0,"overhead":0.0,"memory_tolerance":0.01}],"times":[9.5595227059e10]}],["Trial",{"allocs":11,"gctimes":[0.0],"memory":3664,"params":["Parameters",{"gctrial":true,"time_tolerance":0.05,"samples":10000,"evals":1,"gcsample":false,"seconds":5.0,"overhead":0.0,"memory_tolerance":0.01}],"times":[2.99162875079e11]}],["Trial",{"allocs":11,"gctimes":[0.0],"memory":3664,"params":["Parameters",{"gctrial":true,"time_tolerance":0.05,"samples":10000,"evals":1,"gcsample":false,"seconds":5.0,"overhead":0.0,"memory_tolerance":0.01}],"times":[9.4117791076e11]}],["Trial",{"allocs":11,"gctimes":[0.0],"memory":3664,"params":["Parameters",{"gctrial":true,"time_tolerance":0.05,"samples":10000,"evals":1,"gcsample":false,"seconds":5.0,"overhead":0.0,"memory_tolerance":0.01}],"times":[3.009536874256e12]}]],"medians":[342.533033,1011.941125,3077.3342525,9502.814353,30746.100545,95595.227059,299162.875079,941177.91076,3.009536874256e6]}