{"lengs":[10.0,21.544346900318832,46.4158883361278,100.0,215.44346900318845,464.15888336127773,1000.0],"benchmarks":[["Trial",{"allocs":54,"gctimes":[0.0,0.0,0.0,0.0,0.0,0.0,0.0,0.0,0.0,0.0,0.0,0.0,0.0,0.0,0.0,0.0,0.0,0.0,0.0,0.0,0.0,0.0,0.0,0.0,0.0,0.0,0.0,0.0,0.0,0.0,0.0,0.0,0.0,0.0,0.0,0.0,0.0,0.0,0.0,0.0,0.0,0.0,0.0,0.0,0.0,0.0,0.0,0.0,0.0,0.0,0.0,0.0,0.0,0.0,0.0,0.0,0.0,0.0,0.0,0.0,0.0,0.0,0.0,0.0,0.0,0.0,0.0,0.0,0.0,0.0,0.0,0.0,0.0,0.0,0.0,0.0,0.0,0.0,0.0,0.0,0.0,0.0,0.0,0.0,0.0,0.0,0.0,0.0,0.0,0.0,0.0,0.0,0.0,0.0,0.0,0.0,0.0,0.0,0.0,0.0,0.0,0.0,0.0,0.0,0.0,0.0,0.0,0.0,0.0,0.0,0.0,0.0,0.0,0.0,0.0,0.0,0.0,0.0,0.0,0.0,0.0,0.0,0.0,0.0,0.0,0.0,0.0,0.0,0.0,0.0,0.0,0.0,0.0,0.0,0.0,0.0,0.0,0.0,0.0,0.0,0.0,0.0,0.0,0.0,0.0,0.0,0.0,0.0,0.0,0.0,0.0,0.0,0.0,0.0,0.0,0.0,0.0,0.0,0.0,0.0,0.0,0.0,0.0,0.0,0.0,0.0,0.0,0.0,0.0,0.0,0.0,0.0,0.0,0.0,0.0,0.0,0.0,0.0,0.0,0.0,0.0,0.0,0.0,0.0,0.0,0.0,0.0,0.0,0.0,0.0,0.0,0.0,0.0,0.0,0.0,0.0,0.0,0.0,0.0,0.0,0.0,0.0,0.0,0.0,0.0,0.0,0.0,0.0,0.0,0.0,0.0,0.0,0.0,0.0,0.0,0.0,0.0,0.0,0.0,0.0,0.0,0.0,0.0,0.0,0.0,0.0,0.0,0.0,0.0,0.0,0.0,0.0,0.0,0.0,0.0,0.0,0.0,0.0,0.0,0.0,0.0,0.0,0.0,0.0,0.0,0.0,0.0,0.0,0.0,0.0,0.0,0.0,0.0,0.0,0.0,0.0,0.0,0.0,0.0,0.0,0.0,0.0,0.0,0.0,0.0,0.0,0.0,0.0,0.0,0.0,0.0,0.0,0.0,0.0,0.0,0.0,0.0,0.0,0.0,0.0,0.0,0.0,0.0,0.0,0.0,0.0,0.0,0.0,0.0,0.0,0.0,0.0,0.0,0.0,0.0,0.0,0.0,0.0,0.0,0.0,0.0,0.0,0.0,0.0,0.0,0.0,0.0,0.0,0.0,0.0,0.0,0.0,0.0,0.0,0.0,0.0,0.0,0.0,0.0,0.0,0.0,0.0,0.0,0.0,0.0,0.0,0.0,0.0,0.0,0.0,0.0,0.0,0.0,0.0,0.0,0.0,0.0,0.0,0.0,0.0,0.0,0.0,0.0,0.0,0.0,0.0,0.0,0.0,0.0,0.0,0.0,0.0,0.0,0.0,0.0,0.0,0.0,0.0,0.0,0.0,0.0,0.0,0.0,0.0,0.0,0.0,0.0,0.0,0.0,0.0,0.0,0.0,0.0,0.0,0.0,0.0,0.0,0.0,0.0,0.0,0.0,0.0,0.0,0.0,0.0,0.0,0.0,0.0,0.0,0.0,0.0,0.0,0.0,0.0,0.0,0.0,0.0,0.0,0.0,0.0,0.0,0.0,0.0,0.0,0.0,0.0,0.0,0.0,0.0,0.0,0.0],"memory":76736,"params":["Parameters",{"gctrial":true,"time_tolerance":0.05,"samples":10000,"evals":1,"gcsample":false,"seconds":5.0,"overhead":0.0,"memory_tolerance":0.01}],"times":[1.2431987e7,1.1686442e7,1.1686037e7,1.1680254e7,1.1727195e7,1.1666404e7,1.1687159e7,1.1748657e7,1.1688993e7,1.167138e7,1.1676535e7,1.1762443e7,1.166824e7,1.1676198e7,1.1790876e7,1.1716014e7,1.168873e7,1.1663073e7,1.1672971e7,1.172927e7,1.1732958e7,1.1685059e7,1.1744047e7,1.1680338e7,1.1671804e7,1.1713069e7,1.1762187e7,1.1683655e7,1.1670385e7,1.1755381e7,1.1677421e7,1.167737e7,1.1741394e7,1.1685881e7,1.1719985e7,1.1764133e7,1.1667634e7,1.168301e7,1.166072e7,1.1669335e7,1.1677999e7,1.1765451e7,1.1699228e7,1.1758124e7,1.1673744e7,1.1667845e7,1.1676002e7,1.1680479e7,1.1674777e7,1.166182e7,1.1676031e7,1.1688479e7,1.1676124e7,1.1725453e7,1.1755308e7,1.1672186e7,1.1668215e7,1.1678361e7,1.1672081e7,1.1670697e7,1.1696406e7,1.1697547e7,1.1765854e7,1.1708114e7,1.1723002e7,1.1770482e7,1.1762963e7,1.1734094e7,1.3338065e7,1.2915497e7,1.2462526e7,1.1989809e7,1.2327151e7,1.1923319e7,1.184006e7,1.1745964e7,1.1834015e7,1.1678446e7,1.1682497e7,1.167732e7,1.1676808e7,1.1819521e7,1.1860201e7,1.1840138e7,1.1965004e7,1.1812606e7,1.169808e7,1.1707896e7,1.1695761e7,1.224571e7,1.199667e7,1.1769413e7,1.1779884e7,1.1760563e7,1.1941833e7,1.1879945e7,1.1856053e7,1.186112e7,1.1854601e7,1.1817024e7,1.1884546e7,1.1783255e7,1.1854447e7,1.1756082e7,1.1757628e7,1.1835004e7,1.1720763e7,1.1673519e7,1.1758628e7,1.167572e7,1.1767926e7,1.1771044e7,1.16764e7,1.167147e7,1.1707476e7,1.1695531e7,1.1713381e7,1.167934e7,1.1668786e7,1.1750975e7,1.174438e7,1.1721925e7,1.181186e7,1.194316e7,1.1839182e7,1.1876937e7,1.1675243e7,1.1670273e7,1.189373e7,1.1703881e7,1.1672578e7,1.1758218e7,1.1673435e7,1.1687071e7,1.1718917e7,1.1728119e7,1.1761105e7,1.1681293e7,1.1755652e7,1.1668719e7,1.1665484e7,1.1672705e7,1.1859532e7,1.1762269e7,1.1764062e7,1.1672431e7,1.1684935e7,1.1667329e7,1.1702722e7,1.1672538e7,1.1673735e7,1.175743e7,1.1737847e7,1.18069e7,1.1708283e7,1.169243e7,1.349914e7,1.3220727e7,1.3045417e7,1.2907797e7,1.2807728e7,1.2764471e7,1.2797541e7,1.2804316e7,1.2782491e7,1.2760784e7,1.2763241e7,1.2455669e7,1.2545769e7,1.2487329e7,1.2435187e7,1.243725e7,1.2503435e7,1.2335528e7,1.241302e7,1.2517773e7,1.2465458e7,1.2520801e7,1.2461043e7,1.2465561e7,1.2333825e7,1.2521785e7,1.2342574e7,1.2334045e7,1.2337045e7,1.2406555e7,1.233523e7,1.2435129e7,1.2474519e7,1.2400733e7,1.2372969e7,1.2338101e7,1.2445125e7,1.2462709e7,1.2425445e7,1.2482589e7,1.2400158e7,1.2392384e7,1.2369265e7,1.2348172e7,1.2337643e7,1.234311e7,1.234584e7,1.2424464e7,1.2505308e7,1.2412338e7,1.2360378e7,1.2430048e7,1.2346098e7,1.2340806e7,1.238071e7,1.2432128e7,1.2341988e7,1.2398156e7,1.2348943e7,1.2335426e7,1.2363835e7,1.2333718e7,1.2383821e7,1.2348491e7,1.2424427e7,1.2427189e7,1.2479802e7,1.233503e7,1.2436445e7,1.2452151e7,1.2408449e7,1.2346024e7,1.2392497e7,1.2430361e7,1.2385146e7,1.2338709e7,1.2340045e7,1.2724634e7,1.2507395e7,1.2502721e7,1.2411055e7,1.244229e7,1.2356932e7,1.3007647e7,1.2907271e7,1.2752226e7,1.2441755e7,1.2462235e7,1.260247e7,1.2558824e7,1.2424995e7,1.2348022e7,1.2346728e7,1.2332706e7,1.2447491e7,1.2461427e7,1.2566214e7,1.2352508e7,1.2345377e7,1.2355793e7,1.2363405e7,1.2389365e7,1.2433554e7,1.2437855e7,1.2386218e7,1.2429111e7,1.2445852e7,1.2348262e7,1.2344607e7,1.2349e7,1.2351099e7,1.2422367e7,1.2474264e7,1.240737e7,1.2347244e7,1.2353069e7,1.2352741e7,1.2352895e7,1.2375773e7,1.236525e7,1.2350698e7,1.2454319e7,1.2441126e7,1.2438764e7,1.2441516e7,1.2368448e7,1.2351133e7,1.235171e7,1.235303e7,1.2442453e7,1.2356459e7,1.2382385e7,1.2419478e7,1.2424711e7,1.2455052e7,1.2351319e7,1.234356e7,1.2436738e7,1.2375069e7,1.2396653e7,1.2436295e7,1.2445268e7,1.234697e7,1.2462692e7,1.2448989e7,1.2425714e7,1.2365017e7,1.2339941e7,1.2345726e7,1.2392488e7,1.244336e7,1.2428887e7,1.234483e7,1.24358e7,1.2356888e7,1.2345353e7,1.2441671e7,1.2351868e7,1.2347422e7,1.2369769e7,1.2426778e7,1.2364765e7,1.2344573e7,1.2340046e7,1.236867e7,1.2340884e7,1.2364837e7,1.3194097e7,1.2803477e7,1.2580493e7,1.2602981e7,1.2805216e7,1.245172e7,1.2488664e7,1.2428323e7,1.2489845e7,1.2400597e7,1.2457679e7,1.2428679e7,1.2454305e7,1.2409254e7,1.2350666e7,1.2338176e7,1.2372933e7,1.2344234e7,1.2333853e7,1.2349608e7,1.2349427e7,1.2515296e7,1.239739e7,1.240654e7,1.2430899e7,1.2397574e7,1.2351965e7,1.2338696e7,1.2335454e7,1.2344249e7,1.2387711e7,1.2390842e7,1.2338839e7,1.2346422e7,1.2359334e7,1.2338934e7,1.2344292e7,1.2361408e7,1.2323785e7,1.2341988e7,1.2326448e7,1.2437662e7,1.2359977e7,1.2337453e7,1.2434371e7,1.2404146e7,1.2436801e7,1.2537306e7,1.2344034e7,1.2382773e7,1.2351094e7,1.2526096e7,1.2428653e7,1.2330997e7,1.2357283e7,1.2401043e7,1.2429747e7,1.2421145e7,1.2435803e7,1.2350239e7,1.2381057e7,1.2387009e7,1.2351324e7,1.2411857e7,1.2358088e7,1.2438035e7,1.233979e7,1.2422482e7,1.2390737e7,1.2448128e7,1.2358018e7,1.2438204e7,1.2331242e7,1.2340849e7,1.2342502e7,1.2420293e7,1.2426726e7,1.2356414e7,1.236324e7,1.2447152e7,1.2332029e7,1.2360539e7,1.2338029e7,1.2774923e7,1.2927052e7,1.2598942e7,1.2701902e7,1.2815898e7]}],["Trial",{"allocs":54,"gctimes":[0.0,0.0,0.0,0.0,0.0,0.0,0.0,0.0,0.0,0.0,0.0,0.0,0.0,0.0,0.0,0.0,0.0,0.0,0.0,0.0,0.0,0.0,0.0,0.0,0.0,0.0,0.0,0.0,0.0,0.0,0.0,0.0,0.0,0.0,0.0,0.0,0.0,0.0,0.0,0.0,0.0,0.0,0.0,0.0,0.0,0.0,0.0,0.0,0.0,0.0,0.0,0.0,0.0,0.0,0.0,0.0,0.0,0.0,0.0,0.0,0.0,0.0,0.0,0.0,0.0,0.0,0.0,0.0,0.0,0.0,0.0,0.0,0.0,0.0,0.0,0.0,0.0,0.0,0.0,0.0,0.0,0.0,0.0,0.0,0.0,0.0,0.0,0.0,0.0,0.0,0.0,0.0,0.0,0.0,0.0,0.0,0.0,0.0,0.0,0.0,0.0,0.0,0.0,0.0,0.0,0.0,0.0,0.0,0.0,0.0,0.0,0.0,0.0,0.0,0.0,0.0,0.0,0.0,0.0,0.0,0.0,0.0,0.0,0.0,0.0,0.0,0.0,0.0,0.0,0.0,0.0,0.0,0.0,0.0,0.0,0.0,0.0,0.0,0.0,0.0,0.0,0.0,0.0,0.0,0.0,0.0,0.0,0.0,0.0,0.0,0.0,0.0,0.0,0.0,0.0,0.0,0.0,0.0,0.0,0.0,0.0,0.0,0.0,0.0,0.0,0.0,0.0,0.0,0.0,0.0,0.0,0.0,0.0,0.0,0.0,0.0,0.0,0.0,0.0,0.0,0.0,0.0,0.0,0.0,0.0,0.0,0.0,0.0,0.0,0.0,0.0,0.0,0.0,0.0,0.0,0.0,0.0,0.0,0.0,0.0,0.0,0.0,0.0,0.0,0.0,0.0,0.0,0.0,0.0,0.0,0.0,0.0,0.0,0.0,0.0,0.0,0.0,0.0,0.0,0.0,0.0,0.0,0.0,0.0,0.0,0.0,0.0,0.0,0.0,0.0,0.0,0.0,0.0,0.0,0.0,0.0,0.0,0.0,0.0,0.0,0.0,0.0,0.0,0.0,0.0,0.0,0.0,0.0,0.0,0.0,0.0,0.0,0.0,0.0,0.0,0.0,0.0],"memory":76736,"params":["Parameters",{"gctrial":true,"time_tolerance":0.05,