{"lengs":[10.0,21.544346900318832,46.4158883361278,100.0,215.44346900318845,464.15888336127773,1000.0],"benchmarks":[["Trial",{"allocs":69846,"gctimes":[6.995144e6],"memory":1002138768,"params":["Parameters",{"gctrial":true,"time_tolerance":0.05,"samples":10000,"evals":1,"gcsample":false,"seconds":5.0,"overhead":0.0,"memory_tolerance":0.01}],"times":[6.619708385e9]}],["Trial",{"allocs":150349,"gctimes":[1.8748358e7],"memory":2157894544,"params":["Parameters",{"gctrial":true,"time_tolerance":0.05,"samples":10000,"evals":1,"gcsample":false,"seconds":5.0,"overhead":0.0,"memory_tolerance":0.01}],"times":[1.4028474877e10]}],["Trial",{"allocs":323818,"gctimes":[2.29408912e8],"memory":4648459312,"params":["Parameters",{"gctrial":true,"time_tolerance":0.05,"samples":10000,"evals":1,"gcsample":false,"seconds":5.0,"overhead":0.0,"memory_tolerance":0.01}],"times":[3.1397605014e10]}],["Trial",{"allocs":697522,"gctimes":[1.295070219e9],"memory":10012379056,"params":["Parameters",{"gctrial":true,"time_tolerance":0.05,"samples":10000,"evals":1,"gcsample":false,"seconds":5.0,"overhead":0.0,"memory_tolerance":0.01}],"times":[6.8813146783e10]}],["Trial",{"allocs":1502640,"gctimes":[2.793615157e9],"memory":21570127872,"params":["Parameters",{"gctrial":true,"time_tolerance":0.05,"samples":10000,"evals":1,"gcsample":false,"seconds":5.0,"overhead":0.0,"memory_tolerance":0.01}],"times":[1.45642739906e11]}],["Trial",{"allocs":3237234,"gctimes":[4.362205977e9],"memory":46470784464,"params":["Parameters",{"gctrial":true,"time_tolerance":0.05,"samples":10000,"evals":1,"gcsample":false,"seconds":5.0,"overhead":0.0,"memory_tolerance":0.01}],"times":[3.11922019156e11]}],["Trial",{"allocs":6974280,"gctimes":[8.887529125e9],"memory":100120713792,"params":["Parameters",{"gctrial":true,"time_tolerance":0.05,"samples":10000,"evals":1,"gcsample":false,"seconds":5.0,"overhead":0.0,"memory_tolerance":0.01}],"times":[6.50215468238e11]}]],"medians":[6619.708385,14028.474877,31397.605014,68813.146783,145642.739906,311922.019156,650215.468238]}