{"lengs":[19998.61869632745],"benchmarks":[["Trial",{"allocs":266628773,"gctimes":[1.873475796e9],"memory":16619452048,"params":["Parameters",{"gctrial":true,"time_tolerance":0.05,"samples":10000,"evals":1,"gcsample":false,"seconds":5.0,"overhead":0.0,"memory_tolerance":0.01}],"times":[5.73248707192e11]}]],"medians":[573248.707192]}