{"lengs":[10.0,21.544346900318832,46.4158883361278,100.0,215.44346900318845,464.15888336127773,1000.0],"benchmarks":[["Trial",{"allocs":1716033,"gctimes":[0.0,0.0,2.3616901e7,0.0,3.1876449e7,0.0,2.416221e7,0.0,2.3090513e7],"memory":124734072,"params":["Parameters",{"gctrial":true,"time_tolerance":0.05,"samples":10000,"evals":1,"gcsample":false,"seconds":5.0,"overhead":0.0,"memory_tolerance":0.01}],"times":[6.07986743e8,6.13253683e8,6.22056126e8,5.87632615e8,6.11774409e8,5.76068561e8,5.85208693e8,5.71092869e8,5.41148786e8]}],["Trial",{"allocs":2192658,"gctimes":[0.0,2.2664753e7,0.0,2.795259e7,2.4622837e7,0.0,2.4155603e7],"memory":158912472,"params":["Parameters",{"gctrial":true,"time_tolerance":0.05,"samples":10000,"evals":1,"gcsample":false,"seconds":5.0,"overhead":0.0,"memory_tolerance":0.01}],"times":[6.82929097e8,7.04833841e8,7.76693028e8,8.3441147e8,8.12361018e8,7.19216431e8,7.52193759e8]}],["Trial",{"allocs":2923483,"gctimes":[0.0,2.3854983e7,2.4778514e7,2.4535635e7,2.4436584e7,0.0],"memory":211319352,"params":["Parameters",{"gctrial":true,"time_tolerance":0.05,"samples":10000,"evals":1,"gcsample":false,"seconds":5.0,"overhead":0.0,"memory_tolerance":0.01}],"times":[9.84617223e8,9.78060496e8,9.70725229e8,9.63398371e8,9.72395752e8,9.29748184e8]}],["Trial",{"allocs":3164973,"gctimes":[0.0,2.2833664e7,2.3240123e7,2.4009751e7,2.3718347e7,2.4661768e7],"memory":228636408,"params":["Parameters",{"gctrial":true,"time_tolerance":0.05,"samples":10000,"evals":1,"gcsample":false,"seconds":5.0,"overhead":0.0,"memory_tolerance":0.01}],"times":[9.91092748e8,9.77272413e8,9.82227979e8,9.93737384e8,1.001051693e9,9.89581752e8]}],["Trial",{"allocs":3298428,"gctimes":[0.0,2.3071142e7,2.3123104e7,2.4124608e7,2.4229216e7],"memory":238206360,"params":["Parameters",{"gctrial":true,"time_tolerance":0.05,"samples":10000,"evals":1,"gcsample":false,"seconds":5.0,"overhead":0.0,"memory_tolerance":0.01}],"times":[1.069719996e9,1.041905873e9,1.048045625e9,1.040879445e9,1.022463871e9]}],["Trial",{"allocs":3355623,"gctimes":[0.0,2.3522382e7,2.380015e7,2.4248325e7,2.4192567e7],"memory":242307768,"params":["Parameters",{"gctrial":true,"time_tolerance":0.05,"samples":10000,"evals":1,"gcsample":false,"seconds":5.0,"overhead":0.0,"memory_tolerance":0.01}],"times":[1.093058855e9,1.093688698e9,1.101756542e9,1.091302615e9,1.083342597e9]}],["Trial",{"allocs":3368333,"gctimes":[0.0,2.3525829e7,2.4085427e7,2.3464226e7,2.3328285e7],"memory":243219192,"params":["Parameters",{"gctrial":true,"time_tolerance":0.05,"samples":10000,"evals":1,"gcsample":false,"seconds":5.0,"overhead":0.0,"memory_tolerance":0.01}],"times":[1.065178895e9,1.052890835e9,1.048905257e9,1.055524799e9,1.036234368e9]}]],"medians":[587.632615,752.193759,971.5604905,990.33725,1041.905873,1093.058855,1052.890835]}