{"lengs":[149.9684835502374],"benchmarks":[["Trial",{"allocs":163900,"gctimes":[1.52557892e8],"memory":1621044064,"params":["Parameters",{"gctrial":true,"time_tolerance":0.05,"samples":10000,"evals":1,"gcsample":false,"seconds":5.0,"overhead":0.0,"memory_tolerance":0.01}],"times":[6.16450413903e11]}]],"medians":[616450.413903]}