{"lengs":[10.0,21.544346900318832,46.4158883361278,100.0,215.44346900318845,464.15888336127773,1000.0],"benchmarks":[["Trial",{"allocs":6221,"gctimes":[0.0,0.0,0.0,0.0,0.0],"memory":24782080,"params":["Parameters",{"gctrial":true,"time_tolerance":0.05,"samples":10000,"evals":1,"gcsample":false,"seconds":5.0,"overhead":0.0,"memory_tolerance":0.01}],"times":[1.140843384e9,1.13661678e9,1.135749249e9,1.137610425e9,1.138035567e9]}],["Trial",{"allocs":6759,"gctimes":[0.0,0.0,0.0],"memory":27710080,"params":["Parameters",{"gctrial":true,"time_tolerance":0.05,"samples":10000,"evals":1,"gcsample":false,"seconds":5.0,"overhead":0.0,"memory_tolerance":0.01}],"times":[2.207403356e9,2.180997296e9,2.201791594e9]}],["Trial",{"allocs":11118,"gctimes":[0.0],"memory":49628176,"params":["Parameters",{"gctrial":true,"time_tolerance":0.05,"samples":10000,"evals":1,"gcsample":false,"seconds":5.0,"overhead":0.0,"memory_tolerance":0.01}],"times":[5.721850917e9]}],["Trial",{"allocs":11930,"gctimes":[0.0],"memory":55907648,"params":["Parameters",{"gctrial":true,"time_tolerance":0.05,"samples":10000,"evals":1,"gcsample":false,"seconds":5.0,"overhead":0.0,"memory_tolerance":0.01}],"times":[7.916885301e9]}],["Trial",{"allocs":13331,"gctimes":[0.0],"memory":67985568,"params":["Parameters",{"gctrial":true,"time_tolerance":0.05,"samples":10000,"evals":1,"gcsample":false,"seconds":5.0,"overhead":0.0,"memory_tolerance":0.01}],"times":[1.1052166427e10]}],["Trial",{"allocs":17546,"gctimes":[0.0],"memory":100215776,"params":["Parameters",{"gctrial":true,"time_tolerance":0.05,"samples":10000,"evals":1,"gcsample":false,"seconds":5.0,"overhead":0.0,"memory_tolerance":0.01}],"times":[1.8672724334e10]}],["Trial",{"allocs":21096,"gctimes":[0.0],"memory":126902704,"params":["Parameters",{"gctrial":true,"time_tolerance":0.05,"samples":10000,"evals":1,"gcsample":false,"seconds":5.0,"overhead":0.0,"memory_tolerance":0.01}],"times":[2.2551124874e10]}]],"medians":[1137.610425,2201.791594,5721.850917,7916.885301,11052.166427,18672.724334,22551.124874]}