{"lengs":[10.0,21.544346900318832,46.4158883361278,100.0,215.44346900318845,464.15888336127773,1000.0],"benchmarks":[["Trial",{"allocs":1042,"gctimes":[0.0,0.0,0.0],"memory":26404192,"params":["Parameters",{"gctrial":true,"time_tolerance":0.05,"samples":10000,"evals":1,"gcsample":false,"seconds":5.0,"overhead":0.0,"memory_tolerance":0.01}],"times":[2.276133668e9,2.216569624e9,2.091592482e9]}],["Trial",{"allocs":1240,"gctimes":[0.0,0.0,0.0],"memory":27379264,"params":["Parameters",{"gctrial":true,"time_tolerance":0.05,"samples":10000,"evals":1,"gcsample":false,"seconds":5.0,"overhead":0.0,"memory_tolerance":0.01}],"times":[2.354191823e9,2.345050058e9,2.218601858e9]}],["Trial",{"allocs":3095,"gctimes":[0.0,0.0],"memory":36832496,"params":["Parameters",{"gctrial":true,"time_tolerance":0.05,"samples":10000,"evals":1,"gcsample":false,"seconds":5.0,"overhead":0.0,"memory_tolerance":0.01}],"times":[3.775763147e9,3.647068235e9]}],["Trial",{"allocs":3373,"gctimes":[0.0,0.0],"memory":38339744,"params":["Parameters",{"gctrial":true,"time_tolerance":0.05,"samples":10000,"evals":1,"gcsample":false,"seconds":5.0,"overhead":0.0,"memory_tolerance":0.01}],"times":[4.034795791e9,3.992954178e9]}],["Trial",{"allocs":3654,"gctimes":[0.0,0.0],"memory":39856256,"params":["Parameters",{"gctrial":true,"time_tolerance":0.05,"samples":10000,"evals":1,"gcsample":false,"seconds":5.0,"overhead":0.0,"memory_tolerance":0.01}],"times":[4.220253291e9,4.286905012e9]}],["Trial",{"allocs":4959,"gctimes":[0.0],"memory":46521504,"params":["Parameters",{"gctrial":true,"time_tolerance":0.05,"samples":10000,"evals":1,"gcsample":false,"seconds":5.0,"overhead":0.0,"memory_tolerance":0.01}],"times":[5.716251175e9]}],["Trial",{"allocs":6009,"gctimes":[0.0],"memory":51882544,"params":["Parameters",{"gctrial":true,"time_tolerance":0.05,"samples":10000,"evals":1,"gcsample":false,"seconds":5.0,"overhead":0.0,"memory_tolerance":0.01}],"times":[6.327039409e9]}]],"medians":[2216.569624,2345.050058,3711.415691,4013.8749845,4253.5791515,5716.251175,6327.039409]}