{"lengs":[19998.61869632745],"benchmarks":[["Trial",{"allocs":3098427,"gctimes":[2.06816797e8],"memory":2869734304,"params":["Parameters",{"gctrial":true,"time_tolerance":0.05,"samples":10000,"evals":1,"gcsample":false,"seconds":5.0,"overhead":0.0,"memory_tolerance":0.01}],"times":[7.0576454938e10]}]],"medians":[70576.454938]}