{"lengs":[10.0,21.544346900318832,46.4158883361278,100.0,215.44346900318845,464.15888336127773,1000.0],"benchmarks":[["Trial",{"allocs":27402,"gctimes":[0.0,0.0,0.0,0.0,0.0,0.0,0.0,0.0,0.0,0.0,0.0,0.0,0.0,0.0,0.0,0.0,0.0,0.0,0.0,0.0,0.0,0.0,0.0,1.0013296e7,0.0,0.0,0.0,0.0,0.0,0.0,0.0,0.0,0.0,0.0,0.0,0.0,0.0,0.0],"memory":10987288,"params":["Parameters",{"gctrial":true,"time_tolerance":0.05,"samples":10000,"evals":1,"gcsample":false,"seconds":5.0,"overhead":0.0,"memory_tolerance":0.01}],"times":[1.3385591e8,1.35253214e8,1.36567162e8,1.36223492e8,1.36166132e8,1.41907353e8,1.35388246e8,1.34574857e8,1.33418937e8,1.34506951e8,1.35865565e8,1.34113453e8,1.35488214e8,1.35409688e8,1.38438852e8,1.35689867e8,1.34857561e8,1.36835666e8,1.34780219e8,1.36270474e8,1.37725155e8,1.3435976e8,1.29914688e8,1.41254884e8,1.28921762e8,1.28938372e8,1.30602803e8,1.26949024e8,1.31656924e8,1.34568156e8,1.31476761e8,1.29452734e8,1.28545347e8,1.29072263e8,1.28873752e8,1.28602601e8,1.30772728e8,1.31267225e8]}],["Trial",{"allocs":32918,"gctimes":[0.0,0.0,0.0,0.0,0.0,0.0,0.0,0.0,0.0,0.0,0.0,0.0,0.0,0.0,0.0,0.0,0.0,0.0,0.0,0.0,0.0,1.0472495e7,0.0,0.0,0.0,0.0,0.0,0.0,0.0,0.0,0.0,0.0,0.0,0.0,0.0,0.0],"memory":11858488,"params":["Parameters",{"gctrial":true,"time_tolerance":0.05,"samples":10000,"evals":1,"gcsample":false,"seconds":5.0,"overhead":0.0,"memory_tolerance":0.01}],"times":[1.40093015e8,1.37021053e8,1.38399817e8,1.36663653e8,1.41568947e8,1.36886852e8,1.39615946e8,1.38709909e8,1.35789915e8,1.41719342e8,1.3948147e8,1.3817891e8,1.37620167e8,1.39340461e8,1.39798781e8,1.38579814e8,1.38193691e8,1.36621646e8,1.38359106e8,1.39476378e8,1.36422817e8,1.49652441e8,1.38599537e8,1.3785247e8,1.36254745e8,1.36236436e8,1.40311173e8,1.38861069e8,1.45012791e8,1.45391061e8,1.42621526e8,1.42449195e8,1.44964194e8,1.42815786e8,1.43928664e8,1.45879373e8]}],["Trial",{"allocs":49309,"gctimes":[0.0,0.0,0.0,0.0,0.0,0.0,0.0,0.0,0.0,0.0,0.0,0.0,0.0,0.0,0.0,0.0,0.0,0.0,1.2175099e7,0.0,0.0,0.0,0.0,0.0,0.0,0.0,0.0,0.0,0.0,0.0,0.0],"memory":13888968,"params":["Parameters",{"gctrial":true,"time_tolerance":0.05,"samples":10000,"evals":1,"gcsample":false,"seconds":5.0,"overhead":0.0,"memory_tolerance":0.01}],"times":[1.60596579e8,1.58805424e8,1.66698175e8,1.67180831e8,1.65935163e8,1.69822891e8,1.70948102e8,1.69122653e8,1.7321728e8,1.68340661e8,1.6438442e8,1.72524156e8,1.70349893e8,1.69710591e8,1.71680857e8,1.71213018e8,1.62641784e8,1.59892478e8,1.74859087e8,1.63268055e8,1.57289929e8,1.64252393e8,1.59961968e8,1.62642659e8,1.60245207e8,1.6000025e8,1.60975456e8,1.59660263e8,1.74366331e8,1.6732102e8,1.69276074e8]}],["Trial",{"allocs":56744,"gctimes":[0.0,0.0,0.0,0.0,0.0,0.0,0.0,0.0,0.0,0.0,0.0,0.0,0.0,0.0,0.0,0.0,1.1825095e7,0.0,0.0,0.0,0.0,0.0,0.0,0.0,0.0,0.0,0.0,0.0],"memory":15360696,"params":["Parameters",{"gctrial":true,"time_tolerance":0.05,"samples":10000,"evals":1,"gcsample":false,"seconds":5.0,"overhead":0.0,"memory_tolerance":0.01}],"times":[1.86613286e8,1.77778033e8,1.91265027e8,1.8230364e8,1.78338098e8,1.81027893e8,1.9092958e8,1.86647108e8,1.86873565e8,1.88553437e8,1.88369227e8,1.91355108e8,1.81950347e8,1.78890358e8,1.78344158e8,1.80711992e8,1.92355221e8,1.80440475e8,1.80076823e8,1.80551239e8,1.80829667e8,1.77630942e8,1.78917825e8,1.82486881e8,1.79370279e8,1.85087106e8,1.81876906e8,1.81063e8]}],["Trial",{"allocs":59239,"gctimes":[0.0,0.0,0.0,0.0,0.0,0.0,0.0,0.0,0.0,0.0,0.0,0.0,0.0,0.0,0.0,0.0,1.7973242e7,0.0,0.0,0.0,0.0,0.0,0.0,0.0,0.0,0.0],"memory":16081160,"params":["Parameters",{"gctrial":true,"time_tolerance":0.05,"samples":10000,"evals":1,"gcsample":false,"seconds":5.0,"overhead":0.0,"memory_tolerance":0.01}],"times":[1.97311977e8,1.95300679e8,2.01652519e8,1.98914363e8,1.95115756e8,1.98932965e8,2.02858403e8,2.03669379e8,2.01987794e8,1.9989105e8,1.96235109e8,2.00850685e8,1.99334498e8,2.02552424e8,2.05729772e8,2.04750873e8,2.19328927e8,2.0107416e8,1.96019696e8,1.98165473e8,1.98254181e8,1.85453633e8,1.92695488e8,1.86735065e8,1.86166558e8,1.87032956e8]}],["Trial",{"allocs":61260,"gctimes":[0.0,0.0,0.0,0.0,0.0,0.0,0.0,0.0,0.0,0.0,0.0,0.0,0.0,0.0,0.0,1.1564409e7,0.0,0.0,0.0,0.0,0.0,0.0,0.0,0.0,0.0],"memory":16880520,"params":["Parameters",{"gctrial":true,"time_tolerance":0.05,"samples":10000,"evals":1,"gcsample":false,"seconds":5.0,"overhead":0.0,"memory_tolerance":0.01}],"times":[2.02176562e8,2.04778653e8,2.0649893e8,2.16994903e8,2.10833936e8,2.1002202e8,2.15392225e8,2.06011893e8,1.9931108e8,1.97843133e8,2.01125423e8,2.00679709e8,2.02048761e8,2.06317882e8,2.00830332e8,2.12731821e8,2.01155931e8,2.02138401e8,1.96539049e8,2.08196196e8,2.01517062e8,2.02683857e8,1.98667446e8,1.97635765e8,1.99864211e8]}],["Trial",{"allocs":61634,"gctimes":[0.0,0.0,0.0,0.0,0.0,0.0,0.0,0.0,0.0,0.0,0.0,0.0,0.0,0.0,0.0,1.4196971e7,0.0,0.0,0.0,0.0,0.0,0.0,0.0,0.0],"memory":17068136,"params":["Parameters",{"gctrial":true,"time_tolerance":0.05,"samples":10000,"evals":1,"gcsample":false,"seconds":5.0,"overhead":0.0,"memory_tolerance":0.01}],"times":[2.07010656e8,2.0088311e8,1.99525965e8,2.10085653e8,2.03131649e8,2.04449639e8,2.0386341e8,2.0193211e8,2.05800305e8,2.02617348e8,2.03070041e8,2.16534748e8,2.11958283e8,2.11571375e8,2.21363221e8,2.28236961e8,2.14931833e8,2.1119173e8,2.14308359e8,2.09012679e8,2.16027362e8,2.13830611e8,2.13917952e8,2.10788856e8]}]],"medians":[134.5375535,139.100765,166.698175,181.469953,198.923664,202.138401,210.4372545]}