{"lengs":[10.0],"benchmarks":[["Trial",{"allocs":1209,"gctimes":[0.0,0.0,0.0,0.0,0.0,0.0,0.0,0.0,0.0,0.0,0.0,0.0,0.0,0.0,0.0,0.0,0.0,0.0,0.0,0.0,0.0,0.0,0.0,0.0,0.0,0.0,0.0,0.0,0.0,0.0,0.0,0.0,0.0,0.0,0.0,0.0,0.0,0.0,0.0,0.0,0.0,0.0,0.0,0.0,0.0,0.0,0.0,0.0,0.0,0.0,0.0,0.0,0.0,0.0,0.0,0.0,0.0,0.0,0.0,0.0,0.0,0.0,0.0,0.0,0.0,0.0,0.0,0.0,0.0,0.0,0.0,0.0,0.0,0.0,2.6668841e7,0.0,0.0,0.0,0.0,0.0,0.0,0.0,0.0,0.0,0.0,0.0,0.0,0.0,0.0,0.0,0.0,0.0,0.0,0.0,0.0,0.0,0.0,0.0,0.0,0.0,0.0,0.0,0.0,0.0,0.0,0.0,0.0,0.0,0.0,0.0,0.0,0.0,0.0,0.0,0.0,0.0,0.0,0.0,0.0,0.0,0.0,0.0,0.0,0.0,0.0,0.0,0.0,0.0,0.0,0.0,0.0,0.0,0.0,0.0,0.0,0.0,0.0,0.0,0.0,0.0,0.0,0.0,0.0,0.0,0.0,0.0,0.0,0.0,0.0,9.291813e6,0.0,0.0,0.0,0.0,0.0,0.0,0.0,0.0,0.0,0.0,0.0,0.0,0.0,0.0,0.0,0.0,0.0,0.0,0.0,0.0,0.0,0.0,0.0,0.0,0.0,0.0,0.0,0.0,0.0,0.0,0.0,0.0,0.0,0.0,0.0,0.0,0.0,0.0,0.0,0.0,0.0,0.0,0.0,0.0,0.0,0.0,0.0,0.0,0.0,0.0,0.0,0.0,0.0,0.0,0.0,0.0,0.0,0.0,0.0,0.0,0.0,0.0,0.0,0.0,0.0,0.0,0.0,0.0,0.0,0.0,0.0,0.0,0.0,0.0,8.850194e6,0.0,0.0,0.0,0.0,0.0,0.0,0.0,0.0,0.0,0.0,0.0,0.0,0.0,0.0,0.0,0.0,0.0,0.0,0.0,0.0,0.0,0.0,0.0,0.0,0.0,0.0,0.0,0.0,0.0,0.0,0.0,0.0,0.0,0.0,0.0,0.0,0.0,0.0,0.0,0.0,0.0,0.0,0.0,0.0,0.0,0.0,0.0,0.0,0.0,0.0,0.0,0.0,0.0,0.0,0.0,0.0,0.0,0.0,0.0,0.0,0.0,0.0,0.0,0.0,0.0,0.0,0.0,0.0,0.0,0.0,0.0,0.0,0.0,0.0,8.706247e6,0.0,0.0,0.0,0.0,0.0,0.0,0.0,0.0,0.0,0.0,0.0,0.0,0.0,0.0,0.0,0.0,0.0,0.0,0.0,0.0,0.0,0.0,0.0,0.0,0.0,0.0,0.0,0.0,0.0,0.0,0.0,0.0,0.0,0.0,0.0,0.0,0.0,0.0,0.0,0.0,0.0,0.0,0.0,0.0,0.0,0.0,0.0,0.0,0.0,0.0,0.0,0.0,0.0,0.0,0.0,0.0,0.0,0.0,0.0,0.0,0.0,0.0,0.0,0.0,0.0,0.0,0.0,0.0,0.0,0.0,0.0,0.0,0.0,0.0,0.0,8.696669e6,0.0,0.0,0.0,0.0,0.0,0.0,0.0,0.0,0.0,0.0,0.0,0.0,0.0,0.0,0.0,0.0,0.0,0.0,0.0,0.0,0.0,0.0,0.0,0.0,0.0,0.0,0.0,0.0,0.0,0.0,0.0,0.0,0.0,0.0,0.0,0.0,0.0,0.0,0.0,0.0,0.0,0.0,0.0,0.0,0.0,0.0,0.0,0.0,0.0,0.0,0.0,0.0,0.0,0.0,0.0,0.0,0.0,0.0,0.0,0.0,0.0,0.0,0.0,0.0,0.0,0.0,0.0,0.0,0.0,0.0,0.0,0.0,0.0,0.0,8.713462e6,0.0,0.0,0.0,0.0,0.0,0.0,0.0,0.0,0.0,0.0,0.0,0.0,0.0,0.0,0.0,0.0,0.0,0.0,0.0,0.0,0.0,0.0,0.0,0.0,0.0,0.0,0.0,0.0,0.0,0.0,0.0,0.0,0.0,0.0,0.0,0.0,0.0,0.0,0.0,0.0,0.0,0.0,0.0,0.0,0.0,0.0,0.0,0.0,0.0,0.0,0.0,0.0,0.0,0.0,0.0,0.0,0.0,0.0,0.0,0.0,0.0,0.0,0.0,0.0,0.0,0.0,0.0,0.0,0.0,0.0,0.0,0.0,0.0,0.0,8.689444e6,0.0,0.0,0.0,0.0,0.0,0.0,0.0,0.0,0.0,0.0,0.0,0.0,0.0,0.0,0.0,0.0,0.0,0.0,0.0,0.0,0.0,0.0,0.0,0.0,0.0,0.0,0.0,0.0,0.0,0.0,0.0,0.0,0.0,0.0,0.0,0.0,0.0,0.0,0.0,0.0,0.0,0.0,0.0,0.0,0.0,0.0,0.0,0.0,0.0,0.0,0.0,0.0,0.0,0.0,0.0,0.0,0.0,0.0,0.0,0.0,0.0,0.0,0.0,0.0,0.0,0.0,0.0],"memory":3335776,"params":["Parameters",{"gctrial":true,"time_tolerance":0.05,"samples":10000,"evals":1,"gcsample":false,"seconds":5.0,"overhead":0.0,"memory_tolerance":0.01}],"times":[1.0174918e7,9.238335e6,9.109146e6,9.160458e6,9.175229e6,9.186811e6,9.222111e6,9.183276e6,9.168027e6,9.221757e6,9.161727e6,9.157399e6,9.158354e6,9.159427e6,9.202624e6,9.183647e6,9.168495e6,9.155087e6,9.143868e6,9.198804e6,9.183679e6,9.240866e6,9.120598e6,9.152308e6,9.130528e6,9.180977e6,9.172609e6,9.124929e6,9.162497e6,9.153317e6,9.124311e6,9.178956e6,9.134163e6,9.145359e6,9.119624e6,9.131762e6,9.108933e6,9.162146e6,1.1464978e7,9.601627e6,9.465905e6,9.832373e6,9.706521e6,9.343408e6,9.683829e6,9.385867e6,9.763018e6,9.749291e6,9.715517e6,9.758365e6,9.501269e6,9.692402e6,9.664982e6,9.827074e6,9.482731e6,9.795337e6,9.733081e6,9.274247e6,9.553351e6,9.722391e6,9.721821e6,9.337563e6,9.245865e6,9.10684e6,9.141945e6,9.40539e6,9.311496e6,9.28971e6,9.740606e6,9.521774e6,9.327637e6,9.322603e6,9.232063e6,9.232682e6,3.6496066e7,9.15757e6,9.127386e6,9.179088e6,9.169045e6,9.172025e6,9.186538e6,9.154754e6,9.147702e6,9.149317e6,9.150372e6,9.156022e6,9.150241e6,9.147981e6,9.22247e6,9.19556e6,9.199708e6,9.146558e6,9.199517e6,9.134918e6,9.200561e6,9.148337e6,9.189527e6,9.150097e6,9.153523e6,9.162616e6,9.189818e6,9.143495e6,9.468862e6,8.134252e6,8.143966e6,8.692956e6,8.094864e6,8.107314e6,8.123817e6,8.177216e6,8.100513e6,8.173198e6,8.174485e6,8.118354e6,8.104343e6,8.13206e6,8.119423e6,8.101763e6,8.097573e6,8.13464e6,8.11086e6,8.132601e6,8.105719e6,8.129391e6,8.105004e6,8.15502e6,8.082255e6,8.135133e6,8.192461e6,8.201742e6,8.125877e6,8.101281e6,8.113478e6,8.127128e6,8.118911e6,8.134236e6,8.120992e6,8.100001e6,8.083001e6,8.066503e6,8.160474e6,8.179441e6,8.081577e6,8.112431e6,8.127136e6,8.106225e6,8.086295e6,8.111456e6,8.164715e6,1.782619e7,8.082023e6,8.200883e6,8.144706e6,8.191279e6,8.164035e6,8.123e6,8.129494e6,8.171965e6,8.160769e6,8.12109e6,8.09817e6,8.112888e6,8.130387e6,8.111487e6,8.107758e6,8.132056e6,8.096779e6,8.137625e6,8.099008e6,8.136917e6,8.101165e6,8.158518e6,8.102309e6,8.147591e6,8.154922e6,8.12669e6,8.143882e6,8.133374e6,8.110603e6,8.083025e6,8.11117e6,8.093499e6,8.096824e6,8.105132e6,8.092028e6,8.100705e6,8.111499e6,8.610702e6,8.614991e6,8.60213e6,8.531717e6,8.132313e6,8.423107e6,8.366173e6,8.286926e6,8.249492e6,8.244388e6,8.140659e6,8.188659e6,8.161586e6,8.131842e6,8.119099e6,8.114143e6,8.174026e6,8.148579e6,8.123779e6,8.16299e6,8.10174e6,8.11952e6,8.09437e6,8.116704e6,8.099629e6,8.091738e6,8.129991e6,8.138396e6,8.12227e6,8.115386e6,8.140683e6,8.28522e6,8.102249e6,8.102539e6,8.148254e6,8.102118e6,8.07285e6,1.7302379e7,8.117424e6,8.138006e6,8.168129e6,8.102321e6,8.15122e6,8.145435e6,8.137751e6,8.162504e6,8.131568e6,8.152016e6,8.16316e6,8.111541e6,8.122394e6,8.123333e6,8.114803e6,8.10052e6,8.169367e6,8.168573e6,8.098391e6,8.099276e6,8.112598e6,8.100019e6,8.118166e6,8.171809e6,8.168948e6,8.155902e6,8.156505e6,8.085971e6,8.105848e6,8.087015e6,8.112533e6,8.069635e6,8.130897e6,8.131046e6,8.117053e6,8.150506e6,8.098089e6,8.125527e6,8.149088e6,8.089079e6,8.134562e6,8.10177e6,8.108181e6,8.095859e6,8.096853e6,8.098236e6,8.152732e6,8.204144e6,8.141989e6,8.093354e6,8.119266e6,8.095982e6,8.162769e6,8.143085e6,8.178564e6,8.118142e6,8.090732e6,8.09303e6,8.121015e6,8.122506e6,8.129744e6,8.148552e6,8.12797e6,8.131794e6,8.088374e6,8.086115e6,8.119986e6,8.058184e6,8.155593e6,8.058908e6,8.085554e6,8.096396e6,8.089513e6,8.112167e6,1.7190486e7,8.108981e6,8.139091e6,8.137857e6,8.116956e6,8.104953e6,8.115194e6,8.115329e6,8.096441e6,8.109303e6,8.103186e6,8.116309e6,8.11264e6,8.5291e6,8.384465e6,8.115035e6,8.245871e6,8.283353e6,8.268536e6,8.298255e6,8.261714e6,8.217228e6,8.097372e6,8.10024e6,8.158467e6,8.117968e6,8.130383e6,8.1401e6,8.138052e6,8.158806e6,8.09117e6,8.098886e6,8.099998e6,8.140475e6,8.177129e6,8.138558e6,8.087939e6,8.097805e6,8.161936e6,8.147365e6,8.10062e6,8.119003e6,8.09876e6,8.107135e6,8.096749e6,8.114282e6,8.131511e6,8.164513e6,8.109082e6,8.121811e6,8.1603e6,8.178759e6,8.062705e6,8.13255e6,8.17472e6,8.161363e6,8.135393e6,8.178792e6,8.17584e6,8.14961e6,8.110687e6,8.091678e6,8.112567e6,8.073457e6,8.072689e6,8.125373e6,8.125305e6,8.115649e6,8.085097e6,8.083831e6,8.097397e6,8.091768e6,8.149161e6,8.083332e6,8.06296e6,8.069311e6,1.7153895e7,8.100775e6,8.147225e6,8.097632e6,8.131119e6,8.125989e6,8.158087e6,8.131865e6,8.102648e6,8.101796e6,8.106411e6,8.14152e6,8.097276e6,8.113866e6,8.15256e6,8.116456e6,8.128104e6,8.118022e6,8.104303e6,8.092532e6,8.154014e6,8.158567e6,8.098276e6,8.109006e6,8.124876e6,8.125245e6,8.094356e6,8.090318e6,8.122781e6,8.105524e6,8.130034e6,8.100426e6,8.091556e6,8.149271e6,8.100495e6,8.078591e6,8.117651e6,8.16137e6,8.133005e6,8.152317e6,8.113241e6,8.093824e6,8.163806e6,8.107099e6,8.135736e6,8.115856e6,8.163456e6,8.143327e6,8.157311e6,8.094305e6,8.126589e6,8.101013e6,8.144075e6,8.10777e6,8.124459e6,8.188035e6,8.133508e6,7.949386e6,7.935071e6,7.905037e6,7.916114e6,7.850352e6,7.845849e6,7.913126e6,8.430295e6,8.362667e6,8.242452e6,8.20373e6,8.069702e6,8.075284e6,8.048197e6,8.044572e6,7.869306e6,8.077425e6,8.116573e6,1.6974924e7,7.911165e6,7.944704e6,7.90457e6,7.917973e6,7.88255e6,7.942379e6,7.910208e6,7.886883e6,7.898684e6,7.880068e6,7.886083e6,7.914805e6,7.909708e6,7.923772e6,7.90532e6,7.992978e6,7.950839e6,7.900693e6,7.882613e6,7.884868e6,7.939387e6,7.949251e6,7.906813e6,7.929162e6,7.887951e6,7.935864e6,7.890733e6,7.88085e6,7.890598e6,7.864299e6,7.897166e6,7.964023e6,7.990583e6,7.956688e6,7.877673e6,7.869742e6,7.882176e6,