{"lengs":[10.0,21.544346900318832,46.4158883361278,100.0,215.44346900318845,464.15888336127773,1000.0],"benchmarks":[["Trial",{"allocs":58772,"gctimes":[7.035205e6,1.0168541e7,0.0],"memory":839570080,"params":["Parameters",{"gctrial":true,"time_tolerance":0.05,"samples":10000,"evals":1,"gcsample":false,"seconds":5.0,"overhead":0.0,"memory_tolerance":0.01}],"times":[2.477193842e9,2.430018168e9,2.637295744e9]}],["Trial",{"allocs":126542,"gctimes":[1.7812262e7],"memory":1808390912,"params":["Parameters",{"gctrial":true,"time_tolerance":0.05,"samples":10000,"evals":1,"gcsample":false,"seconds":5.0,"overhead":0.0,"memory_tolerance":0.01}],"times":[5.359734249e9]}],["Trial",{"allocs":272558,"gctimes":[2.14920183e8],"memory":3895920288,"params":["Parameters",{"gctrial":true,"time_tolerance":0.05,"samples":10000,"evals":1,"gcsample":false,"seconds":5.0,"overhead":0.0,"memory_tolerance":0.01}],"times":[1.2605329662e10]}],["Trial",{"allocs":587138,"gctimes":[1.306064416e9],"memory":8391837728,"params":["Parameters",{"gctrial":true,"time_tolerance":0.05,"samples":10000,"evals":1,"gcsample":false,"seconds":5.0,"overhead":0.0,"memory_tolerance":0.01}],"times":[2.7643006823e10]}],["Trial",{"allocs":1264853,"gctimes":[2.486384276e9],"memory":18079186720,"params":["Parameters",{"gctrial":true,"time_tolerance":0.05,"samples":10000,"evals":1,"gcsample":false,"seconds":5.0,"overhead":0.0,"memory_tolerance":0.01}],"times":[5.9796555035e10]}],["Trial",{"allocs":2724944,"gctimes":[3.766902882e9],"memory":38949879520,"params":["Parameters",{"gctrial":true,"time_tolerance":0.05,"samples":10000,"evals":1,"gcsample":false,"seconds":5.0,"overhead":0.0,"memory_tolerance":0.01}],"times":[1.19986151325e11]}],["Trial",{"allocs":5870621,"gctimes":[7.177718169e9],"memory":83910823128,"params":["Parameters",{"gctrial":true,"time_tolerance":0.05,"samples":10000,"evals":1,"gcsample":false,"seconds":5.0,"overhead":0.0,"memory_tolerance":0.01}],"times":[2.69249470355e11]}]],"medians":[2477.193842,5359.734249,12605.329662,27643.006823,59796.555035,119986.151325,269249.470355]}