{"lengs":[19998.61869632745],"benchmarks":[["Trial",{"allocs":123622892,"gctimes":[7.92257132e8],"memory":7129449568,"params":["Parameters",{"gctrial":true,"time_tolerance":0.05,"samples":10000,"evals":1,"gcsample":false,"seconds":5.0,"overhead":0.0,"memory_tolerance":0.01}],"times":[1.38620851475e11]}]],"medians":[138620.851475]}