{"lengs":[1.9998618696327441],"benchmarks":[["Trial",{"allocs":2106,"gctimes":[0.0,0.0,0.0,0.0,0.0,0.0,0.0,0.0,0.0,0.0,0.0,0.0,0.0,0.0,0.0,0.0,0.0,0.0,0.0,0.0,0.0,0.0,0.0,0.0,0.0,0.0,0.0,0.0,0.0,0.0,0.0,0.0,0.0,0.0,0.0,0.0,0.0,0.0,0.0,0.0,0.0,0.0,0.0,0.0,0.0,0.0,0.0,0.0,0.0,0.0,0.0,0.0,0.0,0.0,0.0,0.0,0.0,0.0,0.0,0.0,0.0,0.0,0.0,0.0,0.0,0.0,0.0,0.0,0.0,0.0,0.0,0.0,0.0,0.0,0.0,0.0,0.0,0.0,0.0,0.0,0.0,0.0,0.0,0.0,0.0,0.0,0.0,0.0,0.0,0.0,0.0,0.0,0.0,0.0,0.0,0.0,0.0,0.0,0.0,0.0,0.0,0.0,0.0,0.0,0.0,0.0,0.0,0.0,0.0,0.0,0.0,0.0,0.0,0.0,0.0,0.0,0.0,0.0,0.0,0.0,0.0,0.0,0.0,0.0,0.0,0.0,0.0,0.0,0.0,0.0,0.0,0.0,0.0,0.0,0.0,0.0,0.0,0.0,0.0,0.0,0.0,0.0,0.0,0.0,0.0,0.0,0.0,0.0,0.0,0.0,0.0,0.0,0.0,0.0,0.0,0.0,0.0,0.0,0.0,0.0,0.0,0.0,0.0,0.0,0.0,0.0,0.0,0.0,0.0,0.0,0.0,0.0,0.0,0.0,0.0,0.0,0.0,0.0,0.0,0.0,0.0,0.0,0.0,0.0,0.0,0.0,0.0,0.0,0.0,0.0,0.0,0.0,0.0,0.0,0.0,0.0,0.0,0.0,0.0,0.0,0.0,0.0,0.0,0.0,0.0,0.0,0.0,0.0,0.0,0.0,0.0,0.0,0.0,0.0,0.0,1.7737818e7,0.0,0.0,0.0,0.0,0.0,0.0,0.0,0.0,0.0,0.0,0.0,0.0,0.0,0.0,0.0,0.0,0.0,0.0,0.0,0.0,0.0,0.0,0.0,0.0,0.0,0.0,0.0,0.0,0.0,0.0,0.0,0.0,0.0,0.0,0.0,0.0,0.0,0.0,0.0,0.0,0.0,0.0,0.0,0.0,0.0,0.0,0.0,0.0,0.0,0.0,0.0,0.0,0.0,0.0,0.0,0.0,0.0,0.0,0.0,0.0,0.0,0.0,0.0,0.0,0.0,0.0,0.0,0.0,0.0,0.0,0.0,0.0,0.0,0.0,0.0,0.0,0.0,0.0,0.0,0.0,0.0,0.0,0.0,0.0,0.0,0.0,0.0,0.0,0.0,0.0,0.0,0.0,0.0,0.0,0.0,0.0,0.0,0.0,0.0,0.0,0.0,0.0,0.0,0.0,0.0,0.0,0.0,0.0,0.0,0.0,0.0,0.0,0.0,0.0,0.0,0.0,0.0,0.0,0.0,0.0,0.0,0.0,0.0,0.0,0.0,0.0,0.0,0.0,0.0,0.0,0.0,0.0,0.0,0.0,0.0,0.0,0.0,0.0,0.0,0.0,0.0,0.0,0.0,0.0,0.0,0.0,0.0,0.0,0.0,0.0,0.0,0.0,0.0,0.0,0.0,0.0,0.0,0.0,0.0,0.0,0.0,0.0,0.0,0.0,0.0,0.0,0.0,0.0,0.0,0.0,0.0,0.0,0.0,0.0,0.0,0.0,0.0,0.0,0.0,0.0,0.0,0.0,0.0,0.0,0.0,0.0,0.0,0.0,0.0,0.0,0.0,0.0,0.0,0.0,0.0,0.0,0.0,0.0,0.0,0.0,0.0,0.0,0.0,0.0,0.0,0.0,0.0,0.0,0.0,0.0,0.0,0.0,0.0,0.0,0.0,1.7998703e7,0.0,0.0,0.0,0.0,0.0,0.0,0.0,0.0,0.0,0.0,0.0,0.0,0.0,0.0,0.0,0.0,0.0,0.0,0.0,0.0,0.0,0.0,0.0,0.0,0.0,0.0,0.0,0.0,0.0,0.0,0.0,0.0,0.0,0.0,0.0,0.0,0.0,0.0,0.0,0.0,0.0,0.0,0.0,0.0,0.0,0.0,0.0,0.0,0.0,0.0,0.0,0.0,0.0,0.0,0.0,0.0,0.0,0.0,0.0],"memory":963024,"params":["Parameters",{"gctrial":true,"time_tolerance":0.05,"samples":10000,"evals":1,"gcsample":false,"seconds":5.0,"overhead":0.0,"memory_tolerance":0.01}],"times":[1.0537195e7,1.0107112e7,1.013436e7,1.0057605e7,1.0096919e7,1.0388712e7,1.0255856e7,1.0061163e7,1.0072986e7,1.0074095e7,1.0065327e7,1.0201918e7,1.0118511e7,1.0067143e7,1.0075411e7,1.011011e7,1.0132208e7,1.0089904e7,1.0104962e7,1.0146326e7,1.0120797e7,1.0068783e7,1.0055558e7,1.0263051e7,1.0088421e7,1.0125982e7,1.0118258e7,1.0076348e7,1.0059403e7,1.0081317e7,1.0071641e7,1.0120529e7,1.0167852e7,1.0089978e7,1.0167227e7,1.0070503e7,1.0070018e7,1.0152237e7,1.0093632e7,1.0506776e7,1.0640823e7,1.0070915e7,1.0071538e7,1.0067455e7,1.0128727e7,1.0154684e7,1.0123686e7,1.007008e7,1.0066416e7,1.0097246e7,1.0100893e7,1.0145497e7,1.0123408e7,1.0191436e7,1.0201412e7,1.0078415e7,1.0041968e7,1.0148566e7,1.0230381e7,1.0088474e7,1.0129874e7,1.0161848e7,1.0080633e7,1.0215069e7,1.0120296e7,1.0063548e7,1.0126508e7,1.0048387e7,1.0050519e7,1.0059059e7,1.0100525e7,1.0181572e7,1.0096091e7,1.0028032e7,1.0058539e7,1.0056419e7,1.0084052e7,1.0095286e7,1.0129306e7,1.016076e7,1.0068147e7,1.003332e7,1.0067177e7,1.0096529e7,1.0115436e7,1.0089493e7,1.0060723e7,1.1623786e7,1.1365069e7,1.1106648e7,1.0463168e7,1.045604e7,1.0358892e7,1.0312222e7,1.0299219e7,1.0063002e7,1.0129723e7,1.015281e7,1.0104609e7,1.0031522e7,1.005641e7,1.003867e7,1.0173807e7,1.0091811e7,1.0135329e7,1.0079254e7,1.0051557e7,1.0059373e7,1.0010805e7,1.0118914e7,1.0131494e7,1.009147e7,1.0066173e7,1.0034301e7,1.0064058e7,1.0094344e7,1.0073497e7,1.0030215e7,1.0067831e7,1.0058341e7,1.0082513e7,1.0086109e7,1.0078965e7,1.0138609e7,1.0095555e7,1.0048947e7,1.0115167e7,1.0047051e7,1.0116142e7,1.0104296e7,1.0113925e7,1.0050073e7,1.0073512e7,1.0036215e7,1.0026118e7,1.0156057e7,1.0116787e7,1.0084973e7,1.0092752e7,1.0053037e7,1.0052556e7,1.0105521e7,1.0093039e7,1.1439538e7,1.0078398e7,1.0283081e7,1.0944737e7,1.0054478e7,1.0093513e7,1.0178998e7,1.0150487e7,1.0064707e7,1.0040121e7,1.0077452e7,1.0083155e7,1.0104505e7,1.0134567e7,1.005302e7,1.0071532e7,1.0049689e7,1.0046003e7,1.0138261e7,1.0124262e7,1.0122405e7,1.0045547e7,1.007399e7,1.0045846e7,1.0137324e7,1.0084225e7,1.0064431e7,1.0091428e7,1.0060114e7,1.0039156e7,1.0048279e7,1.011258e7,1.0128152e7,1.0100627e7,1.0088206e7,1.0018826e7,1.0059788e7,1.0073621e7,1.0123515e7,1.0122441e7,1.0056977e7,1.0091975e7,1.0011562e7,1.0029558e7,1.0088506e7,1.0138398e7,1.1826588e7,1.1541878e7,1.1219625e7,1.035658e7,1.0362828e7,1.0328597e7,1.016362e7,1.0169083e7,1.0122423e7,1.0186755e7,1.0121504e7,1.0128422e7,1.0110899e7,1.013284e7,1.0031077e7,1.0164131e7,1.0061973e7,1.0107328e7,1.0196536e7,1.0142141e7,1.0054584e7,1.0238482e7,1.0015863e7,1.0075235e7,1.0093845e7,1.0165491e7,2.7851135e7,1.0643089e7,9.889748e6,1.0049403e7,1.0077048e7,9.839849e6,9.880843e6,9.790706e6,9.795032e6,9.866937e6,9.854074e6,9.860172e6,9.806608e6,9.781979e6,9.869915e6,9.881928e6,9.865612e6,9.885706e6,9.789115e6,9.806513e6,9.789543e6,9.791716e6,9.866478e6,9.893141e6,9.796882e6,9.799034e6,9.772452e6,9.817093e6,9.925896e6,9.954095e6,9.831622e6,9.822071e6,9.799012e6,9.81346e6,9.801576e6,9.886409e6,9.845091e6,9.876319e6,9.776238e6,9.813215e6,9.80194e6,9.939632e6,9.861274e6,9.863916e6,9.813475e6,9.814797e6,9.806158e6,9.831638e6,9.842358e6,9.90285e6,9.807529e6,9.858063e6,9.84849e6,1.0026256e7,1.0130073e7,1.0088805e7,1.0110766e7,1.0148606e7,1.009196e7,1.0078558e7,1.0089249e7,1.0120032e7,1.0135889e7,1.0174883e7,1.0092172e7,1.0060149e7,1.007021e7,1.0091215e7,1.0151474e7,1.0141962e7,1.0154394e7,1.0085653e7,1.0009057e7,1.0028833e7,1.0127976e7,1.0145541e7,1.1031509e7,1.1114456e7,1.0922905e7,1.0311589e7,1.0368333e7,1.0350043e7,1.0315501e7,1.0200646e7,1.0062134e7,1.0046676e7,1.0076182e7,1.0098107e7,1.0199049e7,1.0094134e7,1.0106392e7,1.0345975e7,1.0181217e7,1.0192232e7,1.022367e7,1.024788e7,1.0158176e7,1.0248555e7,1.0034822e7,1.008191e7,1.0107375e7,1.0168901e7,1.0139599e7,1.0091042e7,1.0029406e7,1.0070175e7,1.0121543e7,1.0078964e7,1.0058565e7,1.0084316e7,1.0061928e7,1.0057909e7,1.0029513e7,1.029702e7,1.010176e7,1.0132502e7,1.0052288e7,1.0059369e7,1.0046683e7,1.0074971e7,1.012563e7,1.0113504e7,1.005158e7,1.0043729e7,1.0048157e7,1.0035793e7,1.0119323e7,1.0149386e7,1.00666e7,1.0054209e7,1.0022646e7,1.0170801e7,1.0174217e7,1.0093008e7,1.0077331e7,1.006435e7,1.0048494e7,1.0030614e7,1.0063956e7,1.7547891e7,1.0166811e7,1.020504e7,1.0092742e7,1.0108414e7,1.0086804e7,1.0164444e7,1.0151562e7,1.0184994e7,1.0126253e7,1.0106879e7,1.0110407e7,1.0088733e7,1.0230689e7,1.0181972e7,1.0093697e7,1.0231533e7,1.0048304e7,1.0075521e7,1.0087167e7,1.0103423e7,1.0033998e7,1.005781e7,1.0048749e7,1.0038645e7,1.0058325e7,1.0097344e7,1.0146495e7,1.0110758e7,1.0025126e7,1.0056703e7,1.0025445e7,1.0079152e7,1.0110686e7,1.0118599e7,1.005432e7,1.0048743e7,1.0049205e7,1.0403983e7,1.1271126e7,1.0895899e7,1.0706291e7,1.0319339e7,1.0278622e7,1.0341359e7,1.0214471e7,1.0176344e7,1.0141689e7,1.0084799e7,1.0073076e7,1.0032676e7,1.0080176e7,1.0103459e7,1.0130082e7,1.0101023e7,1.0061014e7,1.0086119e7,1.004866e7,1.0118767e7,1.010812e7,1.0120305e7,1.0107541e7,1.0158157e7,1.0035286e7,1.0030662e7,1.0157385e7,1.0119597e7,1.0095019e7,1.0054587e7,1.005837e7,1.0060343e7,1.0102258e7,1.0113389e7,1.0035645e7,1.0077438e7,1.0043374e7,1.0106687e7,2.8095311e7,1.0606229e7,9.860005e6,9.798218e6,1.0015076e7,9.802724e6,9.92193e6,9.816245e6,9.807252e6,9.828969e6,9.800421e6,9.78399e6,9.813133e6,9.864995e6,9.855227e6,9.873161e6,9.805467e6,9.84604e6,9.776306e6,9.816352e6,9.844173e6,9.86389e6,9.827228e6,9.825887e6,9.783019e6,9.790507e6,9.842013e6,9.940584e6,9.841313e6,9.845311e6,9.810393e6,9.821799e6,9.886e6,9.837644e6,9.82215e6,9.848435e6,9.770759e6,9.792457e6,9.808207e6,9.913189e6,9.927094e6,9.843413e6,9.821626e6,9.771975e6,9.824263e6,9.865229e6,9.881392e6,9.867769e6,9.915482e6,9.798015e6,9.769158e6,1.0624726e7,1.0018037e7,1.011981e7,1.0078317e7,1.0065494e7,1.0058984e7,1.0084422e7,1.0120024e7,1.0123452e7]}]],