{"lengs":[10.0,21.544346900318832,46.4158883361278,100.0,215.44346900318845,464.15888336127773,1000.0],"benchmarks":[["Trial",{"allocs":14,"gctimes":[0.0,0.0,0.0,0.0,0.0,0.0,0.0,0.0,0.0,0.0,0.0,0.0,0.0,0.0,0.0,0.0,0.0,0.0,0.0,0.0,0.0,0.0,0.0,0.0,0.0,0.0,0.0,0.0,0.0,0.0,0.0,0.0,0.0,0.0,0.0,0.0,0.0,0.0,0.0,0.0,0.0,0.0,0.0,0.0,0.0,0.0,0.0,0.0,0.0,0.0,0.0,0.0,0.0,0.0,0.0,0.0,0.0,0.0,0.0,0.0,0.0,0.0,0.0,0.0,0.0,0.0,0.0,0.0,0.0,0.0,0.0,0.0,0.0,0.0,0.0,0.0,0.0,0.0,0.0,0.0,0.0,0.0,0.0,0.0,0.0,0.0,0.0,0.0,0.0,0.0,0.0,0.0,0.0,0.0,0.0,0.0,0.0,0.0,0.0,0.0,0.0,0.0,0.0,0.0,0.0,0.0,0.0,0.0,0.0,0.0,0.0,0.0,0.0,0.0,0.0,0.0,0.0,0.0,0.0,0.0,0.0,0.0,0.0,0.0,0.0,0.0,0.0,0.0,0.0,0.0,0.0,0.0,0.0,0.0,0.0,0.0,0.0,0.0,0.0,0.0,0.0,0.0,0.0,0.0,0.0,0.0,0.0,0.0,0.0,0.0,0.0,0.0,0.0,0.0,0.0,0.0,0.0,0.0,0.0,0.0,0.0,0.0,0.0,0.0,0.0,0.0,0.0,0.0,0.0,0.0,0.0,0.0,0.0,0.0,0.0,0.0,0.0,0.0,0.0,0.0,0.0,0.0,0.0,0.0,0.0,0.0,0.0,0.0,0.0,0.0,0.0,0.0,0.0,0.0,0.0,0.0,0.0,0.0,0.0,0.0,0.0,0.0,0.0,0.0,0.0,0.0,0.0,0.0,0.0,0.0,0.0,0.0,0.0,0.0,0.0,0.0,0.0,0.0,0.0,0.0,0.0,0.0,0.0,0.0,0.0,0.0,0.0,0.0,0.0,0.0,0.0,0.0,0.0,0.0,0.0,0.0,0.0,0.0,0.0,0.0,0.0,0.0,0.0,0.0],"memory":91792,"params":["Parameters",{"gctrial":true,"time_tolerance":0.05,"samples":10000,"evals":1,"gcsample":false,"seconds":5.0,"overhead":0.0,"memory_tolerance":0.01}],"times":[2.5468828e7,2.0557474e7,2.006366e7,1.9341655e7,2.0810618e7,1.943366e7,2.1229546e7,1.7442953e7,1.8512399e7,1.8037583e7,2.1895821e7,2.0513966e7,2.7174761e7,2.2103399e7,1.8004638e7,2.1285265e7,1.9990837e7,2.1621258e7,1.8358968e7,2.3402471e7,1.9694698e7,2.2475485e7,2.1107571e7,2.150885e7,1.7876647e7,1.990978e7,2.352728e7,2.2102876e7,2.1149216e7,2.2092698e7,2.2277191e7,1.9593556e7,2.2110214e7,1.8937378e7,2.0609513e7,2.0902387e7,1.630897e7,1.6613011e7,2.4690496e7,1.8244442e7,2.4316327e7,1.9148572e7,1.8922527e7,2.4762675e7,1.8376242e7,2.126342e7,1.9575293e7,2.3009941e7,2.5347467e7,1.8625013e7,2.0218713e7,2.180588e7,2.1382752e7,2.122647e7,2.2530768e7,1.8655167e7,2.0683338e7,2.576042e7,2.3889534e7,2.1497024e7,2.0285645e7,1.9190747e7,1.6103698e7,2.1093576e7,2.1191492e7,1.6302429e7,1.7214215e7,2.0459405e7,2.1078922e7,2.0946303e7,1.9619363e7,1.7674632e7,2.2601287e7,1.8475974e7,1.7442476e7,2.4566606e7,2.1095945e7,1.8282709e7,1.7572724e7,2.3764798e7,2.190545e7,2.0374645e7,2.4898277e7,2.0959823e7,2.1010649e7,1.7742109e7,2.5014917e7,1.956434e7,2.206134e7,1.8971226e7,2.0851853e7,2.200822e7,1.8524119e7,2.1809044e7,1.8644178e7,2.3055912e7,1.534354e7,1.8274608e7,1.6793777e7,2.0290535e7,1.7514941e7,1.9632738e7,2.4333387e7,2.3698301e7,1.9809899e7,2.5771502e7,2.1352597e7,2.2325772e7,1.8397352e7,1.8035429e7,2.3775011e7,2.3075786e7,2.1793833e7,2.1654329e7,2.0315446e7,1.7024836e7,1.8871855e7,1.9163031e7,1.9348548e7,2.2972482e7,1.8529815e7,1.9415596e7,1.8323855e7,2.1610236e7,2.1206482e7,1.8539263e7,2.1042649e7,1.8490117e7,1.7918819e7,2.1169927e7,1.6171473e7,2.411068e7,1.9113073e7,2.4111506e7,1.9385142e7,2.3399251e7,2.1912241e7,1.7045766e7,2.1903996e7,1.9014165e7,2.2513374e7,2.3433869e7,2.2639083e7,1.9893908e7,1.9124484e7,2.0280746e7,1.8968651e7,1.9118932e7,2.1707277e7,1.7263098e7,2.0375725e7,1.9133568e7,2.4363606e7,2.3819257e7,1.8779059e7,1.8121062e7,2.2391836e7,1.7005969e7,1.9867131e7,2.2512948e7,2.1281152e7,2.0722094e7,2.001679e7,2.2949979e7,1.896275e7,2.3040581e7,2.1047014e7,1.9427142e7,1.9904427e7,2.1264489e7,2.0605692e7,2.1874346e7,2.0124387e7,2.2262531e7,2.0916574e7,1.8907706e7,2.0260954e7,1.737615e7,2.1465777e7,2.0475632e7,2.1401117e7,1.9766275e7,2.1609194e7,2.4039188e7,1.8917527e7,1.9181029e7,1.9641721e7,2.2465522e7,2.0409518e7,2.201502e7,1.9459349e7,1.9655272e7,2.0554259e7,1.8078334e7,1.8738722e7,1.9436558e7,2.0343497e7,2.0392667e7,2.1515118e7,1.9870328e7,2.0793878e7,1.9774734e7,2.0447056e7,1.874367e7,2.0815351e7,2.4766072e7,2.1194523e7,2.0500335e7,1.9287098e7,1.8422164e7,1.9810681e7,2.1678401e7,1.9994963e7,1.8828002e7,2.2894288e7,1.792481e7,1.9000555e7,2.289853e7,2.0991806e7,1.9242865e7,2.0433682e7,2.0877709e7,2.1217693e7,2.0602236e7,1.8164955e7,1.9060508e7,1.9617305e7,1.7647542e7,1.8388981e7,2.1372148e7,1.9461058e7,1.9743443e7,1.9830243e7,1.8798567e7,2.1071553e7,2.0133758e7,2.0740594e7,1.8792242e7,1.9093572e7,2.2767248e7,2.0994273e7,2.3093693e7,1.9208446e7,2.1376173e7]}],["Trial",{"allocs":14,"gctimes":[0.0,0.0,0.0,0.0,0.0,0.0,0.0,0.0,0.0,0.0,0.0,0.0,0.0,0.0,0.0,0.0,0.0,0.0,0.0,0.0,0.0,0.0,0.0,0.0,0.0,0.0,0.0,0.0,0.0,0.0,0.0,0.0,0.0,0.0,0.0,0.0,0.0,0.0,0.0,0.0,0.0,0.0,0.0,0.0,0.0,0.0,0.0,0.0,0.0,0.0,0.0,0.0,0.0,0.0,0.0,0.0,0.0,0.0,0.0,0.0,0.0,0.0,0.0,0.0,0.0,0.0,0.0,0.0,0.0,0.0,0.0,0.0,0.0,0.0,0.0,0.0,0.0,0.0,0.0,0.0,0.0,0.0],"memory":91792,"params":["Parameters",{"gctrial":true,"time_tolerance":0.05,"samples":10000,"evals":1,"gcsample":false,"seconds":5.0,"overhead":0.0,"memory_tolerance":0.01}],"times":[6.6060533e7,6.907104e7,6.2649184e7,5.919957e7,5.9419263e7,5.9625834e7,5.4391593e7,5.3467527e7,6.3006292e7,6.6350182e7,7.2871868e7,6.0549288e7,6.0480998e7,5.9468673e7,5.7655893e7,6.2931168e7,5.8054844e7,5.3488382e7,5.8813548e7,5.737516e7,5.5984713e7,5.6561489e7,6.6745509e7,6.5818402e7,5.8019022e7,6.1838317e7,6.2723386e7,6.8581651e7,5.5949913e7,5.7089643e7,5.8749966e7,5.5668796e7,6.391672e7,6.1560615e7,5.2758161e7,5.6746829e7,5.6016007e7,5.5880135e7,6.2613671e7,6.0276676e7,6.5845246e7,6.2373836e7,6.4433098e7,5.5820394e7,5.9545706e7,5.6694931e7,5.8466558e7,5.4902222e7,6.6059946e7,5.4890414e7,6.1299973e7,5.555569e7,6.8113917e7,5.5908555e7,6.6745157e7,6.2239265e7,6.1679553e7,5.4300209e7,5.7086832e7,5.6500019e7,5.8041603e7,5.5665515e7,6.448499e7,5.811121e7,6.8332186e7,6.2698972e7,7.0173137e7,6.0161219e7,6.1814925e7,6.224095e7,6.8069155e7,6.9101063e7,6.9032952e7,5.4809151e7,6.4672171e7,7.1730874e7,6.9380874e7,6.1876612e7,5.6336448e7,6.3397403e7,7.2092082e7,6.4988259e7]}],["Trial",{"allocs":14,"gctimes":[0.0,0.0,0.0,0.0,0.0,0.0,0.0,0.0,0.0,0.0,0.0,0.0,0.0,0.0,0.0,0.0,0.0,0.0,0.0,0.0,0.0,0.0,0.0,0.0,0.0,0.0,0.0,0.0,0.0,0.0],"memory":91792,"params":["Parameters",{"gctrial":true,"time_tolerance":0.05,"samples":10000,"evals":1,"gcsample":false,"seconds":5.0,"overhead":0.0,"memory_tolerance":0.01}],"times":[1.82962604e8,1.72522128e8,1.68869065e8,1.7003644e8,1.68756004e8,1.6960686e8,1.75876412e8,1.66777382e8,1.7403936e8,1.81215572e8,1.71651857e8,1.64198317e8,1.73258854e8,1.74595173e8,1.74837146e8,1.66801107e8,1.70016949e8,1.6454515e8,1.77424161e8,1.72622739e8,1.63728088e8,1.60800274e8,1.57519669e8,1.57208905e8,1.8430174e8,1.70245687e8,1.54709663e8,1.79050795e8,1.73152853e8,1.81013257e8]}],["Trial",{"allocs":14,"gctimes":[0.0,0.0,0.0,0.0,0.0,0.0,0.0,0.0,0.0,0.0,0.0,0.0],"memory":91792,"params":["Parameters",{"gctrial":true,"time_tolerance":0.05,"samples":10000,"evals":1,"gcsample":false,"seconds":5.0,"overhead":0.0,"memory_tolerance":0.01}],"times":[4.17030731e8,4.23314082e8,4.23138858e8,4.69290949e8,4.3058545e8,4.32901688e8,4.25084069e8,4.22426642e8,4.14424638e8,4.12598642e8,4.12790566e8,4.35760624e8]}],["Trial",{"allocs":14,"gctimes":[0.0,0.0,0.0,0.0,0.0,0.0],"memory":91792,"params":["Parameters",{"gctrial":true,"time_tolerance":0.05,"samples":10000,"evals":1,"gcsample":false,"seconds":5.0,"overhead":0.0,"memory_tolerance":0.01}],"times":[9.76403158e8,1.016566831e9,9.8239812e8,9.44683082e8,1.030879738e9,9.74294844e8]}],["Trial",{"allocs":14,"gctimes":[0.0,0.0,0.0],"memory":91792,"params":["Parameters",{"gctrial":true,"time_tolerance":0.05,"samples":10000,"evals":1,"gcsample":false,"seconds":5.0,"overhead":0.0,"memory_tolerance":0.01}],"times":[2.23177484e9,2.182464505e9,2.149298076e9]}],["Trial",{"allocs":14,"gctimes":[0.0],"memory":91792,"params":["Parameters",{"gctrial":true,"time_tolerance":0.05,"samples":10000,"evals":1,"gcsample":false,"seconds":5.0,"overhead":0.0,"memory_tolerance":0.01}],"times":[5.118092058e9]}]],"medians":[20.4216,60.515143,170.948772,423.22647,979.400639,2182.464505,5118.092058]}