{"lengs":[10.0,21.544346900318832,46.4158883361278,100.0,215.44346900318845,464.15888336127773,1000.0],"benchmarks":[["Trial",{"allocs":2179,"gctimes":[0.0,0.0,0.0,0.0,0.0,0.0,0.0,0.0,0.0,0.0,0.0,0.0,0.0,0.0,0.0,0.0,0.0,0.0,0.0,0.0,0.0,0.0,0.0,0.0,0.0,0.0,0.0,0.0,0.0,0.0,0.0,0.0,0.0,0.0,0.0,0.0,0.0,0.0,0.0,0.0,0.0,0.0,0.0,0.0,0.0,0.0,0.0,0.0,1.0505091e7,0.0,0.0,0.0,0.0,0.0,0.0,0.0,0.0,0.0,0.0,0.0,0.0,0.0,0.0,0.0,0.0,0.0,0.0,0.0,0.0,0.0,0.0,0.0,0.0,0.0,0.0,0.0,0.0,0.0,0.0,0.0,0.0,0.0,0.0,0.0,0.0,0.0,0.0,0.0,0.0,0.0,0.0,0.0,0.0,0.0,0.0,0.0,7.620012e6],"memory":5194576,"params":["Parameters",{"gctrial":true,"time_tolerance":0.05,"samples":10000,"evals":1,"gcsample":false,"seconds":5.0,"overhead":0.0,"memory_tolerance":0.01}],"times":[5.0926334e7,4.9395363e7,4.9364723e7,4.9692393e7,4.951523e7,4.9194647e7,4.9221807e7,4.9269361e7,4.9530569e7,4.9537018e7,4.9785602e7,5.0269731e7,5.0858136e7,5.1948225e7,5.0435697e7,5.039624e7,5.0818147e7,4.9323904e7,4.9196378e7,5.3301974e7,5.2642058e7,5.2461087e7,5.2047627e7,5.3157049e7,5.2484398e7,5.3894371e7,5.2333223e7,5.1402605e7,5.1895662e7,5.2763338e7,5.2243282e7,5.2714519e7,5.1949776e7,5.2185557e7,5.1818793e7,5.2099967e7,5.2004733e7,5.3434839e7,5.2575915e7,5.3745312e7,5.2436254e7,5.2018961e7,5.2238984e7,5.1722648e7,5.4141408e7,5.3070743e7,5.2264508e7,5.2259631e7,6.3882685e7,5.1293306e7,5.1312795e7,5.1259277e7,5.0971916e7,5.1722657e7,5.179914e7,5.1223249e7,5.1475835e7,5.1431235e7,5.2856746e7,5.4256372e7,5.152554e7,5.1354033e7,5.0480515e7,5.0425054e7,5.1125118e7,5.1317187e7,5.0566765e7,5.1634229e7,5.1501189e7,5.1682962e7,5.1797247e7,5.1657977e7,5.2176637e7,5.1409157e7,5.1795687e7,5.1477042e7,5.1586615e7,5.1838159e7,5.232943e7,5.2976532e7,5.1406452e7,5.118297e7,5.1562669e7,5.1480131e7,5.1503662e7,5.1319114e7,5.2925018e7,5.295112e7,4.9115874e7,4.8931745e7,4.9563334e7,5.0714785e7,5.035243e7,4.9396751e7,5.051657e7,5.0346529e7,5.9042243e7]}],["Trial",{"allocs":2551,"gctimes":[0.0,0.0,0.0,0.0,0.0,0.0,0.0,0.0,0.0,0.0,0.0,0.0,0.0,0.0,0.0,0.0,0.0,0.0,0.0,0.0,0.0,0.0,0.0,0.0,0.0,0.0,0.0,0.0,0.0,0.0,0.0,0.0,0.0,0.0,0.0,0.0,0.0,0.0,0.0,0.0,0.0,0.0,0.0,0.0,0.0,9.213619e6,0.0,0.0,0.0,0.0,0.0,0.0,0.0,0.0,0.0,0.0,0.0,0.0,0.0,0.0,0.0,0.0,0.0,0.0,0.0,0.0,0.0,0.0,0.0,0.0,0.0,0.0,0.0,0.0,0.0,0.0,0.0,0.0,0.0,0.0,0.0,0.0,0.0,0.0,0.0,0.0,0.0,0.0,0.0,0.0],"memory":5514896,"params":["Parameters",{"gctrial":true,"time_tolerance":0.05,"samples":10000,"evals":1,"gcsample":false,"seconds":5.0,"overhead":0.0,"memory_tolerance":0.01}],"times":[5.8339539e7,5.7403798e7,5.7347964e7,5.7732044e7,5.7332879e7,5.7453985e7,5.7282217e7,5.7408935e7,5.7839771e7,5.7462929e7,5.7562229e7,5.885402e7,5.7091534e7,5.8056208e7,5.611289e7,5.6442052e7,5.9117589e7,5.8914259e7,5.5198595e7,5.4074117e7,5.4927781e7,5.5768363e7,5.4746315e7,5.4652852e7,5.5712597e7,5.5184825e7,5.5045665e7,5.5064364e7,5.538108e7,5.569723e7,5.4520672e7,5.5132341e7,5.5684215e7,5.5049994e7,5.4766249e7,5.8081655e7,5.6060606e7,5.8950846e7,5.5254337e7,5.5426939e7,5.5562714e7,5.5309309e7,5.5229039e7,5.5035166e7,5.6641774e7,6.8527587e7,5.4856818e7,5.5055277e7,5.5287614e7,5.5424341e7,5.5085071e7,5.5036834e7,5.5096893e7,5.7677654e7,5.6521863e7,5.5401227e7,5.6532588e7,5.4809433e7,5.6060182e7,5.4005604e7,5.4613906e7,5.4645706e7,5.5126464e7,5.4607549e7,5.4150956e7,5.5170355e7,5.563801e7,5.4732144e7,5.4877632e7,5.5727244e7,5.5330773e7,5.5410562e7,5.7802198e7,5.5999904e7,5.5567218e7,5.4682105e7,5.5153028e7,5.565659e7,5.4916635e7,5.4637112e7,5.5721174e7,5.5601546e7,5.867191e7,5.5300695e7,5.5377955e7,5.5336057e7,5.548471e7,5.5087873e7,5.4972123e7,5.7191307e7]}],["Trial",{"allocs":3500,"gctimes":[0.0,0.0,0.0,0.0,0.0,0.0,0.0,0.0,0.0,0.0,0.0,0.0,0.0,0.0,0.0,0.0,0.0,0.0,0.0,0.0,0.0,0.0,0.0,0.0,0.0,0.0,0.0,0.0,0.0,0.0,0.0,0.0,0.0,0.0,0.0,0.0,0.0,0.0,0.0,0.0,0.0,9.661047e6,0.0,0.0,0.0,0.0,0.0,0.0,0.0,0.0,0.0,0.0,0.0,0.0,0.0,0.0,0.0,0.0,0.0,0.0,0.0,0.0,0.0,0.0,0.0,0.0],"memory":6043792,"params":["Parameters",{"gctrial":true,"time_tolerance":0.05,"samples":10000,"evals":1,"gcsample":false,"seconds":5.0,"overhead":0.0,"memory_tolerance":0.01}],"times":[7.8897962e7,7.5214274e7,7.4657082e7,7.5388258e7,7.501734e7,7.4752658e7,7.4329396e7,7.5158022e7,7.5472499e7,7.4897056e7,7.4768903e7,7.7282914e7,7.3889931e7,7.8613234e7,7.5738483e7,7.3884658e7,7.3947452e7,7.480024e7,7.3996793e7,7.3387888e7,7.5091221e7,7.5956478e7,7.4234783e7,7.4222896e7,7.5634048e7,7.4608233e7,7.5011554e7,7.4888628e7,7.6882214e7,7.6392332e7,7.4034085e7,7.5042625e7,7.5849896e7,7.465158e7,7.418791e7,7.5808326e7,7.5589108e7,8.0797977e7,7.5038531e7,7.5114013e7,7.6414273e7,8.8650089e7,7.6000633e7,7.4583365e7,7.5237153e7,7.4964313e7,7.5116336e7,7.5197107e7,7.8175758e7,7.5998055e7,7.4984902e7,7.5628213e7,8.0345204e7,7.671559e7,7.6062647e7,7.665884e7,7.6487961e7,7.6952707e7,7.7981853e7,7.6911319e7,7.6395421e7,7.7943327e7,7.8585353e7,7.6918977e7,7.7316192e7,7.88468e7]}],["Trial",{"allocs":3840,"gctimes":[0.0,0.0,0.0,0.0,0.0,0.0,0.0,0.0,0.0,0.0,0.0,0.0,0.0,0.0,0.0,0.0,0.0,0.0,0.0,0.0,0.0,0.0,0.0,0.0,0.0,0.0,0.0,0.0,0.0,0.0,0.0,0.0,0.0,0.0,0.0,0.0,0.0,0.0,8.113785e6,0.0,0.0,0.0,0.0,0.0,0.0,0.0,0.0,0.0,0.0,0.0,0.0,0.0,0.0,0.0,0.0,0.0,0.0,0.0,0.0,0.0],"memory":6424848,"params":["Parameters",{"gctrial":true,"time_tolerance":0.05,"samples":10000,"evals":1,"gcsample":false,"seconds":5.0,"overhead":0.0,"memory_tolerance":0.01}],"times":[9.2222784e7,8.2276456e7,8.2656282e7,8.3002147e7,8.270894e7,8.2052737e7,8.1930252e7,8.2424406e7,8.3058866e7,8.3724028e7,8.4361005e7,8.5091707e7,8.0983559e7,8.094699e7,8.0436408e7,8.0063403e7,8.1963112e7,8.2486134e7,8.1263138e7,8.0669996e7,8.2398194e7,8.3438317e7,8.5880329e7,8.5194293e7,8.6688886e7,8.5586362e7,8.5350865e7,8.5844339e7,8.5936519e7,8.6219745e7,8.4987269e7,8.6048683e7,8.6801409e7,8.3786767e7,8.3236819e7,8.3793728e7,8.2889091e7,8.8895264e7,9.2298174e7,8.1626144e7,8.2163526e7,8.2706e7,8.2627973e7,8.2006821e7,8.1816113e7,9.0537097e7,8.5673156e7,8.778149e7,8.5490786e7,8.8382048e7,8.420298e7,8.4022445e7,8.5643017e7,8.5803068e7,8.3617742e7,8.4041805e7,8.5092237e7,8.565716e7,8.5702385e7,8.4752406e7]}],["Trial",{"allocs":4048,"gctimes":[0.0,0.0,0.0,0.0,0.0,0.0,0.0,0.0,0.0,0.0,0.0,0.0,0.0,0.0,0.0,0.0,0.0,0.0,0.0,0.0,0.0,0.0,0.0,0.0,0.0,0.0,0.0,0.0,0.0,0.0,0.0,0.0,0.0,0.0,0.0,0.0,0.0,8.174404e6,0.0,0.0,0.0,0.0,0.0,0.0,0.0,0.0,0.0,0.0,0.0,0.0,0.0,0.0,0.0,0.0,0.0,0.0],"memory":6666128,"params":["Parameters",{"gctrial":true,"time_tolerance":0.05,"samples":10000,"evals":1,"gcsample":false,"seconds":5.0,"overhead":0.0,"memory_tolerance":0.01}],"times":[9.3974308e7,9.0504311e7,9.2659287e7,9.2021662e7,8.9105062e7,9.0847596e7,9.1618803e7,9.1954328e7,9.2394453e7,9.1578509e7,9.232743e7,9.4791033e7,9.0900322e7,9.2043693e7,9.1524174e7,9.1693382e7,9.2161073e7,8.9662522e7,8.9504053e7,9.0524645e7,9.1424692e7,8.9083083e7,9.1630725e7,9.0955435e7,9.1923011e7,8.8880431e7,8.8005645e7,8.9589502e7,8.8714901e7,8.7355641e7,8.796493e7,8.8239155e7,8.6498807e7,8.8112723e7,8.8485229e7,8.8680747e7,9.2118983e7,9.8134348e7,8.6855039e7,8.7430443e7,8.8814818e7,8.6230869e7,8.7499734e7,8.7320342e7,8.7585202e7,8.8886158e7,8.7845065e7,8.8533311e7,9.1603417e7,8.5917647e7,8.579713e7,8.7542967e7,8.697547e7,8.830095e7,8.7853686e7,9.4101789e7]}],["Trial",{"allocs":4184,"gctimes":[0.0,0.0,0.0,0.0,0.0,0.0,0.0,0.0,0.0,0.0,0.0,0.0,0.0,0.0,0.0,0.0,0.0,0.0,0.0,0.0,0.0,0.0,0.0,0.0,0.0,0.0,0.0,0.0,0.0,0.0,0.0,0.0,0.0,0.0,0.0,0.0,8.233051e6,0.0,0.0,0.0,0.0,0.0,0.0,0.0,0.0,0.0,0.0,0.0,0.0,0.0,0.0,0.0,0.0,0.0,0.0],"memory":6814992,"params":["Parameters",{"gctrial":true,"time_tolerance":0.05,"samples":10000,"evals":1,"gcsample":false,"seconds":5.0,"overhead":0.0,"memory_tolerance":0.01}],