{"lengs":[10.0],"benchmarks":[["Trial",{"allocs":20196,"gctimes":[0.0,0.0,0.0,0.0,0.0,0.0,0.0,0.0,0.0,0.0,0.0,0.0,0.0,0.0,0.0,0.0,0.0,0.0,0.0,0.0,0.0,0.0,0.0,0.0,0.0,0.0,0.0,0.0,0.0,0.0,0.0,0.0,0.0,1.0978831e7,0.0,0.0,0.0,0.0,0.0,0.0,0.0,0.0,0.0,0.0,0.0,0.0,0.0,0.0,0.0,0.0,0.0,0.0,0.0,0.0,0.0,0.0,0.0,0.0,0.0,0.0],"memory":7655064,"params":["Parameters",{"gctrial":true,"time_tolerance":0.05,"samples":10000,"evals":1,"gcsample":false,"seconds":5.0,"overhead":0.0,"memory_tolerance":0.01}],"times":[8.1157245e7,7.8383283e7,7.7876656e7,7.9944416e7,7.8941342e7,8.0630209e7,7.8025669e7,7.8317122e7,7.8432498e7,7.8134388e7,7.8070359e7,7.8540263e7,7.8348278e7,7.8401388e7,8.0441117e7,7.8679915e7,7.8294991e7,7.9115508e7,7.7218319e7,7.916829e7,7.8796045e7,8.1800541e7,7.9612423e7,7.909846e7,7.9505667e7,8.0993375e7,7.8859942e7,8.2082906e7,7.9199412e7,7.8235729e7,8.059167e7,8.0097251e7,7.9525902e7,9.0498128e7,7.9877647e7,7.9072698e7,7.8023739e7,7.74397e7,7.9491015e7,7.8959037e7,7.9114616e7,7.8352728e7,7.8381697e7,7.7655051e7,7.9228904e7,8.4451694e7,1.01670264e8,9.8078927e7,9.5996334e7,9.6625874e7,9.6922081e7,9.6386378e7,9.8106021e7,9.9739755e7,9.650911e7,9.6700777e7,9.7952077e7,9.6621295e7,9.8936104e7,9.7329987e7]}]],"medians":[79.3599595]}