{"lengs":[10.0,21.544346900318832,46.4158883361278,100.0,215.44346900318845,464.15888336127773,1000.0],"benchmarks":[["Trial",{"allocs":31704,"gctimes":[0.0,0.0],"memory":301026880,"params":["Parameters",{"gctrial":true,"time_tolerance":0.05,"samples":10000,"evals":1,"gcsample":false,"seconds":5.0,"overhead":0.0,"memory_tolerance":0.01}],"times":[4.983787013e9,4.962028195e9]}],["Trial",{"allocs":53133,"gctimes":[0.0],"memory":535581568,"params":["Parameters",{"gctrial":true,"time_tolerance":0.05,"samples":10000,"evals":1,"gcsample":false,"seconds":5.0,"overhead":0.0,"memory_tolerance":0.01}],"times":[9.769522748e9]}],["Trial",{"allocs":76847,"gctimes":[9.013428e6],"memory":825557024,"params":["Parameters",{"gctrial":true,"time_tolerance":0.05,"samples":10000,"evals":1,"gcsample":false,"seconds":5.0,"overhead":0.0,"memory_tolerance":0.01}],"times":[1.6645037095e10]}],["Trial",{"allocs":98874,"gctimes":[1.4036655e7],"memory":1121640592,"params":["Parameters",{"gctrial":true,"time_tolerance":0.05,"samples":10000,"evals":1,"gcsample":false,"seconds":5.0,"overhead":0.0,"memory_tolerance":0.01}],"times":[2.4992223093e10]}],["Trial",{"allocs":125186,"gctimes":[1.3014249e7],"memory":1495038800,"params":["Parameters",{"gctrial":true,"time_tolerance":0.05,"samples":10000,"evals":1,"gcsample":false,"seconds":5.0,"overhead":0.0,"memory_tolerance":0.01}],"times":[3.7311140786e10]}],["Trial",{"allocs":168512,"gctimes":[2.7477279e7],"memory":2124108928,"params":["Parameters",{"gctrial":true,"time_tolerance":0.05,"samples":10000,"evals":1,"gcsample":false,"seconds":5.0,"overhead":0.0,"memory_tolerance":0.01}],"times":[5.957256873e10]}],["Trial",{"allocs":188822,"gctimes":[6.0969953e7],"memory":2443352976,"params":["Parameters",{"gctrial":true,"time_tolerance":0.05,"samples":10000,"evals":1,"gcsample":false,"seconds":5.0,"overhead":0.0,"memory_tolerance":0.01}],"times":[7.430093045e10]}]],"medians":[4972.907604,9769.522748,16645.037095,24992.223093,37311.140786,59572.56873,74300.93045]}