{"lengs":[10.0,21.544346900318832,46.4158883361278,100.0,215.44346900318845,464.15888336127773,1000.0],"benchmarks":[["Trial",{"allocs":31456,"gctimes":[0.0,0.0,0.0,0.0,0.0],"memory":19980768,"params":["Parameters",{"gctrial":true,"time_tolerance":0.05,"samples":10000,"evals":1,"gcsample":false,"seconds":5.0,"overhead":0.0,"memory_tolerance":0.01}],"times":[1.111444389e9,1.159160785e9,1.140675043e9,1.134467965e9,1.114029769e9]}],["Trial",{"allocs":47706,"gctimes":[0.0,0.0,0.0,0.0],"memory":21639232,"params":["Parameters",{"gctrial":true,"time_tolerance":0.05,"samples":10000,"evals":1,"gcsample":false,"seconds":5.0,"overhead":0.0,"memory_tolerance":0.01}],"times":[1.303046885e9,1.282177153e9,1.296973779e9,1.28001684e9]}],["Trial",{"allocs":179434,"gctimes":[0.0,0.0],"memory":42067904,"params":["Parameters",{"gctrial":true,"time_tolerance":0.05,"samples":10000,"evals":1,"gcsample":false,"seconds":5.0,"overhead":0.0,"memory_tolerance":0.01}],"times":[3.352947721e9,3.318280342e9]}],["Trial",{"allocs":207318,"gctimes":[0.0,0.0],"memory":45061568,"params":["Parameters",{"gctrial":true,"time_tolerance":0.05,"samples":10000,"evals":1,"gcsample":false,"seconds":5.0,"overhead":0.0,"memory_tolerance":0.01}],"times":[3.668677083e9,3.617199334e9]}],["Trial",{"allocs":242070,"gctimes":[0.0,0.0],"memory":48796576,"params":["Parameters",{"gctrial":true,"time_tolerance":0.05,"samples":10000,"evals":1,"gcsample":false,"seconds":5.0,"overhead":0.0,"memory_tolerance":0.01}],"times":[4.007446872e9,4.082409404e9]}],["Trial",{"allocs":373426,"gctimes":[0.0],"memory":66068928,"params":["Parameters",{"gctrial":true,"time_tolerance":0.05,"samples":10000,"evals":1,"gcsample":false,"seconds":5.0,"overhead":0.0,"memory_tolerance":0.01}],"times":[5.849066474e9]}],["Trial",{"allocs":444020,"gctimes":[0.0],"memory":74396320,"params":["Parameters",{"gctrial":true,"time_tolerance":0.05,"samples":10000,"evals":1,"gcsample":false,"seconds":5.0,"overhead":0.0,"memory_tolerance":0.01}],"times":[6.822075508e9]}]],"medians":[1134.467965,1289.575466,3335.6140315,3642.9382085,4044.928138,5849.066474,6822.075508]}