{"lengs":[10.0],"benchmarks":[["Trial",{"allocs":3210,"gctimes":[0.0,0.0,0.0,0.0,0.0,0.0,0.0,0.0,0.0,0.0,0.0,0.0,0.0,0.0,0.0,0.0,0.0,0.0,0.0,0.0,0.0,0.0,0.0,0.0,0.0,0.0,0.0,0.0,0.0,0.0,0.0,0.0,0.0,0.0,0.0,0.0,0.0,0.0,0.0,0.0,0.0,0.0,0.0,0.0,0.0,0.0,0.0,0.0,0.0,0.0,0.0,0.0,0.0,0.0,0.0,0.0,0.0,0.0,0.0,0.0,0.0,0.0,0.0,0.0,0.0,0.0,0.0,0.0,0.0,0.0,0.0,0.0,0.0,0.0,0.0,0.0,0.0,0.0,0.0,0.0,0.0,0.0,0.0,0.0,0.0,0.0,0.0,0.0,0.0,0.0,0.0,0.0,0.0,0.0,0.0,0.0,0.0,0.0,0.0,0.0,0.0,0.0,0.0,0.0,0.0,0.0,0.0,0.0,0.0,0.0,0.0,0.0,0.0,0.0,0.0,0.0,0.0,0.0,0.0,1.5289942e7,0.0,0.0,0.0,0.0,0.0,0.0,0.0,0.0,0.0,0.0,0.0,0.0,0.0,0.0,0.0,0.0,0.0,0.0,0.0,0.0,0.0,0.0,0.0,0.0,0.0,0.0,0.0,0.0,0.0,0.0,0.0,0.0,0.0,0.0,0.0,0.0,0.0,0.0,0.0,0.0,0.0,0.0,0.0,0.0,0.0,0.0,0.0,0.0,0.0,0.0,0.0,0.0,0.0,0.0,0.0,0.0,0.0,0.0,0.0,0.0,0.0,0.0,0.0,0.0,0.0,0.0,0.0,0.0,0.0,0.0,0.0,0.0,0.0,0.0,0.0,0.0,0.0,0.0,0.0,0.0,0.0,0.0,0.0,0.0,0.0,0.0,0.0,0.0,0.0,0.0,0.0,0.0,0.0,0.0,0.0,0.0,0.0,0.0,0.0,0.0,0.0,0.0,0.0,0.0,0.0,0.0,0.0,0.0,0.0,0.0,0.0,0.0,0.0,0.0,0.0,0.0,0.0,0.0,1.8350558e7,0.0,0.0,0.0,0.0,0.0,0.0,0.0,0.0,0.0,0.0,0.0,0.0,0.0,0.0,0.0,0.0,0.0,0.0,0.0,0.0,0.0,0.0,0.0,0.0,0.0,0.0,0.0,0.0,0.0,0.0,0.0,0.0,0.0,0.0,0.0,0.0,0.0,0.0,0.0,0.0,0.0,0.0,0.0,0.0,0.0,0.0,0.0,0.0,0.0,0.0,0.0,0.0,0.0,0.0,0.0,0.0,0.0,0.0,0.0,0.0,0.0,0.0,0.0,0.0,0.0,0.0,0.0,0.0,0.0,0.0,0.0,0.0,0.0,0.0,0.0,0.0,0.0,0.0,0.0,0.0,0.0,0.0,0.0,0.0,0.0,0.0,0.0,0.0,0.0,0.0,0.0,0.0,0.0,0.0,0.0,0.0,0.0,0.0,0.0,0.0,0.0,0.0,0.0,0.0,0.0,0.0,0.0,0.0,0.0,0.0,0.0,0.0,0.0,0.0,0.0,0.0,0.0,0.0,0.0,0.0,0.0,0.0,0.0,0.0,0.0,0.0,0.0,0.0,0.0,0.0,0.0,0.0,0.0,0.0,0.0,0.0,0.0,0.0,2.0555466e7,0.0,0.0,0.0,0.0,0.0,0.0,0.0,0.0,0.0,0.0,0.0,0.0,0.0,0.0,0.0,0.0,0.0,0.0,0.0,0.0,0.0,0.0,0.0,0.0,0.0,0.0,0.0,0.0,0.0,0.0,0.0,0.0,0.0,0.0,0.0,0.0,0.0,0.0,0.0,0.0,0.0,0.0,0.0,0.0,0.0,0.0,0.0,0.0,0.0,0.0,0.0,0.0,0.0,0.0,0.0,0.0,0.0,0.0,0.0,0.0,0.0,0.0,0.0,0.0,0.0,0.0,0.0,0.0,0.0,0.0,0.0,0.0,0.0,0.0,0.0,0.0,0.0,0.0,0.0,0.0,0.0,0.0,0.0,0.0,0.0,0.0,0.0,0.0,0.0,0.0,0.0,0.0,0.0,0.0,0.0,0.0,0.0,0.0,0.0,0.0,0.0,0.0,0.0,0.0,0.0,0.0,0.0,0.0,0.0,0.0,0.0,0.0,0.0,0.0,0.0,0.0,0.0,0.0,0.0,0.0,0.0,0.0,0.0,0.0,0.0,0.0,0.0,0.0,0.0,0.0,0.0,0.0,0.0,0.0,0.0,0.0,0.0,0.0,2.1582582e7,0.0,0.0,0.0,0.0,0.0,0.0,0.0,0.0,0.0,0.0,0.0,0.0,0.0,0.0,0.0,0.0,0.0,0.0,0.0,0.0,0.0,0.0,0.0,0.0,0.0,0.0,0.0,0.0,0.0,0.0,0.0,0.0,0.0,0.0,0.0,0.0,0.0,0.0,0.0,0.0,0.0,0.0,0.0,0.0,0.0,0.0,0.0,0.0,0.0,0.0,0.0,0.0,0.0,0.0,0.0,0.0,0.0,0.0,0.0,0.0,0.0,0.0,0.0,0.0],"memory":2094112,"params":["Parameters",{"gctrial":true,"time_tolerance":0.05,"samples":10000,"evals":1,"gcsample":false,"seconds":5.0,"overhead":0.0,"memory_tolerance":0.01}],"times":[1.04405e7,8.620899e6,8.554173e6,8.533785e6,8.502698e6,8.492928e6,8.493368e6,8.529597e6,8.503066e6,8.444541e6,8.437739e6,8.404137e6,8.416155e6,8.386376e6,8.444075e6,8.41265e6,8.530605e6,8.428111e6,8.422346e6,8.403204e6,8.386798e6,8.446486e6,8.409159e6,8.446859e6,8.417333e6,8.416722e6,8.459142e6,8.435272e6,8.442025e6,8.394441e6,8.423283e6,8.447895e6,8.435369e6,8.417497e6,8.439076e6,8.686004e6,8.74024e6,8.826855e6,8.729304e6,8.589908e6,8.467063e6,8.517669e6,8.505697e6,8.421153e6,8.492688e6,8.494317e6,8.525379e6,8.428511e6,8.437015e6,8.446091e6,8.422363e6,8.431028e6,8.411236e6,8.399075e6,8.412861e6,8.393491e6,8.42335e6,8.430084e6,8.402643e6,8.399755e6,8.383313e6,8.413288e6,8.406086e6,8.388284e6,8.364688e6,8.471092e6,8.446831e6,8.540572e6,8.454853e6,8.418663e6,8.44951e6,8.369188e6,8.437536e6,8.376841e6,8.37337e6,8.400198e6,8.443887e6,8.47551e6,8.415274e6,8.510415e6,8.479481e6,8.407809e6,8.373526e6,8.421859e6,8.374897e6,8.395552e6,8.425107e6,8.414962e6,8.460123e6,8.482219e6,8.49557e6,8.439504e6,8.432534e6,8.387064e6,8.395072e6,8.407696e6,8.378939e6,8.390609e6,8.412523e6,8.432245e6,8.387202e6,8.36371e6,8.426999e6,8.410317e6,8.393827e6,8.413669e6,8.407179e6,8.355388e6,8.351426e6,8.369669e6,8.390833e6,8.357789e6,8.366436e6,8.360581e6,8.360952e6,8.356437e6,8.339867e6,8.353845e6,8.347252e6,4.3782496e7,8.502661e6,8.453483e6,8.471732e6,8.444016e6,8.430885e6,8.439612e6,8.437169e6,8.40822e6,8.414277e6,8.408921e6,8.408455e6,8.343407e6,8.345233e6,8.357329e6,8.370476e6,8.392184e6,8.384583e6,8.406145e6,8.43208e6,8.441202e6,8.423305e6,8.442806e6,8.438064e6,8.434e6,8.42458e6,8.429772e6,8.46219e6,8.519542e6,8.430929e6,8.415162e6,8.482255e6,8.430055e6,8.423967e6,8.433312e6,8.58991e6,8.765947e6,8.839633e6,8.732034e6,8.618087e6,8.554867e6,8.475348e6,8.500104e6,8.451121e6,8.498443e6,8.485256e6,8.429201e6,8.438782e6,8.434128e6,8.388982e6,8.385065e6,8.401513e6,8.364931e6,8.37566e6,8.40642e6,8.398346e6,8.38847e6,8.380639e6,8.414562e6,8.405048e6,8.397073e6,8.391064e6,8.379062e6,8.408274e6,8.413811e6,8.465491e6,8.447921e6,8.421218e6,8.405095e6,8.404632e6,8.401892e6,8.460592e6,8.431555e6,8.406149e6,8.386081e6,8.426583e6,8.429405e6,8.422766e6,8.401139e6,8.428574e6,8.451287e6,8.408003e6,8.422572e6,8.158442e6,8.43696e6,8.422957e6,8.41602e6,8.403169e6,8.414126e6,8.422841e6,8.425026e6,8.419804e6,8.393043e6,8.395833e6,8.399724e6,8.389881e6,8.450054e6,8.418393e6,8.407903e6,8.416308e6,8.434171e6,8.419042e6,8.418016e6,8.400912e6,8.405371e6,8.408549e6,8.395253e6,8.427892e6,8.398203e6,8.386905e6,8.39401e6,8.38461e6,8.423928e6,8.415405e6,8.401611e6,8.428528e6,8.40172e6,8.397688e6,8.425135e6,4.7003381e7,8.475646e6,8.50422e6,8.499204e6,8.508262e6,8.49323e6,8.481373e6,8.472939e6,8.486222e6,8.440983e6,8.417534e6,8.411491e6,8.404451e6,8.434883e6,8.44103e6,8.433208e6,8.446301e6,8.451747e6,8.421656e6,8.36239e6,8.355743e6,8.37045e6,8.41096e6,8.39893e6,8.428608e6,8.42193e6,8.415705e6,8.381829e6,8.429648e6,8.412338e6,8.408106e6,8.398943e6,8.425655e6,8.419008e6,8.422405e6,8.81787e6,8.636957e6,8.462374e6,8.04912e6,8.141302e6,8.16886e6,8.158358e6,8.095145e6,7.965535e6,8.10926e6,8.063067e6,7.977866e6,7.962464e6,7.994109e6,7.982488e6,7.947728e6,8.009666e6,7.971217e6,7.986752e6,7.976345e6,7.992597e6,7.973662e6,7.967824e6,7.996743e6,8.125929e6,7.982218e6,8.066593e6,8.070991e6,7.992636e6,8.076804e6,8.141026e6,8.146543e6,8.167067e6,7.971979e6,8.029722e6,8.059801e6,8.129813e6,7.967563e6,7.965952e6,7.943029e6,7.954303e6,7.962321e6,8.006347e6,7.983806e6,7.953395e6,7.98552e6,8.198987e6,8.078112e6,8.028658e6,7.984028e6,8.041185e6,7.947819e6,7.970099e6,7.999487e6,7.949755e6,7.955937e6,8.053159e6,7.956295e6,7.974031e6,7.992678e6,7.981975e6,8.248299e6,8.404131e6,8.384183e6,8.390501e6,8.404784e6,8.399574e6,8.40533e6,8.390267e6,8.399878e6,8.394372e6,8.381229e6,8.405199e6,8.399295e6,8.397405e6,8.360606e6,8.375102e6,8.408139e6,8.416336e6,8.373089e6,8.403201e6,8.39421e6,8.407368e6,8.395978e6,8.389024e6,8.363355e6,8.386675e6,8.394905e6,8.388046e6,8.391491e6,8.397373e6,8.409568e6,8.388593e6,8.429541e6,8.387214e6,8.406105e6,8.456923e6,8.387091e6,8.439976e6,8.39234e6,8.414031e6,8.417786e6,8.409466e6,8.416723e6,5.4176123e7,8.499849e6,8.471003e6,8.472749e6,8.494181e6,8.46687e6,8.520909e6,8.483536e6,8.485179e6,8.468472e6,8.619562e6,8.515889e6,8.51027e6,8.519085e6,8.461207e6,8.454409e6,8.436378e6,8.743505e6,8.442136e6,8.194916e6,8.187005e6,7.941279e6,8.093912e6,8.069913e6,8.053509e6,8.044636e6,7.947854e6,8.065516e6,7.987208e6,7.994775e6,7.968268e6,7.958097e6,7.9941e6,8.006123e6,7.989232e6,8.131057e6,7.955287e6,7.987942e6,7.985166e6,7.98045e6,7.972967e6,7.975348e6,8.017671e6,8.033046e6,8.105415e6,8.03505e6,8.100482e6,8.169194e6,8.068571e6,8.085927e6,8.061378e6,8.035846e6,8.064889e6,8.059403e6,7.980778e6,7.961517e6,7.982825e6,8.01818e6,8.476103e6,8.398939e6,8.406237e6,8.396012e6,8.404384e6,8.402386e6,8.383069e6,8.374154e6,8.221021e6,8.083923e6,7.984178e6,7.984866e6,7.994904e6,7.924913e6,7.96295e6,7.979281e6,7.956112e6,8.052903e6,8.143353e6,7.95688e6,7.96797e6,7.956678e6,7.93734e6,7.945617e6,7.947342e6,8.004216e6,7.974138e6,7.964885e6,7.935621e6,7.930424e6,7.943313e6,7.999874e6,7.965608e6,7.961914e6,7.963752e6,8.061163e6,7.975278e6,7.96228e6,8.071918e6,7.986255e6,7.953936e6,7.974523e6,7.99267e6,7.969439e6,7.957731e6,7.954638e6,8.047589e6,7.961313e6,8.067756e6,7.984247e6,7.976644e6,7.97487e6,7.979044e6,7.963265e6,7.976851e6,7.947959e6,7.996164e6,7.976307e6,7.985957e6,7.98903e6,