{"lengs":[1.9998618696327441],"benchmarks":[["Trial",{"allocs":8324,"gctimes":[0.0,0.0,0.0,0.0,0.0,0.0,0.0,0.0,0.0,0.0,0.0,0.0,0.0,0.0,0.0,0.0,0.0,0.0,0.0,0.0,0.0,0.0,0.0,0.0,0.0,0.0,0.0,0.0,0.0,0.0,0.0,0.0,0.0,0.0,0.0,0.0,0.0,0.0,0.0,0.0,0.0,0.0,0.0,0.0,0.0,0.0,0.0,0.0,0.0,0.0,0.0,0.0,0.0,0.0,1.9926279e7,0.0,0.0,0.0,0.0,0.0,0.0,0.0,0.0,0.0,0.0,0.0,0.0,0.0,0.0,0.0,0.0,0.0,0.0,0.0,0.0,0.0,0.0,0.0,0.0,0.0,0.0,0.0,0.0,0.0,0.0,0.0,0.0,0.0,0.0,0.0,0.0,0.0,0.0,0.0,0.0,0.0,0.0,0.0,0.0,0.0,0.0,0.0,0.0,0.0,0.0,0.0,0.0,0.0,0.0,2.100192e7,0.0,0.0,0.0,0.0,0.0,0.0,0.0,0.0,0.0,0.0,0.0,0.0,0.0,0.0,0.0,0.0,0.0,0.0,0.0,0.0,0.0,0.0,0.0,0.0,0.0,0.0,0.0,0.0,0.0,0.0,0.0,0.0,0.0,0.0,0.0,0.0,0.0,0.0,0.0,0.0,0.0,0.0,0.0,0.0,0.0,0.0,0.0,0.0,0.0,0.0,0.0,0.0,0.0,0.0,2.1325841e7,0.0,0.0,0.0,0.0,0.0,0.0,0.0,0.0,0.0,0.0,0.0,0.0,0.0,0.0,0.0,0.0,0.0,0.0,0.0,0.0,0.0,0.0,0.0,0.0,0.0,0.0,0.0,0.0,0.0,0.0,0.0,0.0,0.0,0.0,0.0,0.0,0.0,0.0,0.0,0.0,0.0,0.0,0.0,0.0,0.0,0.0,0.0,0.0,0.0,0.0,0.0,0.0,0.0,0.0,2.1347207e7,0.0,0.0,0.0,0.0,0.0,0.0,0.0,0.0,0.0,0.0,0.0,0.0,0.0,0.0,0.0,0.0,0.0,0.0,0.0,0.0,0.0,0.0,0.0,0.0,0.0,0.0,0.0,0.0,0.0,0.0,0.0,0.0,0.0,0.0,0.0,0.0,0.0,0.0,0.0,0.0],"memory":3816320,"params":["Parameters",{"gctrial":true,"time_tolerance":0.05,"samples":10000,"evals":1,"gcsample":false,"seconds":5.0,"overhead":0.0,"memory_tolerance":0.01}],"times":[1.6326143e7,1.5910623e7,1.5896084e7,1.5911564e7,1.590837e7,1.5933755e7,1.5890552e7,1.8052117e7,1.669006e7,1.6891677e7,1.6356551e7,1.6382045e7,1.6321831e7,1.6338056e7,1.6315522e7,1.63813e7,1.6328091e7,1.6375089e7,1.627156e7,1.6326051e7,1.6260983e7,1.6282822e7,1.6320145e7,1.6305927e7,1.6297997e7,1.6323939e7,1.6419959e7,1.6337454e7,1.6257693e7,1.6237541e7,1.6308565e7,1.6274675e7,1.6232715e7,1.6316048e7,1.6305314e7,1.6316242e7,1.6309163e7,1.6258646e7,1.6276622e7,1.6293127e7,1.6269084e7,1.6315808e7,1.6257406e7,1.6363528e7,1.6329634e7,1.6302037e7,1.6288298e7,1.6293552e7,1.6308405e7,1.6313069e7,1.6315047e7,1.6291666e7,1.6285856e7,1.6292349e7,3.6186102e7,1.6077953e7,1.5314147e7,1.5322839e7,1.5646905e7,1.5354142e7,1.5323734e7,1.5320055e7,1.5321836e7,1.5517385e7,1.5358724e7,1.5500132e7,1.5275171e7,1.5590011e7,1.6290294e7,1.6359376e7,1.7039118e7,1.6008341e7,1.5857407e7,1.5958394e7,1.5850561e7,1.5919285e7,1.5937752e7,1.5828971e7,1.5808701e7,1.5826072e7,1.5781398e7,1.5859514e7,1.5823746e7,1.5888128e7,1.5804897e7,1.5937856e7,1.5820848e7,1.5905267e7,1.5886757e7,1.5816023e7,1.5868978e7,1.5805348e7,1.5814651e7,1.5882395e7,1.5856523e7,1.5898297e7,1.5828895e7,1.5828752e7,1.5968413e7,1.5848466e7,1.6568248e7,1.5851218e7,1.5872057e7,1.5914046e7,1.5885132e7,1.6160127e7,1.5828695e7,1.5889851e7,1.5859225e7,3.6816443e7,1.5597238e7,1.4910477e7,1.4905486e7,1.5254153e7,1.4951013e7,1.4914276e7,1.4917275e7,1.4988249e7,1.5184541e7,1.4921093e7,1.4923415e7,1.4875616e7,1.5249552e7,1.5838669e7,1.5897401e7,1.5861245e7,1.6020627e7,1.5802762e7,1.5838179e7,1.5846848e7,1.583421e7,1.5860331e7,1.5843505e7,1.5855568e7,1.6712383e7,1.7508325e7,1.6316286e7,1.6205569e7,1.6054625e7,1.621923e7,1.6236632e7,1.5865484e7,1.5943863e7,1.5903573e7,2.3695279e7,2.3733411e7,2.3795393e7,2.3719907e7,2.3682097e7,2.3677742e7,2.3715272e7,2.3655546e7,2.3726504e7,2.3779381e7,2.3735445e7,2.3709361e7,2.3721298e7,2.3735385e7,2.3753361e7,2.374184e7,2.3700066e7,2.3727292e7,2.3726231e7,2.3683484e7,4.4780885e7,2.3086758e7,2.2442913e7,2.2375433e7,2.27617e7,2.2410278e7,2.2375078e7,2.2407527e7,2.2427956e7,2.2710652e7,2.2386913e7,2.2409443e7,2.2353754e7,2.2971227e7,2.3686691e7,2.3820979e7,2.3728341e7,2.3802306e7,2.3728687e7,2.385462e7,2.375936e7,2.3763333e7,2.3715482e7,2.3662481e7,2.3721994e7,2.3715916e7,2.3670622e7,2.3729224e7,2.3776494e7,2.3716978e7,2.3722202e7,2.3681778e7,2.370094e7,2.3764171e7,2.3737753e7,2.3721114e7,2.368773e7,2.3693102e7,2.3693538e7,2.3724418e7,2.370791e7,2.378812e7,2.3723819e7,2.3737074e7,2.3733578e7,2.3747226e7,2.3759113e7,2.3734005e7,2.3705331e7,2.379252e7,2.3747948e7,2.3667196e7,2.376778e7,2.3727133e7,2.3745239e7,4.4823441e7,2.3126185e7,2.2401411e7,2.2389817e7,2.2740289e7,2.1220329e7,2.021133e7,2.0194817e7,2.0253418e7,2.0159499e7,1.9840355e7,2.0073376e7,1.9814292e7,2.0513264e7,2.1034247e7,2.1085068e7,2.1280487e7,2.1119872e7,2.10876e7,2.1185153e7,2.1140421e7,2.1088055e7,2.1040122e7,2.1008986e7,2.1034654e7,2.1062416e7,2.1091664e7,2.107817e7,2.1066963e7,2.1049728e7,2.1057923e7,2.1083723e7,2.1042717e7,2.1081617e7,2.1047962e7,2.1072688e7,1.9022961e7,1.8346156e7,1.8331926e7,1.8402672e7,1.8348297e7]}]],"medians":[16.361452]}