{"lengs":[10.0,31.622776601683793,100.0,316.22776601683796,1000.0,3162.2776601683795,10000.0,31622.776601683792,100000.0],"benchmarks":[["Trial",{"allocs":53453,"gctimes":[0.0,0.0,0.0,0.0,0.0,0.0,0.0,0.0,1.6689993e7,0.0,0.0,0.0,0.0,0.0,0.0,0.0,1.6453871e7,0.0,0.0,0.0,0.0,0.0,0.0,0.0,0.0,1.7007936e7,0.0,0.0,0.0,0.0,0.0,0.0,0.0,0.0,1.7044927e7,0.0,0.0,0.0,0.0,0.0,0.0,0.0,1.9236546e7,0.0,0.0,0.0,0.0,0.0,0.0,0.0,0.0,1.8200409e7,0.0,0.0,0.0,0.0,0.0,0.0,0.0,1.7343499e7,0.0,0.0,0.0,0.0,0.0,0.0,0.0,0.0,1.753471e7,0.0,0.0,0.0,0.0,0.0,0.0,0.0,1.6500964e7,0.0,0.0,0.0,0.0,0.0,0.0,0.0,0.0,1.7044625e7,0.0,0.0,0.0,0.0,0.0,0.0,0.0,1.6294383e7,0.0,0.0,0.0,0.0,0.0,0.0,0.0,0.0,1.6893123e7,0.0,0.0,0.0],"memory":24738384,"params":["Parameters",{"gctrial":true,"time_tolerance":0.05,"samples":10000,"evals":1,"gcsample":false,"seconds":5.0,"overhead":0.0,"memory_tolerance":0.01}],"times":[4.3480242e7,4.2112345e7,4.1691244e7,4.1432879e7,4.1306725e7,4.12244e7,4.1148739e7,4.1109712e7,5.5352279e7,3.4360774e7,3.4599561e7,3.7507274e7,4.1375001e7,4.1288703e7,4.1171543e7,4.1140114e7,5.737318e7,3.5707644e7,3.4108277e7,3.4901163e7,3.8291977e7,4.1519191e7,4.1253609e7,4.1234229e7,4.1692419e7,5.5601724e7,3.3442932e7,3.3678747e7,3.6017374e7,4.0212624e7,4.0254784e7,4.0132586e7,4.0125434e7,4.0170283e7,5.3746993e7,3.3859924e7,3.4597723e7,4.027427e7,4.0308023e7,4.0142611e7,4.0109699e7,4.0144156e7,5.7259479e7,3.4306349e7,3.3686054e7,3.4619826e7,5.7227697e7,5.8813866e7,5.8625976e7,5.7321202e7,5.6263763e7,6.851113e7,4.7811194e7,4.7761306e7,5.6336324e7,5.6480682e7,5.6385834e7,5.6298747e7,5.6252396e7,7.1645289e7,4.8644769e7,4.7565087e7,4.8273557e7,5.5500142e7,5.2836376e7,5.2450896e7,5.2355251e7,5.2597844e7,6.6806019e7,4.4481024e7,4.4345922e7,5.0909018e7,5.2501181e7,5.2499046e7,5.231796e7,5.2305919e7,6.7793092e7,4.5304119e7,4.3907129e7,4.4658799e7,5.0513367e7,5.2532494e7,5.2479203e7,5.2697728e7,5.2331388e7,6.5513643e7,4.4164315e7,4.4366478e7,5.0129955e7,5.2963046e7,5.2555633e7,5.239883e7,5.2475403e7,6.8518885e7,4.5457102e7,4.3606834e7,4.4582851e7,4.8940962e7,5.2678323e7,5.260554e7,5.2409779e7,5.2392193e7,6.6380945e7,4.4087488e7,4.4282875e7,4.7399328e7]}],["Trial",{"allocs":53498,"gctimes":[0.0,0.0,0.0,0.0,0.0,0.0,0.0,0.0,1.7851133e7,0.0,0.0,0.0,0.0,0.0,0.0,0.0,1.7499124e7,0.0,0.0,0.0,0.0,0.0,0.0,0.0,0.0,1.8283211e7,0.0,0.0,0.0,0.0,0.0,0.0,0.0,0.0,1.7432989e7,0.0,0.0,0.0,0.0,0.0,0.0,0.0,1.6532609e7,0.0,0.0,0.0,0.0,0.0,0.0,0.0,0.0,1.7239196e7,0.0,0.0,0.0,0.0,0.0,0.0,0.0,1.6547129e7,0.0,0.0,0.0,0.0,0.0,0.0,0.0,0.0,1.7122746e7,0.0,0.0,0.0,0.0,0.0,0.0,0.0,1.6449499e7,0.0,0.0,0.0,0.0,0.0,0.0,0.0,0.0,1.7007342e7,0.0,0.0,0.0,0.0,0.0,0.0,0.0,1.6398033e7],"memory":24759040,"params":["Parameters",{"gctrial":true,"time_tolerance":0.05,"samples":10000,"evals":1,"gcsample":false,"seconds":5.0,"overhead":0.0,"memory_tolerance":0.01}],"times":[5.7703781e7,5.7045162e7,5.7131304e7,5.6931789e7,5.6597314e7,5.7007066e7,5.6442552e7,5.6655776e7,7.0773877e7,4.8070442e7,4.8395064e7,5.1903155e7,5.6603163e7,5.6638946e7,5.6511821e7,5.6375829e7,7.3650965e7,4.8918038e7,4.7338389e7,4.817168e7,5.2886045e7,5.6520025e7,5.6620965e7,5.6513782e7,5.673459e7,7.1345921e7,4.7519611e7,4.8018404e7,5.1092803e7,5.3608289e7,5.2674426e7,5.2618099e7,5.2430768e7,5.2559564e7,6.3409185e7,4.4478249e7,4.5890367e7,5.2684275e7,5.2738094e7,5.2578542e7,5.2441248e7,5.2407567e7,6.636083e7,4.5168985e7,4.4580452e7,4.6106832e7,5.2624569e7,5.2599654e7,5.2951413e7,5.3418787e7,5.2674056e7,6.4035104e7,4.4477885e7,4.4846968e7,5.2727717e7,5.2636733e7,5.264544e7,5.2515114e7,5.2426683e7,6.6816082e7,4.5584718e7,4.4159628e7,4.4958135e7,5.253307e7,5.2643768e7,5.2632483e7,5.2553581e7,5.2400512e7,6.495354e7,4.5129148e7,4.4664214e7,5.1759764e7,5.2556441e7,5.2622378e7,5.2508397e7,5.2413373e7,6.7437452e7,4.5338787e7,4.4097138e7,4.4943147e7,5.1437003e7,5.2727167e7,5.2679432e7,5.2574138e7,5.250261e7,6.5186263e7,4.4339915e7,4.4430971e7,5.0567044e7,5.5302933e7,5.3282936e7,5.2690433e7,5.2426231e7,6.8207501e7]}],["Trial",{"allocs":53549,"gctimes":[0.0,0.0,0.0,0.0,0.0,0.0,0.0,0.0,1.6926314e7,0.0,0.0,0.0,0.0,0.0,0.0,0.0,1.6559675e7,0.0,0.0,0.0,0.0,0.0,0.0,0.0,0.0,1.7547569e7,0.0,0.0,0.0,0.0,0.0,0.0,0.0,0.0,1.7443455e7,0.0,0.0,0.0,0.0,0.0,0.0,0.0,1.6653939e7,0.0,0.0,0.0,0.0,0.0,0.0,0.0,0.0,1.7285915e7,0.0,0.0,0.0,0.0,0.0,0.0,0.0,1.6783884e7,0.0,0.0,0.0,0.0,0.0,0.0,0.0,0.0,1.7376905e7,0.0,0.0,0.0,0.0,0.0,0.0,0.0,1.6546114e7,0.0,0.0,0.0,0.0,0.0,0.0,0.0,0.0,1.7199052e7,0.0,0.0,0.0,0.0,0.0,0.0,0.0,1.6474382e7,0.0,0.0,0.0,0.0,0.0,0.0,0.0,0.0,1.7123388e7,0.0,0.0,0.0,0.0,0.0,0.0,0.0,1.6397414e7,0.0,0.0,0.0],"memory":24789344,"params":["Parameters",{"gctrial":true,"time_tolerance":0.05,"samples":10000,"evals":1,"gcsample":false,"seconds":5.0,"overhead":0.0,"memory_tolerance":0.01}],"times":[4.7511879e7,4.6771181e7,4.7475329e7,4.7232583e7,4.6887265e7,4.696661e7,4.7330212e7,4.6421214e7,6.0399311e7,3.9196695e7,3.9430262e7,4.2947821e7,4.6518078e7,4.633671e7,4.662469e7,4.7565314e7,6.312801e7,4.1071603e7,4.2499751e7,4.0339362e7,4.3681811e7,4.628348e7,4.6795011e7,4.6439981e7,4.6376663e7,6.1150016e7,3.9229824e7,3.9272708e7,4.2573847e7,4.6406587e7,4.6348398e7,4.6359588e7,4.6258828e7,4.6436865e7,5.7940084e7,3.926974e7,4.1101237e7,4.6705293e7,4.6405255e7,4.650854e7,4.9296845e7,4.8158052e7,6.1012147e7,3.9170525e7,3.9471414e7,4.1343549e7,4.6461153e7,4.6435171e7,4.6366488e7,4.6287356e7,4.6178439e7,5.8144607e7,3.9138543e7,4.0368755e7,4.7652705e7,4.5956624e7,4.2272696e7,4.1717181e7,4.1563154e7,5.6515989e7,3.511157e7,3.502525e7,3.628629e7,4.2337367e7,4.5417579e7,4.3206162e7,4.2030083e7,4.1907692e7,5.4539912e7,3.5118565e7,3.5466982e7,4.2407127e7,4.2754714e7,4.1649294e7,4.1605932e7,4.1400963e7,5.6743175e7,3.4832081e7,3.525316e7,3.5708493e7,4.212802e7,4.1632877e7,4.1714075e7,4.1598924e7,4.1392977e7,5.4626735e7,3.4965582e7,3.5043003e7,4.2446063e7,4.4640688e7,4.1958814e7,4.1488584e7,4.1374459e7,5.7018812e7,3.4852453e7,3.4769506e7,3.544434e7,4.0962643e7,4.1459534e7,4.1487763e7,4.1462938e7,4.1298259e7,5.4870002e7,3.4843441e7,3.5175737e7,4.0336644e7,4.1512878e7,4.1484746e7,4.1793063e7,4.1424217e7,5.7308649e7,3.5620656e7,3.4783381e7,3.5966727e7]}],["Trial",{"allocs":53600,"gctimes":[0.0,0.0,0.0,0.0,0.0,0.0,0.0,0.0,1.693607e7,0.0,0.0,0.0,0.0,0.0,0.0,0.0,1.6513525e7,0.0,0.0,0.0,0.0,0.0,0.0,0.0,0.0,1.7488338e7,0.0,0.0,0.0,0.0,0.0,0.0,0.0,1.6265974e7,0.0,0.0,0.0,0.0,0.0,0.0,0.0,0.0,1.6422398e7,0.0,0.0,0.0,0.0,0.0,0.0,0.0,0.0,1.6926824e7,0.0,0.0,0.0,0.0,0.0,0.0,0.0,1.6111988e7,0.0,0.0,0.0,0.0,0.0,0.0,0.0,0.0,1.6736739e7,0.0,0.0,0.0,0.0,0.0,0.0,0.0,1.6221248e7,0.0,0.0,0.0,0.0,0.0,0.0,0.0,0.0,1.6848755e7,0.0,0.0,0.0,0.0,0.0,0.0,0.0,1.8408227e7,0.0,0.0,0.0,0.0,0.0,0.0,0.0,0.0,1.7530216e7,0.0,0.0,0.0,0.0,0.0,0.0,0.0,1.6957938e7,0.0,0.0,0.0,0.0,0.0],"memory":24819648,"params":["Parameters",{"gctrial":true,"time_tolerance":0.05,"samples":10000,"evals":1,"gcsample":false,"seconds":5.0,"overhead":0.0,"memory_tolerance":0.01}],