{"lengs":[10.0,21.544346900318832,46.4158883361278,100.0,215.44346900318845,464.15888336127773,1000.0],"benchmarks":[["Trial",{"allocs":13777888,"gctimes":[1.42222087e8],"memory":915265512,"params":["Parameters",{"gctrial":true,"time_tolerance":0.05,"samples":10000,"evals":1,"gcsample":false,"seconds":5.0,"overhead":0.0,"memory_tolerance":0.01}],"times":[5.30424655409e11]}],["Trial",{"allocs":20369368,"gctimes":[1.42972372e8],"memory":1309102984,"params":["Parameters",{"gctrial":true,"time_tolerance":0.05,"samples":10000,"evals":1,"gcsample":false,"seconds":5.0,"overhead":0.0,"memory_tolerance":0.01}],"times":[7.81688390483e11]}],["Trial",{"allocs":25523608,"gctimes":[1.33909321e8],"memory":1617066120,"params":["Parameters",{"gctrial":true,"time_tolerance":0.05,"samples":10000,"evals":1,"gcsample":false,"seconds":5.0,"overhead":0.0,"memory_tolerance":0.01}],"times":[9.79504276362e11]}],["Trial",{"allocs":28645888,"gctimes":[2.89807434e8],"memory":1803620712,"params":["Parameters",{"gctrial":true,"time_tolerance":0.05,"samples":10000,"evals":1,"gcsample":false,"seconds":5.0,"overhead":0.0,"memory_tolerance":0.01}],"times":[1.101583588781e12]}],["Trial",{"allocs":31173448,"gctimes":[3.00998385e8],"memory":1954641096,"params":["Parameters",{"gctrial":true,"time_tolerance":0.05,"samples":10000,"evals":1,"gcsample":false,"seconds":5.0,"overhead":0.0,"memory_tolerance":0.01}],"times":[1.170991975776e12]}],["Trial",{"allocs":35039128,"gctimes":[2.89404672e8],"memory":2185613448,"params":["Parameters",{"gctrial":true,"time_tolerance":0.05,"samples":10000,"evals":1,"gcsample":false,"seconds":5.0,"overhead":0.0,"memory_tolerance":0.01}],"times":[1.313937221047e12]}],["Trial",{"allocs":36278131,"gctimes":[2.86546694e8],"memory":2259687208,"params":["Parameters",{"gctrial":true,"time_tolerance":0.05,"samples":10000,"evals":1,"gcsample":false,"seconds":5.0,"overhead":0.0,"memory_tolerance":0.01}],"times":[1.392942128985e12]}]],"medians":[530424.655409,781688.390483,979504.276362,1.101583588781e6,1.170991975776e6,1.313937221047e6,1.392942128985e6]}