{"lengs":[1.9998618696327441],"benchmarks":[["Trial",{"allocs":52261,"gctimes":[0.0,0.0,0.0,0.0,0.0,0.0,0.0,0.0,1.5948806e7,0.0,0.0,0.0,0.0,0.0,0.0,0.0,0.0,1.6727628e7,0.0,0.0,0.0,0.0,0.0,0.0,0.0,0.0,1.7179531e7,0.0,0.0,0.0,0.0,0.0,0.0,0.0,1.5725751e7,0.0,0.0,0.0,0.0,0.0,0.0,0.0,0.0,1.6227042e7,0.0,0.0,0.0,0.0,0.0,0.0,0.0,0.0,1.6650461e7,0.0,0.0,0.0,0.0,0.0,0.0,0.0,0.0,1.6686115e7,0.0,0.0,0.0,0.0,0.0,0.0,0.0,1.9609462e7,0.0,0.0,0.0,0.0,0.0,0.0,0.0,0.0,1.6241967e7,0.0,0.0,0.0,0.0,0.0,0.0,0.0,0.0,1.652508e7,0.0,0.0,0.0,0.0,0.0,0.0,0.0,0.0,1.6749144e7,0.0,0.0,0.0,0.0,0.0,0.0,0.0,1.5779748e7,0.0,0.0,0.0,0.0,0.0,0.0,0.0,0.0,1.7223332e7,0.0,0.0,0.0,0.0,0.0,0.0,0.0,0.0,1.6549161e7,0.0,0.0,0.0,0.0,0.0,0.0,0.0,0.0,1.6747064e7,0.0],"memory":24188400,"params":["Parameters",{"gctrial":true,"time_tolerance":0.05,"samples":10000,"evals":1,"gcsample":false,"seconds":5.0,"overhead":0.0,"memory_tolerance":0.01}],"times":[3.8671126e7,3.7626081e7,3.7629316e7,3.7413984e7,3.7300088e7,3.7411497e7,3.7277928e7,3.7338677e7,5.1320976e7,3.1891333e7,3.1203741e7,3.1788317e7,3.7169268e7,3.7513224e7,3.7502647e7,3.7436161e7,3.7369848e7,5.9265367e7,3.1169648e7,3.1460295e7,3.5812869e7,3.7451908e7,3.729739e7,3.9204925e7,3.8550307e7,3.8223413e7,5.0167241e7,3.1496172e7,3.1776163e7,3.7552318e7,3.7269763e7,3.7325652e7,3.7260408e7,3.72957e7,5.2268875e7,3.227669e7,3.0961861e7,3.1853992e7,3.5676459e7,3.7266013e7,3.7433242e7,3.7240271e7,3.779303e7,5.2113562e7,3.0922864e7,3.1591343e7,3.2920442e7,3.7752662e7,3.7480288e7,3.7328863e7,3.7356982e7,3.9859131e7,5.1750618e7,3.1527132e7,3.1617182e7,3.542336e7,3.7275415e7,3.7397059e7,3.7275657e7,3.7207121e7,3.7317005e7,4.9737607e7,3.1456737e7,3.1955917e7,3.7493173e7,3.7356624e7,3.7449989e7,3.902855e7,3.7617286e7,5.6246341e7,3.2132902e7,3.0980659e7,3.1909444e7,3.6071399e7,3.7688868e7,3.7557679e7,3.7446442e7,3.7303974e7,5.3085462e7,3.167733e7,3.2071319e7,3.3161603e7,3.7463248e7,3.7335551e7,3.7406073e7,3.7342673e7,3.7276047e7,5.0639652e7,3.1174518e7,3.1508032e7,3.5649259e7,3.7346309e7,3.7340195e7,3.7528147e7,3.7242004e7,3.733155e7,4.9424203e7,3.1553541e7,3.2275851e7,3.7485883e7,3.727801e7,3.7302859e7,3.7533623e7,3.7222587e7,5.2014065e7,3.2038915e7,3.2817629e7,3.3895312e7,3.7266582e7,3.7821476e7,3.7600104e7,3.720456e7,3.7259327e7,5.5677542e7,3.3796119e7,3.3546462e7,3.5296746e7,3.9734272e7,3.9397246e7,3.9436476e7,3.9298068e7,3.941893e7,5.0718567e7,3.1364154e7,3.1519237e7,3.5943716e7,3.7322051e7,3.7445289e7,3.740256e7,3.7316885e7,3.7456296e7,4.9277383e7,3.1310133e7]}]],"medians":[37.325652]}