{"lengs":[10.0,21.544346900318832,46.4158883361278,100.0,215.44346900318845,464.15888336127773,1000.0],"benchmarks":[["Trial",{"allocs":7707,"gctimes":[0.0,0.0,0.0,0.0,0.0,0.0,0.0,0.0,0.0,0.0,0.0,0.0,0.0,0.0,0.0,0.0],"memory":28071856,"params":["Parameters",{"gctrial":true,"time_tolerance":0.05,"samples":10000,"evals":1,"gcsample":false,"seconds":5.0,"overhead":0.0,"memory_tolerance":0.01}],"times":[3.39578105e8,3.32827288e8,3.35442516e8,3.32069827e8,3.32718787e8,3.31315552e8,3.2275804e8,3.2182792e8,3.22217679e8,3.34585469e8,3.34916065e8,3.33501502e8,3.3823013e8,3.32964052e8,3.22328672e8,3.33015769e8]}],["Trial",{"allocs":14085,"gctimes":[0.0,0.0,0.0,0.0,0.0,0.0,0.0,0.0,0.0],"memory":47900336,"params":["Parameters",{"gctrial":true,"time_tolerance":0.05,"samples":10000,"evals":1,"gcsample":false,"seconds":5.0,"overhead":0.0,"memory_tolerance":0.01}],"times":[6.29591585e8,6.26004075e8,6.21864601e8,6.25830261e8,6.27791629e8,6.22554275e8,6.24611839e8,6.21114999e8,6.24315941e8]}],["Trial",{"allocs":21886,"gctimes":[0.0,0.0,0.0,0.0,0.0,0.0],"memory":73124512,"params":["Parameters",{"gctrial":true,"time_tolerance":0.05,"samples":10000,"evals":1,"gcsample":false,"seconds":5.0,"overhead":0.0,"memory_tolerance":0.01}],"times":[1.027639527e9,9.86164783e8,9.83835585e8,9.82695321e8,9.8083878e8,9.78304899e8]}],["Trial",{"allocs":40796,"gctimes":[0.0,0.0,0.0],"memory":128390256,"params":["Parameters",{"gctrial":true,"time_tolerance":0.05,"samples":10000,"evals":1,"gcsample":false,"seconds":5.0,"overhead":0.0,"memory_tolerance":0.01}],"times":[1.953681254e9,1.972813657e9,1.917867073e9]}],["Trial",{"allocs":97719,"gctimes":[0.0,0.0],"memory":276026496,"params":["Parameters",{"gctrial":true,"time_tolerance":0.05,"samples":10000,"evals":1,"gcsample":false,"seconds":5.0,"overhead":0.0,"memory_tolerance":0.01}],"times":[4.879425578e9,4.907817971e9]}],["Trial",{"allocs":167938,"gctimes":[0.0],"memory":457724880,"params":["Parameters",{"gctrial":true,"time_tolerance":0.05,"samples":10000,"evals":1,"gcsample":false,"seconds":5.0,"overhead":0.0,"memory_tolerance":0.01}],"times":[8.527825761e9]}],["Trial",{"allocs":178042,"gctimes":[0.0],"memory":483105328,"params":["Parameters",{"gctrial":true,"time_tolerance":0.05,"samples":10000,"evals":1,"gcsample":false,"seconds":5.0,"overhead":0.0,"memory_tolerance":0.01}],"times":[9.120784022e9]}]],"medians":[332.89567,624.611839,983.265453,1953.681254,4893.6217745,8527.825761,9120.784022]}