{"lengs":[10.0],"benchmarks":[["Trial",{"allocs":1391,"gctimes":[0.0,0.0,0.0,0.0,0.0,0.0,0.0,0.0,0.0,0.0,0.0,0.0,0.0,0.0,0.0,0.0,0.0,0.0,0.0,0.0,0.0,0.0,0.0,0.0,0.0,0.0,0.0,0.0,0.0,0.0,0.0,0.0,0.0,0.0,0.0,0.0,0.0,0.0,0.0,0.0,0.0,0.0,0.0,0.0,0.0,0.0,0.0,0.0,0.0,0.0,0.0,0.0,0.0,0.0,0.0,0.0,0.0,0.0,0.0,0.0,0.0,0.0,0.0,0.0,0.0,0.0,0.0,0.0,0.0,0.0,0.0,0.0,0.0,1.0218531e7,0.0,0.0,0.0,0.0,0.0,0.0,0.0,0.0,0.0,0.0,0.0,0.0,0.0,0.0,0.0,0.0,0.0,0.0,0.0,0.0,0.0,0.0,0.0,0.0,0.0,0.0,0.0,0.0,0.0,0.0,0.0,0.0],"memory":3393392,"params":["Parameters",{"gctrial":true,"time_tolerance":0.05,"samples":10000,"evals":1,"gcsample":false,"seconds":5.0,"overhead":0.0,"memory_tolerance":0.01}],"times":[4.9798247e7,4.8876665e7,4.8973316e7,4.8477488e7,4.8616896e7,4.9173868e7,4.8574923e7,4.8275784e7,4.8596548e7,4.7427214e7,4.8283538e7,4.8757273e7,4.8557548e7,4.853503e7,4.8289845e7,4.8626632e7,4.8258253e7,4.7431127e7,4.751288e7,4.8417185e7,4.8632625e7,4.7896771e7,4.89303e7,4.6380256e7,4.6744425e7,4.7134596e7,4.694096e7,4.671743e7,4.6825721e7,4.6738621e7,4.7025671e7,4.7241759e7,4.6394796e7,4.6540045e7,4.6315998e7,4.6539212e7,4.6448095e7,4.6725841e7,4.666699e7,4.6471706e7,4.6485055e7,4.6728426e7,4.9442953e7,5.0576469e7,4.6843188e7,4.6358123e7,4.6886156e7,4.6768646e7,4.6283508e7,4.7465153e7,4.6528348e7,4.6500175e7,4.735094e7,4.6790232e7,4.955383e7,4.7236618e7,4.6552205e7,4.7081078e7,4.7047237e7,4.6698344e7,4.6788977e7,4.7063414e7,4.6836113e7,4.6897082e7,4.9793841e7,4.7805084e7,4.6850256e7,4.6814788e7,4.7124709e7,4.7135739e7,4.6530986e7,4.7192567e7,4.6624536e7,5.7972137e7,4.7317631e7,4.7118015e7,4.6746427e7,4.7070458e7,4.7646631e7,4.6675807e7,4.7125478e7,4.6975761e7,4.5525004e7,4.6865134e7,4.7307654e7,4.7055507e7,4.8028623e7,4.7229175e7,4.7465866e7,4.699171e7,4.5408703e7,4.5358826e7,4.6344107e7,4.6280039e7,4.6820568e7,4.6767774e7,4.6383017e7,4.6654002e7,4.7189408e7,4.6853383e7,4.6900424e7,4.6724574e7,4.6744169e7,4.6605966e7,4.6961492e7,4.6360172e7]}]],"medians":[46.9837355]}