{"lengs":[1.9998618696327441],"benchmarks":[["Trial",{"allocs":517051,"gctimes":[0.0,0.0,0.0,0.0,0.0,0.0,1.9308749e7,0.0,0.0,0.0,0.0,0.0,1.9039191e7,0.0,0.0,0.0,0.0,0.0,1.8994922e7,0.0,0.0,0.0,0.0,0.0,1.89432e7,0.0,0.0,0.0,0.0,0.0,2.2093756e7,0.0,0.0,0.0,0.0,0.0,1.9146631e7,0.0,0.0,0.0,0.0,0.0,0.0,1.8935246e7,0.0,0.0,0.0,0.0,0.0,1.8946969e7,0.0,0.0,0.0,0.0,0.0,1.9088561e7,0.0,0.0,0.0,0.0,0.0,1.8994061e7,0.0,0.0,0.0,0.0,0.0,1.8946516e7,0.0,0.0,0.0,0.0,0.0,1.8949657e7,0.0,0.0,0.0,0.0,0.0,0.0,1.9439265e7,0.0,0.0,0.0,0.0,0.0,1.9493591e7,0.0,0.0,0.0,0.0,0.0,1.9551735e7,0.0,0.0,0.0,0.0,0.0,1.9459189e7,0.0,0.0,0.0,0.0,0.0,1.9566677e7,0.0,0.0,0.0,0.0,0.0,1.9452789e7,0.0,0.0,0.0,0.0,0.0,1.9484202e7,0.0,0.0,0.0,0.0,0.0,0.0,1.89198e7,0.0,0.0,0.0],"memory":34309256,"params":["Parameters",{"gctrial":true,"time_tolerance":0.05,"samples":10000,"evals":1,"gcsample":false,"seconds":5.0,"overhead":0.0,"memory_tolerance":0.01}],"times":[3.653392e7,3.7997172e7,3.9148713e7,4.7522189e7,3.9725658e7,3.8965264e7,5.0339601e7,2.8316866e7,3.6845521e7,4.0409315e7,4.0526949e7,3.9036201e7,5.1560534e7,2.8975948e7,3.5286218e7,3.8790637e7,3.913956e7,3.8722864e7,5.3931454e7,2.817774e7,3.3641044e7,3.8906762e7,3.9135711e7,3.87665e7,5.461801e7,2.908503e7,3.1995936e7,3.8788012e7,4.0352084e7,3.8843367e7,5.9312358e7,2.8264715e7,3.0276622e7,3.8841416e7,3.9144866e7,3.8902736e7,6.0560546e7,2.8939314e7,2.8783825e7,3.8824124e7,3.9656242e7,3.8980765e7,3.8598374e7,4.9189739e7,2.8276289e7,3.7631768e7,3.9085296e7,3.9009145e7,3.8947837e7,5.0778286e7,2.8444711e7,3.5872225e7,3.9082962e7,3.9236968e7,3.8633119e7,5.2622273e7,2.854319e7,3.4381731e7,3.8949774e7,3.9285495e7,3.9204434e7,5.4451074e7,3.0028704e7,3.5031056e7,3.908604e7,3.9270978e7,3.8793153e7,5.5545731e7,2.8385166e7,3.1197434e7,3.8846205e7,3.9098411e7,3.8927878e7,5.7047352e7,2.8351703e7,3.0835648e7,4.053958e7,4.1529502e7,4.0722161e7,4.0207636e7,5.1221806e7,2.9965529e7,4.0157208e7,4.0714163e7,4.0873147e7,4.0511282e7,5.2272693e7,2.9733681e7,3.8285593e7,4.2764847e7,4.1500891e7,4.0709768e7,5.4290222e7,2.9798313e7,3.6699334e7,4.0766153e7,4.0908154e7,4.0452991e7,5.5860631e7,3.0557324e7,3.4910304e7,4.0718853e7,4.110535e7,4.0546476e7,5.7351302e7,2.9780699e7,3.3489486e7,4.0632367e7,4.0929147e7,4.0975138e7,5.8878154e7,2.9923929e7,3.1433758e7,4.167848e7,4.196854e7,4.208227e7,6.052602e7,2.9937269e7,2.9806132e7,4.1174289e7,4.1499521e7,4.0535833e7,3.84238e7,4.9602205e7,2.9245416e7,3.7093236e7,3.8909137e7]}]],"medians":[39.082962]}