{"lengs":[10.0],"benchmarks":[["Trial",{"allocs":37934,"gctimes":[0.0,0.0,0.0,1.0816663e7,0.0,0.0,0.0,1.0835909e7,0.0,0.0,1.099545e7,0.0,0.0,0.0,1.0818028e7,0.0,0.0,1.0807676e7,0.0,0.0,0.0,1.0847046e7,0.0,0.0,1.0791047e7,0.0,0.0],"memory":71618016,"params":["Parameters",{"gctrial":true,"time_tolerance":0.05,"samples":10000,"evals":1,"gcsample":false,"seconds":5.0,"overhead":0.0,"memory_tolerance":0.01}],"times":[1.86393627e8,1.84176109e8,1.83548736e8,1.96679921e8,1.84749075e8,1.84351516e8,1.83100254e8,1.95103055e8,1.82067376e8,1.82320092e8,1.9871846e8,1.83366094e8,1.82147446e8,1.8220485e8,1.94348816e8,1.82724544e8,1.85856528e8,1.94523122e8,1.82101825e8,1.82403475e8,1.82794606e8,1.99000987e8,1.86353809e8,1.82699083e8,1.93931568e8,1.82396838e8,1.83395546e8]}]],"medians":[183.548736]}