{"lengs":[10.0],"benchmarks":[["Trial",{"allocs":27402,"gctimes":[0.0,0.0,0.0,0.0,0.0,0.0,0.0,0.0,0.0,0.0,0.0,0.0,0.0,0.0,0.0,0.0,0.0,0.0,0.0,0.0,0.0,0.0,0.0,1.5456077e7,0.0,0.0,0.0,0.0,0.0,0.0,0.0,0.0,0.0,0.0,0.0,0.0,0.0,0.0,0.0],"memory":10987288,"params":["Parameters",{"gctrial":true,"time_tolerance":0.05,"samples":10000,"evals":1,"gcsample":false,"seconds":5.0,"overhead":0.0,"memory_tolerance":0.01}],"times":[1.30433963e8,1.32072141e8,1.28426218e8,1.33245894e8,1.3043023e8,1.28329379e8,1.2969182e8,1.345867e8,1.30595294e8,1.35339465e8,1.28431536e8,1.29123335e8,1.33050011e8,1.34060442e8,1.3031893e8,1.32545508e8,1.32800829e8,1.34951055e8,1.36449661e8,1.30488064e8,1.32001046e8,1.32259272e8,1.31331161e8,1.46604952e8,1.30760093e8,1.30942751e8,1.30549181e8,1.29919991e8,1.31591608e8,1.293339e8,1.27588369e8,1.28412573e8,1.31180419e8,1.326048e8,1.29219649e8,1.29582843e8,1.30688313e8,1.28907091e8,1.33413299e8]}]],"medians":[130.760093]}