{"lengs":[149.9684835502374],"benchmarks":[["Trial",{"allocs":22508162,"gctimes":[1.60220743e8],"memory":1263228376,"params":["Parameters",{"gctrial":true,"time_tolerance":0.05,"samples":10000,"evals":1,"gcsample":false,"seconds":5.0,"overhead":0.0,"memory_tolerance":0.01}],"times":[4.0395239547e11]}]],"medians":[403952.39547]}