{"lengs":[19998.61869632745],"benchmarks":[["Trial",{"allocs":788358,"gctimes":[2.30077357e8],"memory":6404533040,"params":["Parameters",{"gctrial":true,"time_tolerance":0.05,"samples":10000,"evals":1,"gcsample":false,"seconds":5.0,"overhead":0.0,"memory_tolerance":0.01}],"times":[4.04884906939e11]}]],"medians":[404884.906939]}