{"lengs":[10.0,21.544346900318832,46.4158883361278,100.0,215.44346900318845,464.15888336127773,1000.0],"benchmarks":[["Trial",{"allocs":10076,"gctimes":[0.0,0.0,0.0,0.0,0.0,0.0,0.0,0.0,2.0439141e7,0.0,0.0,0.0,0.0,0.0,0.0,0.0,0.0,1.3932741e7],"memory":49303296,"params":["Parameters",{"gctrial":true,"time_tolerance":0.05,"samples":10000,"evals":1,"gcsample":false,"seconds":5.0,"overhead":0.0,"memory_tolerance":0.01}],"times":[2.80399589e8,2.75560993e8,2.77434388e8,2.806064e8,2.8113903e8,2.77199619e8,2.79750211e8,2.8001104e8,2.98932879e8,2.76174894e8,2.77737992e8,2.7677687e8,2.76012103e8,2.77978587e8,2.87876722e8,2.90952809e8,2.91854088e8,3.08302751e8]}],["Trial",{"allocs":10482,"gctimes":[0.0,0.0,0.0,0.0,0.0,0.0,0.0,0.0,1.0165471e7,0.0,0.0,0.0,0.0,0.0,0.0],"memory":51310288,"params":["Parameters",{"gctrial":true,"time_tolerance":0.05,"samples":10000,"evals":1,"gcsample":false,"seconds":5.0,"overhead":0.0,"memory_tolerance":0.01}],"times":[3.52045718e8,3.49756268e8,3.53740393e8,3.49416133e8,3.5028512e8,3.52125083e8,3.50297945e8,3.48080413e8,3.59290706e8,3.43217902e8,3.43945123e8,3.46880966e8,3.58213677e8,3.43921105e8,3.46200882e8]}],["Trial",{"allocs":16395,"gctimes":[0.0,0.0,0.0,0.0,0.0],"memory":81308656,"params":["Parameters",{"gctrial":true,"time_tolerance":0.05,"samples":10000,"evals":1,"gcsample":false,"seconds":5.0,"overhead":0.0,"memory_tolerance":0.01}],"times":[1.094769586e9,1.088612026e9,1.115381424e9,1.116971855e9,1.096258744e9]}],["Trial",{"allocs":17372,"gctimes":[0.0,0.0,0.0],"memory":87165824,"params":["Parameters",{"gctrial":true,"time_tolerance":0.05,"samples":10000,"evals":1,"gcsample":false,"seconds":5.0,"overhead":0.0,"memory_tolerance":0.01}],"times":[1.784050008e9,1.77295944e9,1.771408138e9]}],["Trial",{"allocs":18315,"gctimes":[0.0,0.0,0.0],"memory":92643984,"params":["Parameters",{"gctrial":true,"time_tolerance":0.05,"samples":10000,"evals":1,"gcsample":false,"seconds":5.0,"overhead":0.0,"memory_tolerance":0.01}],"times":[2.456292866e9,2.413851336e9,2.418263749e9]}],["Trial",{"allocs":22172,"gctimes":[0.0,0.0],"memory":113060848,"params":["Parameters",{"gctrial":true,"time_tolerance":0.05,"samples":10000,"evals":1,"gcsample":false,"seconds":5.0,"overhead":0.0,"memory_tolerance":0.01}],"times":[3.574308786e9,3.609067732e9]}],["Trial",{"allocs":39183,"gctimes":[0.0,0.0],"memory":198568192,"params":["Parameters",{"gctrial":true,"time_tolerance":0.05,"samples":10000,"evals":1,"gcsample":false,"seconds":5.0,"overhead":0.0,"memory_tolerance":0.01}],"times":[4.061205085e9,4.181951212e9]}]],"medians":[279.8806255,349.756268,1096.258744,1772.95944,2418.263749,3591.688259,4121.5781485]}