{"lengs":[10.0],"benchmarks":[["Trial",{"allocs":2179,"gctimes":[0.0,0.0,0.0,0.0,0.0,0.0,0.0,0.0,0.0,0.0,0.0,0.0,0.0,0.0,0.0,0.0,0.0,0.0,0.0,0.0,0.0,0.0,0.0,0.0,0.0,0.0,0.0,0.0,0.0,0.0,0.0,0.0,0.0,0.0,0.0,0.0,0.0,0.0,0.0,0.0,0.0,0.0,0.0,0.0,0.0,0.0,0.0,0.0,7.132587e6,0.0,0.0,0.0,0.0,0.0,0.0,0.0,0.0,0.0,0.0,0.0,0.0,0.0,0.0,0.0,0.0,0.0,0.0,0.0,0.0,0.0,0.0,0.0,0.0,0.0,0.0,0.0,0.0,0.0,0.0,0.0,0.0,0.0,0.0,0.0,0.0,0.0,0.0,0.0,0.0,0.0,0.0,0.0,0.0,0.0,0.0,0.0,7.301302e6,0.0,0.0],"memory":5194576,"params":["Parameters",{"gctrial":true,"time_tolerance":0.05,"samples":10000,"evals":1,"gcsample":false,"seconds":5.0,"overhead":0.0,"memory_tolerance":0.01}],"times":[5.0758027e7,5.2890558e7,5.1655151e7,5.1551296e7,5.1580541e7,5.1371648e7,5.2314929e7,5.1026646e7,4.9753882e7,4.8986159e7,4.8865429e7,4.9706673e7,4.9399853e7,4.9990097e7,4.9266607e7,4.8707728e7,4.9388976e7,4.9515155e7,4.9317334e7,4.9831481e7,4.9820128e7,4.9823844e7,4.9231949e7,4.9382147e7,5.0379041e7,5.0098886e7,4.9372029e7,5.0724785e7,5.1295302e7,4.9130916e7,4.9972692e7,4.9509627e7,4.9180871e7,4.9436324e7,4.933536e7,5.3376398e7,5.2407893e7,5.3337194e7,4.9110846e7,4.9286066e7,4.9670494e7,4.9632754e7,5.0235541e7,4.9991782e7,5.2743155e7,5.8615778e7,5.5530645e7,4.9971771e7,5.9146084e7,5.083932e7,5.0419326e7,5.341705e7,5.4923759e7,5.0152932e7,4.9686509e7,4.9556713e7,4.9928234e7,4.9943743e7,4.8964629e7,4.9611121e7,4.9328327e7,4.9087917e7,4.8618733e7,4.8901346e7,4.9131624e7,4.9486273e7,4.9468037e7,4.9367007e7,4.9979004e7,5.0591301e7,4.9899448e7,5.3540165e7,4.9354782e7,4.9381262e7,4.9660118e7,5.0120428e7,4.9694189e7,4.9109765e7,4.9797897e7,4.9529897e7,4.9784126e7,4.9513066e7,5.3144456e7,5.3166348e7,5.3392647e7,4.9119689e7,4.906775e7,4.9203039e7,4.9168539e7,5.1428434e7,5.0959144e7,5.0442816e7,5.4852631e7,5.5105517e7,5.0063207e7,5.0152253e7,5.8931194e7,5.0766675e7,4.9538756e7]}]],"medians":[49.823844]}