{"lengs":[10.0],"benchmarks":[["Trial",{"allocs":67768,"gctimes":[0.0,0.0,0.0,0.0,0.0,0.0,0.0,0.0,0.0,0.0,0.0,1.0253565e7,0.0,0.0],"memory":22439464,"params":["Parameters",{"gctrial":true,"time_tolerance":0.05,"samples":10000,"evals":1,"gcsample":false,"seconds":5.0,"overhead":0.0,"memory_tolerance":0.01}],"times":[3.81125874e8,3.73286183e8,3.71762541e8,3.70807948e8,3.76063175e8,3.8257036e8,3.77598272e8,3.76364839e8,3.78555171e8,3.72742046e8,3.71357399e8,3.92821037e8,3.76357162e8,3.66849751e8]}]],"medians":[376.2101685]}