{"lengs":[1.9998618696327441],"benchmarks":[["Trial",{"allocs":8454,"gctimes":[0.0,0.0,0.0,0.0,0.0,0.0,0.0,0.0,0.0,0.0,0.0,0.0,0.0,0.0,0.0,0.0,0.0,0.0,0.0,0.0,0.0,0.0,0.0,0.0,0.0,0.0,0.0,0.0,0.0,0.0,0.0,0.0,0.0,0.0,0.0,0.0,0.0,0.0,0.0,0.0,0.0,0.0,0.0,0.0,0.0,0.0,0.0,0.0,0.0,0.0,0.0,0.0,0.0,0.0,0.0,0.0,0.0],"memory":1225440,"params":["Parameters",{"gctrial":true,"time_tolerance":0.05,"samples":10000,"evals":1,"gcsample":false,"seconds":5.0,"overhead":0.0,"memory_tolerance":0.01}],"times":[8.3159832e7,8.2922382e7,8.2637344e7,8.5655503e7,8.4605665e7,8.2721481e7,8.2801383e7,8.2922927e7,8.2976274e7,8.4054356e7,8.2852657e7,8.3027162e7,8.3315593e7,8.2730384e7,8.3088919e7,8.3175326e7,8.4284276e7,8.34559e7,8.2753622e7,8.060059e7,7.3416503e7,7.3350929e7,7.3001347e7,7.3267158e7,7.3110861e7,7.3616146e7,7.3189388e7,7.3162182e7,7.3041624e7,7.6517907e7,7.4400351e7,7.3255389e7,7.3329313e7,7.2941522e7,7.2754298e7,7.3075665e7,7.3313953e7,1.01897646e8,1.08946068e8,1.0792863e8,1.07913982e8,1.0825922e8,1.07766289e8,1.06063803e8,1.03266785e8,1.0342547e8,1.03932931e8,1.03750237e8,1.04500455e8,1.03692265e8,1.03424995e8,1.05519358e8,1.03501194e8,1.03880459e8,1.03476971e8,1.03609343e8,1.03864218e8]}]],"medians":[83.088919]}