{"lengs":[10.0,21.544346900318832,46.4158883361278,100.0,215.44346900318845,464.15888336127773,1000.0],"benchmarks":[["Trial",{"allocs":18583,"gctimes":[0.0,0.0,0.0,0.0],"memory":22006240,"params":["Parameters",{"gctrial":true,"time_tolerance":0.05,"samples":10000,"evals":1,"gcsample":false,"seconds":5.0,"overhead":0.0,"memory_tolerance":0.01}],"times":[1.315357184e9,1.330959221e9,1.327825834e9,1.327251051e9]}],["Trial",{"allocs":22533,"gctimes":[0.0,0.0,0.0,0.0],"memory":23325792,"params":["Parameters",{"gctrial":true,"time_tolerance":0.05,"samples":10000,"evals":1,"gcsample":false,"seconds":5.0,"overhead":0.0,"memory_tolerance":0.01}],"times":[1.45074664e9,1.453316393e9,1.466100914e9,1.459617199e9]}],["Trial",{"allocs":68741,"gctimes":[0.0,0.0],"memory":36209504,"params":["Parameters",{"gctrial":true,"time_tolerance":0.05,"samples":10000,"evals":1,"gcsample":false,"seconds":5.0,"overhead":0.0,"memory_tolerance":0.01}],"times":[2.76619226e9,2.820291044e9]}],["Trial",{"allocs":78855,"gctimes":[0.0,0.0],"memory":38221792,"params":["Parameters",{"gctrial":true,"time_tolerance":0.05,"samples":10000,"evals":1,"gcsample":false,"seconds":5.0,"overhead":0.0,"memory_tolerance":0.01}],"times":[2.993567028e9,2.992609965e9]}],["Trial",{"allocs":85009,"gctimes":[0.0,0.0],"memory":39174496,"params":["Parameters",{"gctrial":true,"time_tolerance":0.05,"samples":10000,"evals":1,"gcsample":false,"seconds":5.0,"overhead":0.0,"memory_tolerance":0.01}],"times":[3.12154923e9,3.094434268e9]}],["Trial",{"allocs":126781,"gctimes":[0.0,0.0],"memory":49140576,"params":["Parameters",{"gctrial":true,"time_tolerance":0.05,"samples":10000,"evals":1,"gcsample":false,"seconds":5.0,"overhead":0.0,"memory_tolerance":0.01}],"times":[4.129287403e9,4.142155309e9]}],["Trial",{"allocs":150307,"gctimes":[0.0,0.0],"memory":53917664,"params":["Parameters",{"gctrial":true,"time_tolerance":0.05,"samples":10000,"evals":1,"gcsample":false,"seconds":5.0,"overhead":0.0,"memory_tolerance":0.01}],"times":[4.680370087e9,4.615639228e9]}]],"medians":[1327.5384425,1456.466796,2793.241652,2993.0884965,3107.991749,4135.721356,4648.0046575]}