{"lengs":[10.0,21.544346900318832,46.4158883361278,100.0,215.44346900318845,464.15888336127773,1000.0],"benchmarks":[["Trial",{"allocs":3309,"gctimes":[0.0,0.0,0.0,0.0,0.0,0.0,0.0,0.0,0.0,0.0,0.0,0.0,0.0,0.0,0.0,0.0,0.0,0.0,0.0,0.0,0.0,0.0,0.0,0.0,0.0],"memory":3377712,"params":["Parameters",{"gctrial":true,"time_tolerance":0.05,"samples":10000,"evals":1,"gcsample":false,"seconds":5.0,"overhead":0.0,"memory_tolerance":0.01}],"times":[2.12949402e8,2.07544658e8,1.98171967e8,1.96313569e8,1.9801456e8,2.0043322e8,2.04566773e8,1.99748459e8,1.98297939e8,1.98064425e8,2.02760325e8,2.00133845e8,2.00029962e8,1.97682705e8,1.99058781e8,1.9571271e8,1.99431749e8,1.96309149e8,1.98986633e8,1.93285659e8,1.99318252e8,1.99033278e8,1.98218868e8,2.0515208e8,2.07356078e8]}],["Trial",{"allocs":4482,"gctimes":[0.0,0.0,0.0,0.0,0.0,0.0,0.0,0.0,0.0,0.0,0.0,0.0,0.0,0.0,0.0,0.0,0.0,0.0,0.0,0.0],"memory":3436976,"params":["Parameters",{"gctrial":true,"time_tolerance":0.05,"samples":10000,"evals":1,"gcsample":false,"seconds":5.0,"overhead":0.0,"memory_tolerance":0.01}],"times":[2.58270858e8,2.57996252e8,2.62908827e8,2.69270802e8,2.67332478e8,2.748611e8,2.63747318e8,2.61011669e8,2.57928754e8,2.57915346e8,2.60752583e8,2.5884928e8,2.5392299e8,2.56567679e8,2.61794302e8,2.57443423e8,2.57824184e8,2.50210927e8,2.59438915e8,2.50051437e8]}],["Trial",{"allocs":7320,"gctimes":[0.0,0.0,0.0,0.0,0.0,0.0,0.0,0.0,0.0,0.0,0.0,0.0,0.0],"memory":3573200,"params":["Parameters",{"gctrial":true,"time_tolerance":0.05,"samples":10000,"evals":1,"gcsample":false,"seconds":5.0,"overhead":0.0,"memory_tolerance":0.01}],"times":[3.84085329e8,3.86637648e8,4.00006175e8,4.00040673e8,3.79632496e8,3.92944033e8,3.89572397e8,4.04354051e8,3.87358225e8,3.84164364e8,3.82506156e8,3.87886387e8,3.77589362e8]}],["Trial",{"allocs":10688,"gctimes":[0.0,0.0,0.0,0.0,0.0,0.0,0.0,0.0,0.0,0.0],"memory":3734864,"params":["Parameters",{"gctrial":true,"time_tolerance":0.05,"samples":10000,"evals":1,"gcsample":false,"seconds":5.0,"overhead":0.0,"memory_tolerance":0.01}],"times":[5.1174053e8,5.16966648e8,5.16528248e8,5.18672608e8,5.0686116e8,5.29748809e8,5.01820881e8,5.18260889e8,5.11320092e8,5.15463839e8]}],["Trial",{"allocs":13984,"gctimes":[0.0,0.0,0.0,0.0,0.0,0.0,0.0,0.0],"memory":3893072,"params":["Parameters",{"gctrial":true,"time_tolerance":0.05,"samples":10000,"evals":1,"gcsample":false,"seconds":5.0,"overhead":0.0,"memory_tolerance":0.01}],"times":[6.40519637e8,6.61411033e8,6.70782977e8,6.66114194e8,6.35959405e8,6.597735e8,6.28714698e8,6.43763765e8]}],["Trial",{"allocs":15501,"gctimes":[0.0,0.0,0.0,0.0,0.0,0.0,0.0,0.0],"memory":3968848,"params":["Parameters",{"gctrial":true,"time_tolerance":0.05,"samples":10000,"evals":1,"gcsample":false,"seconds":5.0,"overhead":0.0,"memory_tolerance":0.01}],"times":[7.28443458e8,7.02848915e8,7.23694911e8,7.0499884e8,6.94074058e8,7.20358882e8,6.88624476e8,7.28494801e8]}],["Trial",{"allocs":15558,"gctimes":[0.0,0.0,0.0,0.0,0.0,0.0,0.0,0.0],"memory":3968624,"params":["Parameters",{"gctrial":true,"time_tolerance":0.05,"samples":10000,"evals":1,"gcsample":false,"seconds":5.0,"overhead":0.0,"memory_tolerance":0.01}],"times":[6.99613685e8,6.99220355e8,7.16835454e8,7.24952501e8,7.23128448e8,7.22923051e8,6.8771725e8,7.13476609e8]}]],"medians":[199.058781,258.560069,387.358225,515.9960435,651.7686325,712.678861,715.1560315]}