{"lengs":[1.9998618696327441],"benchmarks":[["Trial",{"allocs":382358,"gctimes":[0.0,0.0,0.0,0.0,0.0,0.0,0.0,0.0,1.959328e7,0.0,0.0,0.0,0.0,0.0,0.0,0.0,1.9506056e7,0.0,0.0,0.0,0.0,0.0,0.0,0.0,1.9466402e7,0.0,0.0,0.0,0.0,0.0,0.0,0.0,0.0,1.9404797e7,0.0,0.0,0.0,0.0,0.0,0.0,0.0,1.9378158e7,0.0,0.0,0.0,0.0,0.0,0.0,0.0,1.9428601e7,0.0,0.0,0.0,0.0,0.0,0.0,0.0,0.0,1.9379431e7,0.0,0.0,0.0,0.0,0.0,0.0,0.0,1.9384083e7,0.0,0.0,0.0,0.0,0.0,0.0,0.0,1.9387325e7,0.0,0.0,0.0,0.0,0.0,0.0,0.0,0.0,1.9406063e7,0.0,0.0,0.0,0.0,0.0,0.0,0.0,1.9401406e7,0.0,0.0,0.0,0.0,0.0,0.0,0.0,1.9383591e7,0.0,0.0,0.0,0.0,0.0,0.0,0.0,0.0,1.9387682e7,0.0,0.0,0.0,0.0,0.0,0.0,0.0,1.9419371e7,0.0,0.0,0.0,0.0,0.0,0.0,0.0,1.9393448e7,0.0,0.0,0.0,0.0,0.0,0.0,0.0,0.0,1.9381325e7,0.0,0.0,0.0,0.0,0.0,0.0,0.0,1.9374363e7,0.0,0.0,0.0,0.0,0.0,0.0,0.0,1.9134335e7,0.0,0.0,0.0,0.0,0.0,0.0,0.0,0.0,1.9073885e7,0.0,0.0,0.0,0.0,0.0,0.0,0.0,1.9134313e7,0.0,0.0,0.0,0.0,0.0],"memory":25396456,"params":["Parameters",{"gctrial":true,"time_tolerance":0.05,"samples":10000,"evals":1,"gcsample":false,"seconds":5.0,"overhead":0.0,"memory_tolerance":0.01}],"times":[2.7871601e7,2.8257755e7,2.9846614e7,2.9547565e7,2.9483679e7,2.9587869e7,2.9438167e7,2.9500716e7,4.5012452e7,2.1687491e7,2.1495221e7,2.9647918e7,2.9138997e7,2.9470758e7,2.9404544e7,2.9479086e7,4.6967144e7,2.1203138e7,2.1252361e7,2.7058585e7,2.898636e7,2.9533438e7,2.9408137e7,2.9446141e7,4.9436833e7,2.1310544e7,2.1247297e7,2.4461079e7,2.9164854e7,2.9298087e7,2.9370512e7,2.9301372e7,2.9332878e7,4.3804584e7,2.1196471e7,2.1745745e7,2.9388891e7,2.9209973e7,2.9566503e7,2.9445208e7,2.9417013e7,4.640835e7,2.1228688e7,2.1263534e7,2.7751611e7,2.9228645e7,2.9518295e7,2.955931e7,2.9189729e7,4.9055945e7,2.1284372e7,2.1237453e7,2.4811307e7,2.9126736e7,2.9408596e7,2.9289326e7,2.9453219e7,2.9450146e7,4.349025e7,2.1287963e7,2.2131794e7,2.941343e7,2.9089414e7,2.9390555e7,2.9401697e7,2.9484779e7,4.5967618e7,2.1214162e7,2.124101e7,2.7905426e7,2.9071764e7,2.9510828e7,2.9253219e7,2.9301133e7,4.8725627e7,2.121567e7,2.1206668e7,2.5275062e7,2.9049573e7,2.9132166e7,2.9950001e7,2.9582484e7,2.9485624e7,4.3041317e7,2.1211995e7,2.2565944e7,2.9306201e7,2.9154793e7,2.9493904e7,2.9390836e7,2.943351e7,4.5569654e7,2.1244268e7,2.1247247e7,2.8288768e7,2.8974945e7,2.9321095e7,2.9364056e7,2.9431097e7,4.8267649e7,2.1195174e7,2.1200696e7,2.5556128e7,2.8840357e7,2.9212105e7,2.9214638e7,2.9213467e7,2.9212391e7,4.2605138e7,2.1239101e7,2.2955284e7,2.9307507e7,2.9124267e7,2.9359064e7,2.9362411e7,2.9748452e7,4.5478773e7,2.131403e7,2.1281616e7,2.8577648e7,2.89427e7,2.9491214e7,2.9277769e7,2.9408789e7,4.7888454e7,2.1228157e7,2.1223849e7,2.6070585e7,2.9057334e7,2.9298196e7,2.9293493e7,2.9385612e7,2.9208852e7,4.2200628e7,2.1224798e7,2.344911e7,2.9206688e7,2.9248364e7,2.9534464e7,2.9375748e7,2.9311588e7,4.4725944e7,2.1232094e7,2.12678e7,2.899061e7,2.8862765e7,2.8894409e7,2.8752545e7,2.8740474e7,4.6540059e7,2.0684789e7,2.1567945e7,2.6349606e7,2.8439765e7,2.8958737e7,2.8772136e7,2.8529815e7,2.8528535e7,4.0900179e7,2.0671076e7,2.3176706e7,2.8770097e7,2.8402826e7,2.8708074e7,2.8674319e7,2.8801648e7,4.3459364e7,2.0678186e7,2.0734631e7,2.8523876e7,2.8335296e7,2.8648786e7]}]],"medians":[29.1982085]}