{"lengs":[10.0,21.544346900318832,46.4158883361278,100.0,215.44346900318845,464.15888336127773,1000.0],"benchmarks":[["Trial",{"allocs":1614,"gctimes":[0.0,0.0,0.0,0.0,0.0,0.0,0.0,0.0,0.0,0.0,0.0,0.0,0.0,0.0,0.0,0.0,0.0,0.0,0.0,0.0,0.0,0.0,0.0,0.0,0.0,0.0,0.0,0.0,0.0,0.0,0.0,0.0,0.0,0.0,0.0,0.0,0.0,0.0,0.0,0.0,0.0,0.0,0.0,0.0,0.0,0.0,0.0,0.0,0.0,0.0,0.0,0.0,0.0,0.0,0.0,0.0,0.0,0.0,0.0,0.0,0.0,0.0,0.0,0.0,0.0,0.0,0.0,0.0,0.0,0.0,0.0,0.0,0.0,0.0,0.0,0.0,0.0,0.0,0.0,0.0,0.0,0.0,0.0,2.2670382e7,0.0,0.0,0.0,0.0,0.0,0.0,0.0,0.0,0.0,0.0,0.0,0.0,0.0,0.0,0.0,0.0,0.0,0.0,0.0,0.0,0.0,0.0,0.0,0.0,0.0,0.0,0.0,0.0,0.0,0.0,0.0,0.0,0.0,0.0,0.0,0.0,0.0,0.0,0.0,0.0,0.0,0.0,0.0,0.0,0.0,0.0,0.0,0.0,0.0,0.0,0.0,0.0,0.0,0.0,0.0,0.0,0.0],"memory":3007408,"params":["Parameters",{"gctrial":true,"time_tolerance":0.05,"samples":10000,"evals":1,"gcsample":false,"seconds":5.0,"overhead":0.0,"memory_tolerance":0.01}],"times":[3.6986647e7,3.6452705e7,3.7390283e7,3.7629802e7,3.6550197e7,3.6196529e7,3.5213565e7,3.5155125e7,3.5314744e7,3.5199581e7,3.519971e7,3.5106226e7,3.521611e7,3.5090004e7,3.5115668e7,3.5348549e7,3.5261879e7,3.5169266e7,3.5131548e7,3.5095316e7,3.5206347e7,3.5237322e7,3.5088975e7,3.5120758e7,3.5190875e7,3.5051176e7,3.5066126e7,3.5120058e7,3.5178553e7,3.5138878e7,3.5022525e7,3.5738516e7,3.7011595e7,3.6113865e7,3.5190962e7,3.5202627e7,3.7429594e7,3.577865e7,3.5481153e7,3.5614296e7,3.579381e7,3.5632809e7,3.5622219e7,3.5766033e7,3.5238692e7,3.561041e7,3.5528502e7,3.5836451e7,3.6676111e7,3.6641736e7,3.668378e7,3.6634348e7,3.6687699e7,3.6681178e7,3.6605602e7,3.6683849e7,3.6314306e7,3.6665303e7,3.5240538e7,3.5725636e7,3.5798017e7,3.6840507e7,3.5575667e7,3.500545e7,3.5023277e7,3.5161294e7,3.6309731e7,3.5688749e7,3.5830222e7,3.5561707e7,3.5008489e7,3.5042576e7,3.5102991e7,3.5097246e7,3.5063764e7,3.5126063e7,3.5159576e7,3.5021291e7,3.510662e7,3.5056946e7,3.5031119e7,3.5089117e7,3.5070942e7,5.8236728e7,3.5421378e7,3.5314852e7,3.5223248e7,3.5185561e7,3.5254455e7,3.6043226e7,3.6455087e7,3.5738337e7,3.5098938e7,3.5073753e7,3.5065798e7,3.5058501e7,3.5172636e7,3.5048208e7,3.5124551e7,3.5095682e7,3.509028e7,3.5057337e7,3.508507e7,3.5178695e7,3.5222446e7,3.516457e7,3.5098946e7,3.5089731e7,3.4920961e7,3.5000851e7,3.5013937e7,3.5113696e7,3.5016549e7,3.4986695e7,3.4954203e7,3.4979002e7,3.5049473e7,3.4919752e7,3.5016309e7,3.734783e7,3.5734596e7,3.5381746e7,3.5110934e7,3.5054481e7,3.5069812e7,3.5060283e7,3.494453e7,3.5131026e7,3.4954341e7,3.5142377e7,3.5024403e7,3.5085684e7,3.5040843e7,3.5085787e7,3.5043207e7,3.5060157e7,3.505592e7,3.5025377e7,3.4947252e7,3.4960381e7,3.510408e7]}],["Trial",{"allocs":1614,"gctimes":[0.0,0.0,0.0,0.0,0.0,0.0,0.0,0.0,0.0,0.0,0.0,0.0,0.0,0.0,0.0,0.0,0.0,0.0,0.0,0.0,0.0,0.0,0.0,0.0,0.0,0.0,0.0,0.0,0.0,0.0,0.0,0.0,0.0,0.0,0.0,0.0,0.0,0.0,0.0,0.0,0.0,0.0,0.0,0.0,0.0,0.0,0.0,0.0,0.0,0.0,0.0,0.0,0.0,0.0,0.0,0.0,0.0,0.0,0.0,0.0,0.0,0.0,0.0,0.0,0.0,0.0,0.0,0.0,0.0,0.0,0.0,0.0,0.0,0.0,0.0,0.0,0.0,0.0,0.0,0.0,0.0,0.0,0.0,1.0560528e7,0.0,0.0,0.0,0.0,0.0,0.0,0.0,0.0,0.0,0.0,0.0,0.0,0.0,0.0,0.0,0.0,0.0,0.0,0.0,0.0,0.0],"memory":3007408,"params":["Parameters",{"gctrial":true,"time_tolerance":0.05,"samples":10000,"evals":1,"gcsample":false,"seconds":5.0,"overhead":0.0,"memory_tolerance":0.01}],"times":[4.9116838e7,4.8671575e7,4.866184e7,4.852626e7,4.8508554e7,4.8400629e7,4.8544853e7,5.3518273e7,4.961588e7,4.8315841e7,4.842081e7,4.8452826e7,4.8555568e7,4.8282095e7,4.8355384e7,4.8528852e7,4.8384463e7,4.8415621e7,4.8296585e7,4.8457227e7,4.8224941e7,4.8404844e7,4.8262676e7,4.8462646e7,4.8423829e7,4.854817e7,4.8305195e7,4.8242427e7,5.0836553e7,4.9888869e7,4.9555524e7,4.8337855e7,4.8522696e7,4.8452838e7,4.8401416e7,4.8353571e7,4.8348647e7,4.8396132e7,4.8337349e7,4.8384894e7,4.8273422e7,4.8285617e7,4.8345639e7,4.8245588e7,4.8250836e7,4.8345403e7,4.8278582e7,4.8340925e7,4.8345092e7,4.8923228e7,5.0752902e7,4.8728364e7,4.829564e7,4.8478731e7,4.8298672e7,4.8333472e7,4.8350624e7,4.8222727e7,4.8357029e7,4.8423595e7,4.8269724e7,4.8207791e7,4.8300229e7,4.8193061e7,4.8907927e7,4.8204654e7,4.8323288e7,4.8321451e7,4.831727e7,4.8247044e7,4.825542e7,4.9710381e7,4.9841152e7,4.9243721e7,4.8384564e7,4.8339972e7,4.8378201e7,5.0506169e7,4.4388555e7,4.4643534e7,4.4445575e7,4.4513798e7,4.4536947e7,5.8170245e7,4.4936912e7,4.4770589e7,4.4612003e7,4.4608126e7,4.461996e7,4.4564076e7,4.4546993e7,4.4466527e7,4.449563e7,4.6005224e7,4.513314e7,4.4600712e7,4.4533816e7,4.4387607e7,4.4496959e7,4.4691868e7,4.434581e7,4.4514452e7,4.4501915e7,4.4501827e7,4.4376195e7]}],["Trial",{"allocs":1737,"gctimes":[0.0,0.0,0.0,0.0,0.0,0.0,0.0,0.0,0.0,0.0,0.0,0.0,0.0,0.0,0.0,0.0,0.0,0.0,0.0,0.0,0.0,0.0,0.0,0.0,0.0,0.0,0.0,0.0,0.0,0.0,0.0,0.0,0.0,0.0,0.0,0.0,0.0,0.0,0.0,0.0,0.0,0.0,0.0,0.0,0.0,0.0,0.0,0.0,0.0,0.0,0.0,0.0,0.0,0.0,0.0,0.0,0.0,0.0,0.0,0.0,0.0,0.0,0.0,0.0,0.0],"memory":3235216,"params":["Parameters",{"gctrial":true,"time_tolerance":0.05,"samples":10000,"evals":1,"gcsample":false,"seconds":5.0,"overhead":0.0,"memory_tolerance":0.01}],"times":[6.2830871e7,6.2804771e7,6.2604873e7,6.3109407e7,6.2533815e7,6.2420157e7,6.234072e7,6.2410126e7,6.228517e7,6.2242892e7,6.2312591e7,6.2154781e7,6.922035e7,6.6500056e7,6.7119928e7,9.9067627e7,9.9168269e7,9.9457068e7,9.9251518e7,9.9138463e7,9.9263339e7,9.9368711e7,9.9426903e7,9.6835976e7,8.8314026e7,8.7915341e7,7.9492014e7,7.6355377e7,7.6511442e7,7.656486e7,7.6271826e7,7.6376227e7,7.6420074e7,7.6223593e7,7.6336047e7,7.6363278e7,8.0583938e7,7.7913343e7,7.6226943e7,7.6384467e7,7.622676e7,7.6332304e7,7.6315008e7,7.6319467e7,7.6551014e7,7.6362517e7,7.6462147e7,7.6417216e7,7.6464306e7,7.6222692e7,8.2308971e7,7.7987169e7,7.7420036e7,7.6367923e7,7.6217636e7,7.6457233e7,7.6313882e7,7.6310739e7,7.6489649e7,7.6144655e7,7.6312181e7,7.6593702e7,7.6197255e7,7.8291586e7,7.7129739e7]}],["Trial",{"allocs":2004,"gctimes":[0.0,0.0,0.0,0.0,0.0,0.0,0.0,0.0,0.0,0.0,0.0,0.0,0.0,0.0,0.0,0.0,0.0,0.0,0.0,0.0,0.0,0.0,0.0,0.0,0.0,0.0,0.0,0.0,0.0,0.0,0.0,0.0,0.0,0.0,0.0,0.0,0.0,0.0,0.0,0.0,0.0,0.0,0.0,0.0,0.0,0.0,0.0,0.0,0.0,0.0,0.0,0.0,0.0],"memory":3765296,"params":["Parameters",{"gctrial":true,"time_tolerance":0.05,"samples":10000,"evals":1,"gcsample":false,"seconds":5.0,"overhead":0.0,"memory_tolerance":0.01}],"times":[9.8542501e7,9.8229938e7,9.7585932e7,9.7858371e7,1.12376306e8,1.12572759e8,1.13581895e8,1.12220533e8,1.13088503e8,1.12807618e8,1.12193075e8,1.12336033e8,1.10954935e8,9.8222326e7,9.6446634e7,8.6855691e7,8.623067e7,8.750385e7,8.8331415e7,9.0217491e7,8.6393022e7,8.6243252e7,8.6499081e7,8.6216926e7,8.6170237e7,8.6273449e7,8.6264423e7,8.6120133e7,8.6157489e7,8.6417959e7,8.7273302e7,9.8857092e7,9.7405967e7,9.7330152e7,9.7378255e7,9.7269127e7,9.7491178e7,9.7349004e7,9.729547e7,9.7774179e7,9.7371783e7,9.4569409e7,8.7989097e7,8.6049339e7,8.6459727e7,8.6493074e7,8.6410201e7,8.6276178e7,8.656189e7,8.609574e7,8.7050948e7,8.7765693e7,8.6510099e7]}],["Trial",{"allocs":2192,"gctimes":[0.0,0.0,0.0,0.0,0.0,0.0,0.0,0.0,0.0,0.0,0.0,0.0,0.0,0.0,0.0,0.0,0.0,0.0,0.0,0.0,0.0,0.0,0.0,0.0,0.0,0.0,0.0,0.0,0.0,0.0,0.0,0.0,0.0,0.0,0.0,0.0,0.0,0.0,0.0,0.0,0.0,0.0],"memory":4200656,"params":["Parameters",{"gctrial":true,"time_tolerance":0.05,"samples":10000,"evals":1,"gcsample":false,"seconds":5.0,"overhead":0.0,"memory_tolerance":0.01}],"times":[1.1684618e8,1.16315261e8,1.19077684e8,1.1582342e8,1.16079534e8,1.15923816e8,1.15615136e8,1.15741064e8,1.15971225e8,1.16013142e8,1.15816783e8,1.13279463e8,1.02797037e8,1.02630324e8,1.03222088e8,1.03862681e8,1.02444202e8,1.02636498e8,1.02591764e8,1.02272477e8,1.02672549e8,1.07341119e8,1.00044533e8,9.9607704e7,9.9660535e7,9.9620137e7,9.953146e7,9.9534439e7,1.2304005e8,1.50319099e8,1.49343722e8,1.44396182e8,1.4544803e8,1.44661485e8,1.44401394e8,1.4460611e8,1.44557785e8,1.44623876e8,1.44944768e8,1.44572818e8,1.44461702e8,1.44204415e8]}],["Trial",{"allocs":2435,"gctimes":[0.0,0.0,0.0,0.0,0.0,0.0,0.0,0.0,0.0,0.0,0.0,0.0,0.0,0.0,0.0,0.0,0.0,0.0,0.0,0.0,0.0,0.0,0.0,0.0,0.0,0.0,0.0,0.0,0.0,0.0,0.0,0.0,0.0,0.0,0.0,0.0,0.0,0.0,0.0,0.0,0.0,0.0,0.0,0.0,0.0,0.0,0.0,0.0],"memory":4810448,