{"lengs":[10.0,21.544346900318832,46.4158883361278,100.0,215.44346900318845,464.15888336127773,1000.0],"benchmarks":[["Trial",{"allocs":19903,"gctimes":[0.0],"memory":209832304,"params":["Parameters",{"gctrial":true,"time_tolerance":0.05,"samples":10000,"evals":1,"gcsample":false,"seconds":5.0,"overhead":0.0,"memory_tolerance":0.01}],"times":[6.82933723e9]}],["Trial",{"allocs":32136,"gctimes":[0.0],"memory":355193312,"params":["Parameters",{"gctrial":true,"time_tolerance":0.05,"samples":10000,"evals":1,"gcsample":false,"seconds":5.0,"overhead":0.0,"memory_tolerance":0.01}],"times":[1.3222004265e10]}],["Trial",{"allocs":48723,"gctimes":[0.0],"memory":565768320,"params":["Parameters",{"gctrial":true,"time_tolerance":0.05,"samples":10000,"evals":1,"gcsample":false,"seconds":5.0,"overhead":0.0,"memory_tolerance":0.01}],"times":[2.2739558816e10]}],["Trial",{"allocs":70765,"gctimes":[1.0552299e7],"memory":859360752,"params":["Parameters",{"gctrial":true,"time_tolerance":0.05,"samples":10000,"evals":1,"gcsample":false,"seconds":5.0,"overhead":0.0,"memory_tolerance":0.01}],"times":[3.802448507e10]}],["Trial",{"allocs":107852,"gctimes":[1.0347747e7],"memory":1368557168,"params":["Parameters",{"gctrial":true,"time_tolerance":0.05,"samples":10000,"evals":1,"gcsample":false,"seconds":5.0,"overhead":0.0,"memory_tolerance":0.01}],"times":[6.5034480212e10]}],["Trial",{"allocs":172167,"gctimes":[5.4442697e7],"memory":2275558816,"params":["Parameters",{"gctrial":true,"time_tolerance":0.05,"samples":10000,"evals":1,"gcsample":false,"seconds":5.0,"overhead":0.0,"memory_tolerance":0.01}],"times":[1.21064825216e11]}],["Trial",{"allocs":199455,"gctimes":[6.3855572e7],"memory":2694075152,"params":["Parameters",{"gctrial":true,"time_tolerance":0.05,"samples":10000,"evals":1,"gcsample":false,"seconds":5.0,"overhead":0.0,"memory_tolerance":0.01}],"times":[1.49202844677e11]}]],"medians":[6829.33723,13222.004265,22739.558816,38024.48507,65034.480212,121064.825216,149202.844677]}