{"lengs":[10.0,21.544346900318832,46.4158883361278,100.0,215.44346900318845,464.15888336127773,1000.0],"benchmarks":[["Trial",{"allocs":20162,"gctimes":[0.0],"memory":202142448,"params":["Parameters",{"gctrial":true,"time_tolerance":0.05,"samples":10000,"evals":1,"gcsample":false,"seconds":5.0,"overhead":0.0,"memory_tolerance":0.01}],"times":[9.106757443e9]}],["Trial",{"allocs":33409,"gctimes":[0.0],"memory":351313968,"params":["Parameters",{"gctrial":true,"time_tolerance":0.05,"samples":10000,"evals":1,"gcsample":false,"seconds":5.0,"overhead":0.0,"memory_tolerance":0.01}],"times":[1.7217993799e10]}],["Trial",{"allocs":50016,"gctimes":[0.0],"memory":555437680,"params":["Parameters",{"gctrial":true,"time_tolerance":0.05,"samples":10000,"evals":1,"gcsample":false,"seconds":5.0,"overhead":0.0,"memory_tolerance":0.01}],"times":[2.9539590943e10]}],["Trial",{"allocs":71836,"gctimes":[9.373833e6],"memory":840610592,"params":["Parameters",{"gctrial":true,"time_tolerance":0.05,"samples":10000,"evals":1,"gcsample":false,"seconds":5.0,"overhead":0.0,"memory_tolerance":0.01}],"times":[4.833441644e10]}],["Trial",{"allocs":108041,"gctimes":[2.8905006e7],"memory":1322448160,"params":["Parameters",{"gctrial":true,"time_tolerance":0.05,"samples":10000,"evals":1,"gcsample":false,"seconds":5.0,"overhead":0.0,"memory_tolerance":0.01}],"times":[8.2210528868e10]}],["Trial",{"allocs":174098,"gctimes":[5.8447755e7],"memory":2241848256,"params":["Parameters",{"gctrial":true,"time_tolerance":0.05,"samples":10000,"evals":1,"gcsample":false,"seconds":5.0,"overhead":0.0,"memory_tolerance":0.01}],"times":[1.47949264098e11]}],["Trial",{"allocs":206147,"gctimes":[5.2539037e7],"memory":2724599712,"params":["Parameters",{"gctrial":true,"time_tolerance":0.05,"samples":10000,"evals":1,"gcsample":false,"seconds":5.0,"overhead":0.0,"memory_tolerance":0.01}],"times":[1.95438953819e11]}]],"medians":[9106.757443,17217.993799,29539.590943,48334.41644,82210.528868,147949.264098,195438.953819]}