{"lengs":[10.0,21.544346900318832,46.4158883361278,100.0,215.44346900318845,464.15888336127773,1000.0],"benchmarks":[["Trial",{"allocs":3150,"gctimes":[0.0,0.0,0.0,0.0,0.0,0.0,0.0,0.0,0.0,0.0,0.0,0.0,0.0,0.0,0.0,0.0,0.0,0.0,0.0,0.0,0.0,0.0,0.0,0.0,0.0,0.0,0.0,0.0,0.0],"memory":3442096,"params":["Parameters",{"gctrial":true,"time_tolerance":0.05,"samples":10000,"evals":1,"gcsample":false,"seconds":5.0,"overhead":0.0,"memory_tolerance":0.01}],"times":[1.55156563e8,1.51958814e8,1.52449822e8,1.56928163e8,1.53152122e8,1.57195809e8,2.31204828e8,2.31423936e8,2.32328084e8,2.32918076e8,2.32791136e8,2.00765573e8,1.65730113e8,1.68997185e8,1.66553644e8,1.65597268e8,1.61201445e8,1.64740161e8,1.62769992e8,1.63527219e8,1.6878506e8,1.63714506e8,1.62459105e8,1.61196013e8,1.61009728e8,1.6454212e8,1.65658802e8,1.6134038e8,1.60444109e8]}],["Trial",{"allocs":3856,"gctimes":[0.0,0.0,0.0,0.0,0.0,0.0,0.0,0.0,0.0,0.0,0.0,0.0,0.0,0.0,0.0,0.0,0.0,0.0,0.0,0.0,0.0,0.0,0.0,0.0,0.0,0.0,0.0],"memory":3481904,"params":["Parameters",{"gctrial":true,"time_tolerance":0.05,"samples":10000,"evals":1,"gcsample":false,"seconds":5.0,"overhead":0.0,"memory_tolerance":0.01}],"times":[1.93066824e8,1.86838065e8,1.86202125e8,1.86502077e8,1.86999913e8,1.95472844e8,1.84519443e8,1.86568898e8,1.87011996e8,1.87778543e8,1.88702383e8,1.88816902e8,1.8402257e8,1.85830382e8,1.82098433e8,1.85301966e8,1.81773847e8,1.85352892e8,1.81391509e8,1.81588111e8,1.83096125e8,1.84050055e8,1.85432747e8,1.79853204e8,1.79768683e8,1.84610589e8,1.82554822e8]}],["Trial",{"allocs":5371,"gctimes":[0.0,0.0,0.0,0.0,0.0,0.0,0.0,0.0,0.0,0.0,0.0,0.0,0.0,0.0,0.0,0.0,0.0,0.0,0.0,0.0,0.0,0.0],"memory":3557584,"params":["Parameters",{"gctrial":true,"time_tolerance":0.05,"samples":10000,"evals":1,"gcsample":false,"seconds":5.0,"overhead":0.0,"memory_tolerance":0.01}],"times":[2.11268951e8,2.08794679e8,2.07465013e8,2.10822022e8,2.10450237e8,2.2271635e8,2.1424374e8,2.18285009e8,2.20905942e8,2.19023453e8,2.19739425e8,2.08311567e8,2.42356024e8,3.14011882e8,2.89506945e8,2.51863317e8,2.44651067e8,2.48498143e8,2.29860769e8,2.2178263e8,2.23292154e8,2.284774e8]}],["Trial",{"allocs":6197,"gctimes":[0.0,0.0,0.0,0.0,0.0,0.0,0.0,0.0,0.0,0.0,0.0,0.0,0.0,0.0,0.0,0.0,0.0,0.0,0.0,0.0,0.0],"memory":3597232,"params":["Parameters",{"gctrial":true,"time_tolerance":0.05,"samples":10000,"evals":1,"gcsample":false,"seconds":5.0,"overhead":0.0,"memory_tolerance":0.01}],"times":[2.46383181e8,2.4059021e8,2.36519866e8,2.39027991e8,2.39590506e8,2.45456131e8,2.38229623e8,2.39644818e8,2.43132321e8,2.41753461e8,2.4288694e8,2.39341909e8,2.46342866e8,2.44996995e8,2.34590091e8,2.39285202e8,2.30250995e8,2.41940404e8,2.33402787e8,2.34727551e8,2.35683088e8]}],["Trial",{"allocs":6775,"gctimes":[0.0,0.0,0.0,0.0,0.0,0.0,0.0,0.0,0.0,0.0,0.0,0.0,0.0,0.0,0.0,0.0,0.0,0.0,0.0,0.0,0.0],"memory":3624976,"params":["Parameters",{"gctrial":true,"time_tolerance":0.05,"samples":10000,"evals":1,"gcsample":false,"seconds":5.0,"overhead":0.0,"memory_tolerance":0.01}],"times":[2.46586388e8,2.46062947e8,2.40684726e8,2.41008259e8,2.35332975e8,2.40337126e8,2.49105602e8,2.40350602e8,2.41260388e8,2.33809484e8,2.38402415e8,2.39524471e8,2.38975812e8,2.35813464e8,2.45772022e8,2.47989703e8,2.37707904e8,2.39163316e8,2.40393474e8,2.37124513e8,2.4132988e8]}],["Trial",{"allocs":7025,"gctimes":[0.0,0.0,0.0,0.0,0.0,0.0,0.0,0.0,0.0,0.0,0.0,0.0,0.0,0.0,0.0,0.0,0.0,0.0,0.0,0.0],"memory":3636976,"params":["Parameters",{"gctrial":true,"time_tolerance":0.05,"samples":10000,"evals":1,"gcsample":false,"seconds":5.0,"overhead":0.0,"memory_tolerance":0.01}],"times":[2.49378761e8,2.41397292e8,2.5310037e8,2.57685303e8,2.50486336e8,2.48327751e8,2.52271398e8,2.44094844e8,2.44581903e8,2.43785886e8,2.39917595e8,2.48860814e8,2.53556335e8,2.52648426e8,2.59119203e8,2.58719493e8,2.50625919e8,2.55985004e8,2.58459635e8,2.40629607e8]}],["Trial",{"allocs":7097,"gctimes":[0.0,0.0,0.0,0.0,0.0,0.0,0.0,0.0,0.0,0.0,0.0,0.0,0.0,0.0,0.0,0.0,0.0,0.0,0.0,0.0],"memory":3640432,"params":["Parameters",{"gctrial":true,"time_tolerance":0.05,"samples":10000,"evals":1,"gcsample":false,"seconds":5.0,"overhead":0.0,"memory_tolerance":0.01}],"times":[2.54455251e8,2.53874377e8,2.58842014e8,2.54102898e8,2.43999159e8,2.53622542e8,2.54424754e8,2.57590969e8,2.49637893e8,2.47801597e8,2.55845726e8,2.60943856e8,2.59479841e8,2.54598653e8,2.63290954e8,2.62965748e8,2.43831311e8,2.47703844e8,2.52391711e8,2.4227968e8]}]],"medians":[163.714506,185.352892,221.344286,239.590506,240.350602,250.5561275,254.263826]}