{"lengs":[10.0],"benchmarks":[["Trial",{"allocs":2987,"gctimes":[0.0,0.0,0.0,0.0,0.0,0.0,0.0,0.0,0.0,0.0,0.0,0.0,0.0,0.0,0.0,0.0,0.0,0.0,0.0,0.0,0.0,0.0,0.0,0.0,0.0,0.0,0.0,0.0,0.0,0.0,0.0,0.0,0.0,0.0,0.0,0.0,0.0,0.0,0.0,0.0,0.0,0.0,0.0,0.0,0.0,0.0,0.0,0.0,0.0,0.0,1.0196556e7,0.0,0.0,0.0,0.0,0.0,0.0,0.0,0.0,0.0,0.0,0.0,0.0,0.0,0.0,0.0,0.0,0.0,0.0,0.0,0.0,0.0,0.0,0.0,0.0,0.0,0.0,0.0,0.0,0.0,0.0,0.0,0.0,0.0,0.0,0.0,0.0,0.0,0.0,0.0,0.0,0.0,0.0,0.0,0.0,0.0,0.0,0.0,0.0,0.0,1.0169478e7],"memory":4999616,"params":["Parameters",{"gctrial":true,"time_tolerance":0.05,"samples":10000,"evals":1,"gcsample":false,"seconds":5.0,"overhead":0.0,"memory_tolerance":0.01}],"times":[4.9398135e7,4.8805557e7,4.8772216e7,4.9610719e7,5.1464228e7,4.9187062e7,4.8658014e7,4.8559646e7,4.8809668e7,4.8413833e7,4.8420483e7,4.8458017e7,4.8487175e7,4.8607002e7,4.8406895e7,4.8561284e7,4.80954e7,4.8427028e7,4.8413745e7,4.8313554e7,4.990037e7,4.962119e7,4.8556424e7,4.860971e7,4.8436881e7,5.2749833e7,4.9922117e7,4.9013274e7,4.8775514e7,4.8575729e7,4.832212e7,4.8592807e7,4.8876265e7,4.8778444e7,4.8337428e7,4.8237099e7,4.8447877e7,4.9155695e7,4.9451795e7,4.9207732e7,4.917642e7,4.9518182e7,4.9137433e7,4.9293183e7,4.8462612e7,4.8342744e7,5.1561653e7,4.9200811e7,4.8352642e7,4.8484515e7,5.9345018e7,4.866035e7,4.8554255e7,4.8394629e7,4.8475738e7,4.8327711e7,4.8306305e7,4.8711381e7,4.8606924e7,4.8695085e7,4.8337541e7,4.8602063e7,4.8422258e7,4.8253946e7,4.8406182e7,4.8518888e7,4.8400187e7,5.223985e7,5.2594247e7,5.1066018e7,5.1084917e7,5.0987929e7,5.0737657e7,5.1279653e7,5.0973378e7,5.0967e7,5.1009799e7,5.1115648e7,5.1164911e7,5.1211938e7,5.0816818e7,5.0899611e7,5.1364343e7,5.1159932e7,5.1271115e7,5.1223199e7,5.0797201e7,5.1993683e7,5.0951181e7,4.8693085e7,4.8466332e7,4.8661131e7,4.8349597e7,4.8552358e7,4.8454359e7,4.8396677e7,4.811533e7,4.8413656e7,4.8379218e7,4.8350702e7,5.9247692e7]}]],"medians":[48.693085]}