{"lengs":[10.0,21.544346900318832,46.4158883361278,100.0,215.44346900318845,464.15888336127773,1000.0],"benchmarks":[["Trial",{"allocs":173,"gctimes":[0.0,0.0,0.0,0.0,0.0],"memory":21117984,"params":["Parameters",{"gctrial":true,"time_tolerance":0.05,"samples":10000,"evals":1,"gcsample":false,"seconds":5.0,"overhead":0.0,"memory_tolerance":0.01}],"times":[1.238575692e9,1.212927961e9,1.170361073e9,1.164066469e9,1.216850871e9]}],["Trial",{"allocs":177,"gctimes":[0.0,0.0,0.0,0.0],"memory":21154592,"params":["Parameters",{"gctrial":true,"time_tolerance":0.05,"samples":10000,"evals":1,"gcsample":false,"seconds":5.0,"overhead":0.0,"memory_tolerance":0.01}],"times":[1.426126863e9,1.43569874e9,1.37111473e9,1.28859447e9]}],["Trial",{"allocs":214,"gctimes":[0.0,0.0],"memory":21493216,"params":["Parameters",{"gctrial":true,"time_tolerance":0.05,"samples":10000,"evals":1,"gcsample":false,"seconds":5.0,"overhead":0.0,"memory_tolerance":0.01}],"times":[2.893764853e9,2.923774744e9]}],["Trial",{"allocs":219,"gctimes":[0.0,0.0],"memory":21538976,"params":["Parameters",{"gctrial":true,"time_tolerance":0.05,"samples":10000,"evals":1,"gcsample":false,"seconds":5.0,"overhead":0.0,"memory_tolerance":0.01}],"times":[3.094264207e9,2.990609944e9]}],["Trial",{"allocs":221,"gctimes":[0.0,0.0],"memory":21557280,"params":["Parameters",{"gctrial":true,"time_tolerance":0.05,"samples":10000,"evals":1,"gcsample":false,"seconds":5.0,"overhead":0.0,"memory_tolerance":0.01}],"times":[3.533813513e9,3.298767693e9]}],["Trial",{"allocs":248,"gctimes":[0.0,0.0],"memory":21804384,"params":["Parameters",{"gctrial":true,"time_tolerance":0.05,"samples":10000,"evals":1,"gcsample":false,"seconds":5.0,"overhead":0.0,"memory_tolerance":0.01}],"times":[4.527507578e9,4.447423394e9]}],["Trial",{"allocs":260,"gctimes":[0.0],"memory":21914208,"params":["Parameters",{"gctrial":true,"time_tolerance":0.05,"samples":10000,"evals":1,"gcsample":false,"seconds":5.0,"overhead":0.0,"memory_tolerance":0.01}],"times":[5.458270689e9]}]],"medians":[1212.927961,1398.6207965,2908.7697985,3042.4370755,3416.290603,4487.465486,5458.270689]}