{"lengs":[10.0,21.544346900318832,46.4158883361278,100.0,215.44346900318845,464.15888336127773,1000.0],"benchmarks":[["Trial",{"allocs":882,"gctimes":[0.0,0.0,0.0,0.0,0.0],"memory":25985344,"params":["Parameters",{"gctrial":true,"time_tolerance":0.05,"samples":10000,"evals":1,"gcsample":false,"seconds":5.0,"overhead":0.0,"memory_tolerance":0.01}],"times":[1.238082336e9,1.220503457e9,1.160633711e9,1.17265846e9,1.241941077e9]}],["Trial",{"allocs":1013,"gctimes":[0.0,0.0,0.0,0.0],"memory":26892544,"params":["Parameters",{"gctrial":true,"time_tolerance":0.05,"samples":10000,"evals":1,"gcsample":false,"seconds":5.0,"overhead":0.0,"memory_tolerance":0.01}],"times":[1.282489568e9,1.317275375e9,1.382622186e9,1.336577268e9]}],["Trial",{"allocs":2318,"gctimes":[0.0,0.0],"memory":35955008,"params":["Parameters",{"gctrial":true,"time_tolerance":0.05,"samples":10000,"evals":1,"gcsample":false,"seconds":5.0,"overhead":0.0,"memory_tolerance":0.01}],"times":[2.650056244e9,2.710224903e9]}],["Trial",{"allocs":2507,"gctimes":[0.0,0.0],"memory":37266688,"params":["Parameters",{"gctrial":true,"time_tolerance":0.05,"samples":10000,"evals":1,"gcsample":false,"seconds":5.0,"overhead":0.0,"memory_tolerance":0.01}],"times":[2.931832077e9,2.976301298e9]}],["Trial",{"allocs":2677,"gctimes":[0.0,0.0],"memory":38440832,"params":["Parameters",{"gctrial":true,"time_tolerance":0.05,"samples":10000,"evals":1,"gcsample":false,"seconds":5.0,"overhead":0.0,"memory_tolerance":0.01}],"times":[3.165106913e9,3.169930736e9]}],["Trial",{"allocs":3555,"gctimes":[0.0,0.0],"memory":44566336,"params":["Parameters",{"gctrial":true,"time_tolerance":0.05,"samples":10000,"evals":1,"gcsample":false,"seconds":5.0,"overhead":0.0,"memory_tolerance":0.01}],"times":[4.546935935e9,4.448562576e9]}],["Trial",{"allocs":4191,"gctimes":[0.0,0.0],"memory":48969280,"params":["Parameters",{"gctrial":true,"time_tolerance":0.05,"samples":10000,"evals":1,"gcsample":false,"seconds":5.0,"overhead":0.0,"memory_tolerance":0.01}],"times":[4.97736179e9,5.174929552e9]}]],"medians":[1220.503457,1326.9263215,2680.1405735,2954.0666875,3167.5188245,4497.7492555,5076.145671]}