{"lengs":[10.0],"benchmarks":[["Trial",{"allocs":3657,"gctimes":[0.0,0.0,0.0,0.0,0.0,0.0,0.0,0.0,0.0,0.0,0.0,0.0,0.0,0.0,0.0,0.0,0.0,0.0,0.0,0.0,0.0,0.0,0.0,0.0,0.0,0.0,0.0,0.0,0.0,0.0,0.0,0.0,0.0,0.0,0.0,0.0,0.0,0.0,0.0,0.0,0.0,0.0,0.0,0.0,0.0,0.0,0.0,1.1064932e7,0.0,0.0,0.0,0.0,0.0,0.0,0.0,0.0,0.0,0.0,0.0,0.0,0.0,0.0,0.0,0.0,0.0,0.0,0.0,0.0,0.0,0.0,0.0,0.0,0.0,0.0,0.0,0.0,0.0,0.0,0.0,0.0,0.0,0.0,0.0,0.0,0.0,0.0,0.0,0.0,0.0,0.0,0.0,0.0,0.0,0.0,0.0,1.0699294e7,0.0,0.0,0.0,0.0,0.0,0.0,0.0,0.0,0.0,0.0,0.0,0.0,0.0,0.0,0.0,0.0,0.0,0.0,0.0,0.0,0.0,0.0,0.0,0.0,0.0,0.0,0.0,0.0,0.0,0.0,0.0,0.0,0.0,0.0,0.0,0.0,0.0,0.0,0.0,0.0,0.0,0.0,0.0,0.0,0.0,0.0,1.0452953e7,0.0,0.0,0.0,0.0,0.0,0.0,0.0,0.0,0.0,0.0,0.0,0.0,0.0,0.0,0.0,0.0,0.0,0.0,0.0,0.0,0.0,0.0,0.0,0.0,0.0,0.0,0.0,0.0,0.0,0.0,0.0,0.0,0.0,0.0,0.0,0.0,0.0,0.0,0.0,0.0,0.0,0.0,0.0,0.0,0.0,0.0,0.0,1.0369428e7,0.0,0.0,0.0,0.0,0.0,0.0,0.0,0.0,0.0,0.0,0.0,0.0,0.0,0.0,0.0,0.0,0.0,0.0,0.0,0.0,0.0,0.0,0.0,0.0,0.0,0.0,0.0,0.0,0.0,0.0,0.0,0.0,0.0,0.0,0.0,0.0,0.0,0.0,0.0,0.0,0.0,0.0],"memory":5272096,"params":["Parameters",{"gctrial":true,"time_tolerance":0.05,"samples":10000,"evals":1,"gcsample":false,"seconds":5.0,"overhead":0.0,"memory_tolerance":0.01}],"times":[2.5062507e7,2.4683656e7,2.451691e7,2.4636269e7,2.4554847e7,2.4399907e7,2.4361924e7,2.4352306e7,2.4534129e7,2.4378005e7,2.4483529e7,2.4482802e7,2.4527748e7,2.4304344e7,2.4360564e7,2.4401071e7,2.4510706e7,2.4294328e7,2.4429835e7,2.4410749e7,2.4301532e7,2.433952e7,2.4426964e7,2.4353032e7,2.4439286e7,2.4406105e7,2.4339106e7,2.4370099e7,2.4361284e7,2.4359848e7,2.4405668e7,2.4425907e7,2.4331004e7,2.4439128e7,2.4447301e7,2.4375852e7,2.4351725e7,2.4451907e7,2.4364506e7,2.4306913e7,2.4360059e7,2.2982668e7,2.1927774e7,2.1999443e7,2.3273426e7,2.2238933e7,2.242942e7,3.3450076e7,2.2040603e7,2.1962977e7,2.2028497e7,2.2050861e7,2.1971599e7,2.2004306e7,2.2066699e7,2.1960331e7,2.1954295e7,2.1973619e7,2.2090803e7,2.1993909e7,2.2008079e7,2.2047751e7,2.2043667e7,2.2017868e7,2.2221272e7,2.2056659e7,2.1949762e7,2.1955668e7,2.2064217e7,2.1964742e7,2.203014e7,2.1998194e7,2.1934614e7,2.1993959e7,2.1980544e7,2.193528e7,2.2043425e7,2.1937045e7,2.1963341e7,2.1965723e7,2.2004175e7,2.1995329e7,2.1959005e7,2.2058375e7,2.2101236e7,2.2004368e7,2.2025255e7,2.196711e7,2.1941222e7,2.1971311e7,2.2243013e7,2.2014884e7,2.0534726e7,2.0517045e7,2.0386831e7,3.0948937e7,2.0027107e7,2.0271254e7,2.0041612e7,2.0106034e7,2.0064605e7,2.0266965e7,2.0262918e7,2.0045255e7,2.0033232e7,2.0062764e7,2.0125786e7,2.013933e7,2.0044492e7,2.0028344e7,2.0023069e7,2.010356e7,2.0065191e7,2.0026126e7,2.0099705e7,2.0033952e7,2.0102432e7,2.0057432e7,2.0024392e7,1.9995408e7,2.0048911e7,2.0001381e7,2.0013755e7,2.0053564e7,1.9993355e7,1.9963604e7,2.0037123e7,2.0024801e7,2.0030025e7,2.0036273e7,2.000391e7,1.9999388e7,2.0071662e7,2.0117734e7,2.0023485e7,2.0018935e7,2.0034496e7,2.0003107e7,1.9971719e7,2.0061235e7,1.9961762e7,2.0008373e7,3.3207533e7,2.0534648e7,2.0620992e7,2.039886e7,2.0047276e7,2.0054986e7,2.0104486e7,2.0032367e7,2.00866e7,2.0035661e7,2.0281529e7,2.0096629e7,2.0067156e7,2.0064062e7,2.0183292e7,1.9995497e7,2.006332e7,2.0009643e7,1.9986572e7,2.0065935e7,2.0086132e7,1.9976439e7,2.0061473e7,2.0066348e7,2.0047887e7,2.006507e7,2.0066274e7,2.1672681e7,2.1979061e7,2.2011309e7,2.200144e7,2.1974371e7,2.2046501e7,2.1981267e7,2.2021701e7,2.1903467e7,2.2059176e7,2.1941181e7,2.207595e7,2.1974379e7,2.2041158e7,2.1940928e7,2.1944763e7,2.1967581e7,2.1914785e7,2.1863334e7,2.1941634e7,2.1889806e7,3.2180054e7,2.0957261e7,2.0613905e7,1.9216358e7,1.9358109e7,1.9102893e7,1.8976344e7,1.893928e7,1.8998272e7,1.8964708e7,1.8949533e7,1.8979917e7,1.9106714e7,1.8975624e7,1.8955112e7,1.8952508e7,1.8990942e7,1.8976541e7,1.8911755e7,1.8947897e7,1.8918697e7,1.8980455e7,1.8920782e7,1.9002732e7,1.9045093e7,1.8924486e7,1.8940749e7,1.9121602e7,1.9041389e7,1.8941071e7,1.8918449e7,1.8906584e7,1.8956031e7,1.901487e7,1.8966461e7,1.8959618e7,1.8934748e7,1.9021892e7,1.9059682e7,1.8976967e7,1.8991277e7,1.9260553e7,1.8938058e7]}]],"medians":[20.957261]}