{"lengs":[10.0],"benchmarks":[["Trial",{"allocs":42733,"gctimes":[0.0,0.0,1.2046897e7,0.0,0.0,1.5720353e7,0.0],"memory":97508064,"params":["Parameters",{"gctrial":true,"time_tolerance":0.05,"samples":10000,"evals":1,"gcsample":false,"seconds":5.0,"overhead":0.0,"memory_tolerance":0.01}],"times":[9.03229967e8,7.19983874e8,7.10632703e8,6.98174362e8,7.24073492e8,9.39013637e8,9.00181904e8]}]],"medians":[724.073492]}