{"lengs":[10.0],"benchmarks":[["Trial",{"allocs":1614,"gctimes":[0.0,0.0,0.0,0.0,0.0,0.0,0.0,0.0,0.0,0.0,0.0,0.0,0.0,0.0,0.0,0.0,0.0,0.0,0.0,0.0,0.0,0.0,0.0,0.0,0.0,0.0,0.0,0.0,0.0,0.0,0.0,0.0,0.0,0.0,0.0,0.0,0.0,0.0,0.0,0.0,0.0,0.0,0.0,0.0,0.0,0.0,0.0,0.0,0.0,0.0,0.0,0.0,0.0,0.0,0.0,0.0,0.0,0.0,0.0,0.0,0.0,0.0,0.0,0.0,0.0,0.0,0.0,0.0,0.0,0.0,0.0,0.0,0.0,0.0,0.0,0.0,0.0,0.0,0.0,0.0,0.0,0.0,0.0,1.1844942e7,0.0,0.0,0.0,0.0,0.0,0.0,0.0,0.0,0.0,0.0,0.0,0.0,0.0,0.0,0.0,0.0,0.0,0.0,0.0,0.0,0.0,0.0,0.0,0.0,0.0,0.0,0.0,0.0,0.0],"memory":3007408,"params":["Parameters",{"gctrial":true,"time_tolerance":0.05,"samples":10000,"evals":1,"gcsample":false,"seconds":5.0,"overhead":0.0,"memory_tolerance":0.01}],"times":[3.4666582e7,3.4127373e7,3.4218413e7,3.4027565e7,3.4241746e7,3.4188283e7,3.3960839e7,3.39408e7,3.3879896e7,3.3816129e7,3.3910345e7,3.3763042e7,3.3883889e7,3.6740002e7,3.6995893e7,3.6133018e7,3.5677353e7,3.5658056e7,3.5802475e7,3.5687495e7,3.5773342e7,3.5561618e7,3.5595468e7,3.568359e7,3.5622732e7,3.5722297e7,3.5731549e7,3.5574356e7,3.5785619e7,3.5690935e7,3.5749479e7,3.5762578e7,3.5792314e7,4.1346425e7,5.3685455e7,5.3733482e7,5.3589791e7,5.3965259e7,5.366493e7,5.3795858e7,5.2239774e7,5.1699337e7,5.1433639e7,5.1471008e7,5.1616082e7,5.1395379e7,5.1594961e7,5.1523859e7,5.1597471e7,5.1600853e7,5.1430063e7,5.1554699e7,5.1566094e7,5.1609375e7,5.1507112e7,5.1580704e7,5.1436997e7,5.1604811e7,5.1470849e7,5.1637994e7,5.2068877e7,5.1546164e7,5.1572048e7,5.1373286e7,5.1479629e7,5.1509108e7,5.1410263e7,5.1460373e7,5.1546756e7,5.1451244e7,5.0457067e7,4.7917132e7,4.8178737e7,4.764693e7,4.8112885e7,4.7766937e7,4.7548421e7,4.7731907e7,4.7604349e7,4.7512388e7,4.8258307e7,4.8465442e7,4.8177977e7,6.0139851e7,4.6733671e7,4.1547444e7,4.1681094e7,4.144738e7,4.1328299e7,4.1552455e7,4.1500438e7,4.1558852e7,4.1362572e7,4.1896823e7,4.1737115e7,4.1386845e7,4.1662306e7,4.1365735e7,4.1437626e7,4.1916068e7,4.1354967e7,4.1655894e7,4.1294477e7,4.1399899e7,4.3649168e7,4.8298139e7,4.7799462e7,4.755999e7,4.7505392e7,4.7562999e7,4.7404904e7,4.4429595e7,4.1450827e7]}]],"medians":[46.733671]}