{"lengs":[1.9998618696327441],"benchmarks":[["Trial",{"allocs":4014,"gctimes":[0.0,0.0,0.0,0.0,0.0,0.0,0.0,0.0,0.0,0.0,0.0,0.0,0.0,0.0,0.0,0.0,0.0,0.0,0.0,0.0,0.0,0.0,0.0,0.0,0.0,0.0,0.0,0.0,0.0,0.0,0.0,0.0,0.0,0.0,0.0,0.0,0.0,0.0,0.0,0.0,0.0,0.0,0.0,0.0,0.0,0.0,0.0,0.0,0.0,0.0,0.0,0.0,0.0,0.0,0.0,0.0,0.0,0.0,0.0,0.0,0.0,0.0,0.0,0.0,0.0,0.0,0.0,0.0,0.0,0.0,0.0,0.0,0.0,0.0,0.0,0.0,0.0,0.0,0.0,0.0,0.0,0.0,0.0,0.0,0.0,0.0,0.0,0.0,0.0,0.0,0.0,0.0,0.0,0.0,0.0,0.0,0.0,0.0,0.0,0.0,0.0,0.0,0.0,0.0,0.0,0.0,0.0,0.0,0.0,0.0,0.0,0.0,0.0,0.0,0.0,0.0,0.0,0.0,0.0,0.0,0.0,0.0,0.0,0.0,0.0,1.9505368e7,0.0,0.0,0.0,0.0,0.0,0.0,0.0,0.0,0.0,0.0,0.0,0.0,0.0,0.0,0.0,0.0,0.0,0.0,0.0,0.0,0.0,0.0,0.0,0.0,0.0,0.0,0.0,0.0,0.0,0.0,0.0,0.0,0.0,0.0,0.0,0.0,0.0,0.0,0.0,0.0,0.0,0.0,0.0,0.0,0.0,0.0,0.0,0.0,0.0,0.0,0.0,0.0,0.0,0.0,0.0,0.0,0.0,0.0,0.0,0.0,0.0,0.0,0.0,0.0,0.0,0.0,0.0,0.0,0.0,0.0,0.0,0.0,0.0,0.0,0.0,0.0,0.0,0.0,0.0,0.0,0.0,0.0,0.0,0.0,0.0,0.0,0.0,0.0,0.0,0.0,0.0,0.0,0.0,0.0,0.0,0.0,0.0,0.0,0.0,0.0,0.0,0.0,0.0,0.0,0.0,0.0,0.0,0.0,0.0,0.0,0.0,0.0,0.0,0.0,0.0,0.0,0.0,0.0,0.0,0.0,0.0,0.0,0.0,0.0,0.0,1.952224e7,0.0,0.0,0.0,0.0,0.0,0.0,0.0,0.0,0.0,0.0,0.0,0.0,0.0,0.0,0.0,0.0,0.0,0.0,0.0,0.0,0.0,0.0,0.0,0.0,0.0,0.0,0.0,0.0,0.0,0.0,0.0,0.0,0.0,0.0,0.0,0.0,0.0,0.0,0.0,0.0,0.0,0.0,0.0,0.0,0.0,0.0,0.0,0.0,0.0,0.0,0.0,0.0,0.0,0.0,0.0,0.0,0.0,0.0,0.0,0.0,0.0,0.0,0.0,0.0,0.0,0.0,0.0,0.0,0.0,0.0,0.0,0.0,0.0,0.0,0.0,0.0,0.0,0.0,0.0,0.0,0.0,0.0,0.0,0.0,0.0,0.0,0.0,0.0,0.0,0.0,0.0,0.0,0.0,0.0,0.0,0.0,0.0,0.0,0.0,0.0,0.0,0.0,0.0,0.0,0.0,0.0,0.0,0.0,0.0,0.0,0.0,0.0,0.0,0.0,0.0,0.0,0.0,0.0,0.0,0.0,0.0,0.0,0.0,0.0,1.8739537e7,0.0,0.0,0.0,0.0,0.0,0.0,0.0,0.0,0.0,0.0,0.0,0.0,0.0,0.0,0.0,0.0,0.0,0.0,0.0,0.0,0.0,0.0,0.0,0.0,0.0,0.0,0.0,0.0,0.0,0.0,0.0,0.0,0.0,0.0,0.0,0.0,0.0,0.0,0.0,0.0,0.0,0.0,0.0,0.0,0.0,0.0,0.0,0.0,0.0,0.0,0.0,0.0,0.0,0.0,0.0,0.0,0.0,0.0,0.0,0.0,0.0,0.0,0.0,0.0,0.0,0.0,0.0,0.0,0.0,0.0,0.0,0.0,0.0,0.0,0.0,0.0,0.0,0.0,0.0,0.0,0.0,0.0,0.0,0.0,0.0,0.0,0.0,0.0,0.0,0.0,0.0,0.0,0.0,0.0,0.0,0.0,0.0,0.0,0.0,0.0,0.0,0.0,0.0,0.0,0.0,0.0,0.0,0.0,0.0,0.0,0.0,0.0,0.0,0.0,0.0,0.0,0.0,0.0,0.0,0.0,0.0,0.0,0.0,0.0,0.0,1.84142e7,0.0,0.0,0.0,0.0,0.0,0.0,0.0,0.0,0.0,0.0,0.0,0.0,0.0,0.0,0.0,0.0,0.0,0.0,0.0,0.0,0.0,0.0,0.0,0.0,0.0,0.0,0.0,0.0,0.0,0.0,0.0,0.0,0.0,0.0,0.0,0.0,0.0,0.0,0.0,0.0,0.0,0.0,0.0,0.0,0.0,0.0,0.0,0.0,0.0,0.0,0.0,0.0,0.0,0.0,0.0,0.0,0.0,0.0,0.0,0.0,0.0,0.0,0.0,0.0,0.0,0.0,0.0,0.0,0.0,0.0,0.0,0.0,0.0,0.0,0.0,0.0,0.0,0.0,0.0,0.0,0.0,0.0,0.0,0.0,0.0,0.0,0.0,0.0,0.0,0.0,0.0,0.0],"memory":1666112,"params":["Parameters",{"gctrial":true,"time_tolerance":0.05,"samples":10000,"evals":1,"gcsample":false,"seconds":5.0,"overhead":0.0,"memory_tolerance":0.01}],"times":[9.290136e6,8.880578e6,8.873681e6,8.454884e6,8.791587e6,8.837209e6,8.812974e6,8.756086e6,8.477133e6,8.490332e6,8.473838e6,8.455999e6,8.482452e6,8.422654e6,8.430823e6,8.457463e6,8.445148e6,8.462409e6,8.444101e6,8.4499e6,8.445917e6,8.471074e6,8.511945e6,8.501637e6,8.441771e6,8.462806e6,8.436872e6,8.434392e6,8.444625e6,8.468594e6,8.472441e6,8.446787e6,8.423756e6,8.446035e6,8.501099e6,8.526417e6,8.491812e6,8.467024e6,8.43635e6,8.407832e6,8.45124e6,8.44098e6,8.447352e6,8.439013e6,8.419452e6,8.438773e6,8.448506e6,8.453291e6,8.509731e6,8.42393e6,8.417557e6,8.417441e6,8.427053e6,8.409492e6,8.424133e6,8.432895e6,8.430804e6,8.432667e6,8.45537e6,8.451516e6,8.480912e6,8.474179e6,8.4549e6,8.424518e6,8.417825e6,8.267119e6,8.281302e6,8.276617e6,8.250135e6,8.255649e6,8.261392e6,8.290184e6,8.232568e6,8.245555e6,8.266077e6,8.193795e6,8.310344e6,8.200974e6,8.20597e6,8.175488e6,8.184515e6,8.276053e6,8.270579e6,8.258958e6,8.273731e6,8.222992e6,8.246309e6,8.248442e6,8.335037e6,8.281324e6,8.289372e6,8.231793e6,8.214334e6,8.256287e6,8.186775e6,8.231704e6,8.202363e6,8.189528e6,8.212767e6,8.21377e6,8.240406e6,8.22348e6,8.205755e6,8.193281e6,8.214232e6,8.207874e6,8.220926e6,8.215e6,8.208553e6,8.183466e6,8.178252e6,8.181758e6,8.223738e6,8.37475e6,8.221491e6,8.228226e6,8.226082e6,8.170588e6,8.271821e6,8.231129e6,8.212392e6,8.209593e6,8.211246e6,9.098388e6,9.792479e6,2.841912e7,9.389954e6,8.133997e6,8.287019e6,8.392565e6,8.403718e6,8.19058e6,8.019728e6,8.012324e6,8.036757e6,8.02724e6,8.049039e6,8.016637e6,8.027389e6,8.031702e6,8.013427e6,8.020319e6,8.011659e6,8.030674e6,8.026699e6,8.020619e6,8.047577e6,8.05882e6,8.050966e6,8.045878e6,7.896515e6,7.85392e6,7.788106e6,7.782657e6,7.795722e6,7.954943e6,8.239474e6,8.224419e6,8.218062e6,8.250957e6,8.269638e6,8.24025e6,8.240583e6,8.213748e6,8.211371e6,8.179126e6,8.218002e6,8.184116e6,8.185297e6,8.202462e6,8.21023e6,8.191193e6,8.205911e6,8.207715e6,8.206034e6,8.211555e6,8.185436e6,8.174547e6,8.191185e6,8.205592e6,8.19967e6,8.182278e6,8.187368e6,8.269143e6,7.974481e6,7.886276e6,7.780074e6,7.898496e6,7.876019e6,7.870733e6,7.781594e6,7.778348e6,7.784099e6,7.871993e6,7.779896e6,7.779553e6,7.98336e6,7.789926e6,7.80198e6,7.785287e6,7.778694e6,7.802234e6,7.767946e6,7.943146e6,7.80343e6,7.814327e6,7.864595e6,7.861199e6,7.771682e6,7.795641e6,7.765918e6,7.787292e6,7.805339e6,7.785507e6,7.802159e6,7.771363e6,7.781986e6,7.763057e6,7.751839e6,7.770895e6,7.859339e6,7.777103e6,7.779214e6,7.784153e6,7.791277e6,7.787877e6,7.804845e6,7.785556e6,7.75404e6,7.759702e6,7.844923e6,7.759423e6,7.759383e6,7.767595e6,7.787231e6,7.790074e6,7.774075e6,7.802538e6,7.794952e6,7.806983e6,7.806887e6,7.76346e6,7.768987e6,7.776611e6,7.781997e6,7.769793e6,7.77968e6,7.864303e6,7.768872e6,8.212564e6,7.78165e6,2.8011677e7,9.145205e6,8.162993e6,8.122743e6,8.022509e6,7.915402e6,7.919811e6,7.806819e6,7.784432e6,7.788235e6,7.793371e6,7.797213e6,7.807598e6,7.799954e6,7.79928e6,7.800091e6,7.800094e6,7.798386e6,7.819954e6,7.848963e6,7.805858e6,7.819886e6,7.814501e6,7.812654e6,7.875583e6,7.799889e6,7.85282e6,7.800703e6,7.412375e6,7.387098e6,7.708669e6,7.854575e6,7.822886e6,7.796088e6,7.802953e6,7.810316e6,7.787431e6,7.796386e6,7.798582e6,7.780733e6,7.769139e6,7.865985e6,7.768196e6,7.774257e6,7.795221e6,7.820352e6,7.949629e6,7.848843e6,7.854703e6,7.768003e6,7.775138e6,7.762477e6,7.794078e6,7.771363e6,7.789894e6,7.867759e6,7.771835e6,7.797425e6,8.231517e6,7.866331e6,7.806876e6,7.884251e6,7.869143e6,7.796824e6,7.756783e6,7.789153e6,7.805751e6,7.790304e6,7.787593e6,7.785917e6,7.956764e6,7.951027e6,7.795528e6,7.802556e6,7.839808e6,7.760193e6,7.940521e6,7.867416e6,7.769157e6,7.951112e6,7.964373e6,7.846928e6,7.852856e6,7.802401e6,7.923391e6,7.870972e6,7.866218e6,7.769598e6,7.77534e6,7.764948e6,7.782666e6,7.786547e6,7.773685e6,7.764759e6,7.762553e6,7.774426e6,7.801058e6,7.833373e6,7.895568e6,7.760336e6,7.850685e6,7.786962e6,7.76253e6,7.803534e6,7.770739e6,7.766567e6,7.79478e6,7.757486e6,7.781117e6,7.805009e6,7.822257e6,7.788838e6,7.769672e6,7.767473e6,7.796352e6,7.779874e6,7.79784e6,7.766995e6,7.807347e6,7.794442e6,7.785661e6,7.795216e6,7.810173e6,7.80398e6,7.792731e6,2.6509976e7,8.340182e6,8.00725e6,8.050877e6,8.456485e6,8.336725e6,8.011224e6,7.776967e6,7.394992e6,7.726732e6,7.649929e6,7.663128e6,7.58574e6,7.608687e6,7.484944e6,7.474373e6,7.40879e6,7.435235e6,7.417599e6,7.377716e6,7.393415e6,7.407963e6,7.40819e6,7.537827e6,7.410791e6,7.412644e6,7.402719e6,7.500952e6,7.385591e6,7.416844e6,7.53544e6,7.805242e6,7.795373e6,7.784751e6,7.799772e6,7.813774e6,7.782217e6,7.803225e6,7.818537e6,7.815436e6,7.752076e6,7.771542e6,7.778999e6,7.813745e6,7.789044e6,7.786724e6,7.764241e6,7.760568e6,7.759462e6,7.760922e6,7.787541e6,7.793178e6,7.769337e6,7.756942e6,7.870994e6,7.816538e6,7.819999e6,7.777868e6,7.800222e6,7.878197e6,7.76867e6,7.775046e6,7.81505e6,7.859865e6,7.808683e6,7.77144e6,7.792449e6,7.768214e6,7.81065e6,7.826106e6,7.780968e6,7.786555e6,7.780587e6,7.781559e6,7.758261e6,7.778542e6,7.793187e6,7.793862e6,7.767737e6,7.779696e6,7.768265e6,7.875469e6,7.81207e6,7.785406e6,7.775613e6,7.758407e6,7.766361e6,7.775004e6,7.789608e6,7.80312e6,7.799666e6,7.769359e6,7.749678e6,7.756749e6,7.778401e6,7.993343e6,7.774657e6,7.870088e6,7.790838e6,7.776977e6,7.779836e6,7.784054e6,7.771045e6,7.776402e6,7.776935e6,7.749933e6,7.766505e6,7.794383e6,7.815358e6,7.798716e6,7.757392e6,7.78609e6,