{"lengs":[10.0,21.544346900318832,46.4158883361278,100.0,215.44346900318845,464.15888336127773,1000.0],"benchmarks":[["Trial",{"allocs":33653,"gctimes":[0.0,0.0],"memory":326057632,"params":["Parameters",{"gctrial":true,"time_tolerance":0.05,"samples":10000,"evals":1,"gcsample":false,"seconds":5.0,"overhead":0.0,"memory_tolerance":0.01}],"times":[4.966147579e9,4.945968281e9]}],["Trial",{"allocs":56006,"gctimes":[0.0],"memory":572500768,"params":["Parameters",{"gctrial":true,"time_tolerance":0.05,"samples":10000,"evals":1,"gcsample":false,"seconds":5.0,"overhead":0.0,"memory_tolerance":0.01}],"times":[9.883950809e9]}],["Trial",{"allocs":80448,"gctimes":[8.297172e6],"memory":871842880,"params":["Parameters",{"gctrial":true,"time_tolerance":0.05,"samples":10000,"evals":1,"gcsample":false,"seconds":5.0,"overhead":0.0,"memory_tolerance":0.01}],"times":[1.6712327321e10]}],["Trial",{"allocs":102916,"gctimes":[2.527906e7],"memory":1173600480,"params":["Parameters",{"gctrial":true,"time_tolerance":0.05,"samples":10000,"evals":1,"gcsample":false,"seconds":5.0,"overhead":0.0,"memory_tolerance":0.01}],"times":[2.5213512529e10]}],["Trial",{"allocs":129613,"gctimes":[1.8114371e7],"memory":1551952208,"params":["Parameters",{"gctrial":true,"time_tolerance":0.05,"samples":10000,"evals":1,"gcsample":false,"seconds":5.0,"overhead":0.0,"memory_tolerance":0.01}],"times":[3.7569707414e10]}],["Trial",{"allocs":173499,"gctimes":[1.7434118e7],"memory":2188227456,"params":["Parameters",{"gctrial":true,"time_tolerance":0.05,"samples":10000,"evals":1,"gcsample":false,"seconds":5.0,"overhead":0.0,"memory_tolerance":0.01}],"times":[5.9622100609e10]}],["Trial",{"allocs":193994,"gctimes":[5.9259685e7],"memory":2509857328,"params":["Parameters",{"gctrial":true,"time_tolerance":0.05,"samples":10000,"evals":1,"gcsample":false,"seconds":5.0,"overhead":0.0,"memory_tolerance":0.01}],"times":[7.4128614114e10]}]],"medians":[4956.05793,9883.950809,16712.327321,25213.512529,37569.707414,59622.100609,74128.614114]}