{"lengs":[1.9998618696327441],"benchmarks":[["Trial",{"allocs":6343,"gctimes":[0.0,0.0,0.0,0.0,0.0,0.0,0.0,0.0,0.0,0.0,0.0,0.0,0.0,0.0,0.0,0.0,0.0,0.0,0.0,0.0,0.0,0.0,0.0,0.0,0.0,0.0,0.0,0.0,0.0,0.0,0.0,0.0,0.0,0.0,0.0,0.0,0.0,0.0,0.0,0.0,0.0,0.0,0.0,0.0,0.0,0.0,0.0,0.0,0.0,0.0,0.0,0.0,0.0,0.0,0.0,0.0,0.0,0.0,0.0,0.0,0.0,0.0,0.0,0.0,0.0,0.0,0.0,0.0,0.0,0.0,0.0,0.0,0.0,0.0,0.0,0.0,0.0,0.0,0.0,0.0,0.0,0.0,0.0,0.0,0.0,0.0,0.0,0.0,0.0,0.0,0.0,0.0,0.0,0.0,0.0,0.0,0.0,0.0,0.0,0.0,0.0,0.0,0.0,0.0,0.0,0.0,0.0,0.0,0.0,0.0,0.0,0.0,0.0,0.0,0.0,0.0,0.0,0.0,0.0,0.0,0.0,0.0,0.0,0.0,0.0,0.0,0.0,0.0,0.0,0.0,0.0,0.0,0.0,0.0,0.0,0.0,0.0,0.0,0.0,0.0,0.0,0.0,0.0,0.0,0.0,0.0,0.0,0.0,0.0,0.0,0.0,0.0,0.0,0.0,0.0,0.0,0.0,0.0,0.0,1.7373226e7,0.0,0.0,0.0,0.0,0.0,0.0,0.0,0.0,0.0,0.0,0.0,0.0,0.0,0.0,0.0,0.0,0.0,0.0,0.0,0.0,0.0,0.0,0.0,0.0,0.0,0.0,0.0,0.0,0.0,0.0,0.0,0.0,0.0,0.0,0.0,0.0,0.0,0.0,0.0,0.0,0.0,0.0,0.0,0.0,0.0,0.0],"memory":1305920,"params":["Parameters",{"gctrial":true,"time_tolerance":0.05,"samples":10000,"evals":1,"gcsample":false,"seconds":5.0,"overhead":0.0,"memory_tolerance":0.01}],"times":[2.4708565e7,2.4354237e7,2.5951681e7,2.5425866e7,2.4814491e7,2.4029284e7,2.4024277e7,2.3963377e7,2.409761e7,2.3982683e7,2.4141439e7,2.4017629e7,2.4392204e7,2.4032398e7,2.4258576e7,2.3940044e7,2.4106073e7,2.4019072e7,2.4271509e7,2.3975261e7,2.3946992e7,2.3988221e7,2.3993098e7,2.3939635e7,2.394721e7,2.427446e7,2.3985752e7,2.4199333e7,2.3986665e7,2.410543e7,2.4027399e7,2.3966644e7,2.3972644e7,2.3920187e7,2.3952128e7,2.4034357e7,2.5784157e7,2.5063271e7,2.4421675e7,2.39202e7,2.4195569e7,2.3897982e7,2.402962e7,2.4071077e7,2.4044553e7,2.6055725e7,2.510368e7,2.47223e7,2.4937664e7,2.4052079e7,2.3951685e7,2.4284648e7,2.3913241e7,2.4174811e7,2.4019583e7,2.4106294e7,2.3974701e7,2.3937313e7,2.3947171e7,2.3886358e7,2.3997838e7,2.3973943e7,2.3939788e7,2.4065855e7,2.4357091e7,2.4059491e7,2.4246445e7,2.3918235e7,2.397165e7,2.3928251e7,2.4802799e7,2.3978865e7,2.3925065e7,2.3885716e7,2.3994288e7,2.3912753e7,2.4017571e7,2.4236757e7,2.3913623e7,2.4171114e7,2.3994555e7,2.406849e7,2.3964868e7,2.4003224e7,2.397042e7,2.3963021e7,2.3956866e7,2.3918949e7,2.6352359e7,2.8019073e7,2.547426e7,2.4638314e7,2.4634458e7,2.4240347e7,2.4396824e7,2.4064692e7,2.4031057e7,2.415707e7,2.4164528e7,2.4417016e7,2.4304405e7,2.4245231e7,2.4033547e7,2.4555878e7,2.4227464e7,2.452246e7,2.4429685e7,2.4403977e7,2.4304481e7,2.4012705e7,2.4272014e7,2.4166639e7,2.4334705e7,2.4149757e7,2.4121307e7,2.3982463e7,2.4452866e7,2.4022836e7,2.4287905e7,2.4067998e7,2.3990863e7,2.4013708e7,2.3997746e7,2.4043799e7,2.4036326e7,2.408537e7,2.4069988e7,2.4017337e7,2.4002893e7,2.417557e7,2.4832744e7,2.7064119e7,2.5469069e7,2.5003323e7,2.4077854e7,2.4202329e7,2.4255194e7,2.4215854e7,2.4145012e7,2.4056183e7,2.4055598e7,2.4061082e7,2.4765187e7,2.431051e7,2.4472708e7,2.4001485e7,2.4481233e7,2.4123519e7,2.4306319e7,2.4293878e7,2.4120908e7,2.4105604e7,2.4362035e7,2.4207371e7,2.4237041e7,2.4549526e7,2.4003219e7,2.4464786e7,2.4328611e7,4.2700122e7,2.3687225e7,2.3977611e7,2.3737784e7,2.371066e7,2.4110702e7,2.3639025e7,2.3953059e7,2.3663201e7,2.3675313e7,2.3664576e7,2.3697781e7,2.3682292e7,2.3768842e7,2.6922715e7,2.4890921e7,2.4471115e7,2.4003496e7,2.3998946e7,2.3727791e7,2.3807732e7,2.3683857e7,2.3821246e7,2.3661613e7,2.3858577e7,2.3604308e7,2.3633825e7,2.3634352e7,2.3618221e7,2.3707174e7,2.3824409e7,2.4210922e7,2.3610985e7,2.3972264e7,2.3805728e7,2.3853986e7,2.3576023e7,2.3785257e7,2.3708519e7,2.3785415e7,2.4072634e7,2.3717704e7,2.3700377e7,2.38676e7,2.4217592e7,2.3743863e7,2.4201371e7]}]],"medians":[24.0400625]}