{"lengs":[10.0,31.622776601683793,100.0,316.22776601683796,1000.0,3162.2776601683795,10000.0,31622.776601683792,100000.0],"benchmarks":[["Trial",{"allocs":11,"gctimes":[0.0,0.0,0.0,0.0,0.0,0.0,0.0,0.0,0.0,0.0,0.0,0.0,0.0,0.0,0.0,0.0,0.0,0.0,0.0,0.0,0.0,0.0,0.0,0.0,0.0,0.0,0.0,0.0,0.0,0.0,0.0,0.0,0.0,0.0,0.0,0.0,0.0,0.0,0.0,0.0,0.0,0.0,0.0,0.0,0.0,0.0,0.0,0.0,0.0,0.0,0.0,0.0,0.0,0.0,0.0,0.0,0.0,0.0,0.0,0.0,0.0,0.0,0.0,0.0,0.0,0.0],"memory":3664,"params":["Parameters",{"gctrial":true,"time_tolerance":0.05,"samples":10000,"evals":1,"gcsample":false,"seconds":5.0,"overhead":0.0,"memory_tolerance":0.01}],"times":[7.661887e7,7.8877723e7,7.6347905e7,7.6747666e7,7.6815931e7,7.6345853e7,7.6582821e7,7.6334775e7,8.1179107e7,7.7541991e7,7.6100135e7,7.6483621e7,7.6497243e7,7.6564584e7,7.8119441e7,7.7430471e7,7.6578824e7,7.6085803e7,7.6222593e7,7.657857e7,7.65785e7,7.6534873e7,7.6107038e7,7.6402579e7,7.6360635e7,7.6486015e7,7.6662609e7,7.6303183e7,7.9233682e7,7.6372842e7,7.6028491e7,7.6592104e7,7.6381124e7,7.6184689e7,7.688319e7,7.6190899e7,7.6707528e7,7.6593206e7,7.6893352e7,7.7042363e7,7.6552924e7,7.7385768e7,7.7989269e7,7.6369793e7,7.6566144e7,7.6272295e7,7.6798718e7,7.8127682e7,7.6588283e7,7.654694e7,7.5987559e7,7.6975904e7,7.6360017e7,7.6537508e7,7.6348501e7,7.9253451e7,7.7040888e7,7.6871589e7,7.6346868e7,7.6372933e7,7.6404747e7,7.6428571e7,7.6617475e7,7.6479723e7,7.6362549e7,7.6616634e7]}],["Trial",{"allocs":11,"gctimes":[0.0,0.0,0.0,0.0,0.0,0.0,0.0,0.0,0.0,0.0,0.0,0.0,0.0,0.0,0.0,0.0,0.0,0.0,0.0,0.0,0.0,0.0],"memory":3664,"params":["Parameters",{"gctrial":true,"time_tolerance":0.05,"samples":10000,"evals":1,"gcsample":false,"seconds":5.0,"overhead":0.0,"memory_tolerance":0.01}],"times":[2.37322468e8,2.40617641e8,2.36273355e8,2.36190273e8,2.36460126e8,2.36369406e8,2.39181677e8,2.36152758e8,2.38239729e8,2.3830194e8,2.39716939e8,2.36805073e8,2.35481775e8,2.37309984e8,2.39587471e8,2.37807391e8,2.36557241e8,2.36833957e8,2.37761926e8,2.4039506e8,2.37022477e8,2.37251912e8]}],["Trial",{"allocs":11,"gctimes":[0.0,0.0,0.0,0.0,0.0,0.0,0.0],"memory":3664,"params":["Parameters",{"gctrial":true,"time_tolerance":0.05,"samples":10000,"evals":1,"gcsample":false,"seconds":5.0,"overhead":0.0,"memory_tolerance":0.01}],"times":[7.66761296e8,7.44816235e8,7.42725276e8,7.51361397e8,7.48363176e8,7.50908975e8,7.45829712e8]}],["Trial",{"allocs":11,"gctimes":[0.0,0.0,0.0],"memory":3664,"params":["Parameters",{"gctrial":true,"time_tolerance":0.05,"samples":10000,"evals":1,"gcsample":false,"seconds":5.0,"overhead":0.0,"memory_tolerance":0.01}],"times":[2.375619422e9,2.361020744e9,2.403680297e9]}],["Trial",{"allocs":11,"gctimes":[0.0],"memory":3664,"params":["Parameters",{"gctrial":true,"time_tolerance":0.05,"samples":10000,"evals":1,"gcsample":false,"seconds":5.0,"overhead":0.0,"memory_tolerance":0.01}],"times":[7.554724463e9]}],["Trial",{"allocs":11,"gctimes":[0.0],"memory":3664,"params":["Parameters",{"gctrial":true,"time_tolerance":0.05,"samples":10000,"evals":1,"gcsample":false,"seconds":5.0,"overhead":0.0,"memory_tolerance":0.01}],"times":[2.3580111141e10]}],["Trial",{"allocs":11,"gctimes":[0.0],"memory":3664,"params":["Parameters",{"gctrial":true,"time_tolerance":0.05,"samples":10000,"evals":1,"gcsample":false,"seconds":5.0,"overhead":0.0,"memory_tolerance":0.01}],"times":[7.4292699714e10]}],["Trial",{"allocs":11,"gctimes":[0.0],"memory":3664,"params":["Parameters",{"gctrial":true,"time_tolerance":0.05,"samples":10000,"evals":1,"gcsample":false,"seconds":5.0,"overhead":0.0,"memory_tolerance":0.01}],"times":[2.36794524366e11]}],["Trial",{"allocs":11,"gctimes":[0.0],"memory":3664,"params":["Parameters",{"gctrial":true,"time_tolerance":0.05,"samples":10000,"evals":1,"gcsample":false,"seconds":5.0,"overhead":0.0,"memory_tolerance":0.01}],"times":[7.49423464695e11]}]],"medians":[76.558754,237.280948,748.363176,2375.619422,7554.724463,23580.111141,74292.699714,236794.524366,749423.464695]}