{"lengs":[10.0,21.544346900318832,46.4158883361278,100.0,215.44346900318845,464.15888336127773,1000.0],"benchmarks":[["Trial",{"allocs":10370249,"gctimes":[0.0],"memory":626130152,"params":["Parameters",{"gctrial":true,"time_tolerance":0.05,"samples":10000,"evals":1,"gcsample":false,"seconds":5.0,"overhead":0.0,"memory_tolerance":0.01}],"times":[1.44896704335e11]}],["Trial",{"allocs":13550390,"gctimes":[0.0],"memory":789834952,"params":["Parameters",{"gctrial":true,"time_tolerance":0.05,"samples":10000,"evals":1,"gcsample":false,"seconds":5.0,"overhead":0.0,"memory_tolerance":0.01}],"times":[1.89649875507e11]}],["Trial",{"allocs":16868798,"gctimes":[1.59754011e8],"memory":960657352,"params":["Parameters",{"gctrial":true,"time_tolerance":0.05,"samples":10000,"evals":1,"gcsample":false,"seconds":5.0,"overhead":0.0,"memory_tolerance":0.01}],"times":[2.33201836476e11]}],["Trial",{"allocs":19081070,"gctimes":[1.5467266e8],"memory":1074538952,"params":["Parameters",{"gctrial":true,"time_tolerance":0.05,"samples":10000,"evals":1,"gcsample":false,"seconds":5.0,"overhead":0.0,"memory_tolerance":0.01}],"times":[2.71729663984e11]}],["Trial",{"allocs":20325473,"gctimes":[1.57596861e8],"memory":1138597352,"params":["Parameters",{"gctrial":true,"time_tolerance":0.05,"samples":10000,"evals":1,"gcsample":false,"seconds":5.0,"overhead":0.0,"memory_tolerance":0.01}],"times":[2.83585367817e11]}],["Trial",{"allocs":22122944,"gctimes":[1.51198441e8],"memory":1231126152,"params":["Parameters",{"gctrial":true,"time_tolerance":0.05,"samples":10000,"evals":1,"gcsample":false,"seconds":5.0,"overhead":0.0,"memory_tolerance":0.01}],"times":[3.07618703302e11]}],["Trial",{"allocs":23643881,"gctimes":[1.51219235e8],"memory":1309419752,"params":["Parameters",{"gctrial":true,"time_tolerance":0.05,"samples":10000,"evals":1,"gcsample":false,"seconds":5.0,"overhead":0.0,"memory_tolerance":0.01}],"times":[3.29668308943e11]}]],"medians":[144896.704335,189649.875507,233201.836476,271729.663984,283585.367817,307618.703302,329668.308943]}