{"lengs":[19998.61869632745],"benchmarks":[["Trial",{"allocs":123605335,"gctimes":[8.37305933e8],"memory":7008282224,"params":["Parameters",{"gctrial":true,"time_tolerance":0.05,"samples":10000,"evals":1,"gcsample":false,"seconds":5.0,"overhead":0.0,"memory_tolerance":0.01}],"times":[1.42258035459e11]}]],"medians":[142258.035459]}