{"lengs":[10.0,21.544346900318832,46.4158883361278,100.0,215.44346900318845,464.15888336127773,1000.0],"benchmarks":[["Trial",{"allocs":4246,"gctimes":[0.0,0.0,0.0,0.0,0.0],"memory":20746288,"params":["Parameters",{"gctrial":true,"time_tolerance":0.05,"samples":10000,"evals":1,"gcsample":false,"seconds":5.0,"overhead":0.0,"memory_tolerance":0.01}],"times":[1.040428937e9,1.054556735e9,1.039101431e9,1.030054573e9,1.00477026e9]}],["Trial",{"allocs":4973,"gctimes":[0.0,0.0,0.0],"memory":25845232,"params":["Parameters",{"gctrial":true,"time_tolerance":0.05,"samples":10000,"evals":1,"gcsample":false,"seconds":5.0,"overhead":0.0,"memory_tolerance":0.01}],"times":[1.765287865e9,1.774639835e9,1.747047237e9]}],["Trial",{"allocs":9928,"gctimes":[0.0],"memory":55281696,"params":["Parameters",{"gctrial":true,"time_tolerance":0.05,"samples":10000,"evals":1,"gcsample":false,"seconds":5.0,"overhead":0.0,"memory_tolerance":0.01}],"times":[5.16582973e9]}],["Trial",{"allocs":10968,"gctimes":[0.0],"memory":64504464,"params":["Parameters",{"gctrial":true,"time_tolerance":0.05,"samples":10000,"evals":1,"gcsample":false,"seconds":5.0,"overhead":0.0,"memory_tolerance":0.01}],"times":[7.35084799e9]}],["Trial",{"allocs":11865,"gctimes":[0.0],"memory":72348928,"params":["Parameters",{"gctrial":true,"time_tolerance":0.05,"samples":10000,"evals":1,"gcsample":false,"seconds":5.0,"overhead":0.0,"memory_tolerance":0.01}],"times":[1.0021216412e10]}],["Trial",{"allocs":17823,"gctimes":[0.0],"memory":122222768,"params":["Parameters",{"gctrial":true,"time_tolerance":0.05,"samples":10000,"evals":1,"gcsample":false,"seconds":5.0,"overhead":0.0,"memory_tolerance":0.01}],"times":[1.7415187388e10]}],["Trial",{"allocs":21000,"gctimes":[0.0],"memory":148075648,"params":["Parameters",{"gctrial":true,"time_tolerance":0.05,"samples":10000,"evals":1,"gcsample":false,"seconds":5.0,"overhead":0.0,"memory_tolerance":0.01}],"times":[2.1388892664e10]}]],"medians":[1039.101431,1765.287865,5165.82973,7350.84799,10021.216412,17415.187388,21388.892664]}