{"lengs":[10.0,21.544346900318832,46.4158883361278,100.0,215.44346900318845,464.15888336127773,1000.0],"benchmarks":[["Trial",{"allocs":1114023,"gctimes":[0.0,0.0,0.0,2.3844243e7,0.0,0.0,2.3954059e7,0.0,0.0,2.4146811e7,0.0,0.0,0.0,2.3653489e7,0.0,0.0,2.3776842e7,0.0],"memory":79844072,"params":["Parameters",{"gctrial":true,"time_tolerance":0.05,"samples":10000,"evals":1,"gcsample":false,"seconds":5.0,"overhead":0.0,"memory_tolerance":0.01}],"times":[2.98378624e8,2.97047322e8,3.00166607e8,3.03916148e8,2.7817201e8,2.81488092e8,3.12417418e8,2.77280902e8,2.81618613e8,3.09309436e8,2.73802458e8,2.80118348e8,2.8305436e8,2.95262651e8,2.8564948e8,2.80839178e8,2.94556544e8,2.77629932e8]}],["Trial",{"allocs":1473879,"gctimes":[0.0,0.0,2.3423169e7,0.0,2.3677126e7,0.0,0.0,2.3837153e7,0.0,2.3920879e7,0.0,0.0,2.4606317e7,0.0],"memory":105095816,"params":["Parameters",{"gctrial":true,"time_tolerance":0.05,"samples":10000,"evals":1,"gcsample":false,"seconds":5.0,"overhead":0.0,"memory_tolerance":0.01}],"times":[3.71464532e8,3.74321758e8,3.82368136e8,3.677473e8,3.96785545e8,3.67607598e8,3.90376021e8,3.89027042e8,3.68249163e8,4.02375351e8,3.59330094e8,3.73223988e8,3.97680393e8,3.85155045e8]}],["Trial",{"allocs":2065074,"gctimes":[0.0,2.4564071e7,0.0,2.4588199e7,0.0,2.465009e7,0.0,2.3947507e7,2.3950828e7,0.0],"memory":146598296,"params":["Parameters",{"gctrial":true,"time_tolerance":0.05,"samples":10000,"evals":1,"gcsample":false,"seconds":5.0,"overhead":0.0,"memory_tolerance":0.01}],"times":[5.42212829e8,5.56493332e8,5.40070534e8,5.62821745e8,5.35961118e8,5.65218854e8,5.15427598e8,5.36005177e8,5.49500872e8,4.98743032e8]}],["Trial",{"allocs":2287842,"gctimes":[0.0,2.521969e7,0.0,2.3687964e7,2.4845901e7,0.0,2.4568351e7,0.0,2.4480327e7],"memory":162230328,"params":["Parameters",{"gctrial":true,"time_tolerance":0.05,"samples":10000,"evals":1,"gcsample":false,"seconds":5.0,"overhead":0.0,"memory_tolerance":0.01}],"times":[5.73745047e8,6.022675e8,6.1699087e8,5.90594798e8,6.1738002e8,5.86770712e8,6.17115804e8,6.09319973e8,6.09507901e8]}],["Trial",{"allocs":2390658,"gctimes":[0.0,2.422832e7,0.0,2.3726689e7,2.4169973e7,0.0,2.3805755e7,3.0062075e7,0.0],"memory":169445112,"params":["Parameters",{"gctrial":true,"time_tolerance":0.05,"samples":10000,"evals":1,"gcsample":false,"seconds":5.0,"overhead":0.0,"memory_tolerance":0.01}],"times":[6.36749365e8,6.43824087e8,6.12914769e8,6.17950446e8,6.13479093e8,5.9195692e8,6.22787626e8,6.384572e8,5.90504969e8]}],["Trial",{"allocs":2450634,"gctimes":[0.0,2.4379539e7,0.0,2.4438148e7,2.4219967e7,0.0,2.4620296e7,2.4346328e7],"memory":173653736,"params":["Parameters",{"gctrial":true,"time_tolerance":0.05,"samples":10000,"evals":1,"gcsample":false,"seconds":5.0,"overhead":0.0,"memory_tolerance":0.01}],"times":[6.51649797e8,6.56752563e8,6.4205134e8,6.50499638e8,6.30865515e8,6.40632818e8,6.51898648e8,6.26173163e8]}],["Trial",{"allocs":2467770,"gctimes":[0.0,2.3549311e7,2.7433215e7,0.0,2.4674176e7,0.0,2.4545466e7,2.476351e7],"memory":174856200,"params":["Parameters",{"gctrial":true,"time_tolerance":0.05,"samples":10000,"evals":1,"gcsample":false,"seconds":5.0,"overhead":0.0,"memory_tolerance":0.01}],"times":[6.17888562e8,6.2853066e8,6.49374043e8,6.14831884e8,6.5720382e8,6.49231259e8,6.59977829e8,6.61604858e8]}]],"medians":[284.35192,378.344947,541.1416815,609.319973,617.950446,646.275489,649.302651]}