{"lengs":[1.9998618696327441],"benchmarks":[["Trial",{"allocs":4899,"gctimes":[0.0,0.0,0.0,0.0,0.0,0.0,0.0,0.0,0.0,0.0,0.0,0.0,0.0,0.0,0.0,0.0,0.0,0.0,0.0,0.0,0.0,0.0,0.0,0.0,0.0,0.0,0.0,0.0,0.0,0.0,0.0,0.0,0.0,0.0,0.0,0.0,0.0,0.0,0.0,0.0,0.0,0.0,0.0,0.0,0.0,0.0,0.0,0.0,0.0,0.0,0.0,0.0,0.0,0.0,0.0,0.0,0.0,0.0,0.0,0.0,0.0,0.0,0.0,0.0,0.0,0.0,0.0,0.0,0.0,0.0,0.0,0.0,0.0,0.0,0.0,0.0,0.0,0.0,0.0,0.0,0.0,0.0,0.0,0.0,0.0,0.0,0.0,0.0,0.0,0.0,0.0,0.0,0.0,0.0,0.0,0.0,0.0,0.0,0.0,0.0,0.0,0.0,0.0,0.0,0.0,0.0,0.0,0.0,0.0,0.0,0.0,0.0,0.0,0.0,0.0,0.0,0.0,0.0,0.0,0.0,0.0,0.0,0.0,0.0,0.0,0.0,0.0,0.0,0.0,0.0,0.0,0.0,0.0,0.0,0.0,0.0,0.0,0.0,0.0,0.0,0.0,0.0,0.0,0.0,0.0,0.0,0.0,0.0,0.0,0.0,0.0,0.0,0.0,0.0,0.0,0.0,0.0,0.0,0.0,0.0,0.0,0.0,0.0,0.0,0.0,0.0,0.0,0.0,0.0,0.0,0.0,0.0,0.0,0.0,0.0,0.0,0.0,0.0,0.0,0.0,0.0,0.0,0.0,0.0,0.0,0.0,0.0,0.0,0.0,0.0,0.0,0.0,0.0,0.0,0.0,0.0,0.0,0.0,0.0,0.0,0.0,0.0,0.0,0.0],"memory":586624,"params":["Parameters",{"gctrial":true,"time_tolerance":0.05,"samples":10000,"evals":1,"gcsample":false,"seconds":5.0,"overhead":0.0,"memory_tolerance":0.01}],"times":[2.4390071e7,2.3755166e7,2.3627599e7,2.3669739e7,2.6745141e7,2.5851529e7,2.5445207e7,2.5031906e7,2.5000325e7,2.5272939e7,2.4940765e7,2.5119642e7,2.5344653e7,2.5008912e7,2.4927336e7,2.4960977e7,2.5011007e7,2.5056456e7,2.4993884e7,2.5013986e7,2.5012103e7,2.4999595e7,2.523885e7,2.5075156e7,2.5134035e7,2.5351458e7,2.5057422e7,2.5021583e7,2.502944e7,2.5123357e7,2.499406e7,2.507421e7,2.5024191e7,2.5028161e7,2.4925296e7,2.5187274e7,2.4927267e7,2.5082476e7,2.5281657e7,2.4944587e7,2.5019219e7,2.511846e7,2.499446e7,2.5029049e7,2.4929513e7,2.5981071e7,2.4899572e7,2.4391436e7,2.4331756e7,2.4001384e7,2.3707529e7,2.3985207e7,2.3677397e7,2.362432e7,2.37808e7,2.3946693e7,2.5111306e7,2.5276428e7,2.5006327e7,2.5118536e7,2.4974311e7,2.5255219e7,2.5017005e7,2.5182488e7,2.5359665e7,2.501585e7,2.5210037e7,2.4943364e7,2.509054e7,2.4982366e7,2.505455e7,2.507788e7,2.5045704e7,2.4986137e7,2.530252e7,2.5042094e7,2.5107592e7,2.5479084e7,2.4997539e7,2.499199e7,2.4999772e7,2.5016781e7,2.4971622e7,2.5012787e7,2.5036117e7,2.5033675e7,2.4932046e7,2.626989e7,2.5548062e7,2.5532083e7,2.5934441e7,2.498078e7,2.5000355e7,2.5033244e7,2.4964645e7,2.5098138e7,2.506752e7,2.5051873e7,2.5033123e7,2.5050044e7,2.5289551e7,2.4957761e7,2.5138918e7,2.551767e7,2.5019763e7,2.5079482e7,2.4945932e7,2.4930796e7,2.4950661e7,2.499364e7,2.5025466e7,2.5018706e7,2.5008505e7,2.5275829e7,2.4967313e7,2.5060823e7,2.5455797e7,2.5075933e7,2.4995685e7,2.5010963e7,2.4990149e7,2.4976268e7,2.4962155e7,2.4998303e7,2.5072242e7,2.5049169e7,2.5294273e7,2.4986975e7,2.558981e7,2.5894994e7,2.4143247e7,2.4206993e7,2.3648e7,2.3643299e7,2.3666409e7,2.3612953e7,2.3919814e7,2.3673488e7,2.3687841e7,2.482595e7,2.3731005e7,2.367384e7,2.4019655e7,2.3626728e7,2.4074e7,2.3847466e7,2.3748962e7,2.4049573e7,2.3630476e7,2.3631436e7,2.372716e7,2.3663618e7,2.3943382e7,2.3727945e7,2.3680898e7,2.4099412e7,2.3608933e7,2.3621483e7,2.3950459e7,2.3708622e7,2.3627377e7,2.3675842e7,2.3634426e7,2.3630878e7,2.3632813e7,2.4005449e7,2.3692595e7,2.3717785e7,2.4001892e7,2.365301e7,2.3675607e7,2.3731628e7,2.6074645e7,2.4518736e7,2.3909106e7,2.3654291e7,2.3587802e7,2.3656358e7,2.3865063e7,2.3690737e7,2.3736749e7,2.4046241e7,2.3717955e7,2.3652116e7,2.3691708e7,2.3616536e7,2.3845385e7,2.3655974e7,2.3648855e7,2.3633377e7,2.3629065e7,2.3892644e7,2.3600353e7,2.3753665e7,2.438346e7,2.3971541e7,2.3775602e7,2.3795882e7,2.3658196e7,2.3761447e7,2.4094094e7,2.373801e7,2.3694168e7,2.3596555e7]}]],"medians":[24.965979]}