{"lengs":[10.0,21.544346900318832,46.4158883361278,100.0,215.44346900318845,464.15888336127773,1000.0],"benchmarks":[["Trial",{"allocs":3638,"gctimes":[0.0,0.0,0.0,0.0,0.0,0.0,0.0,0.0],"memory":18944464,"params":["Parameters",{"gctrial":true,"time_tolerance":0.05,"samples":10000,"evals":1,"gcsample":false,"seconds":5.0,"overhead":0.0,"memory_tolerance":0.01}],"times":[7.42296099e8,7.28453949e8,7.03982231e8,7.05248885e8,7.11727229e8,7.02574519e8,7.04133959e8,7.04769749e8]}],["Trial",{"allocs":3852,"gctimes":[0.0,0.0,0.0,0.0,0.0],"memory":19995472,"params":["Parameters",{"gctrial":true,"time_tolerance":0.05,"samples":10000,"evals":1,"gcsample":false,"seconds":5.0,"overhead":0.0,"memory_tolerance":0.01}],"times":[1.100550026e9,1.101420197e9,1.102966681e9,1.097176923e9,1.096738659e9]}],["Trial",{"allocs":7456,"gctimes":[0.0,0.0],"memory":38621472,"params":["Parameters",{"gctrial":true,"time_tolerance":0.05,"samples":10000,"evals":1,"gcsample":false,"seconds":5.0,"overhead":0.0,"memory_tolerance":0.01}],"times":[4.853220731e9,4.906332978e9]}],["Trial",{"allocs":8010,"gctimes":[0.0],"memory":42330832,"params":["Parameters",{"gctrial":true,"time_tolerance":0.05,"samples":10000,"evals":1,"gcsample":false,"seconds":5.0,"overhead":0.0,"memory_tolerance":0.01}],"times":[9.167735263e9]}],["Trial",{"allocs":8755,"gctimes":[0.0],"memory":47482512,"params":["Parameters",{"gctrial":true,"time_tolerance":0.05,"samples":10000,"evals":1,"gcsample":false,"seconds":5.0,"overhead":0.0,"memory_tolerance":0.01}],"times":[1.4341977212e10]}],["Trial",{"allocs":11406,"gctimes":[0.0],"memory":62212448,"params":["Parameters",{"gctrial":true,"time_tolerance":0.05,"samples":10000,"evals":1,"gcsample":false,"seconds":5.0,"overhead":0.0,"memory_tolerance":0.01}],"times":[2.126137957e10]}],["Trial",{"allocs":12797,"gctimes":[0.0],"memory":69044000,"params":["Parameters",{"gctrial":true,"time_tolerance":0.05,"samples":10000,"evals":1,"gcsample":false,"seconds":5.0,"overhead":0.0,"memory_tolerance":0.01}],"times":[2.4124599765e10]}]],"medians":[705.009317,1100.550026,4879.7768545,9167.735263,14341.977212,21261.37957,24124.599765]}