{"lengs":[10.0,21.544346900318832,46.4158883361278,100.0,215.44346900318845,464.15888336127773,1000.0],"benchmarks":[["Trial",{"allocs":5241,"gctimes":[0.0,0.0,0.0,0.0,0.0,0.0,0.0,0.0,0.0,0.0,0.0,0.0,0.0,0.0,0.0,0.0],"memory":404320,"params":["Parameters",{"gctrial":true,"time_tolerance":0.05,"samples":10000,"evals":1,"gcsample":false,"seconds":5.0,"overhead":0.0,"memory_tolerance":0.01}],"times":[3.18085205e8,3.15346907e8,3.17718721e8,3.16619016e8,3.16166185e8,3.18646799e8,3.16474408e8,3.16910972e8,3.16813014e8,3.19244577e8,3.25711296e8,3.22315606e8,3.20415234e8,3.17738812e8,3.16882318e8,3.19466861e8]}],["Trial",{"allocs":9875,"gctimes":[0.0,0.0,0.0,0.0,0.0,0.0,0.0,0.0,0.0],"memory":602336,"params":["Parameters",{"gctrial":true,"time_tolerance":0.05,"samples":10000,"evals":1,"gcsample":false,"seconds":5.0,"overhead":0.0,"memory_tolerance":0.01}],"times":[6.19309465e8,6.13786905e8,6.15733859e8,6.17687296e8,6.43825903e8,6.30784555e8,6.15131064e8,6.33228302e8,6.39941087e8]}],["Trial",{"allocs":15457,"gctimes":[0.0,0.0,0.0,0.0,0.0,0.0],"memory":839248,"params":["Parameters",{"gctrial":true,"time_tolerance":0.05,"samples":10000,"evals":1,"gcsample":false,"seconds":5.0,"overhead":0.0,"memory_tolerance":0.01}],"times":[9.75373518e8,9.72930372e8,9.72183804e8,9.74373575e8,9.72955689e8,9.77653992e8]}],["Trial",{"allocs":29511,"gctimes":[0.0,0.0,0.0],"memory":1445856,"params":["Parameters",{"gctrial":true,"time_tolerance":0.05,"samples":10000,"evals":1,"gcsample":false,"seconds":5.0,"overhead":0.0,"memory_tolerance":0.01}],"times":[1.944357834e9,1.894176357e9,1.890765998e9]}],["Trial",{"allocs":73495,"gctimes":[0.0,0.0],"memory":3375984,"params":["Parameters",{"gctrial":true,"time_tolerance":0.05,"samples":10000,"evals":1,"gcsample":false,"seconds":5.0,"overhead":0.0,"memory_tolerance":0.01}],"times":[4.946905642e9,4.834839618e9]}],["Trial",{"allocs":127799,"gctimes":[0.0],"memory":5759808,"params":["Parameters",{"gctrial":true,"time_tolerance":0.05,"samples":10000,"evals":1,"gcsample":false,"seconds":5.0,"overhead":0.0,"memory_tolerance":0.01}],"times":[8.48030887e9]}],["Trial",{"allocs":135679,"gctimes":[0.0],"memory":6106912,"params":["Parameters",{"gctrial":true,"time_tolerance":0.05,"samples":10000,"evals":1,"gcsample":false,"seconds":5.0,"overhead":0.0,"memory_tolerance":0.01}],"times":[9.031287455e9]}]],"medians":[317.7287665,619.309465,973.664632,1894.176357,4890.87263,8480.30887,9031.287455]}