{"lengs":[1.9998618696327441],"benchmarks":[["Trial",{"allocs":4610,"gctimes":[0.0,0.0,0.0,0.0,0.0,0.0,0.0,0.0,0.0,0.0,0.0,0.0,0.0,0.0,0.0,0.0,0.0,0.0,0.0,0.0,0.0,0.0,0.0,0.0,0.0,0.0,0.0,0.0,0.0,0.0,0.0,0.0,0.0,0.0,0.0,0.0,0.0,0.0,0.0,0.0,0.0,0.0,0.0,0.0,0.0,0.0,0.0,0.0,0.0,0.0,0.0,0.0,0.0,0.0,0.0,0.0,0.0,0.0,0.0,0.0,0.0,0.0,0.0,0.0,0.0,0.0,0.0,0.0,0.0,0.0,0.0,0.0,0.0,0.0,0.0,0.0,0.0,0.0,0.0,0.0,0.0,0.0,0.0,0.0,0.0,0.0,0.0,0.0,0.0,0.0,0.0,0.0,0.0,0.0,0.0,0.0,0.0,0.0,0.0,0.0,0.0,0.0,0.0,0.0,0.0,0.0,0.0,0.0,0.0,0.0,0.0,0.0,0.0,0.0,0.0,0.0,0.0,0.0,0.0,0.0,0.0,0.0,0.0,0.0,0.0,0.0,0.0,0.0,0.0,0.0,0.0,0.0,0.0,0.0,0.0,0.0,0.0,0.0,0.0,0.0,0.0,0.0,0.0,0.0,0.0,0.0,0.0,0.0,0.0,0.0,0.0,0.0,0.0,0.0,0.0,0.0,0.0,0.0,0.0,0.0,0.0,0.0,0.0,0.0,0.0,0.0,0.0,0.0,0.0,0.0,0.0,0.0,0.0,0.0,0.0,0.0,0.0,0.0,0.0,0.0,0.0,0.0,0.0,0.0,0.0,0.0,0.0,0.0,0.0,0.0,0.0,0.0,0.0,0.0,0.0,0.0,0.0,0.0,0.0,0.0,0.0,0.0,0.0,0.0,0.0,0.0,0.0,0.0,0.0,0.0,0.0,0.0,0.0,1.6244057e7,0.0,0.0,0.0,0.0,0.0,0.0,0.0,0.0,0.0,0.0,0.0,0.0,0.0,0.0,0.0,0.0,0.0,0.0,0.0,0.0,0.0,0.0,0.0,0.0,0.0,0.0,0.0,0.0,0.0,0.0,0.0,0.0,0.0,0.0,0.0,0.0,0.0,0.0,0.0,0.0,0.0,0.0,0.0,0.0,0.0,0.0,0.0,0.0,0.0,0.0,0.0,0.0,0.0,0.0,0.0,0.0,0.0,0.0,0.0,0.0,0.0,0.0,0.0,0.0,0.0,0.0,0.0,0.0,0.0,0.0,0.0,0.0,0.0,0.0,0.0,0.0,0.0,0.0,0.0,0.0,0.0,0.0,0.0,0.0,0.0,0.0,0.0,0.0,0.0,0.0,0.0,0.0,0.0,0.0,0.0,0.0,0.0,0.0,0.0,0.0,0.0,0.0,0.0,0.0,0.0,0.0,0.0,0.0,0.0,0.0,0.0,0.0,0.0,0.0,0.0,0.0,0.0,0.0,0.0,0.0,0.0,0.0,0.0,0.0,0.0,0.0],"memory":972272,"params":["Parameters",{"gctrial":true,"time_tolerance":0.05,"samples":10000,"evals":1,"gcsample":false,"seconds":5.0,"overhead":0.0,"memory_tolerance":0.01}],"times":[1.5459027e7,1.4580457e7,1.4553052e7,1.4580646e7,1.450384e7,1.459257e7,1.4520029e7,1.4560873e7,1.4748307e7,1.4494661e7,1.6538932e7,1.6287852e7,1.5019205e7,1.5080106e7,1.4882162e7,1.4712026e7,1.4504216e7,1.4502388e7,1.4497043e7,1.453798e7,1.4484595e7,1.4771167e7,1.4633981e7,1.4561809e7,1.4652275e7,1.4712411e7,1.4557054e7,1.4500219e7,1.4481093e7,1.4568807e7,1.4522992e7,1.448715e7,1.4641936e7,1.4453669e7,1.47517e7,1.4481199e7,1.451393e7,1.4656814e7,1.4572402e7,1.4512981e7,1.450759e7,1.4770082e7,1.4484746e7,1.4479407e7,1.4537611e7,1.4514395e7,1.4563351e7,1.4928203e7,1.4573167e7,1.6573075e7,1.5840339e7,1.7560975e7,1.5763385e7,1.554523e7,1.5698756e7,1.5547259e7,1.5508722e7,1.5362738e7,1.547718e7,1.5515522e7,1.5600928e7,1.5513514e7,1.5442945e7,1.5641867e7,1.5468771e7,1.5489654e7,1.5363208e7,1.5552832e7,1.4794052e7,1.4520062e7,1.4524268e7,1.4515658e7,1.4515984e7,1.4988857e7,1.4554654e7,1.4525268e7,1.4706461e7,1.4489616e7,1.4582513e7,1.4535715e7,1.5985391e7,1.47323e7,1.4690761e7,1.4608333e7,1.4750096e7,1.45327e7,1.473037e7,1.449826e7,1.4555576e7,1.4799635e7,1.4570512e7,1.4468582e7,1.4488436e7,1.4540535e7,1.4518987e7,1.4521435e7,1.4531695e7,1.4522245e7,1.4527107e7,1.4842714e7,1.4524206e7,1.455392e7,1.4911011e7,1.4498923e7,1.4461342e7,1.4519647e7,1.4505882e7,1.4659854e7,1.4484875e7,1.4544488e7,1.46176e7,1.4641993e7,1.4658589e7,1.4526274e7,1.4545754e7,1.4669159e7,1.4548662e7,1.448521e7,1.446184e7,1.446809e7,1.4658453e7,1.4518458e7,1.4529267e7,1.4531191e7,1.4505752e7,1.4772677e7,1.4505425e7,1.452216e7,1.4751314e7,1.4470526e7,1.4518866e7,1.4527029e7,1.4594847e7,1.4617759e7,1.4740213e7,1.4609747e7,1.4628296e7,1.4514344e7,1.4732923e7,1.4502569e7,1.4486609e7,1.4682584e7,1.4552741e7,1.4507788e7,1.4521357e7,1.4581806e7,1.4505141e7,1.4655234e7,1.4541837e7,1.4614668e7,1.4511597e7,1.6616337e7,1.5894714e7,1.5015426e7,1.4934963e7,1.470179e7,1.4560445e7,1.4604669e7,1.4527573e7,1.4445452e7,1.4578388e7,1.4448097e7,1.444788e7,1.4472372e7,1.4679553e7,1.4466793e7,1.4546397e7,1.4646749e7,1.4630727e7,1.452623e7,1.4471225e7,1.4429599e7,1.4552944e7,1.4437941e7,1.448064e7,1.4460849e7,1.4465946e7,1.4779965e7,1.4597818e7,1.4475454e7,1.4635931e7,1.4439577e7,1.4482313e7,1.4430645e7,1.4473171e7,1.4525042e7,1.4484564e7,1.4451188e7,1.4459136e7,1.4597304e7,1.4628475e7,1.4447989e7,1.4428861e7,1.4613917e7,1.4439254e7,1.4472657e7,1.4525218e7,1.4505833e7,1.4479772e7,1.4676445e7,1.4671612e7,1.4865557e7,1.466198e7,1.4954607e7,1.4572971e7,1.4582975e7,1.470613e7,1.4581807e7,1.4756553e7,1.4553527e7,1.4592044e7,1.447533e7,1.4449364e7,3.178091e7,1.4578897e7,1.4307939e7,1.4263046e7,1.4561982e7,1.4270023e7,1.4283335e7,1.4304371e7,1.5534766e7,1.5118136e7,1.4646322e7,1.4504001e7,1.4380039e7,1.4301079e7,1.4543884e7,1.4363537e7,1.4255267e7,1.4419561e7,1.4198462e7,1.4228229e7,1.4226971e7,1.419427e7,1.4376272e7,1.4476202e7,1.4585308e7,1.4446841e7,1.4262495e7,1.4560554e7,1.4349181e7,1.4263297e7,1.4600583e7,1.4276163e7,1.4243085e7,1.4205012e7,1.4250167e7,1.4311035e7,1.425413e7,1.4335095e7,1.423954e7,1.4257905e7,1.4442794e7,1.4295937e7,1.4276702e7,1.448599e7,1.4263514e7,1.4266192e7,1.4213891e7,1.4333119e7,1.4257566e7,1.4262721e7,1.4259766e7,1.4279887e7,1.4261813e7,1.4586776e7,1.4328816e7,1.4481344e7,1.4811491e7,1.4406026e7,1.4498577e7,1.4449753e7,1.437178e7,1.4562257e7,1.433913e7,1.4526565e7,1.4271517e7,1.4268224e7,1.4571193e7,1.4506507e7,1.4603771e7,1.4693007e7,1.4507003e7,1.4488646e7,1.4480464e7,1.4647297e7,1.4604683e7,1.4479715e7,1.4573649e7,1.4524974e7,1.4506919e7,1.4804909e7,1.626474e7,1.6052139e7,1.5381875e7,1.4742375e7,1.5007177e7,1.4726963e7,1.4557297e7,1.4557481e7,1.4536144e7,1.4456773e7,1.4495408e7,1.4602349e7,1.4722515e7,1.4469767e7,1.4563907e7,1.4672796e7,1.4480962e7,1.4499388e7,1.4468426e7,1.4689351e7,1.4466167e7,1.4539638e7,1.4636673e7,1.4455506e7,1.4489098e7,1.4822637e7,1.4481398e7,1.4590469e7,1.4788387e7,1.4455811e7,1.4722449e7,1.4716764e7,1.4841981e7,1.4538474e7,1.4498099e7,1.4534202e7,1.4998463e7,1.454723e7,1.4820849e7,1.4575194e7,1.4538562e7,1.4657723e7,1.4625495e7,1.4797005e7,1.4862402e7,1.4727867e7,1.4594247e7]}]],"medians":[14.5391]}