{"lengs":[19.998618696327437],"benchmarks":[["Trial",{"allocs":33909,"gctimes":[0.0,0.0,0.0,0.0,0.0,0.0,0.0,0.0,0.0,0.0,0.0,0.0,0.0,0.0,0.0,0.0,0.0,0.0,0.0,0.0,0.0,0.0,0.0,0.0,0.0,0.0,0.0,0.0,0.0,0.0,0.0,0.0,0.0,0.0,0.0,0.0,0.0,0.0,0.0,0.0,0.0,0.0,0.0,0.0,0.0,0.0,0.0,1.6522329e7,0.0,0.0,0.0,0.0,0.0,0.0,0.0,0.0,0.0,0.0,0.0,0.0,0.0,0.0,0.0,0.0,0.0,0.0,0.0,0.0,0.0,0.0,0.0,0.0,0.0,0.0,0.0,0.0,0.0,0.0,0.0,0.0,0.0,0.0,0.0,0.0,0.0,0.0,0.0,0.0,0.0,0.0,0.0,0.0,0.0,0.0,0.0,1.706158e7,0.0,0.0,0.0,0.0,0.0,0.0,0.0,0.0,0.0,0.0,0.0,0.0,0.0,0.0,0.0,0.0,0.0,0.0,0.0,0.0,0.0,0.0,0.0,0.0,0.0,0.0,0.0,0.0,0.0,0.0,0.0,0.0,0.0,0.0,0.0,0.0,0.0,0.0,0.0,0.0,0.0,0.0,0.0,0.0,0.0,0.0,0.0,0.0,1.6944306e7,0.0,0.0,0.0,0.0,0.0,0.0,0.0,0.0,0.0,0.0,0.0,0.0,0.0,0.0,0.0,0.0,0.0,0.0,0.0,0.0,0.0,0.0,0.0,0.0,0.0,0.0,0.0,0.0,0.0,0.0,0.0,0.0,0.0,0.0,0.0,0.0,0.0,0.0,0.0,0.0,0.0,0.0,0.0,0.0,0.0,0.0,0.0,0.0,1.574361e7,0.0,0.0,0.0,0.0,0.0,0.0,0.0,0.0,0.0,0.0,0.0,0.0,0.0,0.0,0.0,0.0,0.0,0.0,0.0,0.0,0.0,0.0,0.0,0.0,0.0,0.0,0.0,0.0,0.0,0.0,0.0,0.0,0.0,0.0,0.0,0.0,0.0,0.0,0.0,0.0,0.0,0.0,0.0,0.0,0.0,0.0,0.0,0.0,1.6031176e7,0.0,0.0,0.0,0.0,0.0,0.0,0.0,0.0,0.0,0.0,0.0,0.0,0.0,0.0,0.0,0.0,0.0,0.0,0.0,0.0,0.0,0.0,0.0,0.0,0.0,0.0,0.0,0.0,0.0,0.0,0.0,0.0,0.0,0.0,0.0,0.0,0.0,0.0,0.0,0.0,0.0,0.0,0.0,0.0,0.0,0.0,0.0,0.0,1.5948217e7,0.0,0.0,0.0,0.0,0.0,0.0,0.0,0.0,0.0,0.0,0.0,0.0,0.0,0.0,0.0,0.0,0.0,0.0,0.0,0.0,0.0,0.0,0.0,0.0,0.0,0.0,0.0,0.0,0.0,0.0,0.0,0.0,0.0,0.0,0.0,0.0,0.0,0.0,0.0,0.0,0.0,0.0,0.0,0.0,0.0,0.0,0.0,0.0,1.560006e7,0.0,0.0,0.0,0.0,0.0,0.0,0.0,0.0,0.0,0.0,0.0,0.0,0.0,0.0,0.0,0.0,0.0,0.0,0.0,0.0,0.0,0.0,0.0,0.0,0.0,0.0,0.0,0.0,0.0,0.0,0.0,0.0,0.0,0.0,0.0,0.0,0.0,0.0,0.0,0.0,0.0,0.0,0.0,0.0,0.0,0.0,0.0,1.5690687e7,0.0,0.0,0.0,0.0,0.0,0.0,0.0,0.0,0.0,0.0,0.0,0.0,0.0,0.0,0.0,0.0,0.0,0.0,0.0,0.0,0.0,0.0,0.0,0.0,0.0,0.0,0.0,0.0,0.0,0.0,0.0,0.0,0.0,0.0,0.0,0.0,0.0,0.0,0.0,0.0,0.0,0.0,0.0,0.0,0.0,0.0,0.0,0.0,1.9300328e7,0.0,0.0,0.0,0.0,0.0,0.0,0.0,0.0,0.0,0.0,0.0,0.0,0.0,0.0,0.0,0.0,0.0,0.0,0.0,0.0,0.0,0.0,0.0,0.0,0.0,0.0,0.0,0.0,0.0,0.0,0.0,0.0,0.0,0.0,0.0,0.0,0.0,0.0,0.0,0.0,0.0,0.0,0.0,0.0,0.0,0.0,0.0,0.0,1.5763162e7,0.0,0.0,0.0,0.0,0.0,0.0,0.0,0.0,0.0,0.0,0.0,0.0,0.0,0.0,0.0,0.0,0.0,0.0,0.0,0.0,0.0,0.0,0.0,0.0,0.0,0.0,0.0,0.0,0.0,0.0,0.0,0.0,0.0,0.0,0.0,0.0,0.0,0.0,0.0,0.0,0.0,0.0,0.0,0.0,0.0,0.0,0.0,0.0,1.511343e7,0.0,0.0,0.0,0.0,0.0,0.0,0.0,0.0,0.0,0.0,0.0,0.0,0.0,0.0,0.0,0.0,0.0,0.0,0.0,0.0,0.0,0.0,0.0,0.0,0.0,0.0,0.0,0.0,0.0,0.0,0.0,0.0,0.0,0.0,0.0,0.0,0.0,0.0,0.0,0.0,0.0,0.0,0.0,0.0,0.0,0.0,0.0,1.5386317e7,0.0,0.0,0.0,0.0,0.0,0.0,0.0,0.0,0.0,0.0,0.0,0.0,0.0,0.0,0.0,0.0,0.0,0.0,0.0,0.0,0.0,0.0,0.0,0.0,0.0],"memory":4307936,"params":["Parameters",{"gctrial":true,"time_tolerance":0.05,"samples":10000,"evals":1,"gcsample":false,"seconds":5.0,"overhead":0.0,"memory_tolerance":0.01}],"times":[9.327407e6,8.033682e6,7.995753e6,7.988912e6,8.050886e6,7.975167e6,7.973117e6,7.977768e6,7.990014e6,7.972555e6,7.970396e6,7.96499e6,7.96791e6,7.938511e6,7.989826e6,7.925366e6,7.861834e6,7.878768e6,7.895531e6,7.921348e6,8.024111e6,7.853864e6,7.851612e6,7.893841e6,7.885677e6,7.791507e6,7.80564e6,7.814134e6,7.793826e6,7.829475e6,7.858228e6,7.838328e6,7.828804e6,7.869366e6,7.892814e6,7.91866e6,7.858977e6,7.883377e6,7.90376e6,7.923582e6,7.878623e6,7.879816e6,7.90975e6,7.904838e6,7.888394e6,7.98899e6,7.929404e6,2.4553703e7,7.513309e6,6.846411e6,6.802589e6,6.811979e6,6.809953e6,6.767369e6,6.817391e6,6.824504e6,6.844672e6,9.166995e6,6.773597e6,6.780273e6,6.763529e6,6.802914e6,8.091109e6,8.127596e6,8.153514e6,8.164882e6,8.011372e6,8.02983e6,7.908226e6,7.942635e6,7.899577e6,7.911429e6,7.907357e6,7.919692e6,7.962069e6,7.902382e6,7.921502e6,7.949942e6,7.928163e6,7.875469e6,7.803666e6,7.875967e6,7.890108e6,7.881789e6,7.924828e6,7.896157e6,7.862701e6,7.907217e6,7.940582e6,7.882911e6,7.877103e6,7.909745e6,7.834681e6,7.892019e6,7.886786e6,2.4934945e7,7.428503e6,6.830087e6,6.82887e6,6.795379e6,6.786319e6,6.78161e6,6.797753e6,6.798003e6,6.772411e6,6.763192e6,6.757474e6,7.544757e6,7.374118e6,7.320924e6,8.373187e6,8.182958e6,8.178772e6,8.160538e6,8.083705e6,7.911825e6,7.979634e6,8.047161e6,8.043197e6,7.974296e6,7.891511e6,7.935018e6,7.959352e6,7.956769e6,7.946586e6,7.958713e6,7.916054e6,7.884619e6,7.822198e6,7.924148e6,7.879241e6,7.873563e6,7.889473e6,7.884962e6,7.856818e6,7.88776e6,7.939152e6,8.018573e6,7.842965e6,7.864026e6,7.816121e6,7.860515e6,7.845496e6,7.847345e6,2.4721108e7,7.447586e6,6.846296e6,6.814062e6,6.798856e6,6.79464e6,6.829692e6,6.793829e6,6.806938e6,6.762123e6,6.774345e6,6.77149e6,6.755485e6,6.772675e6,6.944022e6,8.004129e6,8.02605e6,8.030302e6,8.038157e6,8.233201e6,7.871381e6,7.880462e6,7.959606e6,7.906119e6,7.891736e6,7.999161e6,7.877319e6,7.953108e6,7.892758e6,7.934125e6,7.923574e6,7.866666e6,7.855636e6,7.837024e6,7.895111e6,7.907386e6,8.736484e6,7.898209e6,7.841108e6,7.859031e6,7.891385e6,7.944719e6,7.877954e6,7.849971e6,7.855436e6,7.816393e6,7.821209e6,7.827454e6,7.859959e6,2.3412176e7,7.380808e6,6.850201e6,6.829023e6,7.160909e6,6.888592e6,6.780051e6,6.805275e6,6.911077e6,6.755895e6,6.855628e6,6.794518e6,6.753793e6,6.778284e6,7.242462e6,8.019792e6,8.006827e6,8.009613e6,8.030584e6,7.916394e6,7.903875e6,7.912705e6,7.917628e6,7.906787e6,8.320814e6,8.811383e6,7.887981e6,8.025424e6,7.930039e6,7.90673e6,7.998493e6,7.957819e6,7.922593e6,7.847461e6,7.889955e6,7.873607e6,7.831587e6,7.893883e6,7.880172e6,7.899781e6,7.879239e6,7.894241e6,7.951788e6,7.851771e6,8.531547e6,8.608295e6,8.492524e6,8.506188e6,8.392196e6,2.4068941e7,7.777093e6,7.298079e6,7.20755e6,7.185678e6,7.158308e6,7.182286e6,7.183161e6,7.191735e6,7.145711e6,7.137861e6,7.173294e6,7.136268e6,7.149992e6,7.599763e6,8.415913e6,8.405127e6,8.402582e6,8.410592e6,8.328834e6,8.321336e6,8.315981e6,8.295427e6,8.299771e6,8.318123e6,8.303187e6,8.287669e6,8.293896e6,8.348967e6,8.328833e6,8.339831e6,8.269325e6,8.268936e6,8.231136e6,8.258984e6,8.265103e6,8.256844e6,8.255871e6,8.286935e6,8.264314e6,8.331997e6,8.327177e6,8.291406e6,8.255887e6,8.28508e6,8.214763e6,8.224697e6,8.227405e6,8.256705e6,2.4163109e7,7.207375e6,7.297911e6,7.23816e6,7.169486e6,7.181237e6,7.178675e6,7.177376e6,7.191583e6,7.169746e6,7.1468e6,7.134169e6,7.171787e6,7.165272e6,7.798057e6,8.411158e6,8.405671e6,8.404853e6,8.41678e6,8.309447e6,8.310804e6,8.316308e6,8.34909e6,8.36685e6,8.282808e6,8.285175e6,8.303866e6,9.301316e6,8.317782e6,8.313594e6,8.326875e6,8.260526e6,8.249035e6,8.238789e6,8.313417e6,8.271914e6,8.280326e6,8.305205e6,8.306221e6,8.257804e6,8.285229e6,8.303551e6,8.338482e6,8.276694e6,8.255993e6,8.224915e6,8.238509e6,8.256922e6,8.263285e6,2.3556055e7,7.216437e6,7.220706e6,7.179951e6,7.167244e6,7.17476e6,7.165091e6,7.164614e6,7.20204e6,7.200643e6,7.133082e6,7.157418e6,7.14354e6,7.185261e6,8.072914e6,8.401918e6,8.407648e6,8.402383e6,8.376929e6,8.315765e6,8.296206e6,8.346076e6,8.974178e6,8.827289e6,8.578221e6,8.561627e6,8.426054e6,9.351271e6,8.336983e6,8.411487e6,8.385697e6,8.39508e6,8.256126e6,8.230597e6,8.2702e6,8.303105e6,8.254003e6,8.251781e6,8.285195e6,8.2874e6,8.307301e6,8.314892e6,8.260955e6,8.27929e6,8.270173e6,8.232101e6,8.211879e6,8.231547e6,2.3916045e7,7.726568e6,7.221087e6,7.196455e6,7.152574e6,7.164476e6,7.151706e6,7.182013e6,7.187726e6,7.146781e6,7.150606e6,7.160107e6,7.120001e6,7.159724e6,7.306517e6,8.418871e6,8.396988e6,8.393609e6,8.408675e6,1.0207585e7,8.327006e6,8.322784e6,8.327103e6,8.316031e6,8.39617e6,8.391661e6,8.368976e6,8.335119e6,8.319357e6,8.327246e6,8.307028e6,8.303234e6,8.351292e6,9.178478e6,8.286493e6,8.275583e6,8.258176e6,8.274676e6,8.346476e6,8.283636e6,8.331406e6,8.281351e6,8.288119e6,8.267587e6,8.282431e6,8.304742e6,8.279034e6,8.227543e6,8.213118e6,2.7578848e7,7.211258e6,7.216228e6,7.191419e6,7.193242e6,7.183306e6,7.152875e6,7.183033e6,7.221417e6,7.134799e6,7.124007e6,7.155189e6,7.145452e6,7.143122e6,7.774997e6,8.423383e6,8.396944e6,8.425755e6,8.373324e6,8.360579e6,8.413527e6,8.313976e6,8.419101e6,8.361913e6,8.277448e6,8.280176e6,8.351727e6,8.403421e6,8.301679e6,8.296805e6,8.33528e6,8.226655e6,8.244471e6,8.229027e6,8.254751e6,8.258518e6,8.24817e6,8.261735e6,