{"lengs":[10.0],"benchmarks":[["Trial",{"allocs":1906,"gctimes":[0.0,0.0,0.0,0.0,0.0,0.0,0.0,0.0,0.0,0.0,0.0,0.0,0.0,0.0,0.0,0.0,0.0,0.0,0.0,0.0,0.0,0.0,0.0,0.0,0.0,0.0,0.0,0.0,0.0,0.0,0.0,0.0,0.0,0.0,0.0,0.0,0.0,0.0,0.0,0.0,0.0,0.0,0.0,0.0,0.0,0.0,0.0,0.0,0.0,0.0,0.0,0.0,0.0,0.0,0.0,0.0,0.0,0.0,0.0,0.0,0.0,0.0,0.0],"memory":3354992,"params":["Parameters",{"gctrial":true,"time_tolerance":0.05,"samples":10000,"evals":1,"gcsample":false,"seconds":5.0,"overhead":0.0,"memory_tolerance":0.01}],"times":[8.0752698e7,7.9425378e7,7.9543272e7,7.9676379e7,7.7653202e7,7.8797266e7,8.0836711e7,8.1489185e7,8.0611921e7,7.9607587e7,8.007106e7,7.9315684e7,7.9037939e7,7.8933167e7,7.910242e7,7.9103307e7,7.8161588e7,7.8577495e7,7.9082142e7,7.927404e7,8.1484978e7,8.0866708e7,7.8869836e7,7.8884689e7,7.8742292e7,7.920856e7,7.8846879e7,7.8971903e7,7.9240218e7,7.9220769e7,7.8209523e7,7.7899213e7,7.8490478e7,7.9871606e7,8.2098512e7,7.9102365e7,7.8723516e7,7.903338e7,7.9991273e7,7.8852081e7,7.9025215e7,7.907765e7,7.8551118e7,7.8859802e7,7.934704e7,7.9529844e7,7.9156436e7,8.270925e7,7.8749179e7,7.9337175e7,7.8824362e7,7.8731743e7,7.9836088e7,7.8701195e7,7.8976006e7,8.2468905e7,7.9083529e7,7.9612566e7,7.8905508e7,8.0192427e7,8.1846395e7,7.9211259e7,8.0196705e7]}]],"medians":[79.103307]}