{"lengs":[10.0,21.544346900318832,46.4158883361278,100.0,215.44346900318845,464.15888336127773,1000.0],"benchmarks":[["Trial",{"allocs":6158,"gctimes":[0.0,0.0,0.0,0.0,0.0,0.0],"memory":70640896,"params":["Parameters",{"gctrial":true,"time_tolerance":0.05,"samples":10000,"evals":1,"gcsample":false,"seconds":5.0,"overhead":0.0,"memory_tolerance":0.01}],"times":[8.36680358e8,8.50868958e8,8.52404634e8,8.49911572e8,8.47701455e8,8.49166792e8]}],["Trial",{"allocs":6478,"gctimes":[0.0,0.0,0.0,0.0,0.0],"memory":74285072,"params":["Parameters",{"gctrial":true,"time_tolerance":0.05,"samples":10000,"evals":1,"gcsample":false,"seconds":5.0,"overhead":0.0,"memory_tolerance":0.01}],"times":[1.022344401e9,1.01691709e9,1.016838881e9,1.01641095e9,1.016258085e9]}],["Trial",{"allocs":7124,"gctimes":[0.0,0.0,0.0,0.0,0.0],"memory":81282864,"params":["Parameters",{"gctrial":true,"time_tolerance":0.05,"samples":10000,"evals":1,"gcsample":false,"seconds":5.0,"overhead":0.0,"memory_tolerance":0.01}],"times":[1.281786934e9,1.254761249e9,1.229812065e9,1.232370626e9,1.229467723e9]}],["Trial",{"allocs":7645,"gctimes":[0.0,0.0,0.0,0.0],"memory":87145408,"params":["Parameters",{"gctrial":true,"time_tolerance":0.05,"samples":10000,"evals":1,"gcsample":false,"seconds":5.0,"overhead":0.0,"memory_tolerance":0.01}],"times":[1.526348881e9,1.46934948e9,1.467523178e9,1.495135962e9]}],["Trial",{"allocs":8032,"gctimes":[0.0,0.0,0.0],"memory":91706432,"params":["Parameters",{"gctrial":true,"time_tolerance":0.05,"samples":10000,"evals":1,"gcsample":false,"seconds":5.0,"overhead":0.0,"memory_tolerance":0.01}],"times":[1.804750263e9,1.798413485e9,1.814807881e9]}],["Trial",{"allocs":8557,"gctimes":[0.0,0.0,0.0],"memory":98089776,"params":["Parameters",{"gctrial":true,"time_tolerance":0.05,"samples":10000,"evals":1,"gcsample":false,"seconds":5.0,"overhead":0.0,"memory_tolerance":0.01}],"times":[2.459709564e9,2.418447828e9,2.418787474e9]}],["Trial",{"allocs":9815,"gctimes":[0.0,0.0],"memory":111750448,"params":["Parameters",{"gctrial":true,"time_tolerance":0.05,"samples":10000,"evals":1,"gcsample":false,"seconds":5.0,"overhead":0.0,"memory_tolerance":0.01}],"times":[2.847333531e9,2.852039665e9]}]],"medians":[849.539182,1016.838881,1232.370626,1482.242721,1804.750263,2418.787474,2849.686598]}