{"lengs":[10.0,21.544346900318832,46.4158883361278,100.0,215.44346900318845,464.15888336127773,1000.0],"benchmarks":[["Trial",{"allocs":14,"gctimes":[0.0,0.0,0.0,0.0,0.0,0.0,0.0,0.0,0.0,0.0],"memory":91792,"params":["Parameters",{"gctrial":true,"time_tolerance":0.05,"samples":10000,"evals":1,"gcsample":false,"seconds":5.0,"overhead":0.0,"memory_tolerance":0.01}],"times":[4.23225639e8,6.02244924e8,5.21017026e8,6.58021536e8,5.79577655e8,4.82767599e8,5.06333571e8,5.51481237e8,5.43878221e8,4.35632151e8]}],["Trial",{"allocs":14,"gctimes":[0.0,0.0,0.0],"memory":91792,"params":["Parameters",{"gctrial":true,"time_tolerance":0.05,"samples":10000,"evals":1,"gcsample":false,"seconds":5.0,"overhead":0.0,"memory_tolerance":0.01}],"times":[1.6104468e9,2.157415623e9,1.96695859e9]}],["Trial",{"allocs":14,"gctimes":[0.0,0.0],"memory":91792,"params":["Parameters",{"gctrial":true,"time_tolerance":0.05,"samples":10000,"evals":1,"gcsample":false,"seconds":5.0,"overhead":0.0,"memory_tolerance":0.01}],"times":[4.50636329e9,4.895012247e9]}],["Trial",{"allocs":14,"gctimes":[0.0],"memory":91792,"params":["Parameters",{"gctrial":true,"time_tolerance":0.05,"samples":10000,"evals":1,"gcsample":false,"seconds":5.0,"overhead":0.0,"memory_tolerance":0.01}],"times":[1.0123567864e10]}],["Trial",{"allocs":14,"gctimes":[0.0],"memory":91792,"params":["Parameters",{"gctrial":true,"time_tolerance":0.05,"samples":10000,"evals":1,"gcsample":false,"seconds":5.0,"overhead":0.0,"memory_tolerance":0.01}],"times":[1.9631225155e10]}],["Trial",{"allocs":14,"gctimes":[0.0],"memory":91792,"params":["Parameters",{"gctrial":true,"time_tolerance":0.05,"samples":10000,"evals":1,"gcsample":false,"seconds":5.0,"overhead":0.0,"memory_tolerance":0.01}],"times":[3.1507045409e10]}],["Trial",{"allocs":14,"gctimes":[0.0],"memory":91792,"params":["Parameters",{"gctrial":true,"time_tolerance":0.05,"samples":10000,"evals":1,"gcsample":false,"seconds":5.0,"overhead":0.0,"memory_tolerance":0.01}],"times":[5.0583715035e10]}]],"medians":[532.4476235,1966.95859,4700.6877685,10123.567864,19631.225155,31507.045409,50583.715035]}