{"lengs":[149.9684835502374],"benchmarks":[["Trial",{"allocs":125072,"gctimes":[0.0,0.0,0.0,0.0,0.0,0.0,0.0,0.0,0.0,0.0,0.0,0.0],"memory":42934768,"params":["Parameters",{"gctrial":true,"time_tolerance":0.05,"samples":10000,"evals":1,"gcsample":false,"seconds":5.0,"overhead":0.0,"memory_tolerance":0.01}],"times":[4.12128307e8,4.21635882e8,4.19498082e8,4.22623858e8,4.21620784e8,4.2095284e8,4.28475681e8,4.29516579e8,4.29773138e8,4.2779204e8,4.24757559e8,4.27992599e8]}]],"medians":[423.6907085]}