{"lengs":[10.0,31.622776601683793,100.0,316.22776601683796,1000.0,3162.2776601683795,10000.0,31622.776601683792,100000.0],"benchmarks":[["Trial",{"allocs":11,"gctimes":[0.0,0.0,0.0,0.0,0.0,0.0,0.0,0.0,0.0,0.0,0.0,0.0,0.0,0.0,0.0,0.0,0.0,0.0,0.0,0.0,0.0,0.0,0.0,0.0,0.0,0.0,0.0,0.0,0.0,0.0,0.0,0.0,0.0,0.0,0.0,0.0,0.0,0.0,0.0,0.0,0.0,0.0,0.0,0.0,0.0,0.0,0.0],"memory":3664,"params":["Parameters",{"gctrial":true,"time_tolerance":0.05,"samples":10000,"evals":1,"gcsample":false,"seconds":5.0,"overhead":0.0,"memory_tolerance":0.01}],"times":[1.12459472e8,1.07583821e8,1.0771735e8,1.07880961e8,1.07392626e8,1.07692199e8,1.07075177e8,1.07959032e8,1.07349768e8,1.07857679e8,1.07748456e8,1.08051712e8,1.10252993e8,1.08264737e8,1.07104533e8,1.06574244e8,1.07295689e8,1.07282332e8,1.07300259e8,1.07919733e8,1.07783963e8,1.08107009e8,1.07568805e8,1.06970039e8,1.07615457e8,1.06764716e8,1.07500651e8,1.06881387e8,1.07444365e8,1.07538409e8,1.07895289e8,1.08306095e8,1.06471794e8,1.0655548e8,1.07103182e8,1.06930471e8,1.07185165e8,1.07771484e8,1.07100137e8,1.07640741e8,1.06631252e8,1.08013947e8,1.0680079e8,1.06576996e8,1.07716371e8,1.06553576e8,1.0684745e8]}],["Trial",{"allocs":11,"gctimes":[0.0,0.0,0.0,0.0,0.0,0.0,0.0,0.0,0.0,0.0,0.0,0.0,0.0,0.0,0.0,0.0],"memory":3664,"params":["Parameters",{"gctrial":true,"time_tolerance":0.05,"samples":10000,"evals":1,"gcsample":false,"seconds":5.0,"overhead":0.0,"memory_tolerance":0.01}],"times":[3.25252753e8,3.25144312e8,3.25479058e8,3.11806069e8,3.08002667e8,3.10620501e8,3.1232713e8,3.11507355e8,3.14184211e8,3.14970937e8,3.09915221e8,3.12159929e8,3.08826513e8,3.13117713e8,3.18949686e8,3.25981004e8]}],["Trial",{"allocs":11,"gctimes":[0.0,0.0,0.0,0.0,0.0,0.0],"memory":3664,"params":["Parameters",{"gctrial":true,"time_tolerance":0.05,"samples":10000,"evals":1,"gcsample":false,"seconds":5.0,"overhead":0.0,"memory_tolerance":0.01}],"times":[9.59284632e8,9.58105462e8,9.51979781e8,9.54663688e8,9.65360901e8,9.73701928e8]}],["Trial",{"allocs":11,"gctimes":[0.0,0.0],"memory":3664,"params":["Parameters",{"gctrial":true,"time_tolerance":0.05,"samples":10000,"evals":1,"gcsample":false,"seconds":5.0,"overhead":0.0,"memory_tolerance":0.01}],"times":[3.012052755e9,3.032358833e9]}],["Trial",{"allocs":11,"gctimes":[0.0],"memory":3664,"params":["Parameters",{"gctrial":true,"time_tolerance":0.05,"samples":10000,"evals":1,"gcsample":false,"seconds":5.0,"overhead":0.0,"memory_tolerance":0.01}],"times":[9.748189273e9]}],["Trial",{"allocs":11,"gctimes":[0.0],"memory":3664,"params":["Parameters",{"gctrial":true,"time_tolerance":0.05,"samples":10000,"evals":1,"gcsample":false,"seconds":5.0,"overhead":0.0,"memory_tolerance":0.01}],"times":[3.1695138928e10]}],["Trial",{"allocs":11,"gctimes":[0.0],"memory":3664,"params":["Parameters",{"gctrial":true,"time_tolerance":0.05,"samples":10000,"evals":1,"gcsample":false,"seconds":5.0,"overhead":0.0,"memory_tolerance":0.01}],"times":[9.3706062363e10]}],["Trial",{"allocs":11,"gctimes":[0.0],"memory":3664,"params":["Parameters",{"gctrial":true,"time_tolerance":0.05,"samples":10000,"evals":1,"gcsample":false,"seconds":5.0,"overhead":0.0,"memory_tolerance":0.01}],"times":[2.95098013475e11]}],["Trial",{"allocs":11,"gctimes":[0.0],"memory":3664,"params":["Parameters",{"gctrial":true,"time_tolerance":0.05,"samples":10000,"evals":1,"gcsample":false,"seconds":5.0,"overhead":0.0,"memory_tolerance":0.01}],"times":[9.32618117625e11]}]],"medians":[107.500651,312.7224215,958.695047,3022.205794,9748.189273,31695.138928,93706.062363,295098.013475,932618.117625]}