{"lengs":[10.0],"benchmarks":[["Trial",{"allocs":1461,"gctimes":[0.0,0.0,0.0,0.0,0.0,0.0,0.0,0.0,0.0,0.0,0.0,0.0,0.0,0.0,0.0,0.0,0.0,0.0,0.0,0.0,0.0,0.0,0.0,0.0,0.0,0.0,0.0,0.0,0.0,0.0,0.0,0.0,0.0,0.0,0.0,0.0],"memory":2606304,"params":["Parameters",{"gctrial":true,"time_tolerance":0.05,"samples":10000,"evals":1,"gcsample":false,"seconds":5.0,"overhead":0.0,"memory_tolerance":0.01}],"times":[1.37386653e8,1.37235179e8,1.37135673e8,1.37716791e8,1.37253433e8,1.41661993e8,1.3685802e8,1.36908374e8,1.3692742e8,1.36709387e8,1.37193999e8,1.37465076e8,1.38375619e8,1.40723358e8,1.36809752e8,1.3651549e8,1.40041856e8,1.44217851e8,1.44130786e8,1.44071715e8,1.47622441e8,1.44261359e8,1.44235387e8,1.44517049e8,1.4456439e8,1.45462762e8,1.44979802e8,1.45243063e8,1.36599311e8,1.36748771e8,1.3644815e8,1.36777463e8,1.36837253e8,1.37596034e8,1.42513937e8,1.51440322e8]}]],"medians":[137.6564125]}