{"lengs":[149.9684835502374],"benchmarks":[["Trial",{"allocs":19772405,"gctimes":[1.47368036e8],"memory":1110126952,"params":["Parameters",{"gctrial":true,"time_tolerance":0.05,"samples":10000,"evals":1,"gcsample":false,"seconds":5.0,"overhead":0.0,"memory_tolerance":0.01}],"times":[2.74133087418e11]}]],"medians":[274133.087418]}