{"lengs":[10.0,21.544346900318832,46.4158883361278,100.0,215.44346900318845,464.15888336127773,1000.0],"benchmarks":[["Trial",{"allocs":21645,"gctimes":[0.0,0.0],"memory":298956336,"params":["Parameters",{"gctrial":true,"time_tolerance":0.05,"samples":10000,"evals":1,"gcsample":false,"seconds":5.0,"overhead":0.0,"memory_tolerance":0.01}],"times":[2.728781602e9,2.716131909e9]}],["Trial",{"allocs":41613,"gctimes":[0.0],"memory":598476336,"params":["Parameters",{"gctrial":true,"time_tolerance":0.05,"samples":10000,"evals":1,"gcsample":false,"seconds":5.0,"overhead":0.0,"memory_tolerance":0.01}],"times":[5.921619127e9]}],["Trial",{"allocs":82405,"gctimes":[2.2471179e7],"memory":1210356336,"params":["Parameters",{"gctrial":true,"time_tolerance":0.05,"samples":10000,"evals":1,"gcsample":false,"seconds":5.0,"overhead":0.0,"memory_tolerance":0.01}],"times":[1.2590102374e10]}],["Trial",{"allocs":171253,"gctimes":[2.3565874e7],"memory":2543076336,"params":["Parameters",{"gctrial":true,"time_tolerance":0.05,"samples":10000,"evals":1,"gcsample":false,"seconds":5.0,"overhead":0.0,"memory_tolerance":0.01}],"times":[2.7183820666e10]}],["Trial",{"allocs":366845,"gctimes":[4.9026203e7],"memory":5476956336,"params":["Parameters",{"gctrial":true,"time_tolerance":0.05,"samples":10000,"evals":1,"gcsample":false,"seconds":5.0,"overhead":0.0,"memory_tolerance":0.01}],"times":[5.9403898646e10]}],["Trial",{"allocs":787661,"gctimes":[1.48221749e8],"memory":11789196336,"params":["Parameters",{"gctrial":true,"time_tolerance":0.05,"samples":10000,"evals":1,"gcsample":false,"seconds":5.0,"overhead":0.0,"memory_tolerance":0.01}],"times":[1.27802493486e11]}],["Trial",{"allocs":1696005,"gctimes":[3.05490381e8],"memory":25414356336,"params":["Parameters",{"gctrial":true,"time_tolerance":0.05,"samples":10000,"evals":1,"gcsample":false,"seconds":5.0,"overhead":0.0,"memory_tolerance":0.01}],"times":[2.76310271797e11]}]],"medians":[2722.4567555,5921.619127,12590.102374,27183.820666,59403.898646,127802.493486,276310.271797]}