{"lengs":[10.0,21.544346900318832,46.4158883361278,100.0,215.44346900318845,464.15888336127773,1000.0],"benchmarks":[["Trial",{"allocs":31609,"gctimes":[0.0,0.0,0.0,0.0,0.0],"memory":21045904,"params":["Parameters",{"gctrial":true,"time_tolerance":0.05,"samples":10000,"evals":1,"gcsample":false,"seconds":5.0,"overhead":0.0,"memory_tolerance":0.01}],"times":[1.185185999e9,1.165969882e9,1.184993147e9,1.195353253e9,1.19284196e9]}],["Trial",{"allocs":47906,"gctimes":[0.0,0.0,0.0,0.0],"memory":23011552,"params":["Parameters",{"gctrial":true,"time_tolerance":0.05,"samples":10000,"evals":1,"gcsample":false,"seconds":5.0,"overhead":0.0,"memory_tolerance":0.01}],"times":[1.36836514e9,1.380937853e9,1.388799913e9,1.374788247e9]}],["Trial",{"allocs":179914,"gctimes":[0.0,0.0],"memory":45366624,"params":["Parameters",{"gctrial":true,"time_tolerance":0.05,"samples":10000,"evals":1,"gcsample":false,"seconds":5.0,"overhead":0.0,"memory_tolerance":0.01}],"times":[3.469460719e9,3.427253706e9]}],["Trial",{"allocs":207894,"gctimes":[0.0,0.0],"memory":49020768,"params":["Parameters",{"gctrial":true,"time_tolerance":0.05,"samples":10000,"evals":1,"gcsample":false,"seconds":5.0,"overhead":0.0,"memory_tolerance":0.01}],"times":[3.787500427e9,3.870838758e9]}],["Trial",{"allocs":242762,"gctimes":[0.0,0.0],"memory":53553856,"params":["Parameters",{"gctrial":true,"time_tolerance":0.05,"samples":10000,"evals":1,"gcsample":false,"seconds":5.0,"overhead":0.0,"memory_tolerance":0.01}],"times":[4.237531024e9,4.160202485e9]}],["Trial",{"allocs":374481,"gctimes":[0.0],"memory":73320480,"params":["Parameters",{"gctrial":true,"time_tolerance":0.05,"samples":10000,"evals":1,"gcsample":false,"seconds":5.0,"overhead":0.0,"memory_tolerance":0.01}],"times":[6.002129222e9]}],["Trial",{"allocs":445335,"gctimes":[0.0],"memory":83436672,"params":["Parameters",{"gctrial":true,"time_tolerance":0.05,"samples":10000,"evals":1,"gcsample":false,"seconds":5.0,"overhead":0.0,"memory_tolerance":0.01}],"times":[6.895828222e9]}]],"medians":[1185.185999,1377.86305,3448.3572125,3829.1695925,4198.8667545,6002.129222,6895.828222]}