{"lengs":[10.0],"benchmarks":[["Trial",{"allocs":2994,"gctimes":[0.0,0.0,0.0,0.0,0.0,0.0,0.0,0.0,0.0,0.0,0.0,0.0,0.0,0.0,0.0,0.0,0.0,0.0,0.0,0.0,0.0,0.0,0.0,0.0,0.0,0.0,0.0,0.0,0.0,0.0,0.0,0.0,0.0,0.0,0.0,0.0,0.0,0.0,0.0,0.0,0.0,0.0,8.519563e6,0.0,0.0,0.0,0.0,0.0,0.0,0.0,0.0,0.0,0.0,0.0,0.0,0.0,0.0,0.0,0.0,0.0,0.0,0.0,0.0,0.0,0.0],"memory":5837776,"params":["Parameters",{"gctrial":true,"time_tolerance":0.05,"samples":10000,"evals":1,"gcsample":false,"seconds":5.0,"overhead":0.0,"memory_tolerance":0.01}],"times":[7.8876046e7,7.6539367e7,7.6614985e7,7.6804129e7,7.7016086e7,7.7326138e7,7.7532952e7,7.6873308e7,7.7039459e7,7.6658821e7,7.6665743e7,7.6644228e7,7.9801391e7,7.8535455e7,7.5612073e7,7.6511448e7,7.5946086e7,7.5572587e7,7.6013531e7,7.7016231e7,7.6295131e7,7.7336334e7,7.5616456e7,7.6390823e7,7.5471264e7,7.5060479e7,8.334708e7,7.6904909e7,7.6660489e7,7.6508e7,7.6523982e7,7.6653835e7,7.6969678e7,7.6437703e7,7.6582432e7,7.5631167e7,7.6702704e7,7.6543083e7,7.6765656e7,7.8988441e7,7.8907994e7,7.6763839e7,8.6794051e7,7.6478301e7,7.7013099e7,7.6841654e7,7.6849948e7,7.7700723e7,7.7743989e7,7.6650307e7,7.6673959e7,7.6543675e7,7.6531355e7,7.9758659e7,7.7275179e7,7.6602617e7,7.546377e7,7.6418301e7,7.5827395e7,7.5450297e7,7.5526098e7,7.6925007e7,7.6268685e7,7.6915329e7,7.5454992e7]}]],"medians":[76.658821]}