{"lengs":[1.9998618696327441],"benchmarks":[["Trial",{"allocs":44168,"gctimes":[0.0,0.0,0.0,0.0,0.0,0.0,0.0,0.0,0.0,0.0,0.0,0.0,0.0,0.0,0.0,0.0,0.0,0.0,0.0,0.0,0.0,0.0,0.0,0.0,0.0,0.0,0.0,0.0,0.0,0.0,0.0,0.0,0.0,0.0,0.0,0.0,0.0,0.0,0.0,0.0,0.0,0.0,0.0,0.0,0.0,1.7553663e7,0.0,0.0,0.0,0.0,0.0,0.0,0.0,0.0,0.0,0.0,0.0,0.0,0.0,0.0,0.0,0.0,0.0,0.0,0.0,0.0,0.0,0.0,0.0,0.0,0.0,0.0,0.0,0.0,0.0,0.0,0.0,0.0,0.0,0.0,0.0,0.0,0.0,0.0,0.0,0.0,0.0,0.0,0.0,0.0,1.7977873e7,0.0,0.0,0.0,0.0,0.0,0.0,0.0,0.0,0.0,0.0,0.0,0.0,0.0,0.0,0.0,0.0,0.0,0.0,0.0,0.0,0.0,0.0,0.0,0.0,0.0,0.0,0.0,0.0,0.0,0.0,0.0,0.0,0.0,0.0,0.0,0.0,0.0,0.0,0.0,0.0,0.0,0.0,0.0,0.0,0.0,1.8067906e7,0.0,0.0,0.0,0.0,0.0,0.0,0.0,0.0,0.0,0.0,0.0,0.0,0.0,0.0,0.0,0.0,0.0,0.0,0.0,0.0,0.0,0.0,0.0,0.0,0.0,0.0,0.0,0.0,0.0,0.0,0.0,0.0,0.0,0.0,0.0,0.0,0.0,0.0,0.0,0.0,0.0,0.0,0.0,0.0,0.0,1.7950974e7,0.0,0.0,0.0,0.0,0.0,0.0,0.0,0.0,0.0,0.0,0.0,0.0,0.0,0.0,0.0,0.0,0.0,0.0,0.0,0.0,0.0,0.0,0.0,0.0,0.0,0.0,0.0,0.0,0.0,0.0,0.0,0.0,0.0,0.0,0.0,0.0,0.0,0.0,0.0,0.0,0.0,0.0,0.0,0.0,1.7596392e7,0.0,0.0,0.0,0.0,0.0,0.0,0.0,0.0,0.0,0.0,0.0,0.0,0.0,0.0,0.0,0.0,0.0,0.0,0.0,0.0,0.0,0.0,0.0,0.0,0.0,0.0,0.0,0.0,0.0,0.0,0.0,0.0,0.0,0.0,0.0,0.0,0.0,0.0,0.0,0.0,0.0,0.0,0.0,0.0,0.0,1.8368253e7,0.0,0.0,0.0,0.0,0.0,0.0,0.0,0.0,0.0,0.0,0.0,0.0,0.0,0.0,0.0,0.0,0.0,0.0,0.0,0.0,0.0,0.0,0.0,0.0,0.0,0.0,0.0,0.0,0.0,0.0,0.0,0.0,0.0,0.0,0.0,0.0,0.0,0.0,0.0,0.0,0.0,0.0,0.0,0.0,0.0,1.8029243e7,0.0,0.0,0.0,0.0,0.0,0.0,0.0,0.0,0.0,0.0,0.0,0.0,0.0,0.0,0.0,0.0,0.0,0.0,0.0,0.0,0.0,0.0,0.0,0.0,0.0,0.0,0.0,0.0,0.0,0.0,0.0,0.0,0.0,0.0,0.0,0.0,0.0,0.0,0.0,0.0,0.0,0.0,0.0,0.0,1.7677429e7,0.0,0.0,0.0,0.0,0.0,0.0,0.0,0.0,0.0,0.0,0.0,0.0,0.0,0.0,0.0,0.0,0.0,0.0,0.0,0.0,0.0,0.0,0.0,0.0,0.0,0.0,0.0,0.0,0.0,0.0,0.0,0.0,0.0,0.0,0.0,0.0,0.0,0.0,0.0,0.0,0.0,0.0,0.0,0.0,0.0,1.7686587e7,0.0,0.0,0.0,0.0,0.0,0.0,0.0,0.0,0.0,0.0,0.0,0.0,0.0,0.0,0.0,0.0,0.0,0.0,0.0,0.0,0.0,0.0,0.0,0.0,0.0,0.0,0.0,0.0,0.0,0.0,0.0,0.0,0.0,0.0,0.0,0.0,0.0,0.0,0.0,0.0,0.0,0.0,0.0,0.0,0.0,1.7589692e7,0.0,0.0,0.0,0.0,0.0,0.0,0.0,0.0,0.0,0.0,0.0,0.0,0.0,0.0,0.0,0.0,0.0,0.0,0.0,0.0,0.0,0.0,0.0,0.0,0.0,0.0,0.0,0.0,0.0,0.0,0.0,0.0,0.0,0.0,0.0,0.0,0.0,0.0,0.0,0.0,0.0,0.0,0.0,0.0,0.0,1.7919901e7,0.0,0.0,0.0,0.0,0.0,0.0,0.0,0.0,0.0,0.0,0.0,0.0,0.0,0.0,0.0,0.0,0.0,0.0,0.0,0.0,0.0,0.0,0.0,0.0,0.0,0.0,0.0,0.0,0.0,0.0,0.0,0.0,0.0,0.0,0.0,0.0,0.0,0.0,0.0,0.0,0.0,0.0,0.0,0.0,1.7671603e7,0.0,0.0,0.0,0.0,0.0,0.0,0.0,0.0,0.0,0.0,0.0,0.0,0.0,0.0,0.0,0.0,0.0,0.0,0.0,0.0,0.0,0.0,0.0,0.0,0.0,0.0,0.0,0.0,0.0,0.0,0.0,0.0,0.0,0.0,0.0,0.0,0.0,0.0,0.0,0.0,0.0,0.0,0.0,0.0,0.0,1.7637306e7],"memory":4642280,"params":["Parameters",{"gctrial":true,"time_tolerance":0.05,"samples":10000,"evals":1,"gcsample":false,"seconds":5.0,"overhead":0.0,"memory_tolerance":0.01}],"times":[8.615036e6,8.204681e6,8.18182e6,8.146068e6,8.158849e6,8.281035e6,8.271354e6,8.24381e6,8.577523e6,8.273655e6,8.258405e6,8.27961e6,8.260219e6,8.276704e6,8.312386e6,8.28641e6,8.305095e6,8.348578e6,8.286517e6,8.285304e6,8.455413e6,8.332756e6,8.294122e6,8.334445e6,8.30502e6,8.496667e6,8.419418e6,8.30248e6,8.427196e6,8.470603e6,8.247108e6,8.29431e6,8.367776e6,8.235694e6,8.302706e6,8.223313e6,8.252662e6,8.229915e6,8.312669e6,8.464386e6,8.249514e6,8.208384e6,8.40112e6,8.402863e6,8.493676e6,2.6572344e7,7.453189e6,7.405728e6,7.383367e6,7.398694e6,7.475805e6,7.366925e6,7.505047e6,7.521687e6,7.331128e6,7.349812e6,7.335267e6,7.341553e6,7.536557e6,7.334813e6,7.344063e6,7.46741e6,7.392848e6,7.318239e6,7.428696e6,7.34328e6,7.521087e6,8.194965e6,9.306568e6,9.275714e6,9.015331e6,8.992035e6,8.883853e6,8.824412e6,8.859133e6,8.629838e6,8.721316e6,8.759078e6,8.762747e6,8.663341e6,8.701676e6,8.659262e6,8.688129e6,8.667128e6,8.686425e6,8.815958e6,8.701279e6,8.700478e6,8.672041e6,8.6679e6,2.7768656e7,7.886042e6,7.856107e6,7.783406e6,7.808805e6,7.852156e6,7.779804e6,7.839572e6,7.774323e6,7.7597e6,7.780934e6,7.769653e6,7.753648e6,7.777505e6,7.74602e6,7.768569e6,7.757624e6,7.812389e6,7.751099e6,7.734075e6,7.844363e6,7.824458e6,8.424522e6,8.717209e6,8.710239e6,8.726238e6,8.729005e6,8.719482e6,8.769665e6,8.744839e6,8.662915e6,8.640487e6,8.656163e6,8.748293e6,8.684985e6,8.670824e6,8.981459e6,8.685433e6,8.731086e6,8.719852e6,8.749272e6,8.725141e6,8.679631e6,8.65542e6,8.636986e6,8.758697e6,2.7412547e7,7.845119e6,7.727263e6,7.765327e6,8.033333e6,7.753641e6,7.765577e6,7.750213e6,7.7548e6,7.772343e6,7.725987e6,7.742969e6,7.716693e6,7.752558e6,7.726476e6,7.761816e6,7.766417e6,7.940016e6,7.771826e6,7.735099e6,7.805493e6,7.899078e6,8.685998e6,8.694629e6,8.790372e6,8.744057e6,8.708385e6,8.774177e6,8.741535e6,8.892775e6,8.628519e6,8.637829e6,8.669196e6,8.635946e6,8.687688e6,8.714232e6,8.645862e6,8.699252e6,8.672097e6,8.663539e6,8.719575e6,8.689725e6,8.658389e6,8.688239e6,8.649852e6,8.728251e6,2.6939012e7,7.841369e6,7.794666e6,8.411881e6,8.296766e6,7.978779e6,7.787199e6,7.724954e6,7.511806e6,7.506818e6,7.336421e6,7.517382e6,7.540137e6,7.527855e6,7.437017e6,7.648662e6,7.346437e6,7.395546e6,7.354123e6,7.401592e6,7.340621e6,7.730435e6,8.28094e6,8.333189e6,8.401205e6,8.297131e6,8.297576e6,8.445469e6,8.31325e6,8.354497e6,8.141353e6,8.234008e6,8.22033e6,8.387404e6,8.200509e6,8.272953e6,8.250617e6,8.249948e6,8.305636e6,8.332239e6,8.275575e6,8.268979e6,8.224007e6,8.240857e6,8.32075e6,2.6888475e7,7.504171e6,7.404052e6,7.352025e6,7.375448e6,7.382444e6,7.463066e6,7.375898e6,7.522796e6,7.352282e6,7.345559e6,7.306548e6,7.293883e6,7.35452e6,7.329747e6,7.321659e6,7.412042e6,7.491579e6,7.321142e6,7.307108e6,7.302786e6,7.315117e6,7.941534e6,8.247967e6,8.459699e6,8.281176e6,8.273017e6,8.482136e6,8.268035e6,8.276432e6,8.290135e6,8.148872e6,8.195382e6,8.292454e6,8.281997e6,8.353325e6,8.227299e6,8.205747e6,9.099403e6,8.47778e6,8.30104e6,8.289472e6,8.21298e6,8.164391e6,8.213891e6,8.221225e6,2.7300999e7,7.495746e6,7.344391e6,7.374259e6,7.385554e6,7.360211e6,7.358481e6,7.36349e6,7.325914e6,7.323449e6,7.357758e6,7.446722e6,7.327492e6,7.414212e6,7.33596e6,7.334356e6,7.494122e6,7.439325e6,7.346489e6,7.405788e6,7.312158e6,7.492983e6,8.377216e6,8.395523e6,8.256735e6,8.377453e6,8.270772e6,8.690572e6,8.326848e6,8.272245e6,8.245348e6,8.177253e6,8.203021e6,8.196088e6,8.289333e6,8.361342e6,8.195959e6,8.195082e6,8.292871e6,9.189197e6,9.090242e6,8.887708e6,8.823853e6,8.813609e6,8.759861e6,8.830285e6,2.7350788e7,7.902271e6,7.798063e6,7.768391e6,7.773133e6,7.828548e6,7.746238e6,7.846791e6,7.754383e6,7.741531e6,7.691912e6,7.718312e6,7.727535e6,7.732852e6,7.782632e6,7.74317e6,7.786872e6,7.797622e6,7.7123e6,7.727754e6,7.662261e6,7.597431e6,8.258003e6,8.306436e6,8.287883e6,8.417669e6,8.352374e6,8.247698e6,8.290635e6,8.296831e6,8.176353e6,8.205048e6,8.197154e6,8.190766e6,8.284977e6,8.207706e6,8.382594e6,8.193194e6,8.22873e6,8.221287e6,8.279782e6,8.336617e6,8.300457e6,8.258762e6,8.266847e6,2.7110392e7,7.514181e6,7.491996e6,7.335538e6,7.342919e6,7.352231e6,7.353786e6,7.343106e6,7.33862e6,7.431126e6,7.479785e6,7.332324e6,7.311989e6,7.538155e6,7.330716e6,7.45304e6,7.350404e6,7.577362e6,7.364013e6,7.349999e6,7.293241e6,7.751982e6,7.782498e6,8.395329e6,8.271289e6,8.27455e6,8.287947e6,8.29238e6,8.256519e6,8.296359e6,8.277011e6,8.153813e6,8.213154e6,8.168065e6,8.180224e6,8.179254e6,8.221006e6,8.226581e6,8.258196e6,8.24537e6,8.332294e6,8.258015e6,8.343597e6,8.312543e6,8.223706e6,8.188858e6,2.6777696e7,7.593573e6,7.343518e6,7.357057e6,7.461252e6,7.402551e6,7.453482e6,7.325392e6,7.337335e6,7.353848e6,7.333754e6,7.341109e6,7.346536e6,7.345156e6,7.336416e6,7.315058e6,7.337968e6,7.404465e6,7.318119e6,7.292966e6,7.324776e6,7.304615e6,8.068061e6,8.22674e6,8.260779e6,8.270967e6,8.980623e6,9.225675e6,9.038651e6,8.984302e6,8.225817e6,8.305501e6,8.347755e6,8.36902e6,8.548564e6,8.577102e6,8.264539e6,8.267133e6,8.210588e6,8.263461e6,8.293433e6,8.284503e6,8.223241e6,8.204076e6,8.314565e6,8.320072e6,2.6386247e7,7.518622e6,7.356019e6,7.38234e6,7.595603e6,7.470198e6,7.381541e6,7.385909e6,7.363929e6,7.338684e6,7.343805e6,7.362084e6,7.481486e6,7.35503e6,7.378511e6,7.36722e6,7.365929e6,7.401732e6,7.334413e6,7.326147e6,7.319105e6,7.484742e6,8.257379e6,8.261692e6,