{"lengs":[10.0,21.544346900318832,46.4158883361278,100.0,215.44346900318845,464.15888336127773,1000.0],"benchmarks":[["Trial",{"allocs":2697,"gctimes":[0.0,0.0,0.0,0.0,0.0,0.0,0.0,0.0,0.0,0.0,0.0,0.0,0.0,0.0,0.0,0.0,0.0,0.0,0.0,0.0,0.0,0.0,0.0,0.0,0.0,0.0,0.0,0.0,0.0,0.0,0.0,0.0,0.0,0.0,0.0,0.0,0.0,0.0,0.0,0.0,0.0,0.0,0.0,0.0,0.0,0.0,0.0,0.0,0.0,0.0,0.0,0.0,0.0,0.0,0.0,0.0,0.0,0.0,0.0,0.0,0.0,0.0,0.0,0.0,0.0,0.0,0.0,0.0,0.0,0.0,0.0,0.0,0.0,0.0,0.0,0.0,0.0,0.0,0.0,0.0,0.0,1.2262655e7,0.0,0.0,0.0,0.0,0.0,0.0,0.0,0.0,0.0,0.0,0.0,0.0,0.0,0.0,0.0,0.0,0.0,0.0,0.0,0.0,0.0,0.0,0.0,0.0,0.0,0.0,0.0,0.0,0.0,0.0,0.0,0.0,0.0,0.0,0.0,0.0,0.0,0.0,0.0,0.0,0.0,0.0,0.0,0.0,0.0,0.0,0.0,0.0,0.0,0.0,0.0,0.0,0.0,0.0,0.0,0.0,0.0,0.0,0.0,0.0,0.0,0.0,0.0,0.0,0.0,0.0,0.0,0.0,0.0,0.0,0.0,0.0,0.0,0.0,0.0,0.0,0.0,0.0,0.0,0.0,9.358934e6,0.0,0.0,0.0,0.0,0.0,0.0,0.0,0.0,0.0,0.0,0.0,0.0,0.0,0.0,0.0,0.0,0.0,0.0,0.0,0.0,0.0,0.0,0.0,0.0,0.0,0.0,0.0,0.0,0.0,0.0,0.0,0.0,0.0,0.0,0.0,0.0,0.0,0.0,0.0,0.0,0.0,0.0,0.0,0.0,0.0,0.0,0.0,0.0,0.0,0.0,0.0,0.0,0.0,0.0,0.0,0.0,0.0,0.0,0.0,0.0,0.0,0.0,0.0,0.0,0.0,0.0,0.0,0.0,0.0,0.0,0.0,0.0,0.0,0.0,0.0,0.0,0.0,0.0,0.0,0.0,9.714665e6,0.0,0.0,0.0,0.0,0.0,0.0,0.0,0.0,0.0,0.0,0.0,0.0,0.0,0.0,0.0,0.0,0.0,0.0,0.0,0.0,0.0,0.0,0.0,0.0,0.0,0.0,0.0,0.0,0.0,0.0,0.0,0.0,0.0,0.0,0.0],"memory":3080112,"params":["Parameters",{"gctrial":true,"time_tolerance":0.05,"samples":10000,"evals":1,"gcsample":false,"seconds":5.0,"overhead":0.0,"memory_tolerance":0.01}],"times":[1.7495164e7,1.7171564e7,1.7113635e7,1.7007226e7,1.7023974e7,1.693754e7,1.6947856e7,1.6971801e7,1.6913879e7,1.6982042e7,1.7156235e7,1.694796e7,1.7002935e7,1.691697e7,1.691956e7,1.6944788e7,1.7077617e7,1.6904044e7,1.6943008e7,1.7167565e7,1.8328608e7,1.7977953e7,1.800852e7,1.7996022e7,1.7930271e7,1.7875314e7,1.7865989e7,1.7838969e7,1.7916343e7,1.7842865e7,1.7922198e7,1.7890904e7,1.7943607e7,1.7962573e7,1.7898268e7,1.7935626e7,1.7804759e7,1.7897048e7,1.7846608e7,1.7837452e7,1.7855688e7,1.7968725e7,1.7847631e7,1.7882291e7,1.7886549e7,1.786584e7,1.7892357e7,1.7857984e7,1.7924525e7,1.7893013e7,1.7867584e7,1.7878038e7,1.7908828e7,1.7915837e7,1.7928001e7,1.8055297e7,1.7933564e7,1.7864578e7,1.781043e7,1.7901806e7,1.790611e7,1.8679226e7,1.8294757e7,1.7845039e7,1.78794e7,1.791864e7,1.7856267e7,1.7858895e7,1.7864457e7,1.79314e7,1.7919919e7,1.7940501e7,1.7906612e7,1.7923646e7,1.7942344e7,1.7840852e7,1.7952218e7,1.8265755e7,1.8586221e7,1.8254868e7,1.8406421e7,3.0759646e7,1.806198e7,1.7998647e7,1.7952195e7,1.7900098e7,1.7981244e7,1.7889099e7,1.7883544e7,1.7876552e7,1.8002986e7,1.7887537e7,1.7938144e7,1.7901501e7,1.7931965e7,1.7851014e7,1.7863645e7,1.7849307e7,1.7896342e7,1.7847858e7,1.7842267e7,1.7859126e7,1.7826048e7,1.7936584e7,1.7913073e7,1.7847821e7,1.786135e7,1.7864579e7,1.7837257e7,1.7963372e7,1.7866724e7,1.7849543e7,1.7879536e7,1.7877776e7,1.7913262e7,1.7843132e7,1.7840058e7,1.781862e7,1.7859951e7,1.7848629e7,1.7858695e7,1.7893395e7,1.7893636e7,1.7860298e7,1.7835396e7,1.7830898e7,1.7934172e7,1.7976161e7,1.7861682e7,1.7839781e7,1.7883251e7,1.7840286e7,1.7902969e7,1.7912859e7,1.7913375e7,1.8811602e7,1.8580752e7,1.8054717e7,1.7927771e7,1.8196684e7,1.8033313e7,1.7871892e7,1.7820201e7,1.7857981e7,1.7963659e7,1.7877382e7,1.7801863e7,1.7828156e7,1.7998811e7,1.7856548e7,1.7853095e7,1.7884474e7,1.7871717e7,1.7921075e7,1.7893096e7,1.7886995e7,1.8043682e7,1.8142706e7,1.7933411e7,1.7843418e7,1.8014624e7,1.7924886e7,2.7476745e7,1.8001339e7,1.8037145e7,1.8065332e7,1.8051194e7,1.7902079e7,1.7923483e7,1.7865073e7,1.7874004e7,1.7935293e7,1.7890505e7,1.7849634e7,1.7979952e7,1.7865262e7,1.7866992e7,1.7996789e7,1.7938436e7,1.7872466e7,1.7872968e7,1.79325e7,1.7948091e7,1.7900119e7,1.7831457e7,1.7842479e7,1.7859445e7,1.7917949e7,1.7882965e7,1.7857021e7,1.7817104e7,1.7901217e7,1.8432566e7,1.8592444e7,1.8499497e7,1.8506189e7,1.8522066e7,1.8412276e7,1.8465158e7,1.8418767e7,1.8472555e7,1.8436062e7,1.8424632e7,1.8423516e7,1.8382085e7,1.8324436e7,1.8354411e7,1.8395536e7,1.8407733e7,1.8492519e7,1.9832562e7,1.8930671e7,1.9279715e7,1.7862037e7,1.7778838e7,1.7917959e7,1.7566749e7,1.7645894e7,1.7666434e7,1.7620125e7,1.7903957e7,1.762643e7,1.7609901e7,1.7469917e7,1.7450683e7,1.7421135e7,1.7522503e7,1.7481992e7,1.7456615e7,1.7588989e7,1.7503031e7,1.7498317e7,1.7664261e7,1.7523194e7,1.753981e7,1.7562913e7,1.7545774e7,1.7576923e7,1.7557124e7,1.7551918e7,1.7499593e7,1.7676423e7,1.7567379e7,2.7612862e7,1.7524348e7,1.7631498e7,1.7524849e7,1.7504965e7,1.7549564e7,1.7693085e7,1.7906527e7,1.7828165e7,1.7750958e7,1.771756e7,1.7610512e7,1.7544289e7,1.7456995e7,1.7455005e7,1.750496e7,1.7563356e7,1.7491074e7,1.7484103e7,1.7475759e7,1.7587952e7,1.7576335e7,1.7494102e7,1.7618539e7,1.7461489e7,1.7469212e7,1.7553581e7,1.7489118e7,1.7564026e7,1.7584733e7,1.7521206e7,1.7482903e7,1.7519374e7,1.7757197e7,1.7640195e7,1.7600909e7]}],["Trial",{"allocs":2941,"gctimes":[0.0,0.0,0.0,0.0,0.0,0.0,0.0,0.0,0.0,0.0,0.0,0.0,0.0,0.0,0.0,0.0,0.0,0.0,0.0,0.0,0.0,0.0,0.0,0.0,0.0,0.0,0.0,0.0,0.0,0.0,0.0,0.0,0.0,0.0,0.0,0.0,0.0,0.0,0.0,0.0,0.0,0.0,0.0,0.0,0.0,0.0,0.0,0.0,0.0,0.0,0.0,0.0,0.0,0.0,0.0,0.0,0.0,0.0,0.0,0.0,0.0,0.0,0.0,0.0,0.0,9.745334e6,0.0,0.0,0.0,0.0,0.0,0.0,0.0,0.0,0.0,0.0,0.0,0.0,0.0,0.0,0.0,0.0,0.0,0.0,0.0,0.0,0.0,0.0,0.0,0.0,0.0,0.0,0.0,0.0,0.0,0.0,0.0,0.0,0.0,0.0,0.0,0.0,0.0,0.0,0.0,0.0,0.0,0.0,0.0,0.0,0.0,0.0,0.0,0.0,0.0,0.0,0.0,0.0,0.0,0.0,0.0,0.0,0.0,0.0,0.0,0.0,0.0,0.0,0.0,0.0,0.0,1.4179855e7,0.0,0.0,0.0,0.0,0.0,0.0,0.0,0.0,0.0,0.0,0.0,0.0,0.0,0.0,0.0,0.0,0.0,0.0,0.0,0.0,0.0,0.0,0.0,0.0,0.0,0.0,0.0,0.0,0.0,0.0,0.0,0.0,0.0,0.0,0.0,0.0,0.0,0.0,0.0,0.0,0.0,0.0,0.0,0.0,0.0,0.0,0.0,0.0,0.0,0.0,0.0,0.0,0.0,0.0,0.0,0.0,0.0,0.0,0.0,0.0,0.0,0.0,0.0,0.0,0.0,9.148555e6,0.0,0.0,0.0,0.0,0.0],"memory":3814064,"params":["Parameters",{"gctrial":true,"time_tolerance":0.05,"samples":10000,"evals":1,"gcsample":false,"seconds":5.0,"overhead":0.0,"memory_tolerance":0.01}],