{"lengs":[10.0,21.544346900318832,46.4158883361278,100.0,215.44346900318845,464.15888336127773,1000.0],"benchmarks":[["Trial",{"allocs":2067,"gctimes":[0.0,0.0,0.0,0.0],"memory":16413408,"params":["Parameters",{"gctrial":true,"time_tolerance":0.05,"samples":10000,"evals":1,"gcsample":false,"seconds":5.0,"overhead":0.0,"memory_tolerance":0.01}],"times":[1.275648688e9,1.276040879e9,1.258150893e9,1.259401525e9]}],["Trial",{"allocs":2453,"gctimes":[0.0,0.0,0.0,0.0],"memory":17355104,"params":["Parameters",{"gctrial":true,"time_tolerance":0.05,"samples":10000,"evals":1,"gcsample":false,"seconds":5.0,"overhead":0.0,"memory_tolerance":0.01}],"times":[1.378272457e9,1.394028212e9,1.418349012e9,1.417642771e9]}],["Trial",{"allocs":7068,"gctimes":[0.0,0.0],"memory":28355968,"params":["Parameters",{"gctrial":true,"time_tolerance":0.05,"samples":10000,"evals":1,"gcsample":false,"seconds":5.0,"overhead":0.0,"memory_tolerance":0.01}],"times":[2.922672453e9,2.87217726e9]}],["Trial",{"allocs":8232,"gctimes":[0.0,0.0],"memory":31072736,"params":["Parameters",{"gctrial":true,"time_tolerance":0.05,"samples":10000,"evals":1,"gcsample":false,"seconds":5.0,"overhead":0.0,"memory_tolerance":0.01}],"times":[3.471839785e9,3.448050507e9]}],["Trial",{"allocs":9803,"gctimes":[0.0,0.0],"memory":34776032,"params":["Parameters",{"gctrial":true,"time_tolerance":0.05,"samples":10000,"evals":1,"gcsample":false,"seconds":5.0,"overhead":0.0,"memory_tolerance":0.01}],"times":[4.233803662e9,4.19053382e9]}],["Trial",{"allocs":14373,"gctimes":[0.0],"memory":45313152,"params":["Parameters",{"gctrial":true,"time_tolerance":0.05,"samples":10000,"evals":1,"gcsample":false,"seconds":5.0,"overhead":0.0,"memory_tolerance":0.01}],"times":[5.558790094e9]}],["Trial",{"allocs":16572,"gctimes":[0.0],"memory":50821952,"params":["Parameters",{"gctrial":true,"time_tolerance":0.05,"samples":10000,"evals":1,"gcsample":false,"seconds":5.0,"overhead":0.0,"memory_tolerance":0.01}],"times":[6.647467378e9]}]],"medians":[1267.5251065,1405.8354915,2897.4248565,3459.945146,4212.168741,5558.790094,6647.467378]}