{"lengs":[149.9684835502374],"benchmarks":[["Trial",{"allocs":460889,"gctimes":[1.307733706e9],"memory":6451323104,"params":["Parameters",{"gctrial":true,"time_tolerance":0.05,"samples":10000,"evals":1,"gcsample":false,"seconds":5.0,"overhead":0.0,"memory_tolerance":0.01}],"times":[4.3336545707e10]}]],"medians":[43336.545707]}