{"lengs":[10.0],"benchmarks":[["Trial",{"allocs":1351,"gctimes":[0.0,0.0,0.0,0.0,0.0,0.0,0.0,0.0,0.0,0.0,0.0,0.0,0.0,0.0,0.0,0.0,0.0,0.0,0.0,0.0,0.0,0.0,0.0,0.0,0.0,0.0,0.0,0.0,0.0,0.0,0.0,0.0,0.0,0.0,0.0,0.0,0.0,0.0,0.0,0.0,0.0,0.0,0.0,0.0,0.0,0.0,0.0,0.0,0.0,0.0,0.0,0.0,0.0,0.0,0.0,0.0,0.0,0.0,0.0,0.0,0.0,0.0,0.0,0.0,0.0,0.0,0.0,0.0,9.457132e6,0.0,0.0,0.0,0.0,0.0,0.0,0.0,0.0,0.0,0.0,0.0,0.0,0.0,0.0,0.0,0.0,0.0,0.0,0.0,0.0,0.0,0.0,0.0,0.0,0.0,0.0,0.0,0.0,0.0,0.0,0.0,0.0,0.0,0.0,0.0,0.0,0.0,0.0,0.0,0.0,0.0,0.0,0.0,0.0,0.0,0.0,0.0,0.0,0.0,0.0,0.0,0.0,0.0,0.0,0.0,0.0,0.0,0.0,0.0,0.0,0.0,0.0,0.0,0.0,0.0,0.0,0.0,9.011635e6,0.0,0.0,0.0,0.0,0.0,0.0,0.0,0.0,0.0,0.0,0.0,0.0,0.0,0.0,0.0,0.0,0.0,0.0,0.0,0.0,0.0,0.0,0.0,0.0,0.0,0.0,0.0,0.0,0.0,0.0,0.0,0.0,0.0,0.0,0.0,0.0,0.0,0.0,0.0,0.0,0.0,0.0,0.0,0.0,0.0,0.0,0.0,0.0,0.0,0.0,0.0,0.0,0.0,0.0,0.0,0.0,0.0,0.0,0.0,0.0,0.0,0.0,0.0,0.0,0.0,0.0,0.0,8.763394e6,0.0,0.0,0.0,0.0,0.0,0.0,0.0,0.0,0.0,0.0,0.0,0.0,0.0,0.0,0.0,0.0,0.0,0.0,0.0,0.0,0.0,0.0,0.0,0.0,0.0,0.0,0.0,0.0,0.0,0.0,0.0,0.0,0.0,0.0,0.0,0.0,0.0,0.0,0.0,0.0,0.0,0.0,0.0,0.0,0.0,0.0,0.0,0.0,0.0,0.0,0.0,0.0,0.0,0.0,0.0,0.0,0.0,0.0,0.0,0.0,0.0,0.0,0.0,0.0,0.0,0.0,0.0,0.0,8.642364e6,0.0,0.0,0.0,0.0,0.0,0.0,0.0,0.0,0.0,0.0,0.0,0.0,0.0,0.0,0.0,0.0,0.0,0.0,0.0,0.0,0.0,0.0,0.0,0.0,0.0,0.0,0.0,0.0,0.0,0.0,0.0,0.0,0.0,0.0,0.0,0.0,0.0,0.0,0.0,0.0,0.0,0.0,0.0,0.0,0.0,0.0,0.0,0.0,0.0,0.0,0.0,0.0,0.0,0.0,0.0,0.0,0.0,0.0,0.0,0.0,0.0,0.0,0.0,0.0,0.0,0.0,0.0,0.0,8.671536e6,0.0,0.0,0.0,0.0,0.0,0.0,0.0,0.0,0.0,0.0,0.0,0.0,0.0,0.0,0.0,0.0,0.0,0.0,0.0,0.0,0.0,0.0,0.0,0.0,0.0,0.0,0.0,0.0,0.0,0.0,0.0,0.0,0.0,0.0,0.0,0.0,0.0,0.0,0.0,0.0,0.0,0.0,0.0,0.0,0.0,0.0,0.0,0.0],"memory":3666544,"params":["Parameters",{"gctrial":true,"time_tolerance":0.05,"samples":10000,"evals":1,"gcsample":false,"seconds":5.0,"overhead":0.0,"memory_tolerance":0.01}],"times":[1.4792507e7,1.360672e7,1.3672343e7,1.3628254e7,1.3511757e7,1.356821e7,1.3621714e7,1.3606751e7,1.3537635e7,1.3505706e7,1.3594186e7,1.3485753e7,1.3515759e7,1.3567826e7,1.3533417e7,1.3480655e7,1.3480432e7,1.353463e7,1.3573527e7,1.3514609e7,1.3498454e7,1.348075e7,1.3472051e7,1.3458508e7,1.3475724e7,1.3517998e7,1.3436647e7,1.3133485e7,1.3225511e7,1.3109388e7,1.3092194e7,1.3117813e7,1.3110636e7,1.3096453e7,1.3256404e7,1.3098509e7,1.3097183e7,1.3125143e7,1.316113e7,1.3121276e7,1.3129046e7,1.3116657e7,1.3147669e7,1.3098043e7,1.3140124e7,1.3174539e7,1.3109132e7,1.3135583e7,1.3104667e7,1.311012e7,1.3115105e7,1.3054461e7,1.3251642e7,1.3067753e7,1.3190014e7,1.3148125e7,1.3253173e7,1.3147494e7,1.3097293e7,1.3133372e7,1.3109082e7,1.3096799e7,1.314003e7,1.3209376e7,1.3108838e7,1.315788e7,1.3143055e7,1.320585e7,2.312321e7,1.3166633e7,1.316771e7,1.3246988e7,1.321028e7,1.3226381e7,1.3650287e7,1.3797298e7,1.32973e7,1.2575454e7,1.2754193e7,1.2626408e7,1.2533795e7,1.2540517e7,1.2612239e7,1.2430039e7,1.2431373e7,1.2507436e7,1.2486115e7,1.2424404e7,1.2505148e7,1.250608e7,1.2480509e7,1.2544874e7,1.2471132e7,1.2523257e7,1.251721e7,1.2467185e7,1.2427625e7,1.2406325e7,1.2431352e7,1.2538916e7,1.2405198e7,1.2543172e7,1.2436908e7,1.2422782e7,1.2427096e7,1.2494378e7,1.2732577e7,1.2438745e7,1.2387714e7,1.2428963e7,1.2396538e7,1.2417609e7,1.2475695e7,1.2421378e7,1.2467484e7,1.2406733e7,1.2404508e7,1.2426833e7,1.2377955e7,1.2561403e7,1.236568e7,1.2442421e7,1.2429942e7,1.2413534e7,1.2451302e7,1.2499031e7,1.2398043e7,1.2366552e7,1.2405863e7,1.2461107e7,1.2376058e7,1.2389823e7,1.2467159e7,1.2406426e7,1.2366282e7,1.2429893e7,2.1926465e7,1.24376e7,1.2439574e7,1.2461447e7,1.2411444e7,1.2431729e7,1.2438433e7,1.2514864e7,1.2453039e7,1.2475546e7,1.2530036e7,1.2437446e7,1.2474429e7,1.2485654e7,1.2527026e7,1.2466668e7,1.2450734e7,1.2422965e7,1.2519369e7,1.2514175e7,1.296369e7,1.3111872e7,1.2590758e7,1.2821638e7,1.2554836e7,1.2629736e7,1.2644694e7,1.2430852e7,1.246983e7,1.2416468e7,1.2427173e7,1.2472407e7,1.2406701e7,1.2531891e7,1.2552873e7,1.2404519e7,1.2420146e7,1.2392949e7,1.2398596e7,1.2424886e7,1.2513002e7,1.2454796e7,1.2387453e7,1.2393043e7,1.2457824e7,1.2409512e7,1.2408874e7,1.2810772e7,1.2555094e7,1.2509656e7,1.2474882e7,1.273544e7,1.2446956e7,1.2480465e7,1.2453363e7,1.24748e7,1.242645e7,1.2376162e7,1.2363249e7,1.2607491e7,1.245763e7,1.2478387e7,1.253255e7,1.2372256e7,1.2396073e7,1.2498582e7,1.2451608e7,1.2572443e7,2.1584763e7,1.2666428e7,1.2570493e7,1.2404016e7,1.2460256e7,1.2403153e7,1.2621781e7,1.2419696e7,1.2483555e7,1.2465883e7,1.2422718e7,1.2421055e7,1.2531582e7,1.2483459e7,1.2401054e7,1.2519256e7,1.2591709e7,1.2443297e7,1.2427099e7,1.2509522e7,1.2441396e7,1.2440632e7,1.2529578e7,1.2420049e7,1.2442019e7,1.2489476e7,1.2494893e7,1.2441115e7,1.2384244e7,1.2419011e7,1.2520887e7,1.2518823e7,1.2612719e7,1.2420435e7,1.251502e7,1.3765747e7,1.3622191e7,1.2971365e7,1.2659784e7,1.2790771e7,1.2595257e7,1.2616886e7,1.2724601e7,1.2431168e7,1.2404196e7,1.2505276e7,1.2500555e7,1.2403099e7,1.2512439e7,1.2402664e7,1.2488637e7,1.2334562e7,1.2521864e7,1.2521242e7,1.2581281e7,1.2398594e7,1.2394474e7,1.2399812e7,1.2424786e7,1.2470464e7,1.2500741e7,1.2461745e7,1.2548387e7,1.2412762e7,1.239241e7,1.252756e7,1.2446867e7,1.2477555e7,1.2503343e7,2.161969e7,1.2494971e7,1.2732526e7,1.2515059e7,1.2522718e7,1.2523215e7,1.2441423e7,1.2456565e7,1.2521256e7,1.2452059e7,1.248244e7,1.2535843e7,1.2591214e7,1.2468935e7,1.2430849e7,1.2422273e7,1.2430041e7,1.260588e7,1.2427247e7,1.2419559e7,1.2443728e7,1.2425796e7,1.2442146e7,1.2436184e7,1.2501996e7,1.2404071e7,1.2441039e7,1.2464152e7,1.2433503e7,1.2500216e7,1.2427983e7,1.2453521e7,1.2430483e7,1.2407597e7,1.2404365e7,1.2404331e7,1.2395348e7,1.2418155e7,1.2409749e7,1.2504237e7,1.2499412e7,1.2430984e7,1.2410051e7,1.2396998e7,1.244348e7,1.2390194e7,1.241858e7,1.2412193e7,1.304258e7,1.368195e7,1.3451686e7,1.2726723e7,1.2662157e7,1.2734365e7,1.2754541e7,1.2658424e7,1.2644746e7,1.2498296e7,1.2433394e7,1.2481585e7,1.2421657e7,1.2475238e7,1.2549299e7,1.2480428e7,1.2377994e7,1.2397078e7,1.2434536e7,1.2368743e7,1.2363557e7,2.1604933e7,1.2643186e7,1.2539477e7,1.2550999e7,1.2539351e7,1.2501321e7,1.2415239e7,1.2503075e7,1.2439148e7,1.2533081e7,1.2501632e7,1.2438652e7,1.2575122e7,1.2595249e7,1.2503964e7,1.2456444e7,1.2419359e7,1.2517026e7,1.2429173e7,1.2489918e7,1.2470493e7,1.2464639e7,1.2496873e7,1.2452794e7,1.2400036e7,1.2416165e7,1.2562703e7,1.2486192e7,1.2469662e7,1.2446086e7,1.2510644e7,1.2423134e7,1.2472989e7,1.2499935e7,1.24314e7,1.2495576e7,1.2506708e7,1.2571188e7,1.2477939e7,1.2494682e7,1.2476288e7,1.2419608e7,1.2576672e7,1.2507539e7,1.240581e7,1.2493114e7,1.2475161e7,1.2494659e7,1.2404117e7]}]],"medians":[12.494971]}