{"lengs":[10.0,21.544346900318832,46.4158883361278,100.0,215.44346900318845,464.15888336127773,1000.0],"benchmarks":[["Trial",{"allocs":154,"gctimes":[0.0,0.0,0.0,0.0],"memory":20645952,"params":["Parameters",{"gctrial":true,"time_tolerance":0.05,"samples":10000,"evals":1,"gcsample":false,"seconds":5.0,"overhead":0.0,"memory_tolerance":0.01}],"times":[1.337587981e9,1.339245252e9,1.214944742e9,1.314231811e9]}],["Trial",{"allocs":161,"gctimes":[0.0,0.0,0.0,0.0],"memory":20710016,"params":["Parameters",{"gctrial":true,"time_tolerance":0.05,"samples":10000,"evals":1,"gcsample":false,"seconds":5.0,"overhead":0.0,"memory_tolerance":0.01}],"times":[1.536601306e9,1.590738993e9,1.540186987e9,1.552983318e9]}],["Trial",{"allocs":205,"gctimes":[0.0,0.0],"memory":21112704,"params":["Parameters",{"gctrial":true,"time_tolerance":0.05,"samples":10000,"evals":1,"gcsample":false,"seconds":5.0,"overhead":0.0,"memory_tolerance":0.01}],"times":[4.256608538e9,4.283415607e9]}],["Trial",{"allocs":240,"gctimes":[0.0],"memory":21433024,"params":["Parameters",{"gctrial":true,"time_tolerance":0.05,"samples":10000,"evals":1,"gcsample":false,"seconds":5.0,"overhead":0.0,"memory_tolerance":0.01}],"times":[5.465179675e9]}],["Trial",{"allocs":339,"gctimes":[0.0],"memory":22339072,"params":["Parameters",{"gctrial":true,"time_tolerance":0.05,"samples":10000,"evals":1,"gcsample":false,"seconds":5.0,"overhead":0.0,"memory_tolerance":0.01}],"times":[8.00031692e9]}],["Trial",{"allocs":519,"gctimes":[0.0],"memory":23986432,"params":["Parameters",{"gctrial":true,"time_tolerance":0.05,"samples":10000,"evals":1,"gcsample":false,"seconds":5.0,"overhead":0.0,"memory_tolerance":0.01}],"times":[1.4177546267e10]}],["Trial",{"allocs":799,"gctimes":[0.0],"memory":26548992,"params":["Parameters",{"gctrial":true,"time_tolerance":0.05,"samples":10000,"evals":1,"gcsample":false,"seconds":5.0,"overhead":0.0,"memory_tolerance":0.01}],"times":[2.1490267092e10]}]],"medians":[1325.909896,1546.5851525,4270.0120725,5465.179675,8000.31692,14177.546267,21490.267092]}