{"lengs":[10.0],"benchmarks":[["Trial",{"allocs":9832,"gctimes":[0.0,0.0,0.0,0.0,0.0,0.0,0.0,0.0,0.0,0.0,0.0,0.0,0.0,1.0010613e7,0.0,0.0,0.0,0.0,0.0,0.0,0.0,0.0,0.0,0.0,0.0,0.0,0.0,1.0094768e7,0.0,0.0,0.0,0.0,0.0,0.0,0.0,0.0,0.0,0.0,0.0,0.0,1.017508e7,0.0,0.0],"memory":18524464,"params":["Parameters",{"gctrial":true,"time_tolerance":0.05,"samples":10000,"evals":1,"gcsample":false,"seconds":5.0,"overhead":0.0,"memory_tolerance":0.01}],"times":[1.06603945e8,1.05700419e8,1.0552534e8,1.05684905e8,1.07050808e8,1.01963095e8,1.00886189e8,1.0041419e8,1.00680085e8,9.994365e7,9.9908378e7,9.9983409e7,9.9812263e7,1.10660058e8,1.04553672e8,1.06654477e8,1.05263113e8,1.0546034e8,1.05346049e8,1.05181633e8,1.05351935e8,1.05173281e8,1.05235606e8,1.01012327e8,1.0525527e8,1.0519702e8,1.00393103e8,1.41696639e8,1.57559433e8,1.58086798e8,1.57627468e8,1.57760872e8,1.47545194e8,1.40031572e8,1.400888e8,1.40650778e8,1.39940883e8,1.40560892e8,1.40055382e8,1.34630859e8,1.33969638e8,1.22887609e8,1.21653682e8]}]],"medians":[105.684905]}