{"lengs":[10.0,21.544346900318832,46.4158883361278,100.0,215.44346900318845,464.15888336127773,1000.0],"benchmarks":[["Trial",{"allocs":3537,"gctimes":[0.0,0.0,0.0,0.0,0.0,0.0],"memory":15878928,"params":["Parameters",{"gctrial":true,"time_tolerance":0.05,"samples":10000,"evals":1,"gcsample":false,"seconds":5.0,"overhead":0.0,"memory_tolerance":0.01}],"times":[9.94316836e8,1.029284792e9,1.000025035e9,9.76428922e8,9.79732633e8,9.76115463e8]}],["Trial",{"allocs":4137,"gctimes":[0.0,0.0,0.0],"memory":20107280,"params":["Parameters",{"gctrial":true,"time_tolerance":0.05,"samples":10000,"evals":1,"gcsample":false,"seconds":5.0,"overhead":0.0,"memory_tolerance":0.01}],"times":[1.774212858e9,1.716664124e9,1.705214733e9]}],["Trial",{"allocs":7824,"gctimes":[0.0],"memory":40819904,"params":["Parameters",{"gctrial":true,"time_tolerance":0.05,"samples":10000,"evals":1,"gcsample":false,"seconds":5.0,"overhead":0.0,"memory_tolerance":0.01}],"times":[5.050249825e9]}],["Trial",{"allocs":8684,"gctimes":[0.0],"memory":48804272,"params":["Parameters",{"gctrial":true,"time_tolerance":0.05,"samples":10000,"evals":1,"gcsample":false,"seconds":5.0,"overhead":0.0,"memory_tolerance":0.01}],"times":[7.23835762e9]}],["Trial",{"allocs":9405,"gctimes":[0.0],"memory":55437856,"params":["Parameters",{"gctrial":true,"time_tolerance":0.05,"samples":10000,"evals":1,"gcsample":false,"seconds":5.0,"overhead":0.0,"memory_tolerance":0.01}],"times":[9.86246922e9]}],["Trial",{"allocs":14520,"gctimes":[0.0],"memory":99488336,"params":["Parameters",{"gctrial":true,"time_tolerance":0.05,"samples":10000,"evals":1,"gcsample":false,"seconds":5.0,"overhead":0.0,"memory_tolerance":0.01}],"times":[1.7431034515e10]}],["Trial",{"allocs":17077,"gctimes":[0.0],"memory":121075616,"params":["Parameters",{"gctrial":true,"time_tolerance":0.05,"samples":10000,"evals":1,"gcsample":false,"seconds":5.0,"overhead":0.0,"memory_tolerance":0.01}],"times":[2.0954586897e10]}]],"medians":[987.0247345,1716.664124,5050.249825,7238.35762,9862.46922,17431.034515,20954.586897]}