{"lengs":[10.0],"benchmarks":[["Trial",{"allocs":5055,"gctimes":[0.0,0.0,0.0,0.0,0.0],"memory":6700064,"params":["Parameters",{"gctrial":true,"time_tolerance":0.05,"samples":10000,"evals":1,"gcsample":false,"seconds":5.0,"overhead":0.0,"memory_tolerance":0.01}],"times":[1.188803653e9,1.178047958e9,1.172756938e9,1.174424099e9,1.185511566e9]}]],"medians":[1178.047958]}