{"lengs":[149.9684835502374],"benchmarks":[["Trial",{"allocs":10919,"gctimes":[0.0,0.0,0.0],"memory":116894176,"params":["Parameters",{"gctrial":true,"time_tolerance":0.05,"samples":10000,"evals":1,"gcsample":false,"seconds":5.0,"overhead":0.0,"memory_tolerance":0.01}],"times":[1.71176736e9,1.710224796e9,1.684760499e9]}]],"medians":[1710.224796]}