{"lengs":[1.9998618696327441],"benchmarks":[["Trial",{"allocs":13181,"gctimes":[0.0,0.0,0.0,0.0,0.0,0.0,0.0,0.0,0.0,0.0,0.0,0.0,0.0,0.0,0.0,0.0,0.0,0.0,0.0,0.0,0.0,0.0,0.0,0.0,0.0,0.0,0.0,0.0,0.0,0.0,0.0,0.0,0.0,0.0,0.0,0.0,0.0,0.0,0.0,0.0,0.0,0.0,0.0,0.0,0.0,0.0,0.0,0.0,0.0,0.0,0.0,0.0,0.0,0.0,0.0,0.0,0.0,0.0,1.700536e7,0.0,0.0,0.0,0.0,0.0,0.0,0.0,0.0,0.0,0.0,0.0,0.0,0.0,0.0],"memory":3576416,"params":["Parameters",{"gctrial":true,"time_tolerance":0.05,"samples":10000,"evals":1,"gcsample":false,"seconds":5.0,"overhead":0.0,"memory_tolerance":0.01}],"times":[6.9204174e7,6.8611965e7,7.2990044e7,7.2619615e7,6.8736736e7,7.1917139e7,6.8935956e7,6.9263595e7,6.8549424e7,6.8406459e7,6.8662686e7,6.8536051e7,6.8620805e7,6.8619646e7,6.9134282e7,6.898546e7,6.8578165e7,6.8508278e7,6.8501892e7,6.8480942e7,7.1942409e7,6.9909987e7,6.8455174e7,6.8263112e7,6.8315655e7,6.8416583e7,6.8931437e7,6.8329485e7,6.9245214e7,6.8411545e7,6.8373904e7,6.8568554e7,6.8387746e7,6.8823431e7,6.8127583e7,7.2037483e7,6.9059484e7,6.8393812e7,6.8433044e7,6.862246e7,6.8607665e7,6.9029541e7,6.8221807e7,6.8302321e7,6.8330411e7,6.8357289e7,6.8580452e7,6.8320624e7,6.831476e7,6.8348269e7,7.1786128e7,6.9444325e7,6.8344398e7,6.8369699e7,6.8739056e7,6.8865113e7,6.8237988e7,6.837908e7,8.6121999e7,6.7382255e7,6.7784764e7,6.7355035e7,6.735104e7,6.7183957e7,6.7412635e7,7.1300142e7,6.7981223e7,6.7282278e7,6.7338832e7,6.7641424e7,6.7831138e7,6.7722201e7,6.7988638e7]}]],"medians":[68.480942]}