{"lengs":[10.0],"benchmarks":[["Trial",{"allocs":2402,"gctimes":[0.0,0.0,0.0,0.0,0.0,0.0,0.0,0.0,0.0,0.0,0.0,0.0,0.0,0.0,0.0,0.0,0.0,0.0,0.0,0.0,0.0,0.0,0.0,0.0,0.0,0.0,0.0,0.0,0.0,0.0,0.0,0.0,0.0,0.0,0.0,0.0,0.0,0.0,0.0,0.0,0.0,0.0,0.0,0.0,0.0,0.0,0.0,0.0,0.0,0.0,0.0,0.0,1.0092627e7,0.0,0.0,0.0,0.0,0.0,0.0,0.0,0.0,0.0,0.0,0.0,0.0,0.0,0.0,0.0,0.0,0.0,0.0,0.0,0.0,0.0,0.0,0.0,0.0,0.0,0.0,0.0,0.0,0.0,0.0,0.0,0.0,0.0,0.0,0.0,0.0,0.0,0.0,0.0,0.0,0.0,0.0,0.0,0.0,0.0,0.0,0.0,0.0,0.0,0.0,0.0,1.0509851e7,0.0,0.0,0.0,0.0,0.0,0.0,0.0,0.0,0.0,0.0,0.0,0.0,0.0,0.0,0.0,0.0,0.0,0.0,0.0,0.0,0.0,0.0,0.0,0.0,0.0,0.0,0.0,0.0,0.0,0.0,0.0,0.0,0.0,0.0,0.0],"memory":4808592,"params":["Parameters",{"gctrial":true,"time_tolerance":0.05,"samples":10000,"evals":1,"gcsample":false,"seconds":5.0,"overhead":0.0,"memory_tolerance":0.01}],"times":[3.619987e7,3.5567248e7,3.5326517e7,3.8845754e7,3.8053631e7,3.544966e7,3.5112445e7,3.5178801e7,3.510398e7,3.498002e7,3.5115349e7,3.5079121e7,3.5044671e7,3.5288373e7,3.5138657e7,3.515648e7,3.5257829e7,3.505408e7,3.5080833e7,3.5000438e7,3.5244427e7,3.5034898e7,3.5135298e7,3.830416e7,3.5842655e7,3.5162503e7,3.5077821e7,3.5061158e7,3.5138505e7,3.502539e7,3.5049291e7,3.4994391e7,3.5401237e7,3.510046e7,3.5217657e7,3.5080877e7,3.5335238e7,3.5051015e7,3.4988685e7,3.5090906e7,3.5196837e7,3.5476265e7,3.5093121e7,3.5087364e7,3.5182408e7,3.5086733e7,3.5041519e7,3.5163299e7,3.507615e7,3.4978398e7,3.5261634e7,3.5143993e7,4.9100444e7,3.8812425e7,3.8398978e7,3.8125701e7,3.8037313e7,3.7997634e7,3.8164505e7,3.7938579e7,3.9751634e7,3.4968682e7,3.5048472e7,3.4988913e7,3.5075985e7,3.5006552e7,3.4973373e7,3.4966163e7,3.5059192e7,3.5006709e7,3.4940625e7,3.4992869e7,3.5218381e7,3.5126249e7,3.491853e7,3.5038837e7,3.5085669e7,3.504757e7,3.5029322e7,3.4970826e7,3.5092808e7,3.7610088e7,3.5686636e7,3.5436006e7,3.5067875e7,3.4928253e7,3.4986897e7,3.5096237e7,3.5026719e7,3.5010667e7,3.5005953e7,3.5054042e7,3.5261651e7,3.526822e7,3.5116175e7,3.4942236e7,3.5008766e7,3.500991e7,3.4929466e7,3.5005233e7,3.55807e7,3.6902076e7,3.6859273e7,3.6904194e7,4.8053517e7,3.7102285e7,3.7093081e7,3.7022976e7,3.5895273e7,3.6089683e7,3.7589085e7,3.7149758e7,3.691286e7,3.6943895e7,3.6959559e7,3.6963091e7,3.6928008e7,3.6808228e7,3.6887133e7,3.7034163e7,3.6338774e7,3.5010737e7,3.5066141e7,3.4978617e7,3.5078519e7,3.5079127e7,3.5057624e7,3.5160718e7,3.5330611e7,3.5142545e7,3.4911181e7,3.5042471e7,3.5479559e7,3.5079807e7,3.5007276e7,3.5089833e7,3.5185928e7,3.5039616e7,3.5926891e7,3.7538161e7]}]],"medians":[35.121212]}