{"lengs":[1.9998618696327441],"benchmarks":[["Trial",{"allocs":63699,"gctimes":[0.0,0.0,0.0,0.0,0.0,0.0,0.0,0.0,0.0,0.0,0.0,0.0,0.0,0.0,0.0,0.0,0.0,0.0,0.0,0.0,0.0,0.0,0.0,0.0,0.0,0.0,0.0,0.0,0.0,0.0,0.0,0.0,0.0,0.0,0.0,0.0,0.0,0.0,0.0,2.0410752e7,0.0,0.0,0.0,0.0,0.0,0.0,0.0,0.0,0.0,0.0,0.0,0.0,0.0,0.0,0.0,0.0,0.0,0.0,0.0,0.0,0.0,0.0,0.0,0.0,0.0,0.0,0.0,0.0,0.0,0.0,0.0,0.0,0.0,0.0,0.0,0.0,0.0,0.0,0.0,2.0336061e7,0.0,0.0,0.0,0.0,0.0,0.0,0.0,0.0,0.0,0.0,0.0,0.0,0.0,0.0,0.0,0.0,0.0,0.0,0.0,0.0,0.0,0.0,0.0,0.0,0.0,0.0,0.0,0.0,0.0,0.0,0.0,0.0,0.0,0.0,0.0,0.0,0.0,0.0,0.0,2.0365718e7,0.0,0.0,0.0,0.0,0.0,0.0,0.0,0.0,0.0,0.0,0.0,0.0,0.0,0.0,0.0,0.0,0.0,0.0,0.0,0.0,0.0,0.0,0.0,0.0,0.0,0.0,0.0,0.0,0.0,0.0,0.0,0.0,0.0,0.0,0.0,0.0,0.0,0.0,0.0,2.0392103e7,0.0,0.0,0.0,0.0,0.0,0.0,0.0,0.0,0.0,0.0,0.0,0.0,0.0,0.0,0.0,0.0,0.0,0.0,0.0,0.0,0.0,0.0,0.0,0.0,0.0,0.0,0.0,0.0,0.0,0.0,0.0,0.0,0.0,0.0,0.0,0.0,0.0,0.0,0.0,2.0358402e7,0.0,0.0,0.0,0.0,0.0,0.0,0.0,0.0,0.0,0.0,0.0,0.0,0.0,0.0,0.0,0.0,0.0,0.0,0.0,0.0,0.0,0.0,0.0,0.0,0.0,0.0,0.0,0.0,0.0,0.0,0.0,0.0,0.0,0.0,0.0,0.0,0.0,0.0,0.0,2.0331152e7,0.0,0.0,0.0,0.0,0.0,0.0,0.0,0.0,0.0,0.0,0.0,0.0,0.0,0.0,0.0,0.0,0.0,0.0,0.0,0.0,0.0,0.0,0.0,0.0,0.0,0.0,0.0,0.0,0.0,0.0,0.0,0.0,0.0,0.0,0.0,0.0,0.0,0.0,0.0,2.0317221e7,0.0,0.0,0.0,0.0,0.0,0.0,0.0,0.0,0.0,0.0,0.0,0.0,0.0,0.0,0.0,0.0,0.0,0.0,0.0,0.0,0.0,0.0,0.0,0.0,0.0,0.0,0.0,0.0,0.0,0.0,0.0,0.0,0.0,0.0,0.0,0.0,0.0,0.0,0.0,2.0384409e7,0.0,0.0,0.0,0.0,0.0,0.0,0.0,0.0,0.0,0.0,0.0,0.0,0.0,0.0,0.0,0.0,0.0,0.0,0.0,0.0,0.0,0.0,0.0,0.0,0.0,0.0,0.0,0.0,0.0,0.0,0.0,0.0,0.0,0.0,0.0,0.0,0.0,0.0,0.0,2.0680974e7,0.0,0.0,0.0,0.0,0.0,0.0,0.0,0.0,0.0,0.0,0.0,0.0,0.0,0.0,0.0,0.0,0.0,0.0,0.0,0.0,0.0,0.0,0.0,0.0,0.0,0.0,0.0,0.0,0.0,0.0,0.0,0.0,0.0,0.0,0.0,0.0,0.0,0.0,0.0,2.0548069e7,0.0,0.0,0.0,0.0,0.0,0.0,0.0,0.0,0.0,0.0,0.0,0.0,0.0,0.0,0.0,0.0,0.0,0.0,0.0,0.0,0.0,0.0,0.0,0.0,0.0,0.0,0.0,0.0,0.0,0.0,0.0,0.0,0.0,0.0,0.0,0.0,0.0,0.0,0.0,2.0402295e7,0.0,0.0,0.0,0.0,0.0,0.0,0.0,0.0,0.0,0.0,0.0,0.0,0.0,0.0,0.0,0.0,0.0,0.0,0.0,0.0,0.0,0.0,0.0,0.0,0.0,0.0,0.0,0.0,0.0,0.0,0.0,0.0,0.0,0.0,0.0,0.0,0.0,0.0,0.0,2.0371343e7,0.0,0.0,0.0,0.0,0.0,0.0,0.0,0.0,0.0,0.0,0.0,0.0,0.0,0.0,0.0,0.0,0.0,0.0],"memory":5283576,"params":["Parameters",{"gctrial":true,"time_tolerance":0.05,"samples":10000,"evals":1,"gcsample":false,"seconds":5.0,"overhead":0.0,"memory_tolerance":0.01}],"times":[9.83622e6,9.695554e6,9.670346e6,9.747564e6,1.0116348e7,9.899686e6,9.932091e6,9.960918e6,9.937535e6,9.942047e6,1.0078143e7,1.0104673e7,9.986575e6,9.964577e6,9.983231e6,9.98612e6,9.98211e6,1.0000445e7,9.97507e6,9.972749e6,1.006414e7,1.0094378e7,1.0006691e7,1.0104677e7,1.0017382e7,1.0004262e7,9.946837e6,9.941685e6,9.930645e6,9.979418e6,9.926675e6,9.921123e6,9.918954e6,1.0143283e7,9.928636e6,1.0142903e7,1.0220694e7,1.0157873e7,1.0058008e7,3.1787804e7,9.065932e6,9.021169e6,8.954754e6,8.895564e6,9.001465e6,8.987321e6,8.951989e6,8.963256e6,8.978837e6,8.983173e6,8.997893e6,8.936144e6,8.912663e6,8.897291e6,8.941095e6,8.923066e6,8.882877e6,9.043641e6,9.378137e6,9.491536e6,1.0373095e7,1.0368566e7,1.0470769e7,1.0353262e7,1.0277838e7,1.0337203e7,1.0456107e7,1.0125578e7,9.794156e6,9.870262e6,9.834027e6,1.0046261e7,9.953693e6,1.0073165e7,9.959681e6,1.0100758e7,1.0195375e7,1.0051573e7,1.0083225e7,3.1026905e7,9.020286e6,9.061991e6,8.94705e6,8.881936e6,8.95724e6,8.947384e6,8.963221e6,8.896388e6,8.931787e6,8.946218e6,8.903888e6,8.999482e6,8.912631e6,9.02752e6,8.90509e6,8.911793e6,8.88842e6,9.202439e6,9.060133e6,9.039911e6,9.917608e6,9.979516e6,1.0287235e7,1.0146564e7,1.005688e7,9.978424e6,9.944394e6,9.759125e6,9.735785e6,9.82981e6,9.828675e6,9.852382e6,9.993251e6,1.0001642e7,1.0023196e7,1.0199266e7,1.0186773e7,9.999024e6,1.0135968e7,3.1214567e7,9.008683e6,8.922889e6,8.948522e6,8.91339e6,8.93367e6,8.940917e6,8.901819e6,8.920169e6,8.932667e6,9.093591e6,8.953308e6,8.910976e6,9.186887e6,9.028356e6,9.290173e6,8.895047e6,8.856738e6,8.949226e6,8.877998e6,9.108634e6,9.873212e6,1.0009904e7,9.95396e6,1.0236099e7,1.0008461e7,1.0286853e7,9.932783e6,9.719204e6,9.770116e6,9.972135e6,9.872101e6,9.835001e6,9.968377e6,1.0022443e7,9.898274e6,1.0199329e7,1.0157316e7,1.0003602e7,1.0133906e7,3.1350051e7,9.595889e6,9.477697e6,9.335537e6,9.15016e6,9.10187e6,9.122585e6,9.147483e6,9.212183e6,8.882192e6,9.097356e6,8.941594e6,8.88805e6,8.915346e6,8.903899e6,8.911795e6,9.139603e6,8.893925e6,8.986223e6,8.873779e6,9.236445e6,9.889714e6,1.0025648e7,9.942593e6,9.935933e6,9.957912e6,9.973928e6,9.937296e6,9.717405e6,9.741301e6,9.808541e6,9.824804e6,1.0055632e7,9.947579e6,1.0020789e7,9.899345e6,1.0036677e7,1.0093843e7,1.0195785e7,1.0105189e7,3.1162193e7,9.027158e6,8.97669e6,8.927548e6,8.934545e6,8.943613e6,8.926176e6,9.367992e6,8.921057e6,9.037318e6,8.952532e6,8.921045e6,9.095469e6,8.890815e6,8.889205e6,8.919354e6,8.93462e6,8.921063e6,8.898594e6,8.931272e6,9.160896e6,9.883432e6,9.95705e6,9.923716e6,1.0197329e7,9.985348e6,9.967566e6,9.958268e6,9.734435e6,9.747043e6,9.840681e6,9.823913e6,9.879079e6,9.965203e6,1.0047168e7,1.0196691e7,1.0075373e7,1.0166648e7,1.0026023e7,1.0287286e7,3.1212269e7,9.060877e6,8.973032e6,8.945372e6,9.146533e6,8.950188e6,8.959259e6,8.967654e6,9.344544e6,8.913465e6,8.968426e6,8.929696e6,8.925978e6,8.909137e6,9.025381e6,8.901823e6,8.975058e6,8.922655e6,8.967211e6,8.985739e6,9.036535e6,1.0086456e7,9.95083e6,9.950498e6,9.972819e6,1.0015435e7,1.0331228e7,1.0491339e7,1.0102311e7,1.0101623e7,1.0148412e7,1.002926e7,1.0033141e7,1.001122e7,1.0121742e7,9.941041e6,1.0056593e7,1.0135507e7,1.0129301e7,1.0130472e7,3.1260399e7,9.021188e6,9.018196e6,8.934668e6,8.883742e6,8.950489e6,9.009673e6,9.395297e6,9.3252e6,8.923663e6,8.953445e6,8.943101e6,9.060042e6,8.896138e6,9.106582e6,8.955731e6,8.914956e6,9.04163e6,8.928384e6,8.931879e6,9.004713e6,9.832175e6,9.949988e6,9.934727e6,9.960362e6,9.998913e6,9.962733e6,1.0169275e7,9.711871e6,9.774627e6,9.847379e6,9.80483e6,9.978869e6,9.897264e6,1.0077592e7,9.900691e6,9.990936e6,1.0231687e7,1.0017709e7,1.0069885e7,3.1304573e7,8.986632e6,8.977775e6,8.931818e6,8.904716e6,8.906857e6,9.055139e6,9.025115e6,8.941025e6,8.912516e6,9.094676e6,8.926716e6,8.902453e6,8.900587e6,8.937741e6,8.896057e6,8.93932e6,8.927773e6,9.052776e6,8.904193e6,8.93333e6,9.850034e6,1.0127374e7,9.945935e6,9.956909e6,1.0038761e7,9.969102e6,1.0012504e7,9.750293e6,9.749034e6,9.821649e6,9.81683e6,9.843233e6,1.0025444e7,1.007209e7,9.966122e6,1.0011396e7,1.0436261e7,1.0215359e7,1.0377677e7,3.1719888e7,8.977816e6,8.963978e6,8.935657e6,8.91381e6,8.906195e6,8.908911e6,9.139525e6,8.992387e6,9.342622e6,9.249971e6,9.498656e6,9.249066e6,9.292264e6,9.256098e6,9.203296e6,9.191247e6,8.96742e6,8.934725e6,8.926319e6,8.89643e6,1.0072333e7,9.938404e6,9.975449e6,9.953696e6,9.992623e6,1.024708e7,1.0083977e7,9.828088e6,9.773425e6,9.848555e6,9.818826e6,9.823862e6,9.9016e6,1.0102226e7,9.925539e6,1.0027573e7,1.0213091e7,1.0045239e7,1.0041813e7,3.1548028e7,9.013717e6,8.945569e6,8.962652e6,8.919931e6,8.926057e6,8.949145e6,8.944552e6,8.918725e6,8.974894e6,8.969569e6,8.923762e6,8.95878e6,8.893747e6,8.923664e6,8.913163e6,8.953738e6,8.921078e6,8.910253e6,8.892602e6,9.007006e6,1.0030089e7,9.976342e6,1.0167545e7,9.921198e6,1.0135836e7,1.0094512e7,1.011518e7,9.733009e6,9.746568e6,9.807318e6,9.830235e6,9.856742e6,9.849046e6,1.0101011e7,9.874479e6,9.969012e6,1.0073761e7,1.0181972e7,1.0154223e7,3.1446188e7,9.01069e6,8.981058e6,8.966614e6,8.908524e6,8.94387e6,8.936015e6,9.128854e6,8.927491e6,8.904335e6,9.080754e6,8.909032e6,8.90896e6,8.877804e6,9.007009e6,8.915422e6,8.899186e6,8.892657e6,9.147506e6,8.921455e6,8.875535e6,9.739464e6,9.947688e6,9.950577e6,9.998872e6,1.0038369e7,9.971789e6,1.0009251e7,9.75622e6,9.772378e6,9.968142e6,9.805791e6,9.906665e6,9.835958e6,1.059435e7,1.0119489e7,1.0184738e7,1.030862e7,1.0176334e7,1.0112966e7,3.1599411e7,9.001853e6,9.136947e6,8.90655e6,8.929553e6,8.94617e6,8.936436e6,9.189192e6,8.949527e6,8.924953e6,8.965161e6,9.136838e6,8.899669e6,8.919094e6,8.908465e6,9.033233e6,8.895526e6,8.901751e6,8.957331e6]}]],"medians":[9.7468055]}