{"lengs":[10.0],"benchmarks":[["Trial",{"allocs":12199,"gctimes":[0.0,0.0,0.0,0.0,0.0,0.0,0.0,0.0,0.0,0.0,1.1157599e7,0.0,0.0,0.0,0.0,0.0,0.0,0.0,0.0,0.0,0.0,1.0701484e7,0.0,0.0,0.0,0.0,0.0,0.0,0.0,0.0,0.0,0.0,1.3363899e7,0.0,0.0,0.0,0.0,0.0,0.0],"memory":23278784,"params":["Parameters",{"gctrial":true,"time_tolerance":0.05,"samples":10000,"evals":1,"gcsample":false,"seconds":5.0,"overhead":0.0,"memory_tolerance":0.01}],"times":[1.26555116e8,1.25120016e8,1.24287552e8,1.28715804e8,1.30697265e8,1.33169494e8,1.31668956e8,1.30619684e8,1.30573056e8,1.30516535e8,1.42381954e8,1.31064704e8,1.30052258e8,1.32402058e8,1.30626674e8,1.30327262e8,1.30383653e8,1.3013168e8,1.30233004e8,1.30031364e8,1.30344446e8,1.43514424e8,1.30610847e8,1.30154697e8,1.30390697e8,1.30156476e8,1.30326369e8,1.3019158e8,1.30385873e8,1.30118067e8,1.23496744e8,1.25772671e8,1.39715779e8,1.24338313e8,1.23660271e8,1.23995134e8,1.24173195e8,1.28208742e8,1.30717314e8]}]],"medians":[130.326369]}