{"lengs":[19998.61869632745],"benchmarks":[["Trial",{"allocs":531206,"gctimes":[1.66266524e8],"memory":2668321040,"params":["Parameters",{"gctrial":true,"time_tolerance":0.05,"samples":10000,"evals":1,"gcsample":false,"seconds":5.0,"overhead":0.0,"memory_tolerance":0.01}],"times":[3.59005910803e11]}]],"medians":[359005.910803]}