{"lengs":[1.9998618696327441],"benchmarks":[["Trial",{"allocs":14801,"gctimes":[0.0,0.0,0.0,0.0,0.0,0.0,0.0,0.0,0.0,0.0,0.0,0.0,0.0,0.0,0.0,0.0,0.0,0.0,0.0,0.0,0.0,0.0,0.0,0.0,0.0,0.0,0.0,0.0,0.0,0.0,1.9433344e7,0.0,0.0,0.0,0.0,0.0,0.0,0.0,0.0,0.0,0.0,0.0,0.0,0.0,0.0,0.0,0.0,0.0,0.0,0.0,0.0,0.0,0.0,0.0,0.0,0.0,0.0,0.0,0.0,0.0,0.0,1.9453337e7,0.0,0.0,0.0,0.0,0.0,0.0,0.0,0.0,0.0,0.0,0.0,0.0,0.0,0.0,0.0,0.0,0.0,0.0,0.0,0.0,0.0,0.0,0.0,0.0,0.0,0.0,0.0,0.0,0.0,0.0,1.9252918e7,0.0,0.0,0.0,0.0,0.0,0.0,0.0,0.0,0.0,0.0,0.0,0.0,0.0,0.0,0.0,0.0,0.0,0.0,0.0,0.0,0.0,0.0,0.0,0.0,0.0,0.0,0.0,0.0,0.0,0.0,2.058771e7,0.0,0.0,0.0,0.0,0.0,0.0,0.0,0.0,0.0,0.0,0.0,0.0,0.0,0.0,0.0,0.0,0.0,0.0,0.0,0.0,0.0,0.0,0.0,0.0,0.0,0.0,0.0,0.0,0.0,0.0,1.9200531e7,0.0,0.0,0.0,0.0,0.0,0.0,0.0,0.0,0.0,0.0,0.0,0.0,0.0,0.0,0.0,0.0,0.0,0.0,0.0,0.0,0.0,0.0,0.0,0.0,0.0,0.0,0.0,0.0,0.0,0.0,1.9105565e7,0.0,0.0,0.0,0.0,0.0,0.0,0.0,0.0,0.0,0.0,0.0,0.0,0.0,0.0,0.0,0.0,0.0,0.0,0.0,0.0,0.0,0.0,0.0,0.0],"memory":6792128,"params":["Parameters",{"gctrial":true,"time_tolerance":0.05,"samples":10000,"evals":1,"gcsample":false,"seconds":5.0,"overhead":0.0,"memory_tolerance":0.01}],"times":[2.5420948e7,2.4428835e7,2.4786328e7,2.4541401e7,2.4394215e7,2.4394621e7,2.435869e7,2.4363805e7,2.4330838e7,2.4288451e7,2.431372e7,2.4311575e7,2.4247799e7,2.4343257e7,2.430733e7,2.4228253e7,2.4389077e7,2.4266037e7,2.4264535e7,2.4269541e7,2.4395997e7,2.4298012e7,2.4270267e7,2.4295435e7,2.4386759e7,2.4949063e7,2.439505e7,2.2167941e7,2.2120034e7,2.240943e7,4.0881812e7,2.0460615e7,1.9737657e7,2.0088152e7,1.9767629e7,1.9713506e7,1.9726555e7,1.9825837e7,2.1655268e7,2.1679418e7,2.1601268e7,2.1563791e7,2.1538273e7,2.158146e7,2.1551794e7,2.1584136e7,2.1648122e7,2.1754569e7,2.1624247e7,2.1575972e7,2.1707103e7,2.1619616e7,2.1594645e7,2.1618021e7,2.1659587e7,2.1585572e7,2.1669376e7,2.1562849e7,2.1581569e7,2.1599896e7,2.1588337e7,4.0817352e7,2.0490112e7,2.0282382e7,2.0179753e7,1.9800012e7,1.9739351e7,1.9770975e7,1.9843063e7,2.1575747e7,2.1537729e7,2.1578402e7,2.2934361e7,2.4779797e7,2.2093769e7,2.1937474e7,2.1590878e7,2.1712328e7,2.1598595e7,2.1633366e7,2.1570816e7,2.1634366e7,2.1630995e7,2.1562654e7,2.1581147e7,2.1629406e7,2.1580315e7,2.1625649e7,2.1622197e7,2.1571297e7,2.1659202e7,2.1600155e7,4.0319258e7,2.0447093e7,1.9776194e7,2.0108671e7,1.9813054e7,1.9754484e7,1.9773564e7,2.0050895e7,2.1584178e7,2.1548196e7,2.1555694e7,2.1602745e7,2.1546859e7,2.1610603e7,2.1594973e7,2.1536862e7,2.1663809e7,2.1564593e7,2.1581249e7,2.2307488e7,2.1676993e7,2.1575007e7,2.1559505e7,2.1556479e7,2.165991e7,2.1556253e7,2.1595485e7,2.1553947e7,2.4490157e7,2.3763656e7,2.2233464e7,4.1863196e7,2.0529787e7,1.9752988e7,2.0074632e7,1.978115e7,1.9733129e7,1.9766824e7,2.0420825e7,2.1550671e7,2.1616575e7,2.1544222e7,2.1571646e7,2.1579268e7,2.156104e7,2.1586374e7,2.154521e7,2.1601859e7,2.1612792e7,2.1517945e7,2.1558459e7,2.1648578e7,2.1554749e7,2.160238e7,2.1633038e7,2.1756907e7,2.1623135e7,2.1633079e7,2.156072e7,2.4993883e7,2.3342846e7,2.2298108e7,4.0241677e7,2.055819e7,1.9732702e7,1.958788e7,1.9182798e7,2.4345653e7,2.8673626e7,2.9643301e7,3.1244351e7,3.115134e7,3.1422328e7,3.0218184e7,2.8220343e7,2.8151414e7,2.7735814e7,2.7734538e7,2.7883885e7,2.7710666e7,2.7754893e7,2.7708825e7,2.7869214e7,2.7748442e7,2.7734218e7,2.7894838e7,2.7803698e7,2.7722292e7,2.783151e7,2.7717901e7,2.7734615e7,2.7776099e7,2.7696204e7,4.5663115e7,2.6282191e7,2.5616545e7,2.5897465e7,2.5587828e7,2.5475999e7,2.5501869e7,2.6610554e7,2.7825509e7,2.775336e7,2.7698571e7,2.7667375e7,2.7709485e7,2.7709009e7,2.7753339e7,2.7714537e7,2.8239476e7,2.8194011e7,2.8190029e7,2.8000963e7,2.8162925e7,2.7744625e7,2.7774893e7,2.7737438e7,2.7785387e7]}]],"medians":[21.6618595]}