{"lengs":[10.0],"benchmarks":[["Trial",{"allocs":1113372,"gctimes":[0.0,0.0,0.0,2.3365574e7,0.0,0.0,2.3492942e7,0.0,0.0,0.0,2.3488872e7,0.0,0.0,2.363972e7,0.0,0.0,2.4292097e7,0.0],"memory":78267032,"params":["Parameters",{"gctrial":true,"time_tolerance":0.05,"samples":10000,"evals":1,"gcsample":false,"seconds":5.0,"overhead":0.0,"memory_tolerance":0.01}],"times":[2.959137e8,2.97822546e8,2.86267971e8,3.00721698e8,2.77068536e8,2.85328067e8,3.00510795e8,2.72450747e8,2.81110319e8,2.82463257e8,2.97808149e8,2.82302473e8,2.82716791e8,3.00051254e8,2.79594964e8,2.847301e8,3.05273004e8,2.71861877e8]}]],"medians":[285.0290835]}