{"lengs":[10.0,21.544346900318832,46.4158883361278,100.0,215.44346900318845,464.15888336127773,1000.0],"benchmarks":[["Trial",{"allocs":27202,"gctimes":[0.0,0.0],"memory":38905424,"params":["Parameters",{"gctrial":true,"time_tolerance":0.05,"samples":10000,"evals":1,"gcsample":false,"seconds":5.0,"overhead":0.0,"memory_tolerance":0.01}],"times":[2.55099321e9,2.527394355e9]}],["Trial",{"allocs":31887,"gctimes":[0.0,0.0],"memory":41200544,"params":["Parameters",{"gctrial":true,"time_tolerance":0.05,"samples":10000,"evals":1,"gcsample":false,"seconds":5.0,"overhead":0.0,"memory_tolerance":0.01}],"times":[2.700516605e9,2.67463565e9]}],["Trial",{"allocs":84988,"gctimes":[0.0,0.0],"memory":63806096,"params":["Parameters",{"gctrial":true,"time_tolerance":0.05,"samples":10000,"evals":1,"gcsample":false,"seconds":5.0,"overhead":0.0,"memory_tolerance":0.01}],"times":[4.105063293e9,4.080102636e9]}],["Trial",{"allocs":96971,"gctimes":[0.0,0.0],"memory":67391744,"params":["Parameters",{"gctrial":true,"time_tolerance":0.05,"samples":10000,"evals":1,"gcsample":false,"seconds":5.0,"overhead":0.0,"memory_tolerance":0.01}],"times":[4.324930227e9,4.320979117e9]}],["Trial",{"allocs":105809,"gctimes":[0.0,0.0],"memory":70262336,"params":["Parameters",{"gctrial":true,"time_tolerance":0.05,"samples":10000,"evals":1,"gcsample":false,"seconds":5.0,"overhead":0.0,"memory_tolerance":0.01}],"times":[4.622400364e9,4.558741411e9]}],["Trial",{"allocs":153314,"gctimes":[0.0],"memory":86205664,"params":["Parameters",{"gctrial":true,"time_tolerance":0.05,"samples":10000,"evals":1,"gcsample":false,"seconds":5.0,"overhead":0.0,"memory_tolerance":0.01}],"times":[5.497639072e9]}],["Trial",{"allocs":195078,"gctimes":[0.0],"memory":98697696,"params":["Parameters",{"gctrial":true,"time_tolerance":0.05,"samples":10000,"evals":1,"gcsample":false,"seconds":5.0,"overhead":0.0,"memory_tolerance":0.01}],"times":[6.506363959e9]}]],"medians":[2539.1937825,2687.5761275,4092.5829645,4322.954672,4590.5708875,5497.639072,6506.363959]}