{"lengs":[149.9684835502374],"benchmarks":[["Trial",{"allocs":9096,"gctimes":[0.0,0.0,0.0],"memory":93484592,"params":["Parameters",{"gctrial":true,"time_tolerance":0.05,"samples":10000,"evals":1,"gcsample":false,"seconds":5.0,"overhead":0.0,"memory_tolerance":0.01}],"times":[1.692512181e9,1.653080571e9,1.67150592e9]}]],"medians":[1671.50592]}