{"lengs":[10.0,21.544346900318832,46.4158883361278,100.0,215.44346900318845,464.15888336127773,1000.0],"benchmarks":[["Trial",{"allocs":2994,"gctimes":[0.0,0.0,0.0,0.0,0.0,0.0,0.0,0.0,0.0,0.0,0.0,0.0,0.0,0.0,0.0,0.0,0.0,0.0,0.0,0.0,0.0,0.0,0.0,0.0,0.0,0.0,0.0,0.0,0.0,0.0,0.0,0.0,0.0,0.0,0.0,0.0,0.0,0.0,0.0,0.0,0.0,0.0,8.005802e6,0.0,0.0,0.0,0.0,0.0,0.0,0.0,0.0,0.0,0.0,0.0,0.0,0.0,0.0,0.0,0.0,0.0],"memory":5837776,"params":["Parameters",{"gctrial":true,"time_tolerance":0.05,"samples":10000,"evals":1,"gcsample":false,"seconds":5.0,"overhead":0.0,"memory_tolerance":0.01}],"times":[9.4052033e7,9.0912735e7,9.0660161e7,9.0543226e7,9.1437566e7,9.0979775e7,9.1202232e7,9.0843405e7,9.1000543e7,9.2499143e7,9.0429156e7,9.1453327e7,8.3067946e7,8.1810506e7,8.1916588e7,8.2003066e7,8.1560955e7,8.1794803e7,8.0316865e7,8.0540803e7,8.0633025e7,8.1492801e7,8.0351419e7,8.1855037e7,8.7225341e7,8.0606075e7,8.0534592e7,8.1783963e7,8.1651656e7,8.1863029e7,8.1875909e7,8.165019e7,8.1567881e7,8.1635564e7,8.1119849e7,8.7926616e7,8.2110466e7,8.692668e7,8.1405483e7,8.2020873e7,8.1834825e7,8.1255948e7,9.0916769e7,8.1840289e7,8.1680328e7,8.2790483e7,8.2333443e7,8.1889336e7,8.2164367e7,8.3841688e7,8.2421823e7,8.3631036e7,8.1671977e7,8.1615413e7,8.1382554e7,8.1585273e7,8.1782669e7,8.2073579e7,8.1592109e7,8.2063613e7]}],["Trial",{"allocs":3523,"gctimes":[0.0,0.0,0.0,0.0,0.0,0.0,0.0,0.0,0.0,0.0,0.0,0.0,0.0,0.0,0.0,0.0,0.0,0.0,0.0,0.0,0.0,0.0,0.0,0.0,0.0,0.0,0.0,0.0,0.0,0.0,0.0,0.0,0.0,0.0,0.0,0.0,0.0,0.0,0.0,0.0,8.147767e6,0.0,0.0,0.0,0.0,0.0,0.0,0.0,0.0,0.0,0.0,0.0,0.0],"memory":6245696,"params":["Parameters",{"gctrial":true,"time_tolerance":0.05,"samples":10000,"evals":1,"gcsample":false,"seconds":5.0,"overhead":0.0,"memory_tolerance":0.01}],"times":[1.0031739e8,9.8962438e7,9.8525865e7,9.8637076e7,1.0002084e8,1.03073816e8,1.00135039e8,9.9012917e7,9.9102132e7,1.0124825e8,9.8500774e7,9.8706167e7,9.8272725e7,9.9060778e7,9.8949864e7,9.9172264e7,1.03780235e8,9.9241634e7,9.7340741e7,9.717525e7,9.7252464e7,9.8618496e7,9.7199225e7,9.8947284e7,9.8952174e7,8.8182317e7,9.2547215e7,9.1552491e7,8.9389925e7,8.9795319e7,8.9118865e7,8.9487813e7,8.9727627e7,8.8706612e7,8.8887033e7,9.6853303e7,8.9781898e7,8.9285587e7,9.4536964e7,9.0336218e7,9.7775955e7,9.0676917e7,8.9283509e7,8.9998057e7,8.9239029e7,8.9690155e7,8.9673082e7,8.9323573e7,9.1384031e7,9.2423918e7,8.9261949e7,8.814849e7,8.750251e7]}],["Trial",{"allocs":4876,"gctimes":[0.0,0.0,0.0,0.0,0.0,0.0,0.0,0.0,0.0,0.0,0.0,0.0,0.0,0.0,0.0,0.0,0.0,0.0,0.0,0.0,0.0,0.0,0.0,0.0,0.0,0.0,0.0,0.0,0.0,0.0,0.0,0.0,0.0,0.0,0.0,0.0,8.514873e6,0.0,0.0],"memory":6942256,"params":["Parameters",{"gctrial":true,"time_tolerance":0.05,"samples":10000,"evals":1,"gcsample":false,"seconds":5.0,"overhead":0.0,"memory_tolerance":0.01}],"times":[1.16717293e8,1.09346128e8,1.09082747e8,1.09276821e8,1.11047285e8,1.09789058e8,1.10912605e8,1.07685613e8,1.07122424e8,1.12335236e8,1.08554129e8,1.06697612e8,1.06483303e8,1.07341482e8,1.07113245e8,1.07245571e8,1.06729939e8,1.37315369e8,1.48638461e8,1.48866133e8,1.48691755e8,1.54824135e8,1.48677244e8,1.51791202e8,1.51075246e8,1.48584678e8,1.4575891e8,1.45255648e8,1.45328925e8,1.45733194e8,1.44967307e8,1.44763596e8,1.4530164e8,1.36900009e8,1.34523163e8,1.46888785e8,1.44298745e8,1.37969246e8,1.35410267e8]}],["Trial",{"allocs":5470,"gctimes":[0.0,0.0,0.0,0.0,0.0,0.0,0.0,0.0,0.0,0.0,0.0,0.0,0.0,0.0,0.0,0.0,0.0,0.0,0.0,0.0,0.0,0.0,0.0,0.0,0.0,0.0,0.0,0.0,0.0,0.0,0.0,0.0,0.0,1.1170807e7,0.0,0.0],"memory":7382944,"params":["Parameters",{"gctrial":true,"time_tolerance":0.05,"samples":10000,"evals":1,"gcsample":false,"seconds":5.0,"overhead":0.0,"memory_tolerance":0.01}],"times":[1.58402723e8,1.56800449e8,1.57488787e8,1.56497161e8,1.58284612e8,1.56934065e8,1.58103906e8,1.57971025e8,1.57171493e8,1.52182576e8,1.39504328e8,1.40318309e8,1.3910436e8,1.3969162e8,1.4025975e8,1.40219064e8,1.40747577e8,1.40554615e8,1.37580927e8,1.37664666e8,1.38015505e8,1.39474028e8,1.37319959e8,1.39950757e8,1.33507916e8,1.24509744e8,1.24481689e8,1.26894107e8,1.26374423e8,1.26821044e8,1.26558897e8,1.25971485e8,1.2924128e8,1.38109252e8,1.26598759e8,1.26304137e8]}],["Trial",{"allocs":5722,"gctimes":[0.0,0.0,0.0,0.0,0.0,0.0,0.0,0.0,0.0,0.0,0.0,0.0,0.0,0.0,0.0,0.0,0.0,0.0,0.0,0.0,0.0,0.0,0.0,0.0,0.0,0.0,0.0,0.0,0.0,0.0,0.0,0.0,8.783042e6,0.0,0.0,0.0,0.0,0.0],"memory":7644128,"params":["Parameters",{"gctrial":true,"time_tolerance":0.05,"samples":10000,"evals":1,"gcsample":false,"seconds":5.0,"overhead":0.0,"memory_tolerance":0.01}],"times":[1.26378637e8,1.24719024e8,1.24301766e8,1.23591825e8,1.26609981e8,1.24862237e8,1.24854401e8,1.29882613e8,1.29439735e8,1.33462317e8,1.28700751e8,1.29063092e8,1.29295827e8,1.31240909e8,1.31259452e8,1.31802812e8,1.24643627e8,1.24939684e8,1.23594536e8,1.2461377e8,1.22293193e8,1.25338358e8,1.22454037e8,1.27880768e8,1.25729008e8,1.2234333e8,1.23327242e8,1.238983e8,1.25026182e8,1.25544488e8,1.25237524e8,1.24927006e8,1.38272177e8,1.24180535e8,1.49490584e8,1.81615349e8,1.84687954e8,1.8446213e8]}],["Trial",{"allocs":5874,"gctimes":[0.0,0.0,0.0,0.0,0.0,0.0,0.0,0.0,0.0,0.0,0.0,0.0,0.0,0.0,0.0,0.0,0.0,0.0,0.0,0.0,0.0,0.0,0.0,0.0,0.0,0.0,0.0,0.0,0.0,0.0],"memory":7802640,"params":["Parameters",{"gctrial":true,"time_tolerance":0.05,"samples":10000,"evals":1,"gcsample":false,"seconds":5.0,"overhead":0.0,"memory_tolerance":0.01}],"times":[1.37864643e8,1.37866048e8,1.33290794e8,1.85531113e8,1.93960997e8,1.92515804e8,1.9311096e8,1.91372734e8,1.83663688e8,1.88851511e8,1.85532043e8,1.84838867e8,1.83528063e8,1.85211072e8,1.80671081e8,1.72478391e8,1.72529981e8,1.72581612e8,1.70157357e8,1.59938725e8,1.52022651e8,1.5347428e8,1.51237359e8,1.54395687e8,1.53761781e8,1.51407573e8,1.52961045e8,1.54010411e8,1.53814145e8,1.54425312e8]}],["Trial",{"allocs":5894,"gctimes":[0.0,0.0,0.0,0.0,0.0,0.0,0.0,0.0,0.0,0.0,0.0,0.0,0.0,0.0,0.0,0.0,0.0,0.0,0.0,0.0,0.0,0.0,0.0,0.0,0.0,0.0,0.0,0.0,0.0,0.0,0.0,0.0,8.584668e6],"memory":7821392,"params":["Parameters",{"gctrial":true,"time_tolerance":0.05,"samples":10000,"evals":1,"gcsample":false,"seconds":5.0,"overhead":0.0,"memory_tolerance":0.01}],"times":[1.56850863e8,1.55164597e8,1.55663032e8,1.54843714e8,1.59710454e8,1.59947713e8,1.56776028e8,1.56231471e8,1.54376336e8,1.60442154e8,1.55462447e8,1.58510159e8,1.55291161e8,1.55002566e8,1.5584387e8,1.56291373e8,1.55472421e8,1.55662403e8,1.57652309e8,1.52833935e8,1.53355381e8,1.55183036e8,1.5278081e8,1.56277972e8,1.56312149e8,1.55531963e8,1.52763886e8,1.39444205e8,1.32190561e8,1.32912792e8,1.32189959e8,1.31913658e8,1.46455257e8]}]],"medians":[81.8826225,96.853303,136.900009,139.489178,125.441423,171.317874,155.462447]}