{"lengs":[10.0,21.544346900318832,46.4158883361278,100.0,215.44346900318845,464.15888336127773,1000.0],"benchmarks":[["Trial",{"allocs":49486,"gctimes":[0.0],"memory":226827360,"params":["Parameters",{"gctrial":true,"time_tolerance":0.05,"samples":10000,"evals":1,"gcsample":false,"seconds":5.0,"overhead":0.0,"memory_tolerance":0.01}],"times":[3.2368975532e10]}],["Trial",{"allocs":54622,"gctimes":[0.0],"memory":252051552,"params":["Parameters",{"gctrial":true,"time_tolerance":0.05,"samples":10000,"evals":1,"gcsample":false,"seconds":5.0,"overhead":0.0,"memory_tolerance":0.01}],"times":[3.5438671949e10]}],["Trial",{"allocs":115451,"gctimes":[4.6776971e7],"memory":553003392,"params":["Parameters",{"gctrial":true,"time_tolerance":0.05,"samples":10000,"evals":1,"gcsample":false,"seconds":5.0,"overhead":0.0,"memory_tolerance":0.01}],"times":[7.3879225716e10]}],["Trial",{"allocs":132144,"gctimes":[3.4459379e7],"memory":634982352,"params":["Parameters",{"gctrial":true,"time_tolerance":0.05,"samples":10000,"evals":1,"gcsample":false,"seconds":5.0,"overhead":0.0,"memory_tolerance":0.01}],"times":[8.5953568601e10]}],["Trial",{"allocs":148729,"gctimes":[4.7343203e7],"memory":716435472,"params":["Parameters",{"gctrial":true,"time_tolerance":0.05,"samples":10000,"evals":1,"gcsample":false,"seconds":5.0,"overhead":0.0,"memory_tolerance":0.01}],"times":[9.8094163125e10]}],["Trial",{"allocs":201291,"gctimes":[5.6285299e7],"memory":975445440,"params":["Parameters",{"gctrial":true,"time_tolerance":0.05,"samples":10000,"evals":1,"gcsample":false,"seconds":5.0,"overhead":0.0,"memory_tolerance":0.01}],"times":[1.32294515093e11]}],["Trial",{"allocs":225523,"gctimes":[5.4076264e7],"memory":1094715696,"params":["Parameters",{"gctrial":true,"time_tolerance":0.05,"samples":10000,"evals":1,"gcsample":false,"seconds":5.0,"overhead":0.0,"memory_tolerance":0.01}],"times":[1.49173679768e11]}]],"medians":[32368.975532,35438.671949,73879.225716,85953.568601,98094.163125,132294.515093,149173.679768]}