{"lengs":[10.0,21.544346900318832,46.4158883361278,100.0,215.44346900318845,464.15888336127773,1000.0],"benchmarks":[["Trial",{"allocs":19292,"gctimes":[0.0,0.0,0.0,0.0],"memory":26873600,"params":["Parameters",{"gctrial":true,"time_tolerance":0.05,"samples":10000,"evals":1,"gcsample":false,"seconds":5.0,"overhead":0.0,"memory_tolerance":0.01}],"times":[1.343399272e9,1.337975319e9,1.347854176e9,1.330258812e9]}],["Trial",{"allocs":23369,"gctimes":[0.0,0.0,0.0,0.0],"memory":29063744,"params":["Parameters",{"gctrial":true,"time_tolerance":0.05,"samples":10000,"evals":1,"gcsample":false,"seconds":5.0,"overhead":0.0,"memory_tolerance":0.01}],"times":[1.487517101e9,1.47630497e9,1.498458148e9,1.482819817e9]}],["Trial",{"allocs":70845,"gctimes":[0.0,0.0],"memory":50671296,"params":["Parameters",{"gctrial":true,"time_tolerance":0.05,"samples":10000,"evals":1,"gcsample":false,"seconds":5.0,"overhead":0.0,"memory_tolerance":0.01}],"times":[2.835819334e9,2.845855978e9]}],["Trial",{"allocs":81143,"gctimes":[0.0,0.0],"memory":53949504,"params":["Parameters",{"gctrial":true,"time_tolerance":0.05,"samples":10000,"evals":1,"gcsample":false,"seconds":5.0,"overhead":0.0,"memory_tolerance":0.01}],"times":[3.088286623e9,3.048376957e9]}],["Trial",{"allocs":87465,"gctimes":[0.0,0.0],"memory":56058048,"params":["Parameters",{"gctrial":true,"time_tolerance":0.05,"samples":10000,"evals":1,"gcsample":false,"seconds":5.0,"overhead":0.0,"memory_tolerance":0.01}],"times":[3.176238289e9,3.128869391e9]}],["Trial",{"allocs":130088,"gctimes":[0.0,0.0],"memory":71902528,"params":["Parameters",{"gctrial":true,"time_tolerance":0.05,"samples":10000,"evals":1,"gcsample":false,"seconds":5.0,"overhead":0.0,"memory_tolerance":0.01}],"times":[4.216563571e9,4.199036554e9]}],["Trial",{"allocs":154238,"gctimes":[0.0,0.0],"memory":80972736,"params":["Parameters",{"gctrial":true,"time_tolerance":0.05,"samples":10000,"evals":1,"gcsample":false,"seconds":5.0,"overhead":0.0,"memory_tolerance":0.01}],"times":[4.716661621e9,4.664394173e9]}]],"medians":[1340.6872955,1485.168459,2840.837656,3068.33179,3152.55384,4207.8000625,4690.527897]}