{"lengs":[10.0,21.544346900318832,46.4158883361278,100.0,215.44346900318845,464.15888336127773,1000.0],"benchmarks":[["Trial",{"allocs":474,"gctimes":[0.0,0.0,0.0,0.0,0.0],"memory":22843872,"params":["Parameters",{"gctrial":true,"time_tolerance":0.05,"samples":10000,"evals":1,"gcsample":false,"seconds":5.0,"overhead":0.0,"memory_tolerance":0.01}],"times":[1.206788656e9,1.233577133e9,1.23368663e9,1.230318811e9,1.208454195e9]}],["Trial",{"allocs":629,"gctimes":[0.0,0.0,0.0,0.0],"memory":23926176,"params":["Parameters",{"gctrial":true,"time_tolerance":0.05,"samples":10000,"evals":1,"gcsample":false,"seconds":5.0,"overhead":0.0,"memory_tolerance":0.01}],"times":[1.594631333e9,1.604116852e9,1.603628526e9,1.630243089e9]}],["Trial",{"allocs":1480,"gctimes":[0.0,0.0],"memory":29877856,"params":["Parameters",{"gctrial":true,"time_tolerance":0.05,"samples":10000,"evals":1,"gcsample":false,"seconds":5.0,"overhead":0.0,"memory_tolerance":0.01}],"times":[4.33625315e9,4.244889036e9]}],["Trial",{"allocs":1755,"gctimes":[0.0],"memory":31849376,"params":["Parameters",{"gctrial":true,"time_tolerance":0.05,"samples":10000,"evals":1,"gcsample":false,"seconds":5.0,"overhead":0.0,"memory_tolerance":0.01}],"times":[5.556283471e9]}],["Trial",{"allocs":2170,"gctimes":[0.0],"memory":34929504,"params":["Parameters",{"gctrial":true,"time_tolerance":0.05,"samples":10000,"evals":1,"gcsample":false,"seconds":5.0,"overhead":0.0,"memory_tolerance":0.01}],"times":[8.859618176e9]}],["Trial",{"allocs":3473,"gctimes":[0.0],"memory":44326624,"params":["Parameters",{"gctrial":true,"time_tolerance":0.05,"samples":10000,"evals":1,"gcsample":false,"seconds":5.0,"overhead":0.0,"memory_tolerance":0.01}],"times":[1.4658839939e10]}],["Trial",{"allocs":4673,"gctimes":[0.0],"memory":53218784,"params":["Parameters",{"gctrial":true,"time_tolerance":0.05,"samples":10000,"evals":1,"gcsample":false,"seconds":5.0,"overhead":0.0,"memory_tolerance":0.01}],"times":[2.1358760329e10]}]],"medians":[1230.318811,1603.872689,4290.571093,5556.283471,8859.618176,14658.839939,21358.760329]}