{"lengs":[10.0,21.544346900318832,46.4158883361278,100.0,215.44346900318845,464.15888336127773,1000.0],"benchmarks":[["Trial",{"allocs":216773,"gctimes":[0.0,0.0,0.0,0.0,0.0,0.0,0.0],"memory":126578448,"params":["Parameters",{"gctrial":true,"time_tolerance":0.05,"samples":10000,"evals":1,"gcsample":false,"seconds":5.0,"overhead":0.0,"memory_tolerance":0.01}],"times":[8.15449802e8,7.98087117e8,7.96861631e8,7.94773351e8,7.93578705e8,7.92488139e8,7.96231992e8]}],["Trial",{"allocs":408952,"gctimes":[0.0,0.0,0.0],"memory":250942576,"params":["Parameters",{"gctrial":true,"time_tolerance":0.05,"samples":10000,"evals":1,"gcsample":false,"seconds":5.0,"overhead":0.0,"memory_tolerance":0.01}],"times":[1.686846027e9,1.667938259e9,1.663442046e9]}],["Trial",{"allocs":146414,"gctimes":[0.0,0.0,0.0,0.0,0.0,0.0,0.0,0.0,0.0,0.0,0.0,0.0],"memory":77958960,"params":["Parameters",{"gctrial":true,"time_tolerance":0.05,"samples":10000,"evals":1,"gcsample":false,"seconds":5.0,"overhead":0.0,"memory_tolerance":0.01}],"times":[4.65542091e8,4.55943741e8,4.56722145e8,4.5304799e8,4.52415075e8,4.50301439e8,4.53939257e8,4.49543556e8,4.48921512e8,4.52047555e8,4.50112859e8,4.51227809e8]}],["Trial",{"allocs":125906,"gctimes":[0.0,0.0,0.0,0.0,0.0,0.0,0.0,0.0,0.0,0.0,0.0,0.0],"memory":70534304,"params":["Parameters",{"gctrial":true,"time_tolerance":0.05,"samples":10000,"evals":1,"gcsample":false,"seconds":5.0,"overhead":0.0,"memory_tolerance":0.01}],"times":[4.28169124e8,4.21921177e8,4.17673563e8,4.19196454e8,4.15290951e8,4.15727745e8,4.17981121e8,4.14477422e8,4.16173564e8,4.148609e8,4.12832616e8,4.16178675e8]}],["Trial",{"allocs":154992,"gctimes":[0.0,0.0,0.0,0.0,0.0,0.0,0.0,0.0,0.0],"memory":93917184,"params":["Parameters",{"gctrial":true,"time_tolerance":0.05,"samples":10000,"evals":1,"gcsample":false,"seconds":5.0,"overhead":0.0,"memory_tolerance":0.01}],"times":[6.00959178e8,5.86284267e8,5.83676337e8,5.8119356e8,5.7741513e8,5.82678395e8,5.75803354e8,5.80105477e8,5.79197898e8]}],["Trial",{"allocs":323557,"gctimes":[0.0,0.0,0.0,0.0],"memory":209329024,"params":["Parameters",{"gctrial":true,"time_tolerance":0.05,"samples":10000,"evals":1,"gcsample":false,"seconds":5.0,"overhead":0.0,"memory_tolerance":0.01}],"times":[1.381851324e9,1.369412917e9,1.369237684e9,1.364506609e9]}],["Trial",{"allocs":292953,"gctimes":[0.0,0.0,0.0,0.0],"memory":204914976,"params":["Parameters",{"gctrial":true,"time_tolerance":0.05,"samples":10000,"evals":1,"gcsample":false,"seconds":5.0,"overhead":0.0,"memory_tolerance":0.01}],"times":[1.408629863e9,1.391934524e9,1.387344018e9,1.387643274e9]}]],"medians":[796.231992,1667.938259,452.231315,416.1761195,581.19356,1369.3253005,1389.788899]}