{"lengs":[10.0,31.622776601683793,100.0,316.22776601683796,1000.0,3162.2776601683795,10000.0,31622.776601683792,100000.0],"benchmarks":[["Trial",{"allocs":8643,"gctimes":[0.0,0.0,0.0,0.0,0.0,0.0,0.0,0.0,0.0,0.0,0.0,0.0,0.0,0.0,0.0,0.0,0.0,0.0,0.0,0.0,0.0,0.0,0.0,0.0,0.0,0.0,0.0,0.0,0.0,0.0,0.0,0.0,0.0,0.0,0.0,0.0,0.0,0.0,0.0,0.0,0.0,0.0,0.0,0.0,0.0,0.0,0.0,0.0,0.0,0.0,0.0,0.0,0.0,0.0,0.0,0.0,0.0,0.0,0.0,0.0,0.0,0.0,0.0,0.0,0.0,0.0,0.0,0.0,0.0,0.0,0.0,0.0],"memory":1250064,"params":["Parameters",{"gctrial":true,"time_tolerance":0.05,"samples":10000,"evals":1,"gcsample":false,"seconds":5.0,"overhead":0.0,"memory_tolerance":0.01}],"times":[6.9786961e7,6.9107445e7,6.8714394e7,6.9663666e7,6.92573e7,6.9177068e7,6.8880768e7,6.9056772e7,7.3188639e7,6.8982054e7,6.9361378e7,7.0361776e7,6.9094833e7,6.9000601e7,6.9038441e7,6.8965485e7,6.9598212e7,6.8779605e7,6.8621079e7,6.9052828e7,6.8988687e7,6.8960599e7,6.9060636e7,7.7955981e7,7.3909282e7,7.2875948e7,7.2965376e7,7.2902802e7,7.2623239e7,7.3138828e7,7.290754e7,7.3028467e7,7.3245476e7,7.8670658e7,7.3218971e7,7.2687557e7,6.8851524e7,7.3565651e7,6.9367502e7,6.8761602e7,6.8774011e7,6.8979438e7,6.9170464e7,6.893745e7,6.8665105e7,6.8819511e7,6.9261169e7,6.8765785e7,6.9280919e7,6.8500116e7,6.9110246e7,6.8887407e7,7.1239747e7,6.9954901e7,6.9764734e7,6.9056064e7,6.899255e7,6.8608194e7,6.8804032e7,6.8852512e7,6.8545556e7,6.8497967e7,6.8894203e7,6.9168233e7,6.8665153e7,6.8784571e7,6.9148811e7,7.3650428e7,7.0276504e7,6.8791756e7,6.9101763e7,6.9186894e7]}],["Trial",{"allocs":8650,"gctimes":[0.0,0.0,0.0,0.0,0.0,0.0,0.0,0.0,0.0,0.0,0.0,0.0,0.0,0.0,0.0,0.0,0.0,0.0,0.0,0.0,0.0,0.0,0.0,0.0,0.0,0.0,0.0,0.0,0.0,0.0,0.0,0.0,0.0,0.0,0.0,0.0,0.0,0.0,0.0,0.0,0.0,0.0,0.0,0.0,0.0,0.0,0.0,0.0,0.0,0.0,0.0,0.0,0.0,0.0,0.0,0.0,0.0,0.0,0.0,0.0,0.0,0.0,0.0,0.0,0.0,0.0,0.0,0.0,0.0,0.0,0.0],"memory":1250976,"params":["Parameters",{"gctrial":true,"time_tolerance":0.05,"samples":10000,"evals":1,"gcsample":false,"seconds":5.0,"overhead":0.0,"memory_tolerance":0.01}],"times":[6.9572302e7,6.9150688e7,6.9042558e7,6.9331054e7,6.9747709e7,6.9302268e7,6.9859034e7,6.9038429e7,7.0277068e7,7.197931e7,6.9771488e7,7.0461651e7,7.0360261e7,7.0092431e7,6.9910408e7,6.9144271e7,6.9469308e7,6.9647459e7,7.0441064e7,6.9306012e7,6.9140274e7,6.989389e7,6.9295658e7,6.9172385e7,7.1591985e7,7.0137912e7,7.0290006e7,7.030967e7,7.0042767e7,6.9768817e7,6.999922e7,6.931824e7,7.0296711e7,7.0257004e7,6.9584516e7,7.0196006e7,7.1057729e7,7.0815241e7,7.0094727e7,7.3654134e7,7.4723257e7,7.4023358e7,7.4401661e7,7.4061577e7,7.3916176e7,7.3323089e7,7.3650283e7,7.0736e7,6.9435282e7,7.3238197e7,7.4296124e7,7.4246272e7,7.2896909e7,7.3122864e7,7.072138e7,6.9786108e7,7.0436879e7,6.9105012e7,6.9146213e7,6.9139635e7,6.9093405e7,7.0730877e7,6.9017904e7,6.8814189e7,6.9838178e7,7.0272523e7,7.0005541e7,7.0524426e7,7.3083376e7,6.9373092e7,6.9088312e7]}],["Trial",{"allocs":8657,"gctimes":[0.0,0.0,0.0,0.0,0.0,0.0,0.0,0.0,0.0,0.0,0.0,0.0,0.0,0.0,0.0,0.0,0.0,0.0,0.0,0.0,0.0,0.0,0.0,0.0,0.0,0.0,0.0,0.0,0.0,0.0,0.0,0.0,0.0,0.0,0.0,0.0,0.0,0.0,0.0,0.0,0.0,0.0,0.0,0.0,0.0,0.0,0.0,0.0,0.0,0.0,0.0,0.0,0.0,0.0,0.0,0.0,0.0,0.0,0.0,0.0,0.0,0.0,0.0,0.0,0.0,0.0,0.0,0.0,0.0,0.0],"memory":1251888,"params":["Parameters",{"gctrial":true,"time_tolerance":0.05,"samples":10000,"evals":1,"gcsample":false,"seconds":5.0,"overhead":0.0,"memory_tolerance":0.01}],"times":[6.9630111e7,6.9464236e7,7.0044744e7,7.0170901e7,6.8948167e7,6.9139303e7,6.9855743e7,6.8679905e7,6.9580097e7,6.9872997e7,6.9725535e7,7.4987166e7,7.0999309e7,7.310016e7,7.0583062e7,7.0775742e7,7.0448054e7,6.9805002e7,7.0100547e7,6.8895136e7,7.0320199e7,7.0152969e7,6.9976578e7,7.0276742e7,6.9261051e7,6.9070706e7,7.3714383e7,7.1103595e7,7.055105e7,6.9771882e7,6.8950288e7,7.0245788e7,7.0473579e7,6.9040241e7,6.968644e7,6.9565705e7,6.9742629e7,6.9961381e7,6.9910623e7,7.0088312e7,7.0397757e7,7.6388505e7,7.39975e7,7.2936465e7,7.2786513e7,7.3274971e7,7.4154455e7,7.3600318e7,7.3152169e7,7.2785712e7,7.3578896e7,7.4296868e7,7.3141824e7,7.2866642e7,7.3537167e7,7.7298007e7,7.3513976e7,7.3147907e7,7.4326638e7,7.387655e7,7.2855766e7,7.391747e7,7.3925421e7,7.2701726e7,7.3427281e7,7.402178e7,7.3663901e7,7.4731872e7,7.3744878e7,7.5863025e7]}],["Trial",{"allocs":8664,"gctimes":[0.0,0.0,0.0,0.0,0.0,0.0,0.0,0.0,0.0,0.0,0.0,0.0,0.0,0.0,0.0,0.0,0.0,0.0,0.0,0.0,0.0,0.0,0.0,0.0,0.0,0.0,0.0,0.0,0.0,0.0,0.0,0.0,0.0,0.0,0.0,0.0,0.0,0.0,0.0,0.0,0.0,0.0,0.0,0.0,0.0,0.0,0.0,0.0,0.0,0.0,0.0,0.0,0.0,0.0,0.0,0.0,0.0,0.0,0.0,0.0,0.0,0.0,0.0,0.0,0.0,0.0,0.0,0.0,0.0,0.0,0.0],"memory":1252800,"params":["Parameters",{"gctrial":true,"time_tolerance":0.05,"samples":10000,"evals":1,"gcsample":false,"seconds":5.0,"overhead":0.0,"memory_tolerance":0.01}],"times":[6.9817613e7,6.9784988e7,6.9115727e7,6.9352831e7,6.9372715e7,6.9638522e7,6.9966839e7,6.9487659e7,7.1046445e7,7.0067789e7,6.936115e7,7.0945213e7,7.0099033e7,7.3056106e7,7.0589244e7,6.9093471e7,6.9446921e7,6.9549238e7,7.0132398e7,6.9101015e7,6.920574e7,7.000843e7,6.9331914e7,6.9201314e7,6.987379e7,6.9438755e7,7.0613316e7,7.1039536e7,7.2035907e7,7.034828e7,7.4139201e7,7.2046224e7,7.0263433e7,6.9812155e7,6.962828e7,7.0185969e7,6.9933016e7,7.0959706e7,7.0059033e7,6.8971658e7,7.0819921e7,6.9975672e7,7.2346487e7,7.4943499e7,7.3739582e7,7.3157652e7,7.4053162e7,7.404957e7,7.3048768e7,7.3799468e7,7.4496896e7,7.4105079e7,7.2929494e7,7.3717522e7,7.4091668e7,7.3667561e7,7.5291586e7,7.0101615e7,6.9156019e7,6.9288709e7,6.9058766e7,7.0224326e7,6.9132622e7,6.9406704e7,7.004469e7,7.031512e7,7.0360788e7,7.0795929e7,6.9147706e7,6.9191485e7,6.9186735e7]}],["Trial",{"allocs":8664,"gctimes":[0.0,0.0,0.0,0.0,0.0,0.0,0.0,0.0,0.0,0.0,0.0,0.0,0.0,0.0,0.0,0.0,0.0,0.0,0.0,0.0,0.0,0.0,0.0,0.0,0.0,0.0,0.0,0.0,0.0,0.0,0.0,0.0,0.0,0.0,0.0,0.0,0.0,0.0,0.0,0.0,0.0,0.0,0.0,0.0,0.0,0.0,0.0,0.0,0.0,0.0,0.0,0.0,0.0,0.0,0.0,0.0,0.0,0.0,0.0,0.0,0.0,0.0,0.0,0.0,0.0,0.0,0.0,0.0,0.0,0.0,0.0,0.0],"memory":1252800,"params":["Parameters",{"gctrial":true,"time_tolerance":0.05,"samples":10000,"evals":1,"gcsample":false,"seconds":5.0,"overhead":0.0,"memory_tolerance":0.01}],"times":[6.9782082e7,7.4056898e7,6.9932057e7,6.9683575e7,6.8856376e7,6.9121127e7,6.9837509e7,6.891739e7,6.96588e7,6.9572806e7,6.9683555e7,7.0712928e7,6.9938602e7,7.0287331e7,7.0719317e7,7.0064786e7,7.4373838e7,7.0979741e7,7.0561912e7,6.9159769e7,7.0402863e7,6.998109e7,6.9503933e7,7.0389311e7,6.9561655e7,6.9194372e7,7.0512063e7,7.0909005e7,7.0005872e7,6.9542683e7,7.1080229e7,7.2766126e7,7.1059169e7,6.9061434e7,7.0209259e7,6.924593e7,7.1882718e7,7.0753296e7,6.9854211e7,7.0137682e7,6.9700745e7,6.9937945e7,7.0110392e7,6.9230394e7,6.9039438e7,7.162516e7,7.155502e7,7.0106758e7,6.9541852e7,6.9677512e7,7.0081943e7,7.0782127e7,6.952931e7,6.9595896e7,6.9339226e7,6.9993769e7,7.0169401e7,6.9458603e7,7.0516202e7,7.0304493e7,7.3182532e7,7.1087857e7,7.0068482e7,6.9188323e7,6.9751186e7,7.0196552e7,7.0264229e7,7.0255636e7,6.9958817e7,6.9952349e7,6.9336027e7,7.0403035e7]}],["Trial",{"allocs":8671,"gctimes":[0.0,0.0,0.0,0.0,0.0,0.0,0.0,0.0,0.0,0.0,0.0,0.0,0.0,0.0,0.0,0.0,0.0,0.0,0.0,0.0,0.0,0.0,0.0,0.0,0.0,0.0,0.0,0.0,0.0,0.0,0.0,0.0,0.0,0.0,0.0,0.0,0.0,0.0,0.0,0.0,0.0,0.0,0.0,0.0,0.0,0.0,0.0,0.0,0.0,0.0,0.0,0.0,0.0,0.0,0.0,0.0,0.0,0.0,0.0,0.0,0.0,0.0,0.0,0.0,0.0,0.0,0.0,0.0,0.0,0.0],"memory":1253712,"params":["Parameters",{"gctrial":true,"time_tolerance":0.05,"samples":10000,"evals":1,"gcsample":false,"seconds":5.0,"overhead":0.0,"memory_tolerance":0.01}],