{"lengs":[149.9684835502374],"benchmarks":[["Trial",{"allocs":969791,"gctimes":[2.333434023e9],"memory":13789113872,"params":["Parameters",{"gctrial":true,"time_tolerance":0.05,"samples":10000,"evals":1,"gcsample":false,"seconds":5.0,"overhead":0.0,"memory_tolerance":0.01}],"times":[4.5575535372e10]}]],"medians":[45575.535372]}