{"lengs":[10.0],"benchmarks":[["Trial",{"allocs":4071,"gctimes":[0.0,0.0,0.0,0.0,0.0,0.0,0.0,0.0,0.0,0.0,0.0,0.0,0.0,0.0,0.0,0.0,0.0,0.0,0.0,0.0,0.0,0.0,0.0,0.0,0.0,0.0,0.0,0.0,0.0,0.0,0.0,0.0,0.0,9.989957e6,0.0,0.0,0.0,0.0,0.0,0.0,0.0,0.0,0.0,0.0,0.0,0.0,0.0,0.0,0.0,0.0,0.0,0.0,0.0,0.0,0.0,0.0,0.0,0.0,0.0,0.0,0.0,0.0,0.0,0.0,0.0,0.0,0.0,2.4749314e7,0.0,0.0,0.0,0.0,0.0,0.0,0.0,0.0,0.0,0.0,0.0,0.0,0.0,0.0,0.0,0.0,0.0,0.0,0.0,0.0,0.0,0.0,0.0,0.0,0.0,0.0,0.0,0.0,0.0,0.0],"memory":7473312,"params":["Parameters",{"gctrial":true,"time_tolerance":0.05,"samples":10000,"evals":1,"gcsample":false,"seconds":5.0,"overhead":0.0,"memory_tolerance":0.01}],"times":[5.3012688e7,5.2325308e7,5.1697435e7,5.1761632e7,5.2109434e7,5.1966175e7,5.1903278e7,5.2122723e7,5.1649256e7,5.1646744e7,5.3599404e7,5.0128189e7,4.9338706e7,4.9391001e7,4.9316264e7,4.9257392e7,4.9299091e7,4.8915324e7,4.9221412e7,4.9377527e7,4.9233886e7,4.9293552e7,4.913779e7,4.9274506e7,4.9382556e7,4.9824226e7,5.0086579e7,5.0809654e7,5.1056114e7,5.1170979e7,5.1435881e7,5.4129662e7,5.159999e7,6.0932342e7,4.9512689e7,4.9409329e7,4.8772645e7,4.886717e7,4.90096e7,4.955949e7,4.9479544e7,4.9048665e7,4.8840324e7,4.9601713e7,4.9375975e7,4.9000474e7,4.8919543e7,4.930691e7,4.9006464e7,4.8971115e7,5.150604e7,5.2593208e7,5.431421e7,5.3005318e7,5.2536331e7,5.2259368e7,5.1764811e7,5.2544266e7,5.3317426e7,5.2210495e7,5.2832179e7,5.2323401e7,5.166677e7,5.1799579e7,5.1619291e7,5.1710062e7,5.2451964e7,7.7732129e7,5.1833373e7,5.1833239e7,5.164985e7,5.4090203e7,5.2441808e7,5.1717257e7,5.1483899e7,5.1955436e7,5.1718305e7,5.1765052e7,5.1645514e7,5.1909144e7,5.1655499e7,5.1509763e7,5.160056e7,5.1695632e7,5.162217e7,5.1698898e7,5.1669834e7,5.1705829e7,5.1439074e7,5.3761349e7,5.6699889e7,5.4977865e7,4.9803045e7,4.9157401e7,4.9083748e7,4.9270142e7,4.9111646e7,4.8913124e7]}]],"medians":[51.6207305]}