{"lengs":[10.0],"benchmarks":[["Trial",{"allocs":1373,"gctimes":[0.0,0.0,0.0,0.0,0.0,0.0,0.0,0.0,0.0,0.0,0.0,0.0,0.0,0.0,0.0,0.0,0.0,0.0,0.0,0.0,0.0,0.0,0.0,0.0,0.0,0.0,0.0,0.0,0.0,0.0,0.0,0.0,0.0,0.0,0.0,0.0,0.0,0.0,0.0,0.0,0.0,0.0,0.0,0.0,0.0,0.0,0.0,0.0,0.0,0.0,0.0,0.0,0.0,0.0,0.0,0.0,0.0,0.0,0.0,0.0,0.0,0.0,0.0,0.0,0.0,0.0,0.0,0.0,0.0,9.639254e6,0.0,0.0,0.0,0.0,0.0,0.0,0.0,0.0,0.0,0.0,0.0,0.0,0.0,0.0,0.0,0.0,0.0,0.0,0.0,0.0,0.0,0.0,0.0,0.0,0.0,0.0,0.0,0.0,0.0,0.0,0.0,0.0,0.0,0.0,0.0,0.0,0.0,0.0,0.0,0.0,0.0,0.0,0.0,0.0,0.0,0.0,0.0,0.0,0.0,0.0,0.0,0.0,0.0,0.0,0.0,0.0,0.0,0.0,0.0,0.0,0.0,0.0,0.0,0.0,0.0,0.0,0.0,0.0,9.073983e6,0.0,0.0,0.0,0.0,0.0,0.0,0.0,0.0,0.0,0.0,0.0,0.0,0.0,0.0,0.0,0.0,0.0,0.0,0.0,0.0,0.0,0.0,0.0,0.0,0.0,0.0,0.0,0.0,0.0,0.0,0.0,0.0,0.0,0.0,0.0,0.0,0.0,0.0,0.0,0.0,0.0,0.0,0.0,0.0,0.0,0.0,0.0,0.0,0.0,0.0,0.0,0.0,0.0,0.0,0.0,0.0,0.0,0.0,0.0,0.0,0.0,0.0,0.0,0.0,0.0,0.0,0.0,0.0,8.68578e6,0.0,0.0,0.0,0.0,0.0,0.0,0.0,0.0,0.0,0.0,0.0,0.0,0.0,0.0,0.0,0.0,0.0,0.0,0.0,0.0,0.0,0.0,0.0,0.0,0.0,0.0,0.0,0.0,0.0,0.0,0.0,0.0,0.0,0.0,0.0,0.0,0.0,0.0,0.0,0.0,0.0,0.0,0.0,0.0,0.0,0.0,0.0,0.0,0.0,0.0,0.0,0.0,0.0,0.0,0.0,0.0,0.0,0.0,0.0,0.0,0.0,0.0,0.0,0.0,0.0,0.0,0.0,0.0,0.0,8.604588e6,0.0,0.0,0.0,0.0,0.0,0.0,0.0,0.0,0.0,0.0,0.0,0.0,0.0,0.0,0.0,0.0,0.0,0.0,0.0,0.0,0.0,0.0,0.0,0.0,0.0,0.0,0.0,0.0,0.0,0.0,0.0,0.0,0.0,0.0,0.0,0.0,0.0,0.0,0.0,0.0,0.0,0.0,0.0,0.0,0.0,0.0,0.0,0.0,0.0,0.0,0.0,0.0,0.0,0.0,0.0,0.0,0.0,0.0,0.0,0.0,0.0,0.0,0.0,0.0,0.0,0.0,0.0,0.0,8.40085e6,0.0,0.0,0.0,0.0,0.0,0.0,0.0,0.0,0.0,0.0,0.0,0.0,0.0,0.0,0.0,0.0,0.0,0.0,0.0,0.0,0.0,0.0,0.0,0.0,0.0,0.0,0.0,0.0,0.0,0.0,0.0,0.0,0.0,0.0,0.0,0.0,0.0,0.0,0.0,0.0,0.0,0.0,0.0,0.0,0.0,0.0,0.0,0.0,0.0,0.0,0.0,0.0,0.0,0.0,0.0,0.0,0.0,0.0,0.0,0.0,0.0,0.0,0.0,0.0,0.0,0.0,0.0,0.0,0.0,8.450231e6,0.0,0.0,0.0,0.0,0.0,0.0,0.0,0.0,0.0,0.0,0.0,0.0,0.0,0.0,0.0,0.0,0.0,0.0,0.0,0.0,0.0,0.0,0.0,0.0,0.0,0.0,0.0,0.0,0.0,0.0,0.0,0.0,0.0,0.0,0.0,0.0,0.0,0.0,0.0,0.0,0.0,0.0,0.0,0.0,0.0,0.0,0.0,0.0,0.0,0.0,0.0,0.0,0.0,0.0,0.0,0.0,0.0,0.0,0.0,0.0,0.0,0.0,0.0,0.0,0.0,0.0,0.0,0.0,0.0,8.331151e6,0.0,0.0,0.0,0.0,0.0,0.0,0.0,0.0,0.0,0.0,0.0,0.0,0.0,0.0,0.0,0.0,0.0,0.0,0.0,0.0,0.0,0.0,0.0,0.0,0.0,0.0,0.0,0.0,0.0,0.0,0.0,0.0,0.0,0.0,0.0,0.0,0.0,0.0,0.0,0.0,0.0,0.0,0.0,0.0,0.0,0.0,0.0,0.0,0.0,0.0,0.0,0.0,0.0,0.0,0.0,0.0,0.0,0.0,0.0,0.0,0.0,0.0,0.0,0.0,0.0,0.0,0.0,0.0,8.357406e6,0.0,0.0,0.0,0.0,0.0,0.0,0.0,0.0,0.0,0.0,0.0,0.0,0.0,0.0,0.0,0.0,0.0,0.0,0.0,0.0,0.0,0.0,0.0,0.0,0.0,0.0,0.0,0.0,0.0,0.0,0.0,0.0,0.0,0.0,0.0,0.0,0.0,0.0,0.0,0.0,0.0,0.0,0.0,0.0,0.0,0.0,0.0,0.0,0.0,0.0,0.0,0.0,0.0,0.0,0.0,0.0,0.0,0.0,0.0,0.0,0.0,0.0,0.0,0.0,0.0,0.0,0.0,0.0,0.0],"memory":3617840,"params":["Parameters",{"gctrial":true,"time_tolerance":0.05,"samples":10000,"evals":1,"gcsample":false,"seconds":5.0,"overhead":0.0,"memory_tolerance":0.01}],"times":[8.665819e6,8.337209e6,8.319309e6,8.257627e6,8.348741e6,8.306253e6,8.247227e6,8.237903e6,8.249764e6,8.286062e6,8.256478e6,8.245183e6,8.302122e6,8.280941e6,8.315437e6,8.242116e6,8.240292e6,8.238015e6,8.219025e6,8.234973e6,8.234201e6,8.201113e6,8.193904e6,8.226963e6,8.217392e6,8.293833e6,8.197272e6,8.205672e6,8.223988e6,8.234165e6,8.217961e6,8.27328e6,8.194881e6,8.30584e6,8.26945e6,8.233876e6,8.282516e6,8.18819e6,8.280302e6,8.285304e6,8.26963e6,8.256052e6,8.293934e6,8.262271e6,8.257516e6,8.325975e6,8.228958e6,8.251002e6,8.28648e6,8.26502e6,8.329409e6,8.278497e6,8.290895e6,8.231446e6,8.291573e6,8.236409e6,8.238236e6,8.290934e6,8.241673e6,8.316997e6,8.240983e6,8.251875e6,8.208148e6,8.233497e6,8.217315e6,8.253582e6,8.266567e6,8.241554e6,8.287253e6,1.8164048e7,8.249957e6,8.237299e6,8.267204e6,8.277507e6,8.439274e6,8.264026e6,8.30102e6,8.244776e6,8.281875e6,8.240522e6,8.236128e6,8.237974e6,8.269401e6,8.243387e6,8.274791e6,8.25833e6,8.196283e6,8.28007e6,8.279402e6,8.207582e6,8.260512e6,8.280425e6,8.287289e6,8.274372e6,8.259786e6,8.240714e6,8.2515e6,8.229911e6,8.234218e6,8.211225e6,8.17416e6,8.25251e6,8.235514e6,8.975074e6,8.742336e6,8.402636e6,8.366794e6,8.34688e6,8.36794e6,8.349094e6,8.243509e6,8.236013e6,8.239609e6,8.239744e6,8.248165e6,8.212373e6,8.226539e6,8.186274e6,8.278367e6,8.257355e6,8.30767e6,8.236994e6,8.221523e6,8.238847e6,8.242652e6,8.222878e6,8.207145e6,8.210484e6,8.195152e6,8.172982e6,8.156163e6,8.183153e6,8.163957e6,8.208261e6,8.175373e6,8.260147e6,8.176608e6,8.327078e6,1.7484253e7,8.21685e6,8.233309e6,8.229162e6,8.209776e6,8.233468e6,8.235622e6,8.247923e6,8.219492e6,8.224445e6,8.241286e6,8.291031e6,8.300479e6,8.232941e6,8.253959e6,8.225049e6,8.210096e6,8.263814e6,8.229861e6,8.252677e6,8.215272e6,8.198304e6,8.23284e6,8.213135e6,8.225667e6,8.210187e6,8.213492e6,8.219658e6,8.210743e6,8.229165e6,8.243217e6,8.223399e6,8.245236e6,8.282608e6,8.216101e6,8.231463e6,8.193351e6,8.193142e6,8.271036e6,8.245799e6,8.272024e6,8.204345e6,8.27411e6,8.222938e6,8.24806e6,8.231513e6,8.207595e6,8.186438e6,8.259917e6,8.22495e6,8.253002e6,8.219643e6,8.189117e6,8.288674e6,8.208749e6,8.275021e6,8.218722e6,8.211389e6,8.251116e6,8.169121e6,8.194491e6,8.136918e6,8.174435e6,8.182527e6,8.128896e6,8.169169e6,8.121627e6,8.148458e6,8.118711e6,1.709848e7,8.284917e6,8.180704e6,8.191783e6,8.208279e6,8.219733e6,8.290818e6,8.207956e6,8.238366e6,8.22523e6,8.291315e6,8.231711e6,8.23544e6,8.234384e6,8.229535e6,8.233375e6,8.273137e6,8.221219e6,8.254618e6,8.227678e6,9.08763e6,8.69175e6,8.406855e6,8.421777e6,8.380324e6,8.235365e6,8.392257e6,8.451199e6,8.350185e6,8.390552e6,8.237504e6,8.21205e6,8.246737e6,8.20442e6,8.287867e6,8.227841e6,8.223159e6,8.14814e6,8.588752e6,8.248687e6,8.248213e6,8.274858e6,8.231225e6,8.293246e6,8.270345e6,8.257883e6,8.286402e6,8.250313e6,8.18635e6,8.257662e6,8.324566e6,8.271461e6,8.230108e6,8.199602e6,8.271044e6,8.218383e6,8.312939e6,8.212654e6,8.168657e6,8.264244e6,8.175842e6,8.220884e6,8.120724e6,8.196269e6,8.105629e6,8.108831e6,8.134803e6,8.138715e6,8.189341e6,8.196263e6,1.6976269e7,8.203531e6,8.232256e6,8.201038e6,8.283804e6,8.225104e6,8.250079e6,8.217341e6,8.268819e6,8.251938e6,8.271332e6,8.213163e6,8.200985e6,8.294168e6,8.277213e6,8.280448e6,8.233563e6,8.231994e6,8.205743e6,8.231871e6,8.204816e6,8.251437e6,8.218972e6,8.201277e6,8.217726e6,8.217628e6,8.260002e6,8.251464e6,8.214754e6,8.216711e6,8.232357e6,8.246801e6,8.215772e6,8.233813e6,8.224926e6,8.192625e6,8.272412e6,8.195289e6,8.290222e6,8.243465e6,8.278584e6,8.217597e6,8.319366e6,8.252077e6,8.259801e6,8.27775e6,8.222014e6,8.205314e6,8.263998e6,8.252996e6,8.261826e6,8.2314e6,8.211295e6,8.22984e6,8.225269e6,8.224702e6,8.164806e6,8.200097e6,8.189826e6,8.175625e6,8.105422e6,8.159401e6,8.121935e6,8.161861e6,8.190179e6,8.224057e6,8.243912e6,8.187705e6,8.206464e6,1.6708021e7,8.309994e6,8.188863e6,8.195118e6,8.186924e6,8.452516e6,8.4346e6,8.380189e6,8.343403e6,8.373726e6,8.221097e6,8.375364e6,8.383714e6,8.37681e6,8.213031e6,8.226658e6,8.274178e6,8.290005e6,8.290604e6,8.222109e6,8.231386e6,8.253694e6,8.212664e6,8.241775e6,8.208228e6,8.262837e6,8.246155e6,8.278773e6,8.287697e6,8.228975e6,8.284264e6,8.25483e6,8.181989e6,8.205805e6,7.717262e6,7.694792e6,7.493412e6,7.523713e6,7.505434e6,7.526228e6,7.553697e6,7.502495e6,7.522973e6,7.522708e6,7.691304e6,7.547039e6,7.690923e6,8.226805e6,7.306449e6,7.483002e6,7.857201e6,7.364975e6,7.31537e6,7.347903e6,7.303332e6,7.334966e6,7.249629e6,7.258304e6,7.296595e6,7.269607e6,7.280509e6,7.238367e6,7.263934e6,7.229394e6,7.288833e6,7.229543e6,7.272971e6,7.278052e6,7.282946e6,7.296878e6,1.5945144e7,7.349114e6,7.28554e6,7.32619e6,7.333933e6,7.333361e6,7.339753e6,7.310971e6,7.310356e6,7.35255e6,7.335805e6,7.350393e6,7.369064e6,7.342456e6,7.334698e6,7.316575e6,7.373638e6,7.332691e6,7.316329e6,7.388753e6,7.344378e6,7.361593e6,7.339622e6,7.353862e6,7.322218e6,7.379527e6,7.326355e6,7.348017e6,7.365767e6,7.327224e6,7.393225e6,7.340349e6,7.303001e6,7.347035e6,7.337262e6,7.328739e6,7.313837e6,7.271097e6,7.315406e6,7.345838e6,7.294305e6,7.347735e6,7.380051e6,7.370122e6,7.360411e6,7.33389e6,7.351009e6,7.317355e6,7.39121e6,7.569302e6,7.242801e6,7.108697e6,7.152664e6,7.121012e6,7.168499e6,7.090786e6,7.069339e6,7.17565e6,7.093898e6,