{"lengs":[10.0],"benchmarks":[["Trial",{"allocs":5516,"gctimes":[0.0,0.0,0.0,0.0,0.0,0.0,0.0,0.0,0.0,0.0,0.0,0.0,0.0,0.0,0.0,0.0,0.0,0.0,0.0,0.0,0.0,0.0,0.0,0.0,1.058076e7,0.0,0.0,0.0,0.0,0.0,0.0,0.0,0.0,0.0,0.0,0.0,0.0,0.0,0.0,0.0,0.0,0.0],"memory":10214464,"params":["Parameters",{"gctrial":true,"time_tolerance":0.05,"samples":10000,"evals":1,"gcsample":false,"seconds":5.0,"overhead":0.0,"memory_tolerance":0.01}],"times":[9.5327696e7,9.371198e7,1.39415792e8,1.47967121e8,1.47700924e8,1.47750581e8,1.4755935e8,1.47967747e8,1.47792063e8,1.47543188e8,1.47769338e8,1.45407109e8,1.28099817e8,1.14514563e8,1.1426238e8,1.14597154e8,1.14117949e8,1.1432377e8,1.14180307e8,1.13893708e8,1.2065497e8,1.14465076e8,1.14292321e8,1.15118149e8,1.25496757e8,1.14686251e8,1.14362772e8,1.13873624e8,1.14071998e8,1.19422085e8,1.14146855e8,1.14063102e8,1.14861109e8,1.146396e8,1.14766015e8,1.14284595e8,1.13993753e8,1.14069359e8,1.1034765e8,1.01617284e8,1.01901842e8,1.01906403e8]}]],"medians":[114.4898195]}