{"lengs":[10.0,21.544346900318832,46.4158883361278,100.0,215.44346900318845,464.15888336127773,1000.0],"benchmarks":[["Trial",{"allocs":8563,"gctimes":[0.0,0.0,0.0],"memory":40435024,"params":["Parameters",{"gctrial":true,"time_tolerance":0.05,"samples":10000,"evals":1,"gcsample":false,"seconds":5.0,"overhead":0.0,"memory_tolerance":0.01}],"times":[2.270361648e9,2.276554193e9,2.287485816e9]}],["Trial",{"allocs":13058,"gctimes":[0.0,0.0],"memory":68316752,"params":["Parameters",{"gctrial":true,"time_tolerance":0.05,"samples":10000,"evals":1,"gcsample":false,"seconds":5.0,"overhead":0.0,"memory_tolerance":0.01}],"times":[4.409800283e9,4.426248714e9]}],["Trial",{"allocs":42710,"gctimes":[0.0],"memory":217662704,"params":["Parameters",{"gctrial":true,"time_tolerance":0.05,"samples":10000,"evals":1,"gcsample":false,"seconds":5.0,"overhead":0.0,"memory_tolerance":0.01}],"times":[1.5517972711e10]}],["Trial",{"allocs":56876,"gctimes":[0.0],"memory":324322048,"params":["Parameters",{"gctrial":true,"time_tolerance":0.05,"samples":10000,"evals":1,"gcsample":false,"seconds":5.0,"overhead":0.0,"memory_tolerance":0.01}],"times":[2.4066445996e10]}],["Trial",{"allocs":75079,"gctimes":[1.6165457e7],"memory":482753616,"params":["Parameters",{"gctrial":true,"time_tolerance":0.05,"samples":10000,"evals":1,"gcsample":false,"seconds":5.0,"overhead":0.0,"memory_tolerance":0.01}],"times":[3.6897120449e10]}],["Trial",{"allocs":120380,"gctimes":[1.2041168e7],"memory":824252496,"params":["Parameters",{"gctrial":true,"time_tolerance":0.05,"samples":10000,"evals":1,"gcsample":false,"seconds":5.0,"overhead":0.0,"memory_tolerance":0.01}],"times":[6.5106464611e10]}],["Trial",{"allocs":136938,"gctimes":[5.1622611e7],"memory":950876736,"params":["Parameters",{"gctrial":true,"time_tolerance":0.05,"samples":10000,"evals":1,"gcsample":false,"seconds":5.0,"overhead":0.0,"memory_tolerance":0.01}],"times":[7.5194807218e10]}]],"medians":[2276.554193,4418.0244985,15517.972711,24066.445996,36897.120449,65106.464611,75194.807218]}