{"lengs":[19998.61869632745],"benchmarks":[["Trial",{"allocs":102574428,"gctimes":[6.59507395e8],"memory":5774428976,"params":["Parameters",{"gctrial":true,"time_tolerance":0.05,"samples":10000,"evals":1,"gcsample":false,"seconds":5.0,"overhead":0.0,"memory_tolerance":0.01}],"times":[8.6881610063e10]}]],"medians":[86881.610063]}