{"lengs":[10.0,31.622776601683793,100.0,316.22776601683796,1000.0,3162.2776601683795,10000.0,31622.776601683792,100000.0],"benchmarks":[["Trial",{"allocs":56332,"gctimes":[0.0,0.0,0.0,0.0,0.0,0.0,0.0,1.827018e7,0.0,0.0,0.0,0.0,0.0,0.0,2.1887377e7,0.0,0.0,0.0,0.0,0.0,0.0,0.0,2.3690648e7,0.0,0.0,0.0,0.0,0.0,0.0,0.0,2.4245197e7,0.0,0.0,0.0,0.0,0.0,0.0,0.0,0.0,2.190439e7,0.0,0.0,0.0,0.0,0.0,0.0,0.0,1.9626194e7,0.0,0.0,0.0,0.0,0.0,0.0,0.0,1.9451627e7,0.0,0.0,0.0,0.0,0.0,0.0,0.0,1.9098483e7,0.0,0.0,0.0,0.0,0.0,0.0,0.0,1.9394649e7,0.0,0.0,0.0,0.0,0.0,0.0,0.0,1.9929821e7,0.0],"memory":28497008,"params":["Parameters",{"gctrial":true,"time_tolerance":0.05,"samples":10000,"evals":1,"gcsample":false,"seconds":5.0,"overhead":0.0,"memory_tolerance":0.01}],"times":[6.5517292e7,6.412154e7,6.0978933e7,6.0418707e7,6.0153749e7,6.1313751e7,6.0463656e7,7.3791019e7,5.0980757e7,5.9152084e7,6.0068554e7,6.0128396e7,5.9959307e7,6.0632129e7,8.0067337e7,5.1088431e7,5.5840167e7,6.0074353e7,6.2279853e7,6.0964366e7,6.0929687e7,5.9745919e7,8.2871617e7,5.1418018e7,5.7210964e7,6.0035341e7,6.0259669e7,6.0046171e7,6.0837953e7,5.9730664e7,8.3979364e7,5.2138262e7,5.3781259e7,6.000209e7,6.0158334e7,6.3101116e7,6.4286393e7,6.2857095e7,6.290432e7,7.8672155e7,5.4475039e7,6.3090087e7,6.3090655e7,6.3240527e7,6.3047519e7,6.3841742e7,6.2768054e7,7.9461952e7,5.4113177e7,6.0758843e7,6.3252209e7,6.4270208e7,6.3625355e7,6.4024718e7,6.280035e7,7.8778684e7,5.3858613e7,6.1157656e7,6.2277905e7,6.0156727e7,6.0135758e7,6.0824528e7,5.9765327e7,7.6667718e7,5.1188373e7,5.86296e7,5.9991522e7,6.0096226e7,6.2811554e7,6.1572341e7,6.009018e7,7.8173916e7,5.1137525e7,5.6023141e7,6.0119838e7,6.014072e7,5.9960549e7,6.0899777e7,5.9751168e7,7.9701655e7,5.1214032e7]}],["Trial",{"allocs":56340,"gctimes":[0.0,0.0,0.0,0.0,0.0,0.0,0.0,1.822924e7,0.0,0.0,0.0,0.0,0.0,0.0,2.098646e7,0.0,0.0,0.0,0.0,0.0,0.0,0.0,2.2829358e7,0.0,0.0,0.0,0.0,0.0,0.0,0.0,2.0777079e7,0.0,0.0,0.0,0.0,0.0,0.0,0.0,0.0,2.0835978e7,0.0,0.0,0.0,0.0,0.0,0.0,0.0,1.933381e7,0.0,0.0,0.0,0.0,0.0,0.0,0.0,1.939469e7,0.0,0.0,0.0,0.0,0.0,0.0,0.0,1.9895818e7,0.0,0.0,0.0,0.0,0.0,0.0,0.0,1.929035e7,0.0,0.0,0.0,0.0,0.0,0.0,0.0,2.0217601e7,0.0],"memory":28500880,"params":["Parameters",{"gctrial":true,"time_tolerance":0.05,"samples":10000,"evals":1,"gcsample":false,"seconds":5.0,"overhead":0.0,"memory_tolerance":0.01}],"times":[6.3843472e7,6.0979138e7,6.0572923e7,6.0320399e7,6.0129104e7,6.0440379e7,6.014346e7,7.4223279e7,5.1057754e7,5.9468374e7,6.0019828e7,6.0211383e7,6.0112692e7,6.0139424e7,7.9949024e7,5.099721e7,5.7371986e7,6.1463378e7,6.0788933e7,6.0242815e7,6.0093954e7,6.0293561e7,8.1950489e7,5.0974567e7,5.5728989e7,6.0190956e7,6.0344023e7,6.0244237e7,6.0189594e7,6.0874369e7,8.0457268e7,5.1913901e7,5.4050353e7,6.171852e7,6.1614604e7,6.0262545e7,6.0227606e7,6.0428004e7,6.0148229e7,7.4813728e7,5.1598786e7,6.0252103e7,6.0229355e7,6.0131062e7,6.0133073e7,6.0660728e7,6.0526014e7,7.6511586e7,5.104967e7,5.7998975e7,6.1739918e7,6.4299597e7,6.3356675e7,6.3345394e7,6.3320866e7,7.8805424e7,5.3793094e7,6.1399696e7,6.3065495e7,6.3271299e7,6.3197808e7,6.331438e7,6.3455173e7,8.0430283e7,5.3903603e7,6.0362459e7,6.3086948e7,6.3369176e7,6.0524125e7,6.0481492e7,6.0286584e7,7.7771394e7,5.0929521e7,5.6512588e7,6.0112237e7,6.0286617e7,6.03194e7,6.0674368e7,6.0793002e7,7.9911109e7,5.0997445e7]}],["Trial",{"allocs":56760,"gctimes":[0.0,0.0,0.0,0.0,0.0,0.0,0.0,1.8320159e7,0.0,0.0,0.0,0.0,0.0,0.0,2.1472203e7,0.0,0.0,0.0,0.0,0.0,0.0,0.0,2.297297e7,0.0,0.0,0.0,0.0,0.0,0.0,0.0,2.0288721e7,0.0,0.0,0.0,0.0,0.0,0.0,0.0,2.0114984e7,0.0,0.0,0.0,0.0,0.0,0.0,0.0,2.0944908e7,0.0,0.0,0.0,0.0,0.0,0.0,0.0,0.0,2.1297469e7,0.0,0.0,0.0,0.0,0.0,0.0,0.0,1.9211876e7,0.0,0.0,0.0,0.0,0.0,0.0,0.0,1.8821813e7,0.0,0.0,0.0,0.0,0.0,0.0,0.0,1.8803234e7,0.0],"memory":28704160,"params":["Parameters",{"gctrial":true,"time_tolerance":0.05,"samples":10000,"evals":1,"gcsample":false,"seconds":5.0,"overhead":0.0,"memory_tolerance":0.01}],"times":[6.2018213e7,6.1381726e7,6.1111846e7,6.1364057e7,6.105372e7,6.0994278e7,6.0868482e7,7.3745598e7,5.1818338e7,6.0705234e7,6.0857343e7,6.1047682e7,6.1099551e7,6.0760875e7,7.995163e7,5.5741146e7,5.9145072e7,6.0879301e7,6.1005995e7,6.1074635e7,6.0781169e7,6.0611465e7,8.1036211e7,5.1877336e7,5.8158309e7,6.1063042e7,6.0998001e7,6.0960601e7,6.0774905e7,6.0628805e7,7.9385083e7,5.1771093e7,6.0534697e7,6.1863325e7,6.0962057e7,6.098315e7,6.0837418e7,6.0682054e7,7.9995464e7,5.1762438e7,5.6315336e7,6.0949691e7,6.097981e7,6.1035578e7,6.0858966e7,6.0687521e7,8.0854504e7,5.2854962e7,5.639635e7,6.399508e7,6.1439782e7,6.1344852e7,6.1485923e7,6.056039e7,6.0744619e7,7.5092327e7,5.3408958e7,6.1090642e7,6.0968668e7,6.1072376e7,6.1182699e7,6.0726209e7,6.0649859e7,7.5231929e7,5.1987307e7,6.2882562e7,6.2486151e7,6.1004119e7,6.1080062e7,6.0666597e7,6.056537e7,7.336096e7,5.2553156e7,6.0977305e7,6.1222561e7,6.1001471e7,6.1295189e7,6.0705686e7,6.0730911e7,7.3146421e7,5.2755375e7]}],["Trial",{"allocs":59668,"gctimes":[0.0,0.0,0.0,0.0,0.0,0.0,1.8434561e7,0.0,0.0,0.0,0.0,0.0,0.0,2.3560835e7,0.0,0.0,0.0,0.0,0.0,0.0,0.0,2.4997218e7,0.0,0.0,0.0,0.0,0.0,0.0,0.0,2.2233536e7,0.0,0.0,0.0,0.0,0.0,0.0,0.0,2.1583194e7,0.0,0.0,0.0,0.0,0.0,0.0,0.0,2.1181135e7,0.0,0.0,0.0,0.0,0.0,0.0,0.0,2.0445306e7,0.0,0.0,0.0,0.0,0.0,0.0,0.0,1.9379461e7,0.0,0.0,0.0,0.0,0.0,0.0,1.8415255e7,0.0,0.0,0.0,0.0,0.0],"memory":30111632,"params":["Parameters",{"gctrial":true,"time_tolerance":0.05,"samples":10000,"evals":1,"gcsample":false,"seconds":5.0,"overhead":0.0,"memory_tolerance":0.01}],"times":[6.7002524e7,6.6609375e7,6.6868654e7,6.7982048e7,6.6055581e7,6.6084799e7,8.3770913e7,5.6877368e7,6.005422e7,6.5560267e7,6.5922512e7,6.5833441e7,6.5703599e7,8.8893809e7,5.7045519e7,6.0305824e7,6.5621835e7,6.5933797e7,6.9341078e7,6.7532668e7,6.5923463e7,8.9338943e7,5.7302273e7,6.0983368e7,6.5626202e7,6.6025281e7,6.5862225e7,6.5759444e7,6.5832211e7,8.8488909e7,5.9151302e7,6.4796224e7,6.9013149e7,7.0363366e7,7.1362156e7,6.939845e7,6.9338268e7,8.8899323e7,5.9125449e7,6.580957e7,6.8875024e7,6.9260915e7,6.9136034e7,6.9073314e7,6.9314819e7,8.6971543e7,5.9239801e7,6.7409497e7,6.9887027e7,6.7655781e7,6.5949046e7,6.5739844e7,6.5904647e7,8.2013301e7,5.6211169e7,6.5711359e7,6.5510847e7,6.5785086e7,6.5637066e7,6.559086e7,6.5757796e7,7.7359189e7,5.8750215e7,6.5727306e7,6.9262494e7,6.6546057e7,6.5573401e7,6.5589259e7,8.2630455e7,5.6091784e7,6.2344189e7,6.5580078e7,6.5885395e7,6.5825298e7]}],["Trial",{"allocs":68864,"gctimes":[0.0,0.0,0.0,0.0,0.0,0.0,1.8771102e7,0.0,0.0,0.0,0.0,0.0,2.1757934e7,0.0,0.0,0.0,0.0,0.0,2.2813021e7,0.0,0.0,0.0,0.0,0.0,0.0,2.0522149e7,0.0,0.0,0.0,0.0,0.0,0.0,2.0221359e7,0.0,0.0,0.0,0.0,0.0,0.0,1.9550217e7,0.0,0.0,0.0,0.0,0.0,2.0404481e7,0.0,0.0,0.0,0.0,0.0,0.0,2.0545035e7,0.0,0.0,0.0,0.0,0.0,0.0,2.0223645e7,0.0],"memory":34562496,"params":["Parameters",{"gctrial":true,"time_tolerance":0.05,"samples":10000,"evals":1,"gcsample":false,"seconds":5.0,"overhead":0.0,"memory_tolerance":0.01}],"times":[8.2613687e7,8.1723563e7,8.2516882e7,8.3814179e7,8.1816464e7,8.1283687e7,9.044719e7,7.5991465e7,8.0748146e7,8.0775999e7,8.0559683e7,8.0666637e7,9.4558275e7,7.460006e7,8.0766724e7,8.1682528e7,8.3031365e7,8.0762285e7,1.0218823e8,7.0082307e7,7.9244259e7,8.0843603e7,8.0713468e7,8.0547995e7,8.0963633e7,9.520974e7,7.1952247e7,8.0959136e7,8.4303721e7,8.38294e7,8.1079315e7,8.1804524e7,9.4237511e7,7.2965927e7,8.0657184e7,8.0872244e7,8.0748705e7,8.052446e7,8.0941775e7,9.1032231e7,7.5526058e7,8.3466786e7,8.1098683e7,8.112154e7,8.0556342e7,9.9881986e7,7.0965991e7,7.8642931e7,8.0704066e7,8.1038238e7,8.0864448e7,8.0964702e7,9.5690911e7,7.3076979e7,8.2460374e7,8.1074383e7,8.0945428e7,8.0309648e7,8.09077e7,9.4632233e7,7.2608347e7]}],["Trial",{"allocs":97944,"gctimes":[0.0,0.0,0.0,0.0,1.9826467e7,0.0,0.0,0.0,2.5695391e7,0.0,0.0,0.0,0.0,3.2683551e7,0.0,0.0,0.0,0.0,2.3450439e7,0.0,0.0,0.0,0.0,2.4211535e7,0.0,0.0,0.0,0.0,2.4812925e7,0.0,0.0,0.0,0.0,0.0,2.4734541e7,0.0,0.0],"memory":48637216,"params":["Parameters",{"gctrial":true,"time_tolerance":0.05,"samples":10000,"evals":1,