{"lengs":[10.0],"benchmarks":[["Trial",{"allocs":4266,"gctimes":[0.0,0.0,0.0,0.0,0.0,0.0,0.0,0.0,0.0,0.0,0.0,0.0,0.0,0.0,0.0,0.0,0.0,0.0,0.0,0.0,0.0,0.0,0.0,0.0,0.0,0.0,0.0,0.0,0.0],"memory":205920,"params":["Parameters",{"gctrial":true,"time_tolerance":0.05,"samples":10000,"evals":1,"gcsample":false,"seconds":5.0,"overhead":0.0,"memory_tolerance":0.01}],"times":[1.95436539e8,1.97339435e8,1.94386296e8,1.93745379e8,1.93844434e8,1.94105641e8,1.97272457e8,1.94417996e8,1.94111487e8,1.94109243e8,1.93914745e8,1.93393639e8,1.97156147e8,1.94461935e8,1.93544508e8,1.93881836e8,1.93942266e8,1.97132012e8,1.59796376e8,1.40803132e8,1.40610196e8,1.40397756e8,1.40536314e8,1.41301626e8,1.43572753e8,1.40389631e8,1.40593291e8,1.40434901e8,1.4030843e8]}]],"medians":[193.844434]}