{"lengs":[10.0,21.544346900318832,46.4158883361278,100.0,215.44346900318845,464.15888336127773,1000.0],"benchmarks":[["Trial",{"allocs":14,"gctimes":[0.0,0.0,0.0,0.0,0.0,0.0,0.0,0.0,0.0,0.0,0.0,0.0,0.0,0.0,0.0,0.0,0.0,0.0,0.0,0.0,0.0,0.0,0.0,0.0,0.0,0.0,0.0,0.0,0.0,0.0,0.0,0.0,0.0,0.0,0.0,0.0,0.0,0.0,0.0,0.0,0.0,0.0,0.0,0.0,0.0,0.0,0.0,0.0,0.0,0.0,0.0,0.0,0.0,0.0,0.0,0.0,0.0,0.0,0.0,0.0,0.0,0.0,0.0,0.0,0.0,0.0,0.0,0.0,0.0,0.0,0.0,0.0,0.0,0.0,0.0,0.0,0.0,0.0,0.0,0.0,0.0,0.0,0.0,0.0,0.0,0.0,0.0,0.0,0.0,0.0,0.0,0.0,0.0,0.0,0.0,0.0,0.0,0.0,0.0,0.0,0.0,0.0,0.0,0.0,0.0,0.0,0.0,0.0,0.0,0.0,0.0,0.0,0.0,0.0,0.0,0.0,0.0,0.0,0.0,0.0,0.0,0.0,0.0,0.0,0.0,0.0,0.0,0.0,0.0,0.0,0.0,0.0,0.0,0.0,0.0,0.0,0.0,0.0,0.0,0.0,0.0,0.0,0.0,0.0,0.0,0.0,0.0,0.0,0.0,0.0,0.0,0.0,0.0,0.0,0.0,0.0,0.0,0.0,0.0,0.0,0.0,0.0,0.0,0.0,0.0,0.0,0.0,0.0,0.0,0.0,0.0,0.0,0.0,0.0,0.0,0.0,0.0,0.0,0.0,0.0,0.0,0.0,0.0,0.0,0.0,0.0,0.0,0.0,0.0,0.0,0.0,0.0,0.0,0.0,0.0,0.0,0.0,0.0,0.0,0.0,0.0,0.0,0.0,0.0,0.0,0.0,0.0,0.0,0.0,0.0,0.0,0.0,0.0,0.0,0.0,0.0,0.0,0.0,0.0,0.0,0.0,0.0,0.0,0.0,0.0,0.0,0.0,0.0],"memory":91792,"params":["Parameters",{"gctrial":true,"time_tolerance":0.05,"samples":10000,"evals":1,"gcsample":false,"seconds":5.0,"overhead":0.0,"memory_tolerance":0.01}],"times":[2.7713265e7,2.0535076e7,2.2670863e7,2.1338146e7,2.0458092e7,2.2060882e7,2.125608e7,2.3065757e7,2.0523313e7,1.9266902e7,2.0153483e7,1.8887014e7,1.8164611e7,2.4159292e7,1.9908751e7,1.8457333e7,2.1989688e7,1.948657e7,2.0028074e7,2.1822224e7,2.401339e7,2.0630501e7,2.3464549e7,2.2165654e7,2.126924e7,2.3827232e7,2.364342e7,2.630992e7,2.1386957e7,1.9974054e7,2.2991919e7,2.0240695e7,2.016284e7,2.6507814e7,1.8895923e7,2.0234211e7,1.8906084e7,2.0272355e7,2.4997826e7,2.0918178e7,2.2211012e7,2.2921216e7,2.3927427e7,2.2001503e7,2.0549386e7,2.1463754e7,2.1027282e7,2.1888466e7,2.5253679e7,1.610634e7,2.4997872e7,2.3139167e7,2.1911131e7,2.5222986e7,2.2851115e7,2.3734846e7,2.1278937e7,2.1689429e7,2.2551502e7,1.9462919e7,2.1799083e7,2.0317411e7,2.5470541e7,2.375978e7,1.7192344e7,2.1364935e7,2.402736e7,2.0648828e7,2.1760849e7,1.8243955e7,2.3284505e7,2.3715285e7,2.5343291e7,2.5213114e7,2.1613118e7,1.8678115e7,2.1234241e7,2.1825379e7,2.1125555e7,1.6616723e7,2.2270508e7,2.3850019e7,2.1006559e7,2.3116108e7,2.1003796e7,2.1225694e7,2.411787e7,2.2482601e7,2.0024003e7,2.351219e7,1.8933381e7,2.2266123e7,2.1418684e7,1.9485444e7,2.114123e7,1.9266196e7,2.1164031e7,2.394783e7,2.4512287e7,1.8136309e7,1.8700784e7,2.2491391e7,2.0538526e7,2.4258202e7,1.8833683e7,1.9706053e7,1.9968113e7,2.0290067e7,2.5949714e7,2.4114409e7,2.8522752e7,2.840252e7,2.364811e7,2.0815054e7,2.1362097e7,2.3928091e7,1.8681648e7,2.2888153e7,2.0615898e7,2.297363e7,2.2405562e7,2.5219931e7,2.176725e7,2.0672206e7,1.7397535e7,2.2912309e7,2.625593e7,1.9870363e7,2.2059039e7,2.3206632e7,2.2488516e7,2.1661024e7,1.4960744e7,2.1674786e7,2.6315496e7,2.0064292e7,2.235856e7,2.2049635e7,2.1193679e7,2.279477e7,2.3213716e7,2.4991905e7,2.3403319e7,2.2400598e7,2.2776862e7,2.1209163e7,2.1209135e7,2.1392024e7,2.1433183e7,2.0674835e7,2.1865967e7,2.3404792e7,2.4173137e7,2.2629997e7,2.3229006e7,1.9196046e7,2.6597142e7,2.42423e7,2.4948551e7,2.2380222e7,2.2881249e7,2.1985847e7,2.7632269e7,2.3353168e7,2.1292423e7,2.347048e7,1.8882658e7,2.0859208e7,2.3388668e7,2.2498226e7,2.0722095e7,2.2080395e7,2.5960906e7,2.5801874e7,2.4163406e7,1.9172988e7,2.0302608e7,2.083622e7,2.0683028e7,2.7464186e7,2.2390648e7,2.0246668e7,1.7137398e7,2.1183718e7,2.5375632e7,1.9480749e7,1.8271537e7,2.1629602e7,1.8395897e7,2.5119221e7,2.4051681e7,2.5354294e7,2.1117837e7,2.5470811e7,2.3848587e7,2.300997e7,1.9637473e7,2.1670739e7,2.3128e7,1.7203285e7,2.4728947e7,2.1731891e7,2.074245e7,2.4183282e7,2.4675327e7,2.4642026e7,2.300375e7,2.081728e7,2.2168504e7,2.3604931e7,1.9249267e7,2.3403042e7,1.8577322e7,2.0608408e7,2.3376917e7,2.0696562e7,1.9663364e7,2.0192866e7,2.0902491e7,1.760844e7,2.2665414e7,2.3907499e7,2.2139886e7,2.6544395e7,2.2127549e7,2.1642147e7,2.3998827e7,2.1442106e7]}],["Trial",{"allocs":14,"gctimes":[0.0,0.0,0.0,0.0,0.0,0.0,0.0,0.0,0.0,0.0,0.0,0.0,0.0,0.0,0.0,0.0,0.0,0.0,0.0,0.0,0.0,0.0,0.0,0.0,0.0,0.0,0.0,0.0,0.0,0.0,0.0,0.0,0.0,0.0,0.0,0.0,0.0,0.0,0.0,0.0,0.0,0.0,0.0,0.0,0.0,0.0,0.0,0.0,0.0,0.0,0.0,0.0,0.0,0.0,0.0,0.0,0.0,0.0,0.0,0.0,0.0,0.0,0.0,0.0,0.0,0.0,0.0,0.0,0.0,0.0,0.0,0.0,0.0,0.0,0.0],"memory":91792,"params":["Parameters",{"gctrial":true,"time_tolerance":0.05,"samples":10000,"evals":1,"gcsample":false,"seconds":5.0,"overhead":0.0,"memory_tolerance":0.01}],"times":[7.5812723e7,7.6097259e7,7.2136365e7,6.2551303e7,6.932147e7,7.4413026e7,6.0368107e7,5.8108905e7,6.9392882e7,6.5613755e7,6.796326e7,7.5213499e7,6.7804618e7,6.7122457e7,6.1813255e7,6.4428147e7,6.3155407e7,6.3977284e7,6.8489207e7,6.8472023e7,6.3777171e7,6.9253957e7,6.725931e7,7.1657922e7,6.9969142e7,6.7640715e7,6.4901076e7,6.9707811e7,7.0970387e7,6.8467006e7,6.5607884e7,6.1016055e7,6.5542893e7,7.252048e7,6.1972573e7,6.5558834e7,6.8998474e7,7.0788966e7,7.129192e7,7.1150096e7,6.3706318e7,6.3107251e7,7.0779154e7,6.906325e7,6.427934e7,6.6600267e7,7.2794245e7,7.3070195e7,6.8652398e7,6.6133215e7,6.8031307e7,7.2467902e7,6.2437125e7,6.8968734e7,7.4755986e7,6.2799164e7,6.2111327e7,6.7129806e7,6.6853065e7,8.0238233e7,6.224927e7,6.0876053e7,6.710321e7,6.7685461e7,6.4996941e7,6.2675779e7,6.0352814e7,6.9468341e7,6.2962177e7,7.3875382e7,6.6971774e7,6.224113e7,5.7216928e7,6.6123867e7,6.8537043e7]}],["Trial",{"allocs":14,"gctimes":[0.0,0.0,0.0,0.0,0.0,0.0,0.0,0.0,0.0,0.0,0.0,0.0,0.0,0.0,0.0,0.0,0.0,0.0,0.0,0.0,0.0,0.0,0.0,0.0,0.0,0.0,0.0],"memory":91792,"params":["Parameters",{"gctrial":true,"time_tolerance":0.05,"samples":10000,"evals":1,"gcsample":false,"seconds":5.0,"overhead":0.0,"memory_tolerance":0.01}],"times":[2.00092984e8,1.95346551e8,1.96275711e8,1.75108344e8,1.83022917e8,1.9045502e8,1.78485639e8,1.96841405e8,1.98285249e8,1.83459337e8,1.99014275e8,1.84099045e8,1.90733613e8,1.79153695e8,1.88425538e8,1.95760225e8,1.94898485e8,1.91542825e8,1.74666753e8,1.733215e8,1.78026161e8,1.76612504e8,2.00017393e8,1.83476543e8,1.88695727e8,1.8893673e8,1.70523165e8]}],["Trial",{"allocs":14,"gctimes":[0.0,0.0,0.0,0.0,0.0,0.0,0.0,0.0,0.0,0.0,0.0],"memory":91792,"params":["Parameters",{"gctrial":true,"time_tolerance":0.05,"samples":10000,"evals":1,"gcsample":false,"seconds":5.0,"overhead":0.0,"memory_tolerance":0.01}],"times":[4.53883099e8,4.5786476e8,4.64040006e8,4.63070472e8,4.71481305e8,4.94765706e8,4.56912012e8,4.69307796e8,4.9286141e8,4.50612349e8,4.68600611e8]}],["Trial",{"allocs":14,"gctimes":[0.0,0.0,0.0,0.0,0.0],"memory":91792,"params":["Parameters",{"gctrial":true,"time_tolerance":0.05,"samples":10000,"evals":1,"gcsample":false,"seconds":5.0,"overhead":0.0,"memory_tolerance":0.01}],"times":[1.099212908e9,1.055196958e9,1.085314588e9,1.086353923e9,1.071410415e9]}],["Trial",{"allocs":14,"gctimes":[0.0,0.0,0.0],"memory":91792,"params":["Parameters",{"gctrial":true,"time_tolerance":0.05,"samples":10000,"evals":1,"gcsample":false,"seconds":5.0,"overhead":0.0,"memory_tolerance":0.01}],"times":[2.485407026e9,2.488535382e9,2.551574115e9]}],["Trial",{"allocs":14,"gctimes":[0.0],"memory":91792,"params":["Parameters",{"gctrial":true,"time_tolerance":0.05,"samples":10000,"evals":1,"gcsample":false,"seconds":5.0,"overhead":0.0,"memory_tolerance":0.01}],"times":[5.283875116e9]}]],"medians":[21.8772165,67.25931,188.695727,464.040006,1085.314588,2488.535382,5283.875116]}