{"lengs":[10.0,21.544346900318832,46.4158883361278,100.0,215.44346900318845,464.15888336127773,1000.0],"benchmarks":[["Trial",{"allocs":67310,"gctimes":[7.338118e6,1.0558831e7],"memory":965734624,"params":["Parameters",{"gctrial":true,"time_tolerance":0.05,"samples":10000,"evals":1,"gcsample":false,"seconds":5.0,"overhead":0.0,"memory_tolerance":0.01}],"times":[3.187526289e9,3.231173284e9]}],["Trial",{"allocs":144984,"gctimes":[1.6787259e7],"memory":2080884656,"params":["Parameters",{"gctrial":true,"time_tolerance":0.05,"samples":10000,"evals":1,"gcsample":false,"seconds":5.0,"overhead":0.0,"memory_tolerance":0.01}],"times":[6.98789369e9]}],["Trial",{"allocs":312312,"gctimes":[2.11128633e8],"memory":4483305248,"params":["Parameters",{"gctrial":true,"time_tolerance":0.05,"samples":10000,"evals":1,"gcsample":false,"seconds":5.0,"overhead":0.0,"memory_tolerance":0.01}],"times":[1.601520171e10]}],["Trial",{"allocs":672814,"gctimes":[1.272026626e9],"memory":9657731520,"params":["Parameters",{"gctrial":true,"time_tolerance":0.05,"samples":10000,"evals":1,"gcsample":false,"seconds":5.0,"overhead":0.0,"memory_tolerance":0.01}],"times":[3.5471844679e10]}],["Trial",{"allocs":1449504,"gctimes":[2.643467374e9],"memory":20807442128,"params":["Parameters",{"gctrial":true,"time_tolerance":0.05,"samples":10000,"evals":1,"gcsample":false,"seconds":5.0,"overhead":0.0,"memory_tolerance":0.01}],"times":[7.8584892428e10]}],["Trial",{"allocs":3122849,"gctimes":[4.323814179e9],"memory":44828967856,"params":["Parameters",{"gctrial":true,"time_tolerance":0.05,"samples":10000,"evals":1,"gcsample":false,"seconds":5.0,"overhead":0.0,"memory_tolerance":0.01}],"times":[1.60165721565e11]}],["Trial",{"allocs":6727944,"gctimes":[7.072434659e9],"memory":96584952848,"params":["Parameters",{"gctrial":true,"time_tolerance":0.05,"samples":10000,"evals":1,"gcsample":false,"seconds":5.0,"overhead":0.0,"memory_tolerance":0.01}],"times":[3.47988181612e11]}]],"medians":[3209.3497865,6987.89369,16015.20171,35471.844679,78584.892428,160165.721565,347988.181612]}