{"lengs":[19998.61869632745],"benchmarks":[["Trial",{"allocs":7317548,"gctimes":[6.6806474e7],"memory":651939920,"params":["Parameters",{"gctrial":true,"time_tolerance":0.05,"samples":10000,"evals":1,"gcsample":false,"seconds":5.0,"overhead":0.0,"memory_tolerance":0.01}],"times":[8.08333619103e11]}]],"medians":[808333.619103]}