{"lengs":[1.9998618696327441],"benchmarks":[["Trial",{"allocs":3993,"gctimes":[0.0,0.0,0.0,0.0,0.0,0.0,0.0,0.0,0.0,0.0,0.0,0.0,0.0,0.0,0.0,0.0,0.0,0.0,0.0,0.0,0.0,0.0,0.0,0.0,0.0,0.0,0.0,0.0,0.0,0.0,0.0,0.0,0.0,0.0,0.0,0.0,0.0,0.0,0.0,0.0,0.0,0.0,0.0,0.0,0.0,0.0,0.0,0.0,0.0,0.0,0.0,0.0,0.0,0.0,0.0,0.0,0.0,0.0,0.0,0.0,0.0,0.0,0.0,0.0,0.0,0.0,0.0,0.0,0.0,0.0,0.0,0.0,0.0,0.0,0.0,0.0,0.0,0.0,0.0,0.0,0.0,0.0,0.0,0.0,0.0,0.0,0.0,0.0,0.0,0.0,0.0,0.0,0.0,0.0,0.0,0.0,0.0,0.0,0.0,0.0,0.0,0.0,0.0,0.0,0.0,0.0,0.0,0.0,0.0,0.0,0.0,0.0,0.0,0.0,0.0,0.0,0.0,0.0,0.0,0.0,0.0,0.0,0.0,0.0,0.0,0.0,0.0,0.0,0.0,0.0,0.0,0.0,0.0,0.0,0.0,0.0,0.0,0.0,0.0,0.0,0.0,0.0,0.0,0.0,0.0,0.0,0.0,0.0,0.0,0.0,0.0,0.0,0.0,0.0,0.0,0.0,0.0,0.0,0.0,0.0,0.0,0.0,0.0,0.0,0.0,0.0,0.0,0.0,0.0,0.0,0.0,0.0,0.0,0.0,0.0,0.0,0.0,0.0,0.0,0.0,0.0,0.0,0.0,0.0,0.0,0.0,0.0,0.0,0.0,0.0,0.0,0.0,0.0,0.0,0.0,0.0,0.0,0.0,0.0,0.0,0.0,0.0,0.0,0.0,0.0,0.0,0.0,0.0,0.0,0.0,0.0,0.0,0.0,0.0,0.0,0.0,0.0,0.0,0.0,0.0,0.0,0.0,0.0,0.0,0.0,0.0,0.0,0.0,0.0,0.0,0.0,0.0,0.0,0.0,0.0,0.0,0.0,0.0,0.0,2.1768342e7,0.0,0.0,0.0,0.0,0.0,0.0,0.0,0.0,0.0,0.0,0.0,0.0,0.0,0.0,0.0,0.0,0.0,0.0,0.0,0.0,0.0,0.0,0.0,0.0,0.0,0.0,0.0,0.0,0.0,0.0,0.0,0.0,0.0,0.0,0.0,0.0,0.0,0.0,0.0,0.0,0.0,0.0,0.0,0.0,0.0,0.0,0.0,0.0,0.0,0.0,0.0,0.0,0.0,0.0,0.0,0.0,0.0,0.0,0.0,0.0,0.0,0.0,0.0,0.0,0.0,0.0,0.0,0.0,0.0,0.0,0.0,0.0,0.0,0.0,0.0,0.0,0.0,0.0,0.0,0.0,0.0,0.0,0.0,0.0,0.0,0.0,0.0,0.0,0.0,0.0,0.0,0.0,0.0,0.0,0.0,0.0,0.0,0.0,0.0,0.0,0.0,0.0,0.0,0.0,0.0,0.0,0.0,0.0,0.0,0.0,0.0,0.0,0.0,0.0,0.0,0.0,0.0,0.0,0.0,0.0,0.0,0.0,0.0,0.0,0.0,0.0,0.0,0.0,0.0,0.0,0.0,0.0,0.0,0.0,0.0,0.0,0.0,0.0,0.0,0.0,0.0,0.0,0.0,0.0,0.0,0.0,0.0,0.0,0.0,0.0,0.0,0.0,0.0,0.0,0.0,0.0,0.0,0.0,0.0,0.0,0.0,0.0,0.0,0.0,0.0,0.0,0.0,0.0,0.0,0.0,0.0,0.0,0.0,0.0,0.0,0.0,0.0,0.0,0.0,0.0,0.0,0.0,0.0,0.0,0.0,0.0,0.0,0.0,0.0,0.0,0.0,0.0,0.0,0.0,0.0,0.0,0.0,0.0,0.0,0.0,0.0,0.0,0.0,0.0,0.0,0.0,0.0,0.0,0.0,0.0,0.0,0.0,0.0,0.0,0.0,0.0,0.0,0.0,0.0,0.0,0.0,0.0,0.0,0.0,0.0,0.0,0.0,0.0,0.0,0.0,0.0,0.0,0.0,0.0,0.0,0.0,0.0,0.0,2.5304106e7,0.0,0.0,0.0,0.0,0.0,0.0,0.0,0.0,0.0,0.0,0.0,0.0,0.0,0.0,0.0,0.0,0.0,0.0,0.0,0.0,0.0,0.0,0.0,0.0,0.0,0.0,0.0,0.0,0.0,0.0,0.0,0.0,0.0,0.0,0.0,0.0,0.0,0.0,0.0,0.0,0.0,0.0,0.0,0.0,0.0,0.0,0.0,0.0,0.0,0.0,0.0,0.0,0.0,0.0,0.0,0.0,0.0,0.0,0.0,0.0,0.0,0.0,0.0,0.0,0.0,0.0,0.0,0.0,0.0,0.0,0.0,0.0,0.0,0.0,0.0,0.0,0.0,0.0,0.0,0.0,0.0,0.0,0.0,0.0,0.0,0.0,0.0,0.0,0.0,0.0,0.0,0.0,0.0,0.0,0.0,0.0,0.0,0.0,0.0,0.0,0.0,0.0,0.0,0.0,0.0,0.0,0.0,0.0,0.0,0.0,0.0,0.0,0.0,0.0,0.0,0.0,0.0,0.0,0.0,0.0,0.0,0.0,0.0,0.0,0.0,0.0,0.0,0.0,0.0,0.0,0.0,0.0,0.0,0.0,0.0,0.0,0.0,0.0,0.0,0.0,0.0,0.0,0.0,0.0,0.0,0.0,0.0,0.0,0.0,0.0,0.0,0.0,0.0,0.0,0.0,0.0,0.0,0.0,0.0,0.0,0.0,0.0,0.0,0.0,0.0,0.0,0.0,0.0,0.0,0.0,0.0,0.0,0.0,0.0,0.0,0.0,0.0,0.0,0.0,0.0,0.0,0.0,0.0,0.0,0.0,0.0,0.0,0.0,0.0,0.0,0.0,0.0,0.0,0.0,0.0,0.0,0.0,0.0,0.0,0.0,0.0,0.0,0.0,0.0,0.0,0.0,0.0,0.0,0.0,0.0,0.0,0.0,0.0,0.0,0.0,0.0,0.0,0.0,0.0,0.0,0.0,0.0,0.0,0.0,0.0,0.0,0.0,0.0,0.0,0.0,0.0,0.0,0.0,0.0,0.0,0.0,0.0,0.0,0.0,0.0,0.0,0.0,0.0,0.0,0.0,0.0,0.0,0.0,0.0,0.0,0.0,0.0,0.0,0.0,0.0,0.0,0.0,0.0,0.0,0.0,0.0,0.0,0.0,0.0,0.0,0.0,0.0,0.0,0.0,0.0,0.0,2.9067407e7,0.0,0.0,0.0,0.0,0.0,0.0,0.0,0.0,0.0,0.0,0.0,0.0,0.0,0.0,0.0,0.0,0.0,0.0,0.0,0.0,0.0,0.0,0.0,0.0,0.0,0.0,0.0,0.0,0.0,0.0,0.0,0.0,0.0,0.0,0.0,0.0,0.0,0.0,0.0,0.0,0.0,0.0,0.0,0.0,0.0,0.0,0.0,0.0,0.0,0.0,0.0,0.0,0.0,0.0,0.0,0.0,0.0,0.0,0.0,0.0,0.0,0.0,0.0,0.0,0.0,0.0,0.0,0.0,0.0,0.0,0.0,0.0,0.0,0.0,0.0,0.0,0.0,0.0,0.0,0.0,0.0,0.0,0.0,0.0,0.0,0.0,0.0,0.0,0.0,0.0,0.0,0.0,0.0,0.0,0.0,0.0,0.0,0.0,0.0,0.0,0.0,0.0,0.0,0.0,0.0,0.0,0.0,0.0,0.0,0.0,0.0,0.0,0.0,0.0,0.0,0.0,0.0,0.0,0.0,0.0,0.0,0.0,0.0,0.0],"memory":870896,"params":["Parameters",{"gctrial":true,"time_tolerance":0.05,"samples":10000,"evals":1,"gcsample":false,"seconds":5.0,"overhead":0.0,"memory_tolerance":0.01}],"times":[7.932698e6,5.799131e6,5.769929e6,5.771731e6,5.64033e6,5.660515e6,5.588379e6,5.609049e6,5.609513e6,5.627919e6,5.629068e6,5.688639e6,5.446875e6,5.444824e6,5.450842e6,5.457728e6,5.454205e6,5.448668e6,5.452913e6,5.428031e6,5.426256e6,5.457496e6,5.459793e6,5.447406e6,5.467872e6,5.487252e6,5.441269e6,5.422748e6,5.426014e6,5.668829e6,5.43785e6,5.449246e6,5.437569e6,5.682749e6,5.436741e6,5.525516e6,5.504789e6,5.60889e6,5.438235e6,5.537427e6,5.442971e6,5.45751e6,5.412642e6,5.426956e6,5.631062e6,5.439748e6,5.43496e6,5.489635e6,5.466677e6,5.460994e6,5.446144e6,5.442493e6,5.442122e6,5.600069e6,5.927943e6,5.770379e6,6.093867e6,5.769021e6,5.834103e6,5.86261e6,5.470058e6,5.608419e6,5.459473e6,5.766021e6,5.441491e6,5.616556e6,5.787652e6,5.536358e6,5.613686e6,5.447389e6,5.65387e6,5.478958e6,5.622265e6,5.433699e6,5.424489e6,5.449616e6,5.484126e6,5.462855e6,5.665668e6,5.429705e6,5.437102e6,5.49175e6,5.415351e6,5.41152e6,5.736415e6,5.409135e6,5.422736e6,5.415157e6,5.444213e6,5.427167e6,5.443205e6,5.451651e6,5.683691e6,5.448738e6,5.474813e6,5.493373e6,5.74221e6,5.667944e6,5.4393e6,5.453231e6,5.74796e6,5.488529e6,5.591016e6,5.426818e6,5.419186e6,5.594631e6,5.62328e6,5.446084e6,5.576046e6,5.559109e6,5.451751e6,5.570746e6,5.62526e6,5.452045e6,5.43294e6,5.44709e6,5.559504e6,5.507328e6,5.576718e6,5.66383e6,5.574427e6,5.769673e6,5.524246e6,5.533649e6,5.779492e6,5.44668e6,5.539691e6,5.421955e6,5.428995e6,5.412755e6,5.441184e6,5.609817e6,5.65298e6,5.431463e6,5.532804e6,5.43291e6,5.416706e6,5.404866e6,5.406992e6,5.419175e6,5.414299e6,5.42913e6,5.592178e6,5.425578e6,5.437819e6,5.436629e6,5.531685e6,5.417126e6,5.623741e6,5.420392e6,5.420241e6,5.448158e6,5.429762e6,5.41672e6,5.46047e6,5.440309e6,5.400864e6,5.495393e6,5.505493e6,5.438253e6,5.492864e6,5.425793e6,5.416923e6,5.503533e6,5.566461e6,5.450838e6,5.640786e6,5.46162e6,5.409072e6,5.414001e6,5.5233e6,5.414916e6,5.396086e6,5.772686e6,5.470302e6,5.721347e6,5.425786e6,5.500862e6,5.387698e6,5.54938e6,5.436793e6,5.508503e6,5.532186e6,5.500818e6,5.533128e6,5.747785e6,5.413821e6,5.510957e6,5.478669e6,5.660331e6,5.527214e6,5.507899e6,5.578906e6,5.426704e6,5.471837e6,5.453859e6,5.421724e6,5.41988e6,5.508961e6,5.565092e6,5.460042e6,5.430317e6,5.400961e6,5.525667e6,5.571797e6,5.470076e6,5.405335e6,5.570667e6,5.55696e6,5.700056e6,5.544441e6,5.652677e6,5.426279e6,5.442911e6,5.419575e6,5.527763e6,5.423122e6,5.559544e6,5.442746e6,5.673582e6,5.416298e6,5.400423e6,5.438511e6,5.451374e6,5.422299e6,5.473293e6,5.406324e6,5.412543e6,5.469379e6,5.423921e6,5.425984e6,5.394719e6,5.417156e6,5.408426e6,5.407117e6,5.514945e6,5.529877e6,5.624099e6,5.672593e6,6.2122205e7,5.708764e6,5.577989e6,5.424428e6,5.627661e6,5.358031e6,5.492186e6,5.308635e6,5.453369e6,5.325326e6,5.425273e6,5.298639e6,5.293862e6,5.288573e6,5.302409e6,5.274766e6,5.261196e6,5.293256e6,5.280287e6,5.292042e6,5.261522e6,5.286759e6,5.266129e6,5.253494e6,5.318819e6,5.266951e6,5.249729e6,5.270477e6,5.264034e6,5.451988e6,5.461676e6,5.476244e6,5.319899e6,5.2468e6,5.395336e6,5.277771e6,5.28339e6,5.371321e6,5.257861e6,5.576428e6,5.57984e6,5.260604e6,5.263932e6,5.278993e6,5.240183e6,5.312773e6,5.363257e6,5.365051e6,5.238521e6,5.255108e6,5.246884e6,5.342253e6,5.267337e6,5.356691e6,5.257786e6,5.49019e6,5.261244e6,5.3735e6,5.27358e6,5.324727e6,5.317163e6,5.270148e6,5.327281e6,5.233027e6,5.240736e6,5.235885e6,5.354149e6,5.309868e6,5.345265e6,5.266141e6,5.247442e6,5.249413e6,5.242874e6,5.226373e6,5.233786e6,5.229353e6,5.491448e6,5.490216e6,5.476103e6,5.501548e6,5.498547e6,5.593177e6,5.496228e6,5.507413e6,5.469691e6,5.512198e6,5.602137e6,5.527478e6,5.483389e6,5.496323e6,5.488709e6,5.489575e6,5.487932e6,5.467985e6,5.513717e6,5.498083e6,5.490548e6,5.525607e6,5.370942e6,5.466108e6,5.254521e6,5.269661e6,5.28851e6,5.25785e6,5.239282e6,5.255627e6,5.246108e6,5.269327e6,5.399809e6,5.368552e6,5.284602e6,5.310894e6,5.387046e6,5.342465e6,5.362898e6,5.247901e6,5.365321e6,5.257835e6,5.347818e6,5.250131e6,5.241135e6,5.26372e6,5.245863e6,5.244107e6,5.25872e6,5.256213e6,5.244812e6,5.349542e6,5.244123e6,5.255468e6,5.275039e6,5.258795e6,5.251331e6,5.251348e6,5.296336e6,5.256286e6,5.244054e6,5.248698e6,5.249885e6,5.270254e6,5.247106e6,5.267387e6,5.282709e6,5.277114e6,5.259966e6,5.275573e6,5.327358e6,