{"lengs":[10.0,21.544346900318832,46.4158883361278,100.0,215.44346900318845,464.15888336127773,1000.0],"benchmarks":[["Trial",{"allocs":68472,"gctimes":[0.0,0.0,0.0,0.0,0.0,0.0,0.0,0.0,0.0,0.0,1.0075466e7,0.0,0.0,0.0],"memory":24041416,"params":["Parameters",{"gctrial":true,"time_tolerance":0.05,"samples":10000,"evals":1,"gcsample":false,"seconds":5.0,"overhead":0.0,"memory_tolerance":0.01}],"times":[3.92577478e8,3.87049814e8,3.68277106e8,3.86736425e8,3.96294526e8,3.91417907e8,3.81869452e8,3.97246118e8,3.94331153e8,3.74311254e8,3.83139581e8,3.71833546e8,3.64410616e8,3.69216309e8]}],["Trial",{"allocs":94111,"gctimes":[0.0,0.0,0.0,0.0,0.0,0.0,0.0,0.0,1.040223e7,0.0,0.0],"memory":30223624,"params":["Parameters",{"gctrial":true,"time_tolerance":0.05,"samples":10000,"evals":1,"gcsample":false,"seconds":5.0,"overhead":0.0,"memory_tolerance":0.01}],"times":[4.70171582e8,4.69645914e8,4.77143051e8,4.68417887e8,5.02681689e8,4.92341816e8,4.96966961e8,4.91685534e8,5.01427895e8,4.67023657e8,4.81719317e8]}],["Trial",{"allocs":155110,"gctimes":[0.0,0.0,0.0,0.0,0.0,1.119291e7,0.0,0.0],"memory":43939352,"params":["Parameters",{"gctrial":true,"time_tolerance":0.05,"samples":10000,"evals":1,"gcsample":false,"seconds":5.0,"overhead":0.0,"memory_tolerance":0.01}],"times":[6.95998691e8,7.12767313e8,7.25525607e8,6.92322586e8,6.97690702e8,7.24943328e8,7.37133408e8,7.32415619e8]}],["Trial",{"allocs":225252,"gctimes":[0.0,0.0,0.0,0.0,1.1287056e7,0.0],"memory":57658776,"params":["Parameters",{"gctrial":true,"time_tolerance":0.05,"samples":10000,"evals":1,"gcsample":false,"seconds":5.0,"overhead":0.0,"memory_tolerance":0.01}],"times":[9.21576118e8,9.16296485e8,9.32644499e8,9.2262637e8,9.4402849e8,9.31692744e8]}],["Trial",{"allocs":293474,"gctimes":[0.0,0.0,0.0,1.256273e7,0.0],"memory":70604760,"params":["Parameters",{"gctrial":true,"time_tolerance":0.05,"samples":10000,"evals":1,"gcsample":false,"seconds":5.0,"overhead":0.0,"memory_tolerance":0.01}],"times":[1.280770543e9,1.241035598e9,1.232649155e9,1.223026731e9,1.223622625e9]}],["Trial",{"allocs":325228,"gctimes":[0.0,0.0,0.0,1.7077177e7],"memory":76952792,"params":["Parameters",{"gctrial":true,"time_tolerance":0.05,"samples":10000,"evals":1,"gcsample":false,"seconds":5.0,"overhead":0.0,"memory_tolerance":0.01}],"times":[1.466476981e9,1.369898908e9,1.367193876e9,1.347929606e9]}],["Trial",{"allocs":326525,"gctimes":[0.0,0.0,0.0,1.4581311e7],"memory":77299432,"params":["Parameters",{"gctrial":true,"time_tolerance":0.05,"samples":10000,"evals":1,"gcsample":false,"seconds":5.0,"overhead":0.0,"memory_tolerance":0.01}],"times":[1.618878005e9,1.41773514e9,1.417255054e9,1.319687996e9]}]],"medians":[384.938003,481.719317,718.8553205,927.159557,1232.649155,1368.546392,1417.495097]}