{"lengs":[1.9998618696327441],"benchmarks":[["Trial",{"allocs":16253,"gctimes":[0.0,0.0,0.0,0.0,0.0,0.0,0.0,0.0,0.0,0.0,0.0,0.0,0.0,0.0,0.0,0.0,0.0,0.0,0.0,0.0,0.0,0.0,0.0,0.0,0.0,0.0,0.0,1.6694876e7,0.0,0.0,0.0,0.0,0.0,0.0,0.0,0.0,0.0,0.0,0.0,0.0,0.0,0.0,0.0,0.0,0.0,0.0,0.0,0.0,0.0,0.0,0.0,0.0,0.0,0.0,0.0,1.6802674e7,0.0,0.0,0.0,0.0,0.0,0.0,0.0,0.0,0.0,0.0,0.0,0.0,0.0,0.0,0.0,0.0,0.0,0.0,0.0,0.0,0.0,0.0,0.0,0.0,0.0,0.0,0.0,1.687129e7,0.0,0.0,0.0,0.0,0.0,0.0,0.0,0.0,0.0,0.0,0.0,0.0,0.0,0.0,0.0,0.0,0.0,0.0,0.0,0.0,0.0,0.0,0.0,0.0,0.0,0.0,0.0,2.0749284e7,0.0,0.0,0.0,0.0,0.0,0.0,0.0,0.0,0.0,0.0,0.0,0.0,0.0,0.0,0.0,0.0,0.0,0.0,0.0,0.0,0.0,0.0,0.0,0.0,0.0,0.0,0.0,1.6717915e7,0.0,0.0,0.0,0.0,0.0,0.0,0.0,0.0,0.0,0.0,0.0,0.0,0.0,0.0,0.0,0.0,0.0,0.0,0.0,0.0,0.0,0.0,0.0,0.0,0.0,0.0,0.0,1.6827323e7,0.0,0.0,0.0,0.0,0.0,0.0,0.0,0.0,0.0,0.0,0.0,0.0,0.0,0.0,0.0,0.0,0.0,0.0,0.0,0.0,0.0,0.0,0.0,0.0,0.0,0.0,0.0,1.6780073e7,0.0,0.0,0.0,0.0,0.0,0.0,0.0,0.0,0.0,0.0,0.0,0.0,0.0,0.0,0.0,0.0,0.0,0.0,0.0,0.0,0.0,0.0,0.0,0.0,0.0,0.0,0.0,1.690889e7,0.0,0.0,0.0,0.0,0.0,0.0,0.0,0.0,0.0,0.0,0.0,0.0,0.0,0.0,0.0,0.0,0.0,0.0,0.0,0.0],"memory":7515296,"params":["Parameters",{"gctrial":true,"time_tolerance":0.05,"samples":10000,"evals":1,"gcsample":false,"seconds":5.0,"overhead":0.0,"memory_tolerance":0.01}],"times":[2.1245524e7,2.0462913e7,2.0518916e7,2.0472259e7,2.0493347e7,2.0411765e7,2.0375608e7,2.0354733e7,2.0371434e7,2.0402084e7,2.0406546e7,2.0406038e7,2.0435567e7,2.037902e7,2.0357123e7,2.0305201e7,2.0316096e7,2.0289867e7,2.0910537e7,2.1789549e7,2.0715322e7,2.0554354e7,2.0561809e7,2.0390952e7,2.0424303e7,2.0301286e7,2.0308904e7,3.6813895e7,1.9474996e7,1.8359109e7,1.8470481e7,1.8353679e7,1.8417172e7,1.8387509e7,1.8392108e7,1.8770532e7,2.0333099e7,2.0351237e7,2.0479465e7,2.0347789e7,2.0389005e7,2.040397e7,2.0332063e7,2.026029e7,2.0275058e7,2.0261669e7,2.0306041e7,2.0322396e7,2.0328607e7,2.0327982e7,2.0281513e7,2.0348837e7,2.0253414e7,2.033898e7,2.0314819e7,3.6759882e7,1.9390107e7,1.8281872e7,1.8498263e7,1.8338906e7,1.8395548e7,1.839911e7,1.837654e7,1.915912e7,2.0314648e7,2.0308355e7,2.0350929e7,2.0321514e7,2.0326285e7,2.1824148e7,2.0613445e7,2.0523945e7,2.050479e7,2.0516268e7,2.0361884e7,2.0342244e7,2.030536e7,2.0318717e7,2.0289004e7,2.0381991e7,2.0310357e7,2.0285764e7,2.0313312e7,3.6773636e7,1.943771e7,1.8320007e7,1.8562251e7,1.8357509e7,1.8401402e7,1.8393745e7,1.8433393e7,1.9250296e7,2.0488956e7,2.0718322e7,2.055925e7,2.0400531e7,2.0444108e7,2.0347334e7,2.0320384e7,2.0264581e7,2.0297026e7,2.0257985e7,2.0311045e7,2.044191e7,2.0450446e7,2.0460082e7,2.0289789e7,2.03073e7,2.0332906e7,2.0312967e7,2.0305809e7,4.2176077e7,1.9368509e7,1.8331599e7,1.8490909e7,1.8419745e7,1.8446865e7,1.8402603e7,1.8441841e7,1.9884838e7,2.150791e7,2.0562271e7,2.0636407e7,2.0508911e7,2.0336962e7,2.0372385e7,2.032627e7,2.0461115e7,2.0494772e7,2.0462152e7,2.0302782e7,2.0408544e7,2.0284987e7,2.0302115e7,2.0287269e7,2.046105e7,2.0304776e7,2.0322128e7,2.0287781e7,3.6681612e7,1.9393031e7,1.8354585e7,1.8552644e7,1.8428414e7,1.8443806e7,1.8392479e7,1.8477737e7,1.9477911e7,2.0515523e7,2.0345938e7,2.0482898e7,2.0353641e7,2.0362063e7,2.0336953e7,2.0430599e7,2.0340956e7,2.0315605e7,2.027672e7,2.0438384e7,2.031428e7,2.0306754e7,2.032181e7,2.0393779e7,2.0349206e7,2.0500264e7,2.0300837e7,2.0458308e7,3.6783208e7,1.9622407e7,1.8480721e7,2.0419592e7,1.909323e7,2.0915702e7,2.0098805e7,1.9768628e7,2.0549137e7,2.088692e7,2.0521587e7,2.0495703e7,2.0440493e7,2.0354524e7,2.0395906e7,2.0403017e7,2.0422992e7,2.0267276e7,2.0300035e7,2.0289784e7,2.0345944e7,2.0371515e7,2.0471611e7,2.0351826e7,2.0390892e7,2.0304435e7,2.0321674e7,2.029104e7,3.6780217e7,1.9385507e7,1.837852e7,1.8456226e7,1.8388631e7,1.8432536e7,1.836354e7,1.8437662e7,1.9591971e7,2.0327185e7,2.0331714e7,2.0371954e7,2.0305567e7,2.0347403e7,2.038622e7,2.0654474e7,2.0286058e7,2.0329634e7,2.0359028e7,2.0292416e7,2.0473292e7,2.0454734e7,2.0376848e7,2.0289554e7,2.0307246e7,2.0392076e7,2.2345131e7,2.1142814e7,3.7079814e7,1.9932086e7,1.8511697e7,1.8659344e7,1.8553368e7,1.856792e7,1.8563618e7,1.8390069e7,1.9692254e7,2.0420266e7,2.0334651e7,2.0360179e7,2.0336811e7,2.0404737e7,2.0397266e7,2.0309088e7,2.034782e7,2.0355207e7,2.0263186e7,2.0276904e7,2.041849e7]}]],"medians":[20.3275835]}