{"lengs":[10.0,21.544346900318832,46.4158883361278,100.0,215.44346900318845,464.15888336127773,1000.0],"benchmarks":[["Trial",{"allocs":4266,"gctimes":[0.0,0.0,0.0,0.0,0.0,0.0,0.0,0.0,0.0,0.0,0.0,0.0,0.0,0.0,0.0,0.0,0.0,0.0,0.0,0.0,0.0,0.0,0.0,0.0,0.0,0.0,0.0,0.0,0.0,0.0,0.0,0.0,0.0,0.0,0.0],"memory":205920,"params":["Parameters",{"gctrial":true,"time_tolerance":0.05,"samples":10000,"evals":1,"gcsample":false,"seconds":5.0,"overhead":0.0,"memory_tolerance":0.01}],"times":[1.4646805e8,1.42709717e8,1.42655955e8,1.42674961e8,1.42765472e8,1.42565225e8,1.42690965e8,1.45141838e8,1.44058025e8,1.42611214e8,1.42216691e8,1.42842742e8,1.44173957e8,1.42507674e8,1.43398831e8,1.44738746e8,1.42383504e8,1.4229015e8,1.42362479e8,1.42271708e8,1.42250125e8,1.42082031e8,1.43910562e8,1.42368612e8,1.42005355e8,1.42647972e8,1.42182046e8,1.42736446e8,1.42078214e8,1.47050912e8,1.49270058e8,1.49506595e8,1.49208355e8,1.49563237e8,1.4931722e8]}],["Trial",{"allocs":5466,"gctimes":[0.0,0.0,0.0,0.0,0.0,0.0,0.0,0.0,0.0,0.0,0.0,0.0,0.0,0.0,0.0,0.0,0.0,0.0,0.0,0.0,0.0,0.0,0.0,0.0,0.0,0.0,0.0],"memory":255792,"params":["Parameters",{"gctrial":true,"time_tolerance":0.05,"samples":10000,"evals":1,"gcsample":false,"seconds":5.0,"overhead":0.0,"memory_tolerance":0.01}],"times":[1.86990073e8,1.86161173e8,1.85707353e8,1.8583897e8,1.88678672e8,1.85851616e8,1.85351411e8,1.85906089e8,1.85558472e8,1.87643295e8,1.89368101e8,1.85999803e8,1.85963883e8,1.85967985e8,1.85832713e8,1.88670825e8,1.86693198e8,1.85489139e8,1.85531731e8,1.85527618e8,1.85544059e8,1.8853335e8,1.85988781e8,1.860568e8,1.86184524e8,1.85656875e8,1.87770568e8]}],["Trial",{"allocs":7378,"gctimes":[0.0,0.0,0.0,0.0,0.0,0.0,0.0,0.0,0.0,0.0,0.0,0.0,0.0,0.0,0.0,0.0,0.0,0.0,0.0,0.0,0.0,0.0,0.0,0.0,0.0],"memory":337936,"params":["Parameters",{"gctrial":true,"time_tolerance":0.05,"samples":10000,"evals":1,"gcsample":false,"seconds":5.0,"overhead":0.0,"memory_tolerance":0.01}],"times":[2.00546468e8,2.00987188e8,1.99002579e8,1.98423789e8,1.98522589e8,1.98476705e8,2.02313493e8,1.98649082e8,1.9937642e8,1.98786098e8,1.99196556e8,2.03574505e8,2.08684669e8,2.04176596e8,1.98876944e8,1.98657728e8,2.01707379e8,1.99678452e8,1.98583697e8,1.98468887e8,1.98843901e8,2.02277669e8,2.09138758e8,2.08373114e8,2.08465465e8]}],["Trial",{"allocs":7642,"gctimes":[0.0,0.0,0.0,0.0,0.0,0.0,0.0,0.0,0.0,0.0,0.0,0.0,0.0,0.0,0.0,0.0,0.0,0.0,0.0,0.0],"memory":346464,"params":["Parameters",{"gctrial":true,"time_tolerance":0.05,"samples":10000,"evals":1,"gcsample":false,"seconds":5.0,"overhead":0.0,"memory_tolerance":0.01}],"times":[2.55510918e8,2.54462457e8,2.53767083e8,2.64725531e8,2.65786163e8,2.56785859e8,2.53119439e8,2.56172913e8,2.53200467e8,2.53497629e8,2.53053097e8,2.56238619e8,2.5308513e8,2.53391939e8,2.53485573e8,2.56266618e8,2.55892131e8,2.53409058e8,2.54084978e8,2.70504885e8]}],["Trial",{"allocs":8482,"gctimes":[0.0,0.0,0.0,0.0,0.0,0.0,0.0,0.0,0.0,0.0,0.0,0.0,0.0,0.0,0.0,0.0,0.0,0.0,0.0,0.0],"memory":383984,"params":["Parameters",{"gctrial":true,"time_tolerance":0.05,"samples":10000,"evals":1,"gcsample":false,"seconds":5.0,"overhead":0.0,"memory_tolerance":0.01}],"times":[2.60395032e8,2.60554613e8,2.49616356e8,2.47970615e8,2.52333082e8,2.48959319e8,2.48467561e8,2.4794321e8,2.47833269e8,2.48228794e8,2.50147468e8,2.4870769e8,2.48152935e8,2.48356608e8,2.50291107e8,2.4880196e8,2.47616065e8,2.48748259e8,2.52191509e8,2.48114155e8]}],["Trial",{"allocs":9262,"gctimes":[0.0,0.0,0.0,0.0,0.0,0.0,0.0,0.0,0.0,0.0,0.0,0.0,0.0,0.0,0.0,0.0,0.0],"memory":420864,"params":["Parameters",{"gctrial":true,"time_tolerance":0.05,"samples":10000,"evals":1,"gcsample":false,"seconds":5.0,"overhead":0.0,"memory_tolerance":0.01}],"times":[3.01603335e8,2.93607439e8,2.87654531e8,2.88206553e8,2.90381605e8,2.872573e8,2.87955796e8,3.00631432e8,3.06960395e8,3.08339977e8,3.09597811e8,3.03661107e8,3.01300625e8,3.01208302e8,3.015149e8,3.01956021e8,2.94113843e8]}],["Trial",{"allocs":9334,"gctimes":[0.0,0.0,0.0,0.0,0.0,0.0,0.0,0.0,0.0,0.0,0.0,0.0,0.0,0.0,0.0,0.0,0.0,0.0],"memory":422640,"params":["Parameters",{"gctrial":true,"time_tolerance":0.05,"samples":10000,"evals":1,"gcsample":false,"seconds":5.0,"overhead":0.0,"memory_tolerance":0.01}],"times":[2.91349451e8,2.86838679e8,2.87201807e8,2.86794332e8,2.91071655e8,2.9120503e8,2.88297239e8,2.89642133e8,2.88803307e8,2.87051195e8,2.94665607e8,2.91542047e8,2.87677019e8,2.87028491e8,2.91110624e8,3.01126003e8,3.00506599e8,3.01708549e8]}]],"medians":[142.690965,185.967985,199.37642,254.2737175,248.7279745,301.208302,290.356894]}