{"lengs":[10.0,21.544346900318832,46.4158883361278,100.0,215.44346900318845,464.15888336127773,1000.0],"benchmarks":[["Trial",{"allocs":5055,"gctimes":[0.0,0.0,0.0,0.0,0.0],"memory":6700064,"params":["Parameters",{"gctrial":true,"time_tolerance":0.05,"samples":10000,"evals":1,"gcsample":false,"seconds":5.0,"overhead":0.0,"memory_tolerance":0.01}],"times":[1.170333746e9,1.186963746e9,1.169160607e9,1.17232201e9,1.171140998e9]}],["Trial",{"allocs":6330,"gctimes":[0.0,0.0,0.0,0.0],"memory":7650464,"params":["Parameters",{"gctrial":true,"time_tolerance":0.05,"samples":10000,"evals":1,"gcsample":false,"seconds":5.0,"overhead":0.0,"memory_tolerance":0.01}],"times":[1.501371517e9,1.506563027e9,1.500137078e9,1.492306183e9]}],["Trial",{"allocs":8285,"gctimes":[0.0,0.0,0.0],"memory":9107744,"params":["Parameters",{"gctrial":true,"time_tolerance":0.05,"samples":10000,"evals":1,"gcsample":false,"seconds":5.0,"overhead":0.0,"memory_tolerance":0.01}],"times":[2.035109781e9,2.048114955e9,2.011361221e9]}],["Trial",{"allocs":8931,"gctimes":[0.0,0.0,0.0],"memory":9589280,"params":["Parameters",{"gctrial":true,"time_tolerance":0.05,"samples":10000,"evals":1,"gcsample":false,"seconds":5.0,"overhead":0.0,"memory_tolerance":0.01}],"times":[2.200242999e9,2.227336208e9,2.160600421e9]}],["Trial",{"allocs":9288,"gctimes":[0.0,0.0,0.0],"memory":9855392,"params":["Parameters",{"gctrial":true,"time_tolerance":0.05,"samples":10000,"evals":1,"gcsample":false,"seconds":5.0,"overhead":0.0,"memory_tolerance":0.01}],"times":[2.367535374e9,2.368408232e9,2.354834837e9]}],["Trial",{"allocs":9441,"gctimes":[0.0,0.0,0.0],"memory":9969440,"params":["Parameters",{"gctrial":true,"time_tolerance":0.05,"samples":10000,"evals":1,"gcsample":false,"seconds":5.0,"overhead":0.0,"memory_tolerance":0.01}],"times":[2.318517464e9,2.421786708e9,2.344035295e9]}],["Trial",{"allocs":9475,"gctimes":[0.0,0.0,0.0],"memory":9994784,"params":["Parameters",{"gctrial":true,"time_tolerance":0.05,"samples":10000,"evals":1,"gcsample":false,"seconds":5.0,"overhead":0.0,"memory_tolerance":0.01}],"times":[2.367689626e9,2.443235774e9,2.394036168e9]}]],"medians":[1171.140998,1500.7542975,2035.109781,2200.242999,2367.535374,2344.035295,2394.036168]}