{"lengs":[10.0,31.622776601683793,100.0,316.22776601683796,1000.0,3162.2776601683795,10000.0,31622.776601683792,100000.0],"benchmarks":[["Trial",{"allocs":48,"gctimes":[0.0,0.0,0.0,0.0,0.0,0.0,0.0,0.0,0.0,0.0,0.0,0.0,0.0,0.0,0.0,0.0,0.0,0.0,0.0,0.0,0.0,0.0,0.0,0.0,0.0,0.0,0.0,0.0,0.0,0.0,0.0,0.0,0.0,0.0,0.0,0.0,0.0,0.0,0.0,0.0,0.0,0.0,0.0,0.0,0.0,0.0,0.0,0.0,0.0,0.0,0.0,0.0,0.0,0.0,0.0,0.0,0.0,0.0,0.0,0.0,0.0,0.0,0.0,0.0,0.0,0.0,0.0,0.0,0.0,0.0,0.0,0.0,0.0,0.0,0.0,0.0,0.0,0.0,0.0,0.0,0.0],"memory":50752,"params":["Parameters",{"gctrial":true,"time_tolerance":0.05,"samples":10000,"evals":1,"gcsample":false,"seconds":5.0,"overhead":0.0,"memory_tolerance":0.01}],"times":[6.454477e7,6.3958453e7,6.4260831e7,6.3829839e7,6.646077e7,6.4113073e7,6.4496585e7,6.390811e7,6.4203695e7,6.4677369e7,6.3786611e7,6.4087543e7,6.4018886e7,6.3940688e7,6.3781621e7,6.3958141e7,6.4210978e7,6.3981052e7,6.4038061e7,6.4369757e7,6.5687257e7,6.4238474e7,6.3923191e7,6.4597526e7,6.384755e7,6.3978953e7,6.5016573e7,6.0576198e7,6.0707412e7,6.0583461e7,6.1091674e7,6.0402891e7,6.0806505e7,6.078066e7,6.0645188e7,6.0760376e7,6.0416539e7,6.5230649e7,6.4735869e7,6.4135412e7,6.4541127e7,6.3933915e7,6.4288135e7,6.3980155e7,6.3971038e7,6.4215399e7,6.378141e7,6.3904917e7,6.3746918e7,6.4611573e7,6.3770167e7,6.3988917e7,6.3917644e7,6.588792e7,6.4981808e7,6.3981148e7,6.4391433e7,6.3895401e7,6.6645875e7,6.4402518e7,6.3816006e7,6.3983085e7,6.3858841e7,6.396708e7,6.4192356e7,6.417902e7,6.4665474e7,6.3897964e7,6.4343417e7,5.7673866e7,5.0250869e7,5.0373635e7,4.9661361e7,4.9784974e7,4.9613759e7,5.0499023e7,4.9551199e7,4.989032e7,4.9762555e7,4.9808343e7,4.9638426e7]}],["Trial",{"allocs":48,"gctimes":[0.0,0.0,0.0,0.0,0.0,0.0,0.0,0.0,0.0,0.0,0.0,0.0,0.0,0.0,0.0,0.0,0.0,0.0,0.0,0.0,0.0,0.0,0.0,0.0,0.0,0.0,0.0,0.0,0.0,0.0,0.0,0.0,0.0,0.0,0.0,0.0,0.0,0.0,0.0,0.0,0.0,0.0,0.0,0.0,0.0,0.0,0.0,0.0,0.0,0.0,0.0,0.0,0.0,0.0,0.0,0.0,0.0,0.0,0.0,0.0,0.0,0.0,0.0,0.0,0.0,0.0,0.0,0.0,0.0,0.0,0.0,0.0,0.0,0.0,0.0,0.0,0.0,0.0,0.0,0.0,0.0,0.0,0.0,0.0,0.0,0.0,0.0,0.0,0.0,0.0,0.0,0.0,0.0,0.0,0.0,0.0,0.0,0.0],"memory":50752,"params":["Parameters",{"gctrial":true,"time_tolerance":0.05,"samples":10000,"evals":1,"gcsample":false,"seconds":5.0,"overhead":0.0,"memory_tolerance":0.01}],"times":[4.7602273e7,4.7283212e7,4.7581776e7,4.7081307e7,4.7372456e7,4.7179809e7,4.7502774e7,4.7174889e7,4.7291043e7,4.752388e7,4.7029469e7,4.7260221e7,4.9104463e7,4.9116807e7,4.8347117e7,4.7538089e7,4.7255829e7,4.7213504e7,4.7012922e7,4.7453064e7,4.7164963e7,4.7103145e7,4.7093844e7,4.7741569e7,4.6960258e7,4.7193307e7,4.70625e7,4.8246943e7,4.7294628e7,4.7230542e7,4.7202075e7,4.7221605e7,4.7384243e7,4.7418842e7,4.699285e7,4.9338863e7,4.8387571e7,4.7255212e7,4.7252642e7,4.7147288e7,4.7498722e7,4.7405987e7,4.726853e7,4.724435e7,4.6971943e7,4.7455922e7,4.7297601e7,4.7118595e7,4.7174389e7,4.7729203e7,4.6970065e7,4.7066479e7,4.7047817e7,4.7056073e7,4.7133232e7,4.7206888e7,4.7383593e7,6.0830207e7,6.1763654e7,6.1189112e7,6.0485139e7,6.0734575e7,6.062333e7,6.0805926e7,6.0672135e7,6.0835902e7,6.1263282e7,6.0670965e7,6.094943e7,6.1321985e7,6.0821056e7,6.0953127e7,6.0675333e7,6.0758148e7,5.4292173e7,4.8563015e7,4.7194506e7,4.7324311e7,4.718032e7,4.7140057e7,4.7202025e7,4.7631411e7,4.7297567e7,4.7299087e7,4.7377988e7,4.7602954e7,4.701613e7,4.7393939e7,4.7136915e7,5.2077273e7,6.088603e7,6.0801747e7,6.1296124e7,6.1005367e7,6.2157747e7,6.5977575e7,6.4210716e7,6.4586557e7]}],["Trial",{"allocs":48,"gctimes":[0.0,0.0,0.0,0.0,0.0,0.0,0.0,0.0,0.0,0.0,0.0,0.0,0.0,0.0,0.0,0.0,0.0,0.0,0.0,0.0,0.0,0.0,0.0,0.0,0.0,0.0,0.0,0.0,0.0,0.0,0.0,0.0,0.0,0.0,0.0,0.0,0.0,0.0,0.0,0.0,0.0,0.0,0.0,0.0,0.0,0.0,0.0,0.0,0.0,0.0,0.0,0.0,0.0,0.0,0.0,0.0,0.0,0.0,0.0,0.0,0.0,0.0,0.0,0.0,0.0,0.0,0.0,0.0,0.0,0.0,0.0,0.0,0.0,0.0,0.0,0.0,0.0,0.0,0.0,0.0,0.0,0.0,0.0],"memory":50752,"params":["Parameters",{"gctrial":true,"time_tolerance":0.05,"samples":10000,"evals":1,"gcsample":false,"seconds":5.0,"overhead":0.0,"memory_tolerance":0.01}],"times":[6.5777733e7,6.2125889e7,6.2048332e7,6.1466249e7,6.2106113e7,6.1733665e7,6.2088536e7,6.1565955e7,6.1955297e7,6.239853e7,6.1605692e7,6.1664736e7,6.1629978e7,6.1597737e7,6.1483614e7,6.1564054e7,6.2863988e7,6.4378566e7,6.1739067e7,6.2051992e7,6.1705411e7,6.1650076e7,6.1530581e7,6.2286718e7,6.1475968e7,6.1587996e7,6.1630438e7,6.1646237e7,6.1705284e7,6.1728319e7,6.2253156e7,6.2117772e7,6.1855634e7,5.9164472e7,5.0497795e7,4.8115164e7,4.792177e7,4.7827757e7,4.7894295e7,4.8162062e7,4.8256837e7,4.8092395e7,4.7905187e7,5.4131421e7,6.1706662e7,6.1916259e7,6.1673408e7,6.1619925e7,6.1577251e7,6.2327537e7,6.1456828e7,6.1726921e7,6.3551544e7,6.2899394e7,6.175283e7,6.1666844e7,6.2104364e7,6.1740159e7,6.1881924e7,6.1820332e7,6.1484702e7,6.1910892e7,6.1585658e7,6.1758591e7,6.1704031e7,6.1933034e7,6.2366475e7,6.1647818e7,6.1922604e7,6.4059236e7,6.2737099e7,6.2017621e7,6.1626404e7,6.1561234e7,6.1666771e7,6.2247913e7,6.1470684e7,6.1576853e7,6.1650395e7,6.1512331e7,6.1707467e7,6.1670217e7,6.2121925e7]}],["Trial",{"allocs":48,"gctimes":[0.0,0.0,0.0,0.0,0.0,0.0,0.0,0.0,0.0,0.0,0.0,0.0,0.0,0.0,0.0,0.0,0.0,0.0,0.0,0.0,0.0,0.0,0.0,0.0,0.0,0.0,0.0,0.0,0.0,0.0,0.0,0.0,0.0,0.0,0.0,0.0,0.0,0.0,0.0,0.0,0.0,0.0,0.0,0.0,0.0,0.0,0.0,0.0,0.0,0.0,0.0,0.0,0.0,0.0,0.0,0.0,0.0,0.0,0.0,0.0,0.0,0.0,0.0,0.0,0.0,0.0,0.0,0.0,0.0,0.0,0.0,0.0,0.0,0.0,0.0,0.0,0.0,0.0,0.0,0.0,0.0,0.0,0.0,0.0],"memory":50752,"params":["Parameters",{"gctrial":true,"time_tolerance":0.05,"samples":10000,"evals":1,"gcsample":false,"seconds":5.0,"overhead":0.0,"memory_tolerance":0.01}],"times":[6.746413e7,6.6863053e7,6.7301369e7,6.6975633e7,6.738083e7,6.6946948e7,6.7628174e7,6.6835598e7,6.7144429e7,6.7576885e7,6.6729843e7,6.7062154e7,6.9060294e7,6.903029e7,6.7341103e7,6.7209164e7,6.7550822e7,6.6914974e7,6.7260318e7,6.7351534e7,6.6829249e7,6.7059272e7,6.671811e7,6.7784997e7,6.8981984e7,6.6816553e7,6.6846126e7,6.673457e7,7.0054288e7,6.7030284e7,6.7452644e7,6.6812981e7,6.707618e7,6.7007639e7,6.678115e7,6.7030945e7,6.6968542e7,6.6903532e7,6.6928645e7,6.6988137e7,7.0174433e7,6.730136e7,6.7134323e7,6.3517396e7,5.344278e7,5.2341291e7,5.228858e7,5.1942189e7,5.2134138e7,5.265889e7,5.1781435e7,5.1923564e7,5.1886052e7,5.2099167e7,5.2087213e7,5.2058765e7,5.1985405e7,5.2042988e7,5.2209326e7,5.2318111e7,5.17589e7,5.2069195e7,5.1976341e7,5.5304229e7,5.2975191e7,5.2087873e7,5.2757162e7,5.2237148e7,5.2129634e7,5.2051513e7,5.1786524e7,5.2271346e7,5.2068663e7,5.1901313e7,5.2004937e7,5.2595534e7,5.1745594e7,5.1937888e7,5.188983e7,5.2140399e7,5.2186499e7,5.2114476e7,5.200357e7,5.5341041e7]}],["Trial",{"allocs":48,"gctimes":[0.0,0.0,0.0,0.0,0.0,0.0,0.0,0.0,0.0,0.0,0.0,0.0,0.0,0.0,0.0,0.0,0.0,0.0,0.0,0.0,0.0,0.0,0.0,0.0,0.0,0.0,0.0,0.0,0.0,0.0,0.0,0.0,0.0,0.0,0.0,0.0,0.0,0.0,0.0,0.0,0.0,0.0,0.0,0.0,0.0,0.0,0.0,0.0,0.0,0.0,0.0,0.0,0.0,0.0,0.0,0.0,0.0,0.0,0.0,0.0,0.0,0.0,0.0,0.0,0.0,0.0,0.0,0.0,0.0,0.0,0.0,0.0,0.0,0.0,0.0,0.0,0.0],"memory":50752,"params":["Parameters",{"gctrial":true,"time_tolerance":0.05,"samples":10000,"evals":1,"gcsample":false,"seconds":5.0,"overhead":0.0,"memory_tolerance":0.01}],"times":[6.5285713e7,6.4788895e7,6.5496505e7,6.4829422e7,6.4832358e7,6.9342137e7,7.0155356e7,6.8527553e7,6.8778105e7,6.9139311e7,6.833182e7,6.8660632e7,6.6059162e7,6.4912373e7,6.4819893e7,6.4989216e7,6.4859274e7,6.4922541e7,6.4734799e7,6.52903e7,6.5841619e7,6.8209163e7,6.4908225e7,6.5568855e7,6.4509937e7,6.4765783e7,6.4739452e7,6.5335613e7,6.4923765e7,6.5091442e7,6.4953468e7,6.5077401e7,6.5232097e7,6.5332463e7,6.4629282e7,6.8134301e7,6.928766e7,6.6343816e7,6.4827622e7,6.5328864e7,6.5369376e7,6.5251335e7,6.4940731e7,6.4913587e7,6.4548917e7,6.5202352e7,6.4996623e7,6.473744e7,6.4725844e7,6.5532561e7,6.4541636e7,6.4736278e7,6.6839232e7,6.6915381e7,6.4909922e7,6.5098231e7,6.4848812e7,6.496207e7,6.5156374e7,6.5369193e7,6.4575751e7,6.5020933e7,6.4826856e7,6.4884308e7,6.4755882e7,6.4947633e7,6.5507214e7,6.508385e7,6.7260938e7,6.6106435e7,6.4595457e7,6.5469138e7,6.4987862e7,6.4777184e7,6.4807574e7,6.5559532e7,6.4572826e7]}],["Trial",{"allocs":48,