{"lengs":[10.0],"benchmarks":[["Trial",{"allocs":48,"gctimes":[0.0,0.0,0.0,0.0,0.0,0.0,0.0,0.0],"memory":86512,"params":["Parameters",{"gctrial":true,"time_tolerance":0.05,"samples":10000,"evals":1,"gcsample":false,"seconds":5.0,"overhead":0.0,"memory_tolerance":0.01}],"times":[7.08821794e8,7.16468977e8,6.79059898e8,6.93259767e8,6.77285625e8,6.75334079e8,6.92809073e8,8.43797888e8]}]],"medians":[693.03442]}