{"lengs":[10.0],"benchmarks":[["Trial",{"allocs":1714949,"gctimes":[0.0,0.0,2.394442e7,0.0,2.4256951e7,0.0,2.4175482e7,0.0,2.8355449e7],"memory":122260360,"params":["Parameters",{"gctrial":true,"time_tolerance":0.05,"samples":10000,"evals":1,"gcsample":false,"seconds":5.0,"overhead":0.0,"memory_tolerance":0.01}],"times":[6.85086383e8,6.35467515e8,6.11946459e8,5.81733015e8,5.91896214e8,5.80724089e8,5.94224937e8,5.83376442e8,5.93092167e8]}]],"medians":[593.092167]}