{"lengs":[19998.61869632745],"benchmarks":[["Trial",{"allocs":2161840,"gctimes":[5.54998702e8],"memory":9821670208,"params":["Parameters",{"gctrial":true,"time_tolerance":0.05,"samples":10000,"evals":1,"gcsample":false,"seconds":5.0,"overhead":0.0,"memory_tolerance":0.01}],"times":[1.507468098381e12]}]],"medians":[1.507468098381e6]}