{"lengs":[149.9684835502374],"benchmarks":[["Trial",{"allocs":19771118,"gctimes":[1.5686952e8],"memory":1092980024,"params":["Parameters",{"gctrial":true,"time_tolerance":0.05,"samples":10000,"evals":1,"gcsample":false,"seconds":5.0,"overhead":0.0,"memory_tolerance":0.01}],"times":[2.64544813114e11]}]],"medians":[264544.813114]}