{"lengs":[1.9998618696327441],"benchmarks":[["Trial",{"allocs":843884,"gctimes":[0.0,0.0,0.0,1.8489298e7,0.0,0.0,0.0,1.8170549e7,0.0,0.0,0.0,1.7903267e7,0.0,0.0,0.0,1.8177936e7,0.0,0.0,1.7808042e7,0.0,0.0,0.0,1.7997295e7,0.0,0.0,0.0,1.7784699e7,0.0,0.0,0.0,1.7784334e7,0.0,0.0,1.7850581e7,0.0,0.0,0.0,1.83996e7,0.0,0.0,0.0,1.8320892e7,0.0,0.0,0.0,1.8268176e7,0.0,0.0,0.0,1.8263386e7,0.0,0.0,1.7927335e7,0.0,0.0,0.0,1.7871295e7,0.0,0.0,0.0,1.7795499e7,0.0,0.0,0.0,1.7914993e7,0.0,0.0,1.78676e7,0.0],"memory":56016264,"params":["Parameters",{"gctrial":true,"time_tolerance":0.05,"samples":10000,"evals":1,"gcsample":false,"seconds":5.0,"overhead":0.0,"memory_tolerance":0.01}],"times":[6.8590544e7,7.1921317e7,7.3044178e7,8.7939647e7,5.6262342e7,6.9321647e7,7.1997244e7,8.3261177e7,6.0201847e7,7.3007253e7,7.3309179e7,8.0033359e7,6.1198956e7,7.2403974e7,7.2620638e7,7.7221808e7,6.5171458e7,7.4174863e7,8.7616578e7,5.6528912e7,6.8710003e7,7.1954827e7,8.6312535e7,5.9305744e7,7.2266556e7,7.2003168e7,8.0607503e7,6.0443118e7,7.2650502e7,7.2070183e7,7.7299123e7,6.3200075e7,7.2193593e7,8.8880975e7,5.6245913e7,6.6974979e7,7.2363867e7,9.0207099e7,5.9506319e7,7.5594243e7,7.7171556e7,8.5740775e7,6.1895167e7,7.5399647e7,7.5639288e7,8.2226274e7,6.5243941e7,7.5435831e7,7.4791423e7,7.8983378e7,6.9072717e7,7.6369175e7,8.7607409e7,5.6612047e7,6.9091815e7,7.3402766e7,8.3472509e7,5.7219037e7,7.1673623e7,7.1689217e7,7.9668241e7,6.1078244e7,7.249403e7,7.1976875e7,7.8669407e7,6.9531804e7,7.6721212e7,9.0219604e7,5.6356653e7]}]],"medians":[72.403974]}