{"lengs":[10.0],"benchmarks":[["Trial",{"allocs":68472,"gctimes":[0.0,0.0,0.0,0.0,0.0,0.0,0.0,0.0,0.0,0.0,9.198569e6,0.0,0.0,0.0],"memory":24041416,"params":["Parameters",{"gctrial":true,"time_tolerance":0.05,"samples":10000,"evals":1,"gcsample":false,"seconds":5.0,"overhead":0.0,"memory_tolerance":0.01}],"times":[3.67646502e8,3.6674918e8,3.71870835e8,3.66392416e8,3.73542909e8,3.69552738e8,3.67242562e8,3.71250817e8,3.71194249e8,3.70432364e8,3.84522888e8,3.6513247e8,3.76600725e8,4.72104749e8]}]],"medians":[370.8133065]}