{"lengs":[19998.61869632745],"benchmarks":[["Trial",{"allocs":539165,"gctimes":[1.84158361e8],"memory":4654812096,"params":["Parameters",{"gctrial":true,"time_tolerance":0.05,"samples":10000,"evals":1,"gcsample":false,"seconds":5.0,"overhead":0.0,"memory_tolerance":0.01}],"times":[3.9936404349e11]}]],"medians":[399364.04349]}