{"lengs":[10.0,21.544346900318832,46.4158883361278,100.0,215.44346900318845,464.15888336127773,1000.0],"benchmarks":[["Trial",{"allocs":2556,"gctimes":[0.0,0.0,0.0,0.0,0.0,0.0,0.0,0.0,0.0,0.0,0.0,0.0,0.0,0.0,0.0,0.0,0.0,0.0,0.0,0.0,0.0,0.0,0.0,0.0,0.0,0.0,0.0,0.0,0.0,0.0,0.0,0.0,0.0,0.0,0.0,0.0,0.0,0.0],"memory":4499096,"params":["Parameters",{"gctrial":true,"time_tolerance":0.05,"samples":10000,"evals":1,"gcsample":false,"seconds":5.0,"overhead":0.0,"memory_tolerance":0.01}],"times":[1.31299044e8,1.29177218e8,1.28747547e8,1.29053e8,1.28807881e8,1.28938558e8,1.28732643e8,1.3224431e8,1.28642794e8,1.32436206e8,1.28942606e8,1.28702019e8,1.30580866e8,1.31288185e8,1.28483598e8,1.34550908e8,1.29838117e8,1.31899499e8,1.34705958e8,1.30017452e8,1.30354502e8,1.32190081e8,1.36660793e8,1.38684424e8,1.37236998e8,1.35979161e8,1.37272029e8,1.38123292e8,1.37324182e8,1.38461031e8,1.36842557e8,1.36402053e8,1.38023827e8,1.38364766e8,1.36570887e8,1.36866667e8,1.39580326e8,1.41944207e8]}],["Trial",{"allocs":3393,"gctimes":[0.0,0.0,0.0,0.0,0.0,0.0,0.0,0.0,0.0,0.0,0.0,0.0,0.0,0.0,0.0,0.0,0.0,0.0,0.0,0.0,0.0,0.0,0.0,0.0,0.0,0.0,0.0,0.0,0.0,0.0],"memory":5140952,"params":["Parameters",{"gctrial":true,"time_tolerance":0.05,"samples":10000,"evals":1,"gcsample":false,"seconds":5.0,"overhead":0.0,"memory_tolerance":0.01}],"times":[1.64964266e8,1.62808665e8,1.6316273e8,1.65142513e8,1.63471514e8,1.62799901e8,1.62658827e8,1.6251613e8,1.70439593e8,1.76651899e8,1.76468243e8,1.72794205e8,1.73676515e8,1.72819789e8,1.6733539e8,1.69263361e8,1.73618494e8,1.71768625e8,1.71072302e8,1.7233809e8,1.76421466e8,1.67404885e8,1.6912975e8,1.65792938e8,1.66137932e8,1.64934717e8,1.61677809e8,1.63935462e8,1.70823827e8,1.69876333e8]}],["Trial",{"allocs":4319,"gctimes":[0.0,0.0,0.0,0.0,0.0,0.0,0.0,0.0,0.0,0.0,0.0,0.0,0.0,0.0,0.0,0.0,0.0,0.0,0.0,0.0,0.0,0.0,0.0,0.0,0.0,0.0,0.0,0.0,0.0],"memory":5935320,"params":["Parameters",{"gctrial":true,"time_tolerance":0.05,"samples":10000,"evals":1,"gcsample":false,"seconds":5.0,"overhead":0.0,"memory_tolerance":0.01}],"times":[1.73179163e8,1.73567666e8,1.70537232e8,1.70315269e8,1.70709865e8,1.70502899e8,1.70274052e8,1.77707429e8,1.70640007e8,1.69039165e8,1.68466528e8,1.69747401e8,1.70351575e8,1.75144688e8,1.71346742e8,1.80482316e8,1.75556393e8,1.7803412e8,1.79645592e8,1.78054631e8,1.79592356e8,1.77652224e8,1.75580372e8,1.77285711e8,1.78756602e8,1.79913858e8,1.78328683e8,1.76248163e8,1.79187064e8]}],["Trial",{"allocs":4768,"gctimes":[0.0,0.0,0.0,0.0,0.0,0.0,0.0,0.0,0.0,0.0,0.0,0.0,0.0,0.0,0.0,0.0,0.0,0.0,0.0,0.0,0.0,0.0,0.0,0.0],"memory":6279512,"params":["Parameters",{"gctrial":true,"time_tolerance":0.05,"samples":10000,"evals":1,"gcsample":false,"seconds":5.0,"overhead":0.0,"memory_tolerance":0.01}],"times":[2.13923646e8,2.10194385e8,2.10864667e8,2.10530701e8,2.13064411e8,2.07432587e8,2.11026257e8,2.11845661e8,2.24023625e8,2.18877966e8,2.1322683e8,2.10242774e8,2.27308345e8,2.1028053e8,2.17775297e8,2.10255888e8,2.08840893e8,2.13753764e8,2.08720504e8,2.20454946e8,2.19658152e8,2.18508428e8,2.11388866e8,2.07231834e8]}],["Trial",{"allocs":5025,"gctimes":[0.0,0.0,0.0,0.0,0.0,0.0,0.0,0.0,0.0,0.0,0.0,0.0,0.0,0.0,0.0,0.0,0.0,0.0,0.0,0.0,0.0,0.0,0.0,0.0],"memory":6509848,"params":["Parameters",{"gctrial":true,"time_tolerance":0.05,"samples":10000,"evals":1,"gcsample":false,"seconds":5.0,"overhead":0.0,"memory_tolerance":0.01}],"times":[2.09808465e8,2.08132931e8,2.07725037e8,2.11873489e8,2.07620207e8,2.07587765e8,2.08269449e8,2.11475963e8,2.14151089e8,2.20920724e8,2.14650762e8,2.19617904e8,2.17308915e8,2.18146881e8,2.1725542e8,2.19771498e8,2.18409184e8,2.1756502e8,2.12483794e8,2.05127921e8,2.10258026e8,2.10855961e8,2.08414926e8,2.18951277e8]}],["Trial",{"allocs":5122,"gctimes":[0.0,0.0,0.0,0.0,0.0,0.0,0.0,0.0,0.0,0.0,0.0,0.0,0.0,0.0,0.0,0.0,0.0,0.0,0.0,0.0,0.0],"memory":6558104,"params":["Parameters",{"gctrial":true,"time_tolerance":0.05,"samples":10000,"evals":1,"gcsample":false,"seconds":5.0,"overhead":0.0,"memory_tolerance":0.01}],"times":[2.35099116e8,2.33643608e8,2.32705638e8,2.4086533e8,2.44166552e8,2.51994586e8,2.54409647e8,2.51868397e8,2.45785664e8,2.45543154e8,2.35624538e8,2.38401112e8,2.37833665e8,2.37209323e8,2.3638955e8,2.32649933e8,2.46491557e8,2.43668757e8,2.32833005e8,2.32667345e8,2.34304728e8]}],["Trial",{"allocs":5269,"gctimes":[0.0,0.0,0.0,0.0,0.0,0.0,0.0,0.0,0.0,0.0,0.0,0.0,0.0,0.0,0.0,0.0,0.0,0.0,0.0,0.0,0.0,0.0],"memory":6695960,"params":["Parameters",{"gctrial":true,"time_tolerance":0.05,"samples":10000,"evals":1,"gcsample":false,"seconds":5.0,"overhead":0.0,"memory_tolerance":0.01}],"times":[2.35097875e8,2.3207022e8,2.44271011e8,2.36912226e8,2.34814632e8,2.35406632e8,2.3575956e8,2.34935927e8,2.34164617e8,2.3282288e8,2.35501086e8,2.33932133e8,2.306768e8,2.33842201e8,2.31923822e8,2.41105765e8,2.36122935e8,2.37377964e8,2.34022321e8,2.37022337e8,2.33231378e8,2.39405609e8]}]],"medians":[132.340258,168.2673175,175.556393,211.6172635,212.1786415,237.833665,235.016901]}