{"lengs":[10.0,31.622776601683793,100.0,316.22776601683796,1000.0,3162.2776601683795,10000.0,31622.776601683792,100000.0],"benchmarks":[["Trial",{"allocs":11,"gctimes":[0.0,0.0,0.0,0.0,0.0,0.0,0.0,0.0,0.0,0.0,0.0,0.0,0.0,0.0,0.0,0.0,0.0,0.0,0.0,0.0,0.0,0.0,0.0,0.0,0.0,0.0,0.0,0.0,0.0,0.0,0.0,0.0,0.0,0.0,0.0,0.0,0.0,0.0,0.0,0.0,0.0,0.0,0.0,0.0,0.0,0.0,0.0],"memory":3664,"params":["Parameters",{"gctrial":true,"time_tolerance":0.05,"samples":10000,"evals":1,"gcsample":false,"seconds":5.0,"overhead":0.0,"memory_tolerance":0.01}],"times":[1.06389418e8,1.05266708e8,1.10482403e8,1.07066931e8,1.0631854e8,1.05975895e8,1.06086199e8,1.0622758e8,1.05648404e8,1.06056899e8,1.06163374e8,1.06232158e8,1.08853286e8,1.06542615e8,1.06395851e8,1.06174652e8,1.05499333e8,1.05819644e8,1.05419565e8,1.05542577e8,1.05653587e8,1.0711079e8,1.06782732e8,1.05505501e8,1.06783866e8,1.07014501e8,1.06977401e8,1.06403662e8,1.08718645e8,1.06712745e8,1.06109061e8,1.07739282e8,1.0656702e8,1.0594891e8,1.057146e8,1.06172311e8,1.06470507e8,1.06644446e8,1.05791492e8,1.05254967e8,1.06546168e8,1.10476515e8,1.06368696e8,1.0670219e8,1.06436603e8,1.06569717e8,1.06465878e8]}],["Trial",{"allocs":11,"gctimes":[0.0,0.0,0.0,0.0,0.0,0.0,0.0,0.0,0.0,0.0,0.0,0.0,0.0,0.0,0.0,0.0,0.0],"memory":3664,"params":["Parameters",{"gctrial":true,"time_tolerance":0.05,"samples":10000,"evals":1,"gcsample":false,"seconds":5.0,"overhead":0.0,"memory_tolerance":0.01}],"times":[3.08748425e8,3.05992939e8,3.08899164e8,3.08236438e8,3.09381647e8,3.05803711e8,3.07537449e8,3.05833287e8,3.05592557e8,3.0638983e8,3.08174237e8,3.06111211e8,3.05939582e8,3.08114924e8,3.06318813e8,3.04513582e8,3.06209166e8]}],["Trial",{"allocs":11,"gctimes":[0.0,0.0,0.0,0.0,0.0,0.0],"memory":3664,"params":["Parameters",{"gctrial":true,"time_tolerance":0.05,"samples":10000,"evals":1,"gcsample":false,"seconds":5.0,"overhead":0.0,"memory_tolerance":0.01}],"times":[9.48517571e8,9.39497753e8,9.49609732e8,9.44087087e8,9.47035224e8,9.59542132e8]}],["Trial",{"allocs":11,"gctimes":[0.0,0.0],"memory":3664,"params":["Parameters",{"gctrial":true,"time_tolerance":0.05,"samples":10000,"evals":1,"gcsample":false,"seconds":5.0,"overhead":0.0,"memory_tolerance":0.01}],"times":[2.972007158e9,2.985293735e9]}],["Trial",{"allocs":11,"gctimes":[0.0],"memory":3664,"params":["Parameters",{"gctrial":true,"time_tolerance":0.05,"samples":10000,"evals":1,"gcsample":false,"seconds":5.0,"overhead":0.0,"memory_tolerance":0.01}],"times":[9.57978137e9]}],["Trial",{"allocs":11,"gctimes":[0.0],"memory":3664,"params":["Parameters",{"gctrial":true,"time_tolerance":0.05,"samples":10000,"evals":1,"gcsample":false,"seconds":5.0,"overhead":0.0,"memory_tolerance":0.01}],"times":[2.9758908955e10]}],["Trial",{"allocs":11,"gctimes":[0.0],"memory":3664,"params":["Parameters",{"gctrial":true,"time_tolerance":0.05,"samples":10000,"evals":1,"gcsample":false,"seconds":5.0,"overhead":0.0,"memory_tolerance":0.01}],"times":[9.3750305994e10]}],["Trial",{"allocs":11,"gctimes":[0.0],"memory":3664,"params":["Parameters",{"gctrial":true,"time_tolerance":0.05,"samples":10000,"evals":1,"gcsample":false,"seconds":5.0,"overhead":0.0,"memory_tolerance":0.01}],"times":[2.90690386549e11]}],["Trial",{"allocs":11,"gctimes":[0.0],"memory":3664,"params":["Parameters",{"gctrial":true,"time_tolerance":0.05,"samples":10000,"evals":1,"gcsample":false,"seconds":5.0,"overhead":0.0,"memory_tolerance":0.01}],"times":[9.22373230392e11]}]],"medians":[106.389418,306.318813,947.7763975,2978.6504465,9579.78137,29758.908955,93750.305994,290690.386549,922373.230392]}