{"lengs":[10.0,21.544346900318832,46.4158883361278,100.0,215.44346900318845,464.15888336127773,1000.0],"benchmarks":[["Trial",{"allocs":10463,"gctimes":[0.0,0.0,0.0,0.0,0.0,0.0,0.0,0.0,9.597614e6,0.0,0.0,0.0],"memory":52737376,"params":["Parameters",{"gctrial":true,"time_tolerance":0.05,"samples":10000,"evals":1,"gcsample":false,"seconds":5.0,"overhead":0.0,"memory_tolerance":0.01}],"times":[4.3651652e8,4.39100148e8,4.33951642e8,4.38326292e8,4.33839546e8,4.36786468e8,4.35105003e8,4.35179212e8,4.50680732e8,4.31955628e8,4.37071655e8,4.33204439e8]}],["Trial",{"allocs":14315,"gctimes":[0.0,0.0,0.0,0.0,0.0,0.0,1.7571846e7],"memory":71655520,"params":["Parameters",{"gctrial":true,"time_tolerance":0.05,"samples":10000,"evals":1,"gcsample":false,"seconds":5.0,"overhead":0.0,"memory_tolerance":0.01}],"times":[7.58116523e8,7.29222067e8,7.48590067e8,7.25891866e8,7.17731875e8,7.13303191e8,7.41329368e8]}],["Trial",{"allocs":19092,"gctimes":[0.0,0.0],"memory":95676864,"params":["Parameters",{"gctrial":true,"time_tolerance":0.05,"samples":10000,"evals":1,"gcsample":false,"seconds":5.0,"overhead":0.0,"memory_tolerance":0.01}],"times":[3.815920703e9,3.823943284e9]}],["Trial",{"allocs":19593,"gctimes":[0.0],"memory":98831680,"params":["Parameters",{"gctrial":true,"time_tolerance":0.05,"samples":10000,"evals":1,"gcsample":false,"seconds":5.0,"overhead":0.0,"memory_tolerance":0.01}],"times":[7.117285324e9]}],["Trial",{"allocs":19947,"gctimes":[0.0],"memory":101159328,"params":["Parameters",{"gctrial":true,"time_tolerance":0.05,"samples":10000,"evals":1,"gcsample":false,"seconds":5.0,"overhead":0.0,"memory_tolerance":0.01}],"times":[1.1317697793e10]}],["Trial",{"allocs":24054,"gctimes":[0.0],"memory":123048272,"params":["Parameters",{"gctrial":true,"time_tolerance":0.05,"samples":10000,"evals":1,"gcsample":false,"seconds":5.0,"overhead":0.0,"memory_tolerance":0.01}],"times":[1.7448196101e10]}],["Trial",{"allocs":25552,"gctimes":[0.0],"memory":130405328,"params":["Parameters",{"gctrial":true,"time_tolerance":0.05,"samples":10000,"evals":1,"gcsample":false,"seconds":5.0,"overhead":0.0,"memory_tolerance":0.01}],"times":[1.9005227345e10]}]],"medians":[435.847866,729.222067,3819.9319935,7117.285324,11317.697793,17448.196101,19005.227345]}