{"lengs":[19998.61869632745],"benchmarks":[["Trial",{"allocs":102561338,"gctimes":[6.63541536e8],"memory":5678296320,"params":["Parameters",{"gctrial":true,"time_tolerance":0.05,"samples":10000,"evals":1,"gcsample":false,"seconds":5.0,"overhead":0.0,"memory_tolerance":0.01}],"times":[8.6291635901e10]}]],"medians":[86291.635901]}