{"lengs":[10.0,21.544346900318832,46.4158883361278,100.0,215.44346900318845,464.15888336127773,1000.0],"benchmarks":[["Trial",{"allocs":51639,"gctimes":[0.0,0.0,0.0,0.0,0.0,0.0,0.0,0.0,0.0,0.0,0.0,0.0,0.0,0.0,0.0,0.0,0.0,0.0,0.0,0.0,0.0,0.0,0.0,0.0,0.0,0.0,0.0,0.0,0.0,1.4534539e7,0.0,0.0,0.0,0.0,0.0,0.0,0.0,0.0,0.0,0.0,0.0,0.0,0.0,0.0],"memory":8751800,"params":["Parameters",{"gctrial":true,"time_tolerance":0.05,"samples":10000,"evals":1,"gcsample":false,"seconds":5.0,"overhead":0.0,"memory_tolerance":0.01}],"times":[1.13662318e8,1.12715384e8,1.13222249e8,1.11484082e8,1.1895521e8,1.11481182e8,1.12762504e8,1.11211987e8,1.14258492e8,1.1463499e8,1.11729565e8,1.14183843e8,1.14389041e8,1.19538303e8,1.20654845e8,1.20334959e8,1.19512004e8,1.17248512e8,1.17303107e8,1.15851274e8,1.15060233e8,1.16926044e8,1.16937165e8,1.14249904e8,1.14985945e8,1.14321855e8,1.12868823e8,1.12816252e8,1.13869564e8,1.27356753e8,1.11373182e8,1.17639729e8,1.20724379e8,1.19284995e8,1.18958924e8,1.16245097e8,1.20473106e8,1.1487562e8,1.17515391e8,1.19040754e8,1.18125883e8,1.09360479e8,1.10708966e8,1.12183057e8]}],["Trial",{"allocs":64907,"gctimes":[0.0,0.0,0.0,0.0,0.0,0.0,0.0,0.0,0.0,0.0,0.0,0.0,0.0,0.0,0.0,0.0,0.0,0.0,0.0,0.0,0.0,0.0,0.0,0.0,0.0,1.5715557e7,0.0,0.0,0.0,0.0,0.0,0.0,0.0,0.0,0.0,0.0,0.0,0.0],"memory":10111512,"params":["Parameters",{"gctrial":true,"time_tolerance":0.05,"samples":10000,"evals":1,"gcsample":false,"seconds":5.0,"overhead":0.0,"memory_tolerance":0.01}],"times":[1.31423671e8,1.34233236e8,1.35038505e8,1.34290821e8,1.40886091e8,1.29173161e8,1.32423451e8,1.30702592e8,1.32110779e8,1.35260226e8,1.30036025e8,1.34778379e8,1.35388187e8,1.35985295e8,1.37054285e8,1.33083489e8,1.37012679e8,1.42166044e8,1.39419187e8,1.41426004e8,1.41292363e8,1.40026908e8,1.38631386e8,1.41543569e8,1.41836043e8,1.48903326e8,1.33803258e8,1.30538752e8,1.30884227e8,1.27904541e8,1.29908287e8,1.3191876e8,1.37443839e8,1.31031013e8,1.28557463e8,1.32469213e8,1.30714856e8,1.33355683e8]}],["Trial",{"allocs":93182,"gctimes":[0.0,0.0,0.0,0.0,0.0,0.0,0.0,0.0,0.0,0.0,0.0,0.0,0.0,0.0,0.0,0.0,0.0,0.0,0.0,0.0,2.0000771e7,0.0,0.0,0.0,0.0,0.0,0.0,0.0,0.0,0.0],"memory":12727944,"params":["Parameters",{"gctrial":true,"time_tolerance":0.05,"samples":10000,"evals":1,"gcsample":false,"seconds":5.0,"overhead":0.0,"memory_tolerance":0.01}],"times":[1.68087314e8,1.67771994e8,1.74529341e8,1.69060602e8,1.74278304e8,1.73089729e8,1.72630244e8,1.71164141e8,1.7118875e8,1.67576175e8,1.72398918e8,1.68793578e8,1.73141639e8,1.70055855e8,1.72980652e8,1.70048418e8,1.72321262e8,1.74284806e8,1.70959662e8,1.69861887e8,1.91891162e8,1.66805039e8,1.73970638e8,1.68972691e8,1.71997597e8,1.71562993e8,1.69599335e8,1.67257599e8,1.74849108e8,1.7447548e8]}],["Trial",{"allocs":108711,"gctimes":[0.0,0.0,0.0,0.0,0.0,0.0,0.0,0.0,0.0,0.0,0.0,0.0,0.0,0.0,0.0,0.0,0.0,0.0,1.9459405e7,0.0,0.0,0.0,0.0,0.0,0.0,0.0],"memory":14279960,"params":["Parameters",{"gctrial":true,"time_tolerance":0.05,"samples":10000,"evals":1,"gcsample":false,"seconds":5.0,"overhead":0.0,"memory_tolerance":0.01}],"times":[1.90500239e8,1.90830492e8,1.88771963e8,1.91102432e8,1.94332374e8,1.90073602e8,1.93519541e8,2.02496628e8,1.90573009e8,1.94102993e8,1.96313866e8,1.97485289e8,1.98591788e8,1.95836256e8,1.91832381e8,2.00047153e8,2.00595156e8,2.03313974e8,2.17373928e8,1.977288e8,2.01400569e8,1.92202331e8,1.84896937e8,1.90287181e8,1.89747982e8,1.86376773e8]}],["Trial",{"allocs":119790,"gctimes":[0.0,0.0,0.0,0.0,0.0,0.0,0.0,0.0,0.0,0.0,0.0,0.0,0.0,0.0,0.0,0.0,1.8343623e7,0.0,0.0,0.0,0.0,0.0,0.0,0.0],"memory":15602696,"params":["Parameters",{"gctrial":true,"time_tolerance":0.05,"samples":10000,"evals":1,"gcsample":false,"seconds":5.0,"overhead":0.0,"memory_tolerance":0.01}],"times":[2.16320235e8,2.14607599e8,2.11579898e8,2.07884428e8,2.14318038e8,2.08389169e8,2.13725969e8,2.22477551e8,2.10679836e8,2.07947113e8,2.11619846e8,2.15718451e8,2.18222787e8,2.19839995e8,2.1460599e8,2.17138133e8,2.32328562e8,2.10336374e8,2.13391688e8,2.12906181e8,2.1057628e8,2.11667946e8,2.07295647e8,2.0616743e8]}],["Trial",{"allocs":124573,"gctimes":[0.0,0.0,0.0,0.0,0.0,0.0,0.0,0.0,0.0,0.0,0.0,0.0,0.0,0.0,0.0,0.0,2.3074323e7,0.0,0.0,0.0,0.0,0.0,0.0],"memory":16174552,"params":["Parameters",{"gctrial":true,"time_tolerance":0.05,"samples":10000,"evals":1,"gcsample":false,"seconds":5.0,"overhead":0.0,"memory_tolerance":0.01}],"times":[2.27883479e8,2.18616988e8,2.2070092e8,2.22259751e8,2.23703718e8,2.19161362e8,2.22605153e8,2.16992215e8,2.23377874e8,2.14636952e8,2.38382193e8,2.20930721e8,2.27273405e8,2.29249513e8,2.27007908e8,2.21855484e8,2.45632169e8,2.14593727e8,2.16872904e8,2.21996089e8,2.26349895e8,2.30343751e8,2.3207725e8]}],["Trial",{"allocs":126199,"gctimes":[0.0,0.0,0.0,0.0,0.0,0.0,0.0,0.0,0.0,0.0,0.0,0.0,0.0,0.0,0.0,1.8214876e7,0.0,0.0,0.0,0.0,0.0,0.0],"memory":16608568,"params":["Parameters",{"gctrial":true,"time_tolerance":0.05,"samples":10000,"evals":1,"gcsample":false,"seconds":5.0,"overhead":0.0,"memory_tolerance":0.01}],"times":[2.20587409e8,2.3804114e8,2.3417451e8,2.31275242e8,2.32848031e8,2.29930425e8,2.32310735e8,2.35385592e8,2.34461321e8,2.31722503e8,2.27396355e8,2.22996297e8,2.24033267e8,2.29919546e8,2.32638838e8,2.48500147e8,2.45441831e8,2.20515865e8,2.21046073e8,2.38078038e8,2.32593362e8,2.29995305e8]}]],"medians":[114.9307825,134.2620285,171.3758715,193.811267,213.1489345,222.605153,232.016619]}