{"lengs":[19998.61869632745],"benchmarks":[["Trial",{"allocs":2247756,"gctimes":[7.0478091e8],"memory":10413866224,"params":["Parameters",{"gctrial":true,"time_tolerance":0.05,"samples":10000,"evals":1,"gcsample":false,"seconds":5.0,"overhead":0.0,"memory_tolerance":0.01}],"times":[1.539435233924e12]}]],"medians":[1.539435233924e6]}