{"lengs":[10.0,21.544346900318832,46.4158883361278,100.0,215.44346900318845,464.15888336127773,1000.0],"benchmarks":[["Trial",{"allocs":41721,"gctimes":[0.0,0.0,0.0,1.0323846e7,0.0,0.0,1.174449e7,0.0,0.0,1.1255198e7,0.0,0.0,1.085191e7,0.0,0.0,1.0986467e7,0.0,0.0,0.0,1.0785239e7],"memory":80270288,"params":["Parameters",{"gctrial":true,"time_tolerance":0.05,"samples":10000,"evals":1,"gcsample":false,"seconds":5.0,"overhead":0.0,"memory_tolerance":0.01}],"times":[1.89038906e8,1.9137484e8,1.86350864e8,2.00479059e8,1.8788236e8,2.41381644e8,2.99697832e8,2.85891651e8,2.86278965e8,2.95651139e8,2.75529172e8,2.75780062e8,2.87534082e8,2.76481806e8,2.75471466e8,2.87353637e8,2.75131666e8,2.75942602e8,2.75984123e8,2.88994475e8]}],["Trial",{"allocs":51445,"gctimes":[0.0,0.0,1.0501951e7,0.0,0.0,1.0988576e7,0.0,1.0988987e7,0.0,0.0,1.0596427e7,0.0,1.0724464e7,0.0,0.0,1.0873019e7,0.0,0.0,1.0660914e7,0.0,1.0618186e7],"memory":98986336,"params":["Parameters",{"gctrial":true,"time_tolerance":0.05,"samples":10000,"evals":1,"gcsample":false,"seconds":5.0,"overhead":0.0,"memory_tolerance":0.01}],"times":[2.40891912e8,2.43414228e8,2.50484951e8,2.3828142e8,2.3715979e8,2.50570823e8,2.39835543e8,2.5034414e8,2.37189489e8,2.38409783e8,2.51900466e8,2.36988993e8,2.4917018e8,2.40368923e8,2.50338887e8,2.58644694e8,2.38723041e8,2.37632374e8,2.51840846e8,2.38036356e8,2.49155086e8]}],["Trial",{"allocs":65064,"gctimes":[0.0,0.0,1.0508989e7,0.0,1.1329133e7,0.0,1.1242984e7,0.0,1.0597235e7,0.0,1.061397e7,0.0,1.0736355e7],"memory":125162656,"params":["Parameters",{"gctrial":true,"time_tolerance":0.05,"samples":10000,"evals":1,"gcsample":false,"seconds":5.0,"overhead":0.0,"memory_tolerance":0.01}],"times":[3.16221219e8,3.2962614e8,3.40792631e8,3.28049752e8,3.44838767e8,4.06915526e8,4.9447616e8,4.65227348e8,4.76875975e8,4.66382101e8,4.76842499e8,4.64596131e8,4.77789032e8]}],["Trial",{"allocs":69159,"gctimes":[0.0,1.08628e7,0.0,1.1775771e7,0.0,1.1920171e7,0.0,1.106786e7,0.0,1.1270571e7,0.0,1.112015e7,0.0],"memory":132899840,"params":["Parameters",{"gctrial":true,"time_tolerance":0.05,"samples":10000,"evals":1,"gcsample":false,"seconds":5.0,"overhead":0.0,"memory_tolerance":0.01}],"times":[4.6068232e8,4.37552928e8,4.2896442e8,4.36443454e8,4.24675348e8,4.06635407e8,3.70682539e8,3.64880603e8,3.66824267e8,3.79617401e8,3.69514852e8,3.80452679e8,3.67312034e8]}],["Trial",{"allocs":71238,"gctimes":[0.0,1.5010746e7,0.0,1.1590977e7,0.0,1.1989364e7,0.0,1.0889579e7,0.0,1.0777619e7,0.0],"memory":136848448,"params":["Parameters",{"gctrial":true,"time_tolerance":0.05,"samples":10000,"evals":1,"gcsample":false,"seconds":5.0,"overhead":0.0,"memory_tolerance":0.01}],"times":[4.01943336e8,4.14270078e8,4.01086331e8,4.0931053e8,4.79629097e8,5.99373092e8,5.56059905e8,5.31542869e8,4.7844183e8,4.69106438e8,4.5937129e8]}],["Trial",{"allocs":71895,"gctimes":[0.0,1.0583801e7,0.0,1.147652e7,0.0,1.1520452e7,0.0,1.0682938e7,0.0,1.0677004e7,0.0,1.0442863e7],"memory":138148480,"params":["Parameters",{"gctrial":true,"time_tolerance":0.05,"samples":10000,"evals":1,"gcsample":false,"seconds":5.0,"overhead":0.0,"memory_tolerance":0.01}],"times":[5.40906525e8,5.50553825e8,4.47227735e8,4.30783711e8,4.19917039e8,4.23195548e8,4.0756311e8,4.22005954e8,4.07265164e8,4.18682412e8,4.10539017e8,4.19375858e8]}],["Trial",{"allocs":72012,"gctimes":[0.0,1.0294361e7,0.0,1.1290924e7,0.0,1.1309747e7,0.0,1.0557195e7,0.0,1.0486654e7,0.0,1.0375913e7,0.0],"memory":138387712,"params":["Parameters",{"gctrial":true,"time_tolerance":0.05,"samples":10000,"evals":1,"gcsample":false,"seconds":5.0,"overhead":0.0,"memory_tolerance":0.01}],"times":[4.04819533e8,4.0427772e8,4.09216788e8,4.26308374e8,4.16337806e8,4.21687473e8,4.11404271e8,4.22020187e8,4.08235989e8,4.23532263e8,4.08728233e8,4.24902699e8,4.13517877e8]}]],"medians":[275.861332,240.891912,464.596131,380.452679,469.106438,420.9614965,413.517877]}