{"lengs":[10.0,21.544346900318832,46.4158883361278,100.0,215.44346900318845,464.15888336127773,1000.0],"benchmarks":[["Trial",{"allocs":2987,"gctimes":[0.0,0.0,0.0,0.0,0.0,0.0,0.0,0.0,0.0,0.0,0.0,0.0,0.0,0.0,0.0,0.0,0.0,0.0,0.0,0.0,0.0,0.0,0.0,0.0,0.0,0.0,0.0,0.0,0.0,0.0,0.0,0.0,0.0,0.0,0.0,0.0,0.0,0.0,0.0,0.0,0.0,0.0,0.0,0.0,0.0,0.0,0.0,0.0,0.0,0.0,1.0799849e7,0.0,0.0,0.0,0.0,0.0,0.0,0.0,0.0,0.0,0.0,0.0,0.0,0.0,0.0,0.0,0.0,0.0,0.0,0.0,0.0,0.0,0.0,0.0,0.0,0.0,0.0,0.0,0.0,0.0,0.0,0.0,0.0,0.0,0.0,0.0,0.0,0.0,0.0,0.0,0.0,0.0,0.0,0.0],"memory":4999616,"params":["Parameters",{"gctrial":true,"time_tolerance":0.05,"samples":10000,"evals":1,"gcsample":false,"seconds":5.0,"overhead":0.0,"memory_tolerance":0.01}],"times":[6.2185658e7,6.0461261e7,6.0325531e7,6.0367982e7,6.0480975e7,6.0377027e7,6.0153899e7,6.0146783e7,6.0523376e7,6.040069e7,6.0069122e7,5.9912262e7,6.028017e7,6.1298368e7,6.425565e7,5.9709281e7,6.0118483e7,6.0472508e7,6.0201027e7,6.0032634e7,6.0039568e7,5.9240828e7,5.3287919e7,5.3634444e7,5.3488204e7,5.3404021e7,5.3624524e7,5.3761741e7,5.3383008e7,5.3558651e7,5.3330011e7,5.3003161e7,5.6085413e7,5.4452105e7,5.3203234e7,5.3586507e7,5.2775443e7,5.3011751e7,5.3016589e7,5.2906128e7,5.2536158e7,5.3890471e7,5.2933899e7,5.2554157e7,5.2529714e7,5.2613733e7,5.2569395e7,5.254706e7,5.2443561e7,5.250752e7,6.5267929e7,5.3216344e7,5.230973e7,5.1093292e7,5.0992125e7,5.0941039e7,5.0880123e7,5.1214248e7,5.0863753e7,5.1110246e7,5.1232968e7,5.1031195e7,5.1231401e7,5.089246e7,5.140291e7,5.1034882e7,5.0967896e7,5.0944102e7,5.0838666e7,5.0959243e7,4.9175574e7,4.8583922e7,5.2390562e7,4.9162143e7,4.8355759e7,4.846177e7,4.8813541e7,4.8322039e7,4.8669611e7,4.8489119e7,4.8325874e7,4.8581337e7,4.8194662e7,4.8841452e7,4.8356572e7,4.8345801e7,4.8588753e7,4.8509379e7,4.8831675e7,4.8171246e7,4.8175421e7,4.8095904e7,4.8433804e7,5.2561594e7]}],["Trial",{"allocs":3129,"gctimes":[0.0,0.0,0.0,0.0,0.0,0.0,0.0,0.0,0.0,0.0,0.0,0.0,0.0,0.0,0.0,0.0,0.0,0.0,0.0,0.0,0.0,0.0,0.0,0.0,0.0,0.0,0.0,0.0,0.0,0.0,0.0,0.0,0.0,0.0,0.0,0.0,0.0,0.0,0.0,0.0,0.0,0.0,0.0,0.0,0.0,0.0,0.0,0.0,0.0,1.0848023e7,0.0,0.0,0.0,0.0,0.0,0.0,0.0,0.0,0.0,0.0,0.0,0.0,0.0,0.0,0.0,0.0,0.0,0.0,0.0,0.0,0.0,0.0,0.0,0.0,0.0,0.0,0.0,0.0,0.0,0.0,0.0,0.0,0.0],"memory":5080688,"params":["Parameters",{"gctrial":true,"time_tolerance":0.05,"samples":10000,"evals":1,"gcsample":false,"seconds":5.0,"overhead":0.0,"memory_tolerance":0.01}],"times":[6.1079729e7,6.075619e7,6.0430672e7,6.0250939e7,6.0831974e7,6.0263992e7,6.0823314e7,6.0185755e7,6.0182591e7,6.0166397e7,6.1895616e7,6.2809656e7,6.0209302e7,6.011881e7,6.0271874e7,5.9915157e7,6.0052315e7,6.0621027e7,5.9839479e7,5.9976771e7,6.0351182e7,6.0223226e7,6.0146481e7,5.9933984e7,5.9990909e7,5.9855204e7,6.0004774e7,6.0732899e7,6.3822456e7,6.0051212e7,6.0158067e7,6.0224646e7,5.997947e7,6.0249807e7,6.0163044e7,6.0128078e7,6.01186e7,6.0422219e7,6.003324e7,5.9957783e7,6.002152e7,6.0122135e7,6.0160786e7,6.0302273e7,6.0317227e7,6.3851767e7,6.0529423e7,6.0338935e7,6.0120377e7,7.1454964e7,6.0513039e7,6.0095327e7,6.0423051e7,6.0106521e7,5.9969886e7,6.0022428e7,6.0008785e7,5.999241e7,6.056638e7,6.0296949e7,5.9915188e7,6.02766e7,6.4410976e7,6.0623798e7,6.0081811e7,5.992668e7,6.0584618e7,6.0106053e7,6.0481156e7,6.0244288e7,6.293559e7,5.9970924e7,6.0184827e7,5.9977295e7,6.0210041e7,6.0648066e7,6.0283205e7,5.9941269e7,6.008071e7,6.3972944e7,6.0909848e7,5.9972912e7,5.9999073e7]}],["Trial",{"allocs":3298,"gctimes":[0.0,0.0,0.0,0.0,0.0,0.0,0.0,0.0,0.0,0.0,0.0,0.0,0.0,0.0,0.0,0.0,0.0,0.0,0.0,0.0,0.0,0.0,0.0,0.0,0.0,0.0,0.0,0.0,0.0,0.0,0.0,0.0,0.0,0.0,0.0,0.0,0.0,0.0,0.0,0.0,0.0,0.0,0.0,0.0,0.0,0.0],"memory":5236736,"params":["Parameters",{"gctrial":true,"time_tolerance":0.05,"samples":10000,"evals":1,"gcsample":false,"seconds":5.0,"overhead":0.0,"memory_tolerance":0.01}],"times":[8.4046276e7,8.3380789e7,8.2889656e7,8.283386e7,8.5194258e7,8.6328447e7,8.2719243e7,8.3084382e7,1.01198692e8,1.27025788e8,1.26730658e8,1.26990658e8,1.26513037e8,1.26660588e8,1.27605521e8,1.26718731e8,1.26847542e8,1.26614958e8,1.23421604e8,1.17039937e8,1.16921478e8,1.1701811e8,1.19493486e8,1.17852491e8,1.1714503e8,1.17104472e8,1.17045928e8,1.16937595e8,1.16940121e8,1.1708858e8,1.16784251e8,1.17882291e8,1.17427789e8,1.1101803e8,1.01847105e8,1.01383581e8,1.01701916e8,1.01801947e8,1.01739674e8,1.01442668e8,1.0144779e8,1.05621558e8,1.022364e8,1.02069743e8,1.01391921e8,1.01465113e8]}],["Trial",{"allocs":3552,"gctimes":[0.0,0.0,0.0,0.0,0.0,0.0,0.0,0.0,0.0,0.0,0.0,0.0,0.0,0.0,0.0,0.0,0.0,0.0,0.0,0.0,0.0,0.0,0.0,0.0,0.0,0.0,0.0,0.0,0.0,0.0,0.0,0.0,0.0,0.0,0.0,0.0,0.0,0.0,0.0,0.0,0.0,0.0,0.0],"memory":5648016,"params":["Parameters",{"gctrial":true,"time_tolerance":0.05,"samples":10000,"evals":1,"gcsample":false,"seconds":5.0,"overhead":0.0,"memory_tolerance":0.01}],"times":[1.37788865e8,1.29138496e8,1.28566598e8,1.28280885e8,1.28088963e8,1.28113677e8,1.28333754e8,1.2838143e8,1.34599481e8,1.28109755e8,1.28878849e8,1.19524004e8,1.13086313e8,1.13161508e8,1.1301363e8,1.1337497e8,1.15976154e8,1.15908918e8,1.13331391e8,1.13495498e8,1.12374171e8,1.10134389e8,1.1030099e8,1.10414218e8,1.09934643e8,1.10227937e8,1.14476772e8,1.10962766e8,1.1098637e8,1.10442848e8,1.10167317e8,1.10057792e8,1.10410001e8,1.10102828e8,1.10294037e8,1.14646161e8,1.10737226e8,1.10768437e8,1.09991274e8,1.10227142e8,1.10345688e8,1.10373224e8,1.1055501e8]}],["Trial",{"allocs":3927,"gctimes":[0.0,0.0,0.0,0.0,0.0,0.0,0.0,0.0,0.0,0.0,0.0,0.0,0.0,0.0,0.0,0.0,0.0,0.0,0.0,0.0,0.0,0.0,0.0,0.0,0.0,0.0,0.0,0.0,0.0,0.0,0.0,0.0,0.0,0.0,0.0],"memory":6384624,"params":["Parameters",{"gctrial":true,"time_tolerance":0.05,"samples":10000,"evals":1,"gcsample":false,"seconds":5.0,"overhead":0.0,"memory_tolerance":0.01}],"times":[1.31991174e8,1.31617962e8,1.332657e8,1.32931929e8,1.30803139e8,1.30655361e8,1.30911982e8,1.30871861e8,1.31292814e8,1.3130808e8,1.33720987e8,1.3598226e8,1.34229109e8,1.34574139e8,1.34367812e8,1.34472183e8,1.34768417e8,1.34056666e8,1.36250045e8,1.30588199e8,1.30767828e8,1.30688798e8,1.3053147e8,1.3110132e8,1.30728173e8,1.84769755e8,1.9019249e8,1.89440275e8,1.89406519e8,1.92258904e8,1.89513379e8,1.83377958e8,1.75393227e8,1.75607279e8,1.75520772e8]}],["Trial",{"allocs":4456,"gctimes":[0.0,0.0,0.0,0.0,0.0,0.0,0.0,0.0,0.0,0.0,0.0,0.0,0.0,0.0,0.0,0.0,0.0,0.0,0.0,0.0,0.0,0.0,0.0,0.0,0.0,0.0,0.0,0.0,0.0],"memory":7608576,"params":["Parameters",{"gctrial":true,"time_tolerance":0.05,"samples":10000,"evals":1,"gcsample":false,"seconds":5.0,"overhead":0.0,"memory_tolerance":0.01}],"times":[2.16982776e8,2.10153474e8,2.09806445e8,2.10113492e8,2.09939106e8,2.09994057e8,2.05532598e8,1.93659165e8,1.94021771e8,1.94289416e8,1.94950114e8,1.9501683e8,1.93577767e8,1.93422879e8,1.93698641e8,1.93280238e8,1.80402e8,1.58809351e8,1.37476101e8,1.36738283e8,1.36804868e8,1.36569327e8,1.37371082e8,1.41818695e8,1.37252928e8,1.37484807e8,1.36979764e8,1.37132224e8,1.37229778e8]}],["Trial",{"allocs":4565,"gctimes":[0.0,0.0,0.0,0.0,0.0,0.0,0.0,0.0,0.0,0.0,0.0,0.0,0.0,0.0,0.0,0.0,0.0,0.0,0.0,0.0,0.0,0.0,0.0,0.0,0.0,0.0,0.0,0.0,0.0,0.0,0.0,0.0,2.3301594e7,0.0],"memory":7829632,"params":["Parameters",{"gctrial":true,"time_tolerance":0.05,"samples":10000,"evals":1,"gcsample":false,"seconds":5.0,"overhead":0.0,"memory_tolerance":0.01}],"times":[1.50711462e8,1.52264013e8,1.49801284e8,1.49696011e8,1.49424672e8,1.49502886e8,1.49037722e8,1.4985845e8,1.51336908e8,1.49410776e8,1.49597578e8,1.50020765e8,1.49525181e8,1.49602688e8,1.52194745e8,1.5115572e8,1.49531166e8,1.51811347e8,1.51096911e8,1.51216302e8,1.50617919e8,1.50017026e8,1.52426359e8,1.50907837e8,1.50145818e8,1.50776333e8,1.49953187e8,1.51446514e8,1.52113396e8,1.50484303e8,1.51681244e8,1.50016081e8,1.73861198e8,1.49847065e8]}]],"medians":[52.5578755,60.185755,116.8528645,113.01363,134.056666,193.422879,150.3150605]}