{"lengs":[10.0,21.544346900318832,46.4158883361278,100.0,215.44346900318845,464.15888336127773,1000.0],"benchmarks":[["Trial",{"allocs":11,"gctimes":[0.0,0.0,0.0,0.0,0.0,0.0,0.0,0.0,0.0,0.0,0.0,0.0,0.0,0.0,0.0,0.0,0.0],"memory":10816,"params":["Parameters",{"gctrial":true,"time_tolerance":0.05,"samples":10000,"evals":1,"gcsample":false,"seconds":5.0,"overhead":0.0,"memory_tolerance":0.01}],"times":[2.94542862e8,2.95858851e8,2.94909083e8,2.91947058e8,2.9347778e8,2.95702735e8,2.96273942e8,2.92970062e8,2.95020308e8,2.9147626e8,2.9484046e8,2.94455533e8,2.9480377e8,2.91177872e8,2.97798697e8,2.93454659e8,2.97037743e8]}],["Trial",{"allocs":11,"gctimes":[0.0,0.0,0.0,0.0,0.0,0.0,0.0,0.0],"memory":10816,"params":["Parameters",{"gctrial":true,"time_tolerance":0.05,"samples":10000,"evals":1,"gcsample":false,"seconds":5.0,"overhead":0.0,"memory_tolerance":0.01}],"times":[6.50622937e8,6.76328325e8,6.56522672e8,6.41377123e8,6.43683994e8,6.392473e8,6.45411887e8,6.38432988e8]}],["Trial",{"allocs":11,"gctimes":[0.0,0.0,0.0,0.0],"memory":10816,"params":["Parameters",{"gctrial":true,"time_tolerance":0.05,"samples":10000,"evals":1,"gcsample":false,"seconds":5.0,"overhead":0.0,"memory_tolerance":0.01}],"times":[1.336456361e9,1.31383998e9,1.311296112e9,1.32167345e9]}],["Trial",{"allocs":11,"gctimes":[0.0,0.0],"memory":10816,"params":["Parameters",{"gctrial":true,"time_tolerance":0.05,"samples":10000,"evals":1,"gcsample":false,"seconds":5.0,"overhead":0.0,"memory_tolerance":0.01}],"times":[2.838283678e9,2.722808764e9]}],["Trial",{"allocs":11,"gctimes":[0.0],"memory":10816,"params":["Parameters",{"gctrial":true,"time_tolerance":0.05,"samples":10000,"evals":1,"gcsample":false,"seconds":5.0,"overhead":0.0,"memory_tolerance":0.01}],"times":[5.774302607e9]}],["Trial",{"allocs":11,"gctimes":[0.0],"memory":10816,"params":["Parameters",{"gctrial":true,"time_tolerance":0.05,"samples":10000,"evals":1,"gcsample":false,"seconds":5.0,"overhead":0.0,"memory_tolerance":0.01}],"times":[1.2407782498e10]}],["Trial",{"allocs":11,"gctimes":[0.0],"memory":10816,"params":["Parameters",{"gctrial":true,"time_tolerance":0.05,"samples":10000,"evals":1,"gcsample":false,"seconds":5.0,"overhead":0.0,"memory_tolerance":0.01}],"times":[2.6579467949e10]}]],"medians":[294.80377,644.5479405,1317.756715,2780.546221,5774.302607,12407.782498,26579.467949]}