{"lengs":[10.0],"benchmarks":[["Trial",{"allocs":1114023,"gctimes":[0.0,0.0,0.0,3.3609715e7,0.0,0.0,2.4922905e7,0.0,0.0,2.5121818e7,0.0,0.0,0.0,2.454275e7,0.0,0.0,2.4674744e7],"memory":79844072,"params":["Parameters",{"gctrial":true,"time_tolerance":0.05,"samples":10000,"evals":1,"gcsample":false,"seconds":5.0,"overhead":0.0,"memory_tolerance":0.01}],"times":[3.15176726e8,3.12600254e8,3.13400789e8,3.37859848e8,3.01099149e8,3.0510611e8,3.23281729e8,2.93351967e8,3.02606738e8,3.24547564e8,2.88832738e8,3.02028531e8,2.94580771e8,3.0466907e8,3.01227726e8,2.95708965e8,3.1148296e8]}]],"medians":[304.66907]}