{"lengs":[10.0,21.544346900318832,46.4158883361278,100.0,215.44346900318845,464.15888336127773,1000.0],"benchmarks":[["Trial",{"allocs":86403,"gctimes":[7.8079818e7],"memory":853556880,"params":["Parameters",{"gctrial":true,"time_tolerance":0.05,"samples":10000,"evals":1,"gcsample":false,"seconds":5.0,"overhead":0.0,"memory_tolerance":0.01}],"times":[3.29002290776e11]}],["Trial",{"allocs":104221,"gctimes":[6.7341395e7],"memory":1023948880,"params":["Parameters",{"gctrial":true,"time_tolerance":0.05,"samples":10000,"evals":1,"gcsample":false,"seconds":5.0,"overhead":0.0,"memory_tolerance":0.01}],"times":[3.97078737313e11]}],["Trial",{"allocs":130821,"gctimes":[6.4844608e7],"memory":1282557040,"params":["Parameters",{"gctrial":true,"time_tolerance":0.05,"samples":10000,"evals":1,"gcsample":false,"seconds":5.0,"overhead":0.0,"memory_tolerance":0.01}],"times":[4.94147829577e11]}],["Trial",{"allocs":152047,"gctimes":[6.6118927e7],"memory":1499898064,"params":["Parameters",{"gctrial":true,"time_tolerance":0.05,"samples":10000,"evals":1,"gcsample":false,"seconds":5.0,"overhead":0.0,"memory_tolerance":0.01}],"times":[5.64883950955e11]}],["Trial",{"allocs":171708,"gctimes":[1.32058854e8],"memory":1702040064,"params":["Parameters",{"gctrial":true,"time_tolerance":0.05,"samples":10000,"evals":1,"gcsample":false,"seconds":5.0,"overhead":0.0,"memory_tolerance":0.01}],"times":[6.30159515353e11]}],["Trial",{"allocs":193883,"gctimes":[1.35754769e8],"memory":1920699680,"params":["Parameters",{"gctrial":true,"time_tolerance":0.05,"samples":10000,"evals":1,"gcsample":false,"seconds":5.0,"overhead":0.0,"memory_tolerance":0.01}],"times":[7.05693711109e11]}],["Trial",{"allocs":233923,"gctimes":[1.34106198e8],"memory":2313998880,"params":["Parameters",{"gctrial":true,"time_tolerance":0.05,"samples":10000,"evals":1,"gcsample":false,"seconds":5.0,"overhead":0.0,"memory_tolerance":0.01}],"times":[8.55603807106e11]}]],"medians":[329002.290776,397078.737313,494147.829577,564883.950955,630159.515353,705693.711109,855603.807106]}