{"lengs":[1.9998618696327441],"benchmarks":[["Trial",{"allocs":42760,"gctimes":[0.0,0.0,0.0,0.0,0.0,0.0,0.0,0.0,0.0,0.0,0.0,0.0,0.0,0.0,0.0,0.0,0.0,0.0,0.0,0.0,0.0,0.0,0.0,0.0,0.0,0.0,0.0,0.0,0.0,0.0,0.0,0.0,0.0,0.0,0.0,0.0,0.0,0.0,0.0,0.0,0.0,0.0,0.0,0.0,0.0,0.0,0.0,0.0,0.0,0.0,0.0,0.0,0.0,1.8580334e7,0.0,0.0,0.0,0.0,0.0,0.0,0.0,0.0,0.0,0.0,0.0,0.0,0.0,0.0,0.0,0.0,0.0,0.0,0.0,0.0,0.0,0.0,0.0,0.0,0.0,0.0,0.0,0.0,0.0,0.0,0.0,0.0,0.0,0.0,0.0,0.0,0.0,0.0,0.0,0.0,0.0,0.0,0.0,0.0,0.0,0.0,0.0,0.0,0.0,0.0,0.0,0.0,2.3909112e7,0.0,0.0,0.0,0.0,0.0,0.0,0.0,0.0,0.0,0.0,0.0,0.0,0.0,0.0,0.0,0.0,0.0,0.0,0.0,0.0,0.0,0.0,0.0,0.0,0.0,0.0,0.0,0.0,0.0,0.0,0.0,0.0,0.0,0.0,0.0,0.0,0.0,0.0,0.0,0.0,0.0,0.0,0.0,0.0,0.0,0.0,0.0,0.0,0.0,0.0,0.0,0.0,0.0,1.8627369e7,0.0,0.0,0.0,0.0,0.0,0.0,0.0,0.0,0.0,0.0,0.0,0.0,0.0,0.0,0.0,0.0,0.0,0.0,0.0,0.0,0.0,0.0,0.0,0.0,0.0,0.0,0.0,0.0,0.0,0.0,0.0,0.0,0.0,0.0,0.0,0.0,0.0,0.0,0.0,0.0,0.0,0.0,0.0,0.0,0.0,0.0,0.0,0.0,0.0,0.0,0.0,0.0,0.0,1.8602616e7,0.0,0.0,0.0,0.0,0.0,0.0,0.0,0.0,0.0,0.0,0.0,0.0,0.0,0.0,0.0,0.0,0.0,0.0,0.0,0.0,0.0,0.0,0.0,0.0,0.0,0.0,0.0,0.0,0.0,0.0,0.0,0.0,0.0,0.0,0.0,0.0,0.0,0.0,0.0,0.0,0.0,0.0,0.0,0.0,0.0,0.0,0.0,0.0,0.0,0.0,0.0,0.0,0.0,1.8595189e7,0.0,0.0,0.0,0.0,0.0,0.0,0.0,0.0,0.0,0.0,0.0,0.0,0.0,0.0,0.0,0.0,0.0,0.0,0.0,0.0,0.0,0.0,0.0,0.0,0.0,0.0,0.0,0.0,0.0,0.0,0.0,0.0,0.0,0.0,0.0,0.0,0.0,0.0,0.0,0.0,0.0,0.0,0.0,0.0,0.0,0.0,0.0,0.0,0.0,0.0,0.0,0.0,0.0,1.8594448e7,0.0,0.0,0.0,0.0,0.0,0.0,0.0,0.0,0.0,0.0,0.0,0.0,0.0,0.0,0.0,0.0,0.0,0.0,0.0,0.0,0.0,0.0,0.0,0.0,0.0,0.0,0.0,0.0,0.0,0.0,0.0,0.0,0.0,0.0,0.0,0.0,0.0,0.0,0.0,0.0,0.0,0.0,0.0,0.0,0.0,0.0,0.0,0.0,0.0,0.0,0.0,0.0,0.0,1.85289e7,0.0,0.0,0.0,0.0,0.0,0.0,0.0,0.0,0.0,0.0,0.0,0.0,0.0,0.0,0.0,0.0,0.0,0.0,0.0,0.0,0.0,0.0,0.0,0.0,0.0,0.0,0.0,0.0,0.0,0.0,0.0,0.0,0.0,0.0,0.0,0.0,0.0,0.0,0.0,0.0,0.0,0.0,0.0,0.0,0.0,0.0,0.0,0.0,0.0,0.0,0.0,0.0,1.8626997e7,0.0,0.0,0.0,0.0,0.0,0.0,0.0,0.0,0.0,0.0,0.0,0.0,0.0,0.0,0.0,0.0,0.0,0.0,0.0,0.0,0.0,0.0,0.0,0.0,0.0,0.0,0.0,0.0,0.0,0.0,0.0,0.0,0.0,0.0,0.0,0.0,0.0,0.0,0.0,0.0,0.0,0.0,0.0,0.0,0.0,0.0,0.0,0.0,0.0,0.0,0.0,0.0,0.0,1.8587821e7,0.0,0.0,0.0,0.0,0.0,0.0,0.0,0.0,0.0,0.0,0.0,0.0,0.0,0.0,0.0,0.0,0.0,0.0,0.0,0.0,0.0,0.0,0.0,0.0,0.0,0.0,0.0,0.0,0.0,0.0,0.0,0.0,0.0,0.0,0.0,0.0,0.0,0.0,0.0,0.0,0.0,0.0,0.0,0.0,0.0,0.0,0.0,0.0,0.0,0.0,0.0,0.0,0.0,1.8612481e7,0.0,0.0,0.0,0.0,0.0,0.0,0.0,0.0,0.0,0.0,0.0,0.0,0.0,0.0,0.0,0.0],"memory":3940424,"params":["Parameters",{"gctrial":true,"time_tolerance":0.05,"samples":10000,"evals":1,"gcsample":false,"seconds":5.0,"overhead":0.0,"memory_tolerance":0.01}],"times":[9.886728e6,9.611266e6,9.59e6,9.564118e6,9.771491e6,9.766159e6,9.8834e6,9.788046e6,9.541362e6,9.533127e6,9.548652e6,9.590196e6,9.601314e6,9.578566e6,9.551917e6,9.596648e6,9.758759e6,9.589779e6,9.571111e6,9.6083e6,9.651117e6,9.701966e6,9.724713e6,9.587535e6,9.679721e6,9.65179e6,9.604391e6,9.674438e6,9.586075e6,9.570535e6,9.565948e6,9.624385e6,9.718079e6,9.716851e6,9.623188e6,9.976445e6,9.702436e6,9.625466e6,9.608981e6,9.629529e6,9.754832e6,9.587807e6,9.657451e6,9.689792e6,9.562178e6,9.596378e6,9.935392e6,9.549143e6,9.757335e6,9.667409e6,9.64569e6,9.659165e6,9.654947e6,2.8712887e7,8.972077e6,8.84916e6,8.849889e6,9.111365e6,9.015799e6,9.120311e6,9.023166e6,9.030738e6,9.019764e6,8.805916e6,8.803715e6,9.037156e6,8.820992e6,8.795234e6,8.816692e6,8.974223e6,8.869247e6,9.041986e6,8.98584e6,8.795068e6,8.830952e6,8.866672e6,8.855759e6,8.817236e6,9.030425e6,8.832027e6,8.865363e6,8.855349e6,9.2887e6,9.562312e6,1.1153731e7,9.988158e6,9.922078e6,9.963272e6,9.913441e6,1.0068575e7,1.0131797e7,9.808895e6,9.993456e6,9.977811e6,1.0133532e7,9.885577e6,9.842035e6,9.749434e6,9.926882e6,9.81559e6,9.882913e6,9.941317e6,1.0070369e7,9.994653e6,9.990546e6,1.0063931e7,3.4753489e7,9.342797e6,9.108367e6,9.118294e6,8.970498e6,8.912124e6,8.888186e6,8.844659e6,8.873088e6,9.124565e6,8.832432e6,8.817041e6,8.910628e6,8.892003e6,8.858793e6,9.101773e6,8.87577e6,8.920311e6,8.814267e6,8.895695e6,8.84226e6,8.829751e6,9.357986e6,8.88098e6,8.803726e6,8.887141e6,8.907645e6,8.953282e6,8.849759e6,8.87638e6,9.639766e6,9.547097e6,9.626708e6,9.822058e6,9.603415e6,9.620722e6,9.677467e6,9.667375e6,9.619458e6,9.194775e6,8.847072e6,8.816736e6,8.884614e6,8.960623e6,8.824883e6,8.777404e6,8.748121e6,8.736227e6,8.755269e6,9.137886e6,8.894248e6,8.985162e6,8.79527e6,8.791211e6,2.8463271e7,8.28211e6,8.225876e6,8.040054e6,8.313056e6,8.108575e6,8.078442e6,8.127487e6,8.070594e6,8.262843e6,8.011627e6,8.084845e6,8.173189e6,8.02782e6,8.067351e6,8.034245e6,8.078616e6,8.087821e6,8.050543e6,8.028184e6,8.041663e6,8.02799e6,8.063191e6,8.029643e6,8.083336e6,8.000607e6,8.00473e6,8.063382e6,8.01568e6,8.213573e6,8.684301e6,8.705612e6,8.722874e6,8.771608e6,8.682934e6,8.787054e6,8.773532e6,8.872069e6,8.972645e6,8.755234e6,8.830879e6,8.740188e6,8.794793e6,8.785086e6,8.978799e6,8.707503e6,8.698952e6,8.887017e6,8.775868e6,8.974092e6,8.812517e6,8.942783e6,8.799662e6,8.793478e6,2.7984864e7,8.108586e6,8.313513e6,8.091015e6,8.590355e6,8.384155e6,8.314625e6,8.257901e6,8.192671e6,8.299742e6,8.275606e6,8.607619e6,8.424672e6,8.164092e6,8.012276e6,8.015113e6,8.102446e6,8.031083e6,8.077215e6,8.021604e6,7.993636e6,8.067993e6,8.085535e6,8.248156e6,8.103052e6,8.042021e6,7.992926e6,8.025624e6,8.017271e6,8.506972e6,8.828549e6,8.761053e6,8.767316e6,8.720129e6,8.716492e6,8.768981e6,8.834975e6,8.770313e6,8.729957e6,8.803135e6,8.930281e6,8.795515e6,8.825675e6,8.78142e6,8.822941e6,8.721867e6,8.681142e6,8.716167e6,8.819668e6,8.898821e6,8.835678e6,8.814615e6,8.79482e6,8.758484e6,2.7823675e7,8.097209e6,8.031128e6,8.057217e6,8.216167e6,8.13743e6,8.061844e6,8.389502e6,8.099399e6,8.039391e6,8.126498e6,8.049804e6,8.014173e6,8.03398e6,7.993562e6,8.018059e6,8.01999e6,8.050216e6,8.34218e6,8.067047e6,8.049398e6,8.037192e6,8.020722e6,8.019019e6,8.023933e6,8.005035e6,8.025469e6,8.035481e6,8.038964e6,8.480475e6,8.715364e6,8.722365e6,8.699809e6,8.678462e6,8.691468e6,8.925561e6,8.844177e6,8.757288e6,8.794238e6,8.782803e6,8.791932e6,8.775222e6,8.766228e6,8.816538e6,8.872015e6,8.773158e6,8.7622e6,8.805289e6,8.803823e6,9.001696e6,8.780978e6,8.784148e6,8.80048e6,8.76779e6,2.7699865e7,8.092259e6,8.081097e6,8.246274e6,8.336005e6,8.174071e6,8.156751e6,8.054216e6,8.028565e6,8.018093e6,8.026581e6,8.039574e6,8.032358e6,8.027191e6,8.04203e6,8.56366e6,8.374241e6,8.266007e6,8.032958e6,8.327722e6,8.394413e6,8.292353e6,8.287855e6,8.277888e6,8.016687e6,8.248796e6,8.064168e6,8.043426e6,8.049969e6,8.606756e6,8.713541e6,8.717232e6,8.79425e6,8.738108e6,9.029411e6,8.827385e6,8.802105e6,8.800911e6,8.824164e6,8.971633e6,8.81844e6,8.816952e6,8.947593e6,8.932255e6,8.796521e6,8.777559e6,8.689061e6,8.770665e6,8.873243e6,8.888983e6,8.879033e6,8.815111e6,8.807882e6,8.804958e6,2.7477683e7,8.42738e6,8.055302e6,8.134475e6,8.090446e6,8.057455e6,8.024417e6,8.080849e6,8.008192e6,8.040735e6,8.35857e6,8.098288e6,8.254122e6,8.077713e6,8.007728e6,7.835451e6,7.798792e6,7.876541e6,7.906451e6,7.799571e6,7.808463e6,7.842908e6,7.872704e6,7.824424e6,7.82259e6,7.79638e6,7.82364e6,7.784623e6,7.897715e6,8.489698e6,8.417097e6,8.449073e6,8.466225e6,8.448704e6,8.517852e6,8.544344e6,8.565554e6,8.501961e6,8.55099e6,8.659409e6,8.847708e6,8.672137e6,8.625507e6,8.601706e6,8.556858e6,8.561395e6,8.457643e6,8.530459e6,8.668169e6,8.728114e6,8.594912e6,8.546993e6,8.493338e6,2.791603e7,8.045262e6,7.831214e6,7.820214e6,7.902025e6,7.859585e6,7.83773e6,7.852466e6,7.811238e6,7.768719e6,7.834185e6,8.060383e6,7.808767e6,7.819916e6,7.827759e6,7.851509e6,7.824069e6,7.87468e6,7.771576e6,7.788642e6,7.803676e6,7.836899e6,7.778324e6,7.791445e6,8.141395e6,7.80279e6,7.754617e6,7.825056e6,7.816442e6,8.640136e6,8.977064e6,8.929426e6,8.918535e6,8.762712e6,8.675943e6,8.714302e6,8.893055e6,8.899371e6,8.655981e6,8.547206e6,8.637409e6,8.767499e6,8.584228e6,8.662787e6,8.611788e6,8.451908e6,8.729727e6,8.715531e6,8.9329e6,9.12329e6,8.847153e6,8.838479e6,8.76382e6,8.812525e6,2.7961854e7,8.207911e6,8.020204e6,8.043334e6,8.069539e6,8.148218e6,8.088114e6,8.111505e6,8.116653e6,8.037986e6,7.99116e6,8.159572e6,8.26686e6,8.039466e6,8.264143e6,