{"lengs":[10.0],"benchmarks":[["Trial",{"allocs":2922,"gctimes":[0.0,0.0,0.0,0.0,0.0,0.0,0.0,0.0,0.0,0.0,0.0,0.0,0.0,0.0,0.0,0.0,0.0,0.0,0.0,0.0,0.0,0.0,0.0,0.0,0.0,0.0,0.0,0.0,0.0,0.0,0.0,0.0,0.0,0.0,0.0,0.0,0.0,0.0,0.0,0.0,0.0,0.0,0.0,0.0,0.0,0.0,0.0,0.0,0.0,0.0,0.0,0.0,0.0,0.0,0.0,0.0,0.0,0.0,0.0,0.0,0.0,0.0,0.0,0.0,0.0,0.0,0.0,0.0,0.0,0.0,0.0,0.0,0.0,0.0,0.0,0.0,0.0,0.0,0.0,0.0,0.0,0.0,0.0,0.0,0.0,0.0,0.0,0.0,0.0,0.0,0.0,0.0,0.0,0.0,0.0,0.0,0.0,0.0,0.0,0.0,0.0,0.0,0.0,0.0,0.0,0.0,0.0,0.0,0.0,0.0,0.0,0.0,0.0,0.0,0.0,0.0,0.0,0.0,0.0,0.0,0.0,0.0,0.0,0.0,0.0,0.0,0.0,0.0,0.0,0.0,0.0,0.0,0.0,0.0,0.0,0.0,0.0,0.0,0.0,0.0,0.0,0.0,0.0,0.0,0.0,0.0,0.0,0.0,0.0,0.0,0.0,0.0,0.0,0.0,0.0,0.0,0.0,0.0],"memory":165072,"params":["Parameters",{"gctrial":true,"time_tolerance":0.05,"samples":10000,"evals":1,"gcsample":false,"seconds":5.0,"overhead":0.0,"memory_tolerance":0.01}],"times":[3.0462487e7,2.9679406e7,2.9606243e7,2.969481e7,2.9615324e7,2.954983e7,2.9633764e7,2.9564608e7,2.9576698e7,2.9625206e7,2.9599393e7,2.9578026e7,2.9588427e7,2.9591226e7,2.9859796e7,2.9778458e7,2.9867903e7,2.9717251e7,2.9567174e7,2.9765637e7,2.9575393e7,2.9543417e7,2.9635902e7,2.9544647e7,2.965547e7,2.9626499e7,2.9569693e7,2.9543458e7,2.9593884e7,2.9534048e7,2.9581299e7,2.9575744e7,2.9628777e7,2.9605512e7,2.9654669e7,2.9561572e7,2.9541181e7,2.9636312e7,2.9571626e7,2.9616046e7,2.9660706e7,2.9635178e7,2.9575419e7,2.9571569e7,2.9698311e7,2.9654788e7,2.9568729e7,2.9621794e7,2.9640437e7,3.0156581e7,2.9844353e7,2.9820975e7,2.9641631e7,2.9579186e7,2.9536089e7,2.9639064e7,2.9632608e7,2.9633195e7,2.953762e7,2.9550314e7,2.9545817e7,2.9570674e7,2.9573413e7,2.9626776e7,2.9566122e7,2.9554201e7,2.9647528e7,2.9567763e7,2.9593992e7,2.9558719e7,2.9600001e7,2.9606838e7,2.9547554e7,2.9545114e7,2.9585941e7,2.9608676e7,2.9641303e7,2.9635999e7,2.956456e7,2.9648564e7,2.9555804e7,2.9624721e7,2.9624746e7,2.9639082e7,3.0206958e7,3.0449792e7,2.9835308e7,2.9662922e7,2.9603081e7,2.9553801e7,2.955255e7,2.9537387e7,2.9602211e7,3.0543599e7,2.9603537e7,2.9650548e7,2.9580859e7,2.9573139e7,3.6576311e7,3.7759759e7,3.7719708e7,3.7824529e7,3.7756092e7,3.7746659e7,3.7710738e7,3.7730257e7,3.7726616e7,3.7717589e7,3.7849273e7,3.7672865e7,3.7751612e7,3.7841787e7,3.772571e7,3.7723116e7,3.7750938e7,3.7254646e7,3.6379061e7,3.5988206e7,3.6064479e7,3.6037746e7,3.5986295e7,3.6016566e7,3.5992994e7,3.5951478e7,3.6006612e7,3.6105079e7,3.6079119e7,3.5977949e7,3.6110834e7,3.5976843e7,3.6042739e7,3.6076721e7,3.5969054e7,3.5994386e7,3.59417e7,3.5990394e7,3.6011389e7,3.5977688e7,3.5972906e7,3.6030257e7,3.6001645e7,3.6158434e7,3.4303139e7,3.1911195e7,3.1470936e7,3.0972184e7,3.0778567e7,3.0414144e7,3.0511973e7,3.037211e7,3.0399606e7,3.0444804e7,3.0481767e7,3.0498696e7,3.0421607e7,3.039485e7,3.0392902e7,3.0404551e7]}]],"medians":[29.655129]}