{"lengs":[10.0],"benchmarks":[["Trial",{"allocs":1392,"gctimes":[0.0,0.0,0.0,0.0,0.0,0.0,0.0,0.0,0.0,0.0,0.0,0.0,0.0,0.0,0.0,0.0,0.0,0.0,0.0,0.0,0.0,0.0,0.0,0.0,0.0,0.0,0.0,0.0,0.0,0.0,0.0,0.0,0.0,0.0,0.0,0.0,0.0,0.0,0.0,0.0,0.0,0.0,0.0,0.0,0.0,0.0,0.0,0.0,0.0,0.0,0.0,0.0,0.0,0.0,0.0,0.0,0.0,0.0,0.0,0.0,0.0,0.0,0.0,0.0,0.0,0.0,9.308644e6,0.0,0.0,0.0,0.0,0.0,0.0,0.0,0.0,0.0,0.0,0.0,0.0,0.0,0.0,0.0,0.0,0.0,0.0,0.0,0.0,0.0,0.0,0.0,0.0,0.0,0.0,0.0,0.0,0.0,0.0,0.0,0.0,0.0,0.0,0.0,0.0,0.0,0.0,0.0,0.0,0.0,0.0,0.0,0.0,0.0,0.0,0.0,0.0,0.0,0.0,0.0,0.0,0.0,0.0,0.0,0.0,0.0,0.0,0.0,0.0,0.0,0.0,0.0,0.0,0.0,9.042666e6,0.0,0.0,0.0,0.0,0.0,0.0,0.0,0.0,0.0,0.0,0.0,0.0,0.0,0.0,0.0,0.0,0.0,0.0,0.0,0.0,0.0,0.0,0.0,0.0,0.0,0.0,0.0,0.0,0.0,0.0,0.0,0.0,0.0,0.0,0.0,0.0,0.0,0.0,0.0,0.0,0.0,0.0,0.0,0.0,0.0,0.0,0.0,0.0,0.0,0.0,0.0,0.0,0.0,0.0,0.0,0.0,0.0,0.0,0.0,0.0,0.0,0.0,0.0,0.0,0.0,0.0,0.0,8.784221e6,0.0,0.0,0.0,0.0,0.0,0.0,0.0,0.0,0.0,0.0,0.0,0.0,0.0,0.0,0.0,0.0,0.0,0.0,0.0,0.0,0.0,0.0,0.0,0.0,0.0,0.0,0.0,0.0,0.0,0.0,0.0,0.0,0.0,0.0,0.0,0.0,0.0,0.0,0.0,0.0,0.0,0.0,0.0,0.0,0.0,0.0,0.0,0.0,0.0,0.0,0.0,0.0,0.0,0.0,0.0,0.0,0.0,0.0,0.0,0.0,0.0,0.0,0.0,0.0,0.0,0.0,8.721535e6,0.0,0.0,0.0,0.0,0.0,0.0,0.0,0.0,0.0,0.0,0.0,0.0,0.0,0.0,0.0,0.0,0.0,0.0,0.0,0.0,0.0,0.0,0.0,0.0,0.0,0.0,0.0,0.0,0.0,0.0,0.0,0.0,0.0,0.0,0.0,0.0,0.0,0.0,0.0,0.0,0.0,0.0,0.0,0.0,0.0,0.0,0.0,0.0,0.0,0.0,0.0,0.0,0.0,0.0,0.0,0.0,0.0,0.0,0.0,0.0,0.0,0.0,0.0,0.0,0.0,0.0,8.546383e6,0.0,0.0,0.0,0.0,0.0,0.0,0.0,0.0,0.0,0.0,0.0,0.0,0.0,0.0,0.0,0.0,0.0,0.0,0.0,0.0,0.0,0.0,0.0,0.0,0.0,0.0,0.0,0.0,0.0,0.0,0.0,0.0,0.0,0.0,0.0,0.0,0.0,0.0,0.0,0.0,0.0,0.0,0.0,0.0,0.0,0.0,0.0,0.0,0.0,0.0,0.0,0.0,0.0,0.0,0.0,0.0,0.0,0.0,0.0,0.0,0.0,0.0,0.0,0.0,0.0,0.0,0.0,8.639419e6,0.0,0.0,0.0,0.0,0.0,0.0,0.0,0.0,0.0,0.0,0.0,0.0,0.0,0.0,0.0,0.0,0.0,0.0,0.0,0.0,0.0,0.0,0.0,0.0,0.0,0.0,0.0,0.0,0.0,0.0,0.0,0.0,0.0,0.0,0.0,0.0,0.0,0.0,0.0,0.0,0.0,0.0,0.0,0.0,0.0,0.0,0.0,0.0,0.0,0.0,0.0,0.0,0.0,0.0,0.0,0.0,0.0,0.0,0.0,0.0,0.0,0.0,0.0,0.0,0.0,0.0,8.61457e6,0.0,0.0,0.0,0.0,0.0,0.0,0.0,0.0,0.0,0.0,0.0,0.0,0.0,0.0,0.0,0.0,0.0,0.0,0.0,0.0,0.0,0.0,0.0,0.0,0.0,0.0,0.0,0.0,0.0,0.0,0.0,0.0,0.0,0.0,0.0,0.0,0.0,0.0,0.0,0.0,0.0,0.0,0.0,0.0,0.0,0.0,0.0,0.0,0.0,0.0,0.0,0.0,0.0,0.0,0.0,0.0,0.0,0.0,0.0,0.0,0.0,0.0,0.0,0.0,0.0,0.0,8.63507e6,0.0,0.0,0.0,0.0,0.0,0.0,0.0,0.0,0.0,0.0,0.0,0.0,0.0,0.0,0.0,0.0,0.0,0.0,0.0,0.0,0.0,0.0,0.0,0.0,0.0,0.0,0.0,0.0,0.0,0.0,0.0,0.0,0.0,0.0,0.0,0.0,0.0,0.0,0.0,0.0,0.0,0.0,0.0,0.0,0.0,0.0,0.0,0.0,0.0],"memory":3751328,"params":["Parameters",{"gctrial":true,"time_tolerance":0.05,"samples":10000,"evals":1,"gcsample":false,"seconds":5.0,"overhead":0.0,"memory_tolerance":0.01}],"times":[9.756353e6,9.112941e6,9.087365e6,9.046192e6,9.12303e6,9.04464e6,9.055112e6,9.094119e6,9.043639e6,9.048956e6,9.030683e6,9.075889e6,9.097951e6,9.027193e6,9.021818e6,9.061253e6,9.033713e6,9.339076e6,9.076114e6,9.025543e6,9.06232e6,9.050604e6,9.021002e6,9.040053e6,9.067417e6,9.022121e6,9.043463e6,9.067726e6,9.045495e6,9.060519e6,9.084344e6,9.10328e6,9.091882e6,9.898866e6,1.0024526e7,9.357796e6,9.198767e6,9.183987e6,9.205555e6,9.210989e6,9.228233e6,9.172083e6,9.021699e6,9.00545e6,9.046721e6,9.06562e6,9.082398e6,9.08824e6,9.065286e6,9.050839e6,9.203486e6,9.017543e6,9.06482e6,9.095107e6,9.116615e6,9.019394e6,9.037362e6,9.094847e6,9.091995e6,9.054822e6,9.012394e6,9.062729e6,9.078523e6,9.010852e6,9.026777e6,9.074761e6,1.8663208e7,9.060135e6,9.096098e6,9.041215e6,9.059345e6,9.022655e6,9.0929e6,9.0327e6,9.083461e6,9.002597e6,9.037433e6,9.084324e6,9.020598e6,9.057806e6,9.097312e6,9.057578e6,9.034531e6,9.030636e6,9.029696e6,9.047119e6,9.04137e6,9.027178e6,9.037764e6,8.97476e6,9.020032e6,9.070769e6,9.063325e6,9.002957e6,9.009693e6,9.082073e6,9.070554e6,9.074692e6,9.005414e6,9.02186e6,9.028117e6,9.072104e6,9.045825e6,9.067398e6,9.002653e6,9.0453e6,9.014347e6,9.008401e6,8.993897e6,8.987663e6,9.022673e6,9.014034e6,9.001203e6,9.021329e6,9.071345e6,9.082177e6,8.999618e6,8.977504e6,8.992959e6,9.036717e6,9.024728e6,8.95792e6,8.980933e6,9.027792e6,8.958237e6,9.05595e6,9.010087e6,9.102292e6,8.988615e6,9.02037e6,8.957991e6,9.048594e6,1.828141e7,9.098438e6,9.044765e6,9.012193e6,9.083329e6,9.012265e6,9.04393e6,9.093392e6,9.000204e6,9.023419e6,9.016076e6,9.040998e6,9.064634e6,9.351706e6,9.237127e6,9.17672e6,9.084168e6,8.38064e6,8.613708e6,8.49938e6,8.495156e6,8.545664e6,8.499972e6,8.254587e6,8.219557e6,8.248542e6,8.256373e6,8.235841e6,8.241999e6,8.276112e6,8.29543e6,8.243603e6,8.27523e6,8.227028e6,8.2232e6,8.260092e6,8.256487e6,8.244323e6,8.244355e6,8.36199e6,8.259205e6,8.216221e6,8.279939e6,8.186738e6,8.306963e6,8.250764e6,8.264178e6,8.228928e6,8.299519e6,8.310861e6,8.242016e6,8.400583e6,8.25358e6,8.369522e6,8.251356e6,8.238683e6,8.204615e6,8.239148e6,8.293739e6,8.293027e6,8.233201e6,8.284616e6,8.287853e6,8.20463e6,8.256771e6,8.246936e6,8.217368e6,8.204592e6,1.7266918e7,8.300997e6,8.222253e6,8.241531e6,8.22702e6,8.235776e6,8.294242e6,8.229635e6,8.241768e6,8.223836e6,8.25463e6,8.254976e6,8.284668e6,8.226506e6,8.273464e6,8.248593e6,8.238433e6,8.365691e6,8.280206e6,8.353274e6,8.402671e6,8.228526e6,8.200542e6,8.282783e6,8.292288e6,8.246872e6,8.227221e6,8.306888e6,8.244855e6,8.244575e6,8.246064e6,8.250242e6,8.255543e6,8.248781e6,8.250347e6,8.227039e6,8.272284e6,8.279817e6,8.250093e6,8.280726e6,8.239986e6,8.303241e6,8.197959e6,8.285975e6,8.264391e6,8.247725e6,8.234987e6,8.333472e6,8.294477e6,8.234154e6,8.252343e6,8.231581e6,8.28368e6,8.265346e6,8.227434e6,8.21048e6,8.244438e6,8.30352e6,8.260753e6,8.224953e6,8.283772e6,8.289225e6,8.249292e6,8.255549e6,8.165155e6,8.158352e6,8.210929e6,1.712755e7,8.699258e6,9.170926e6,9.152145e6,9.040793e6,8.463195e6,8.455037e6,8.416868e6,8.353876e6,8.419605e6,8.308432e6,8.244185e6,8.237032e6,8.240664e6,8.264374e6,8.301365e6,8.236253e6,8.29092e6,8.267629e6,8.232211e6,8.294563e6,8.283731e6,8.232042e6,8.301398e6,8.296998e6,8.215172e6,8.267301e6,8.297816e6,8.232742e6,8.247831e6,8.260403e6,8.263996e6,8.244201e6,8.234848e6,8.246444e6,8.2557e6,8.250204e6,8.232169e6,8.223162e6,8.247302e6,8.294232e6,8.289831e6,8.286658e6,8.183675e6,8.249359e6,8.278402e6,8.303033e6,8.245366e6,8.258384e6,8.262426e6,8.24479e6,8.233178e6,8.255463e6,8.202853e6,8.206636e6,8.277169e6,8.22672e6,8.223672e6,8.19037e6,8.262758e6,8.218584e6,8.250505e6,8.243238e6,8.20042e6,8.258908e6,8.180488e6,8.221377e6,1.6971727e7,8.238552e6,8.209972e6,8.217302e6,8.231524e6,8.202014e6,8.281563e6,8.304803e6,8.296923e6,8.247498e6,8.295649e6,8.286907e6,8.235175e6,8.249322e6,8.248103e6,8.251504e6,8.281935e6,8.235841e6,8.227661e6,8.260636e6,8.261624e6,8.248141e6,8.259484e6,8.237292e6,8.2491e6,8.301399e6,8.257474e6,8.240451e6,8.297773e6,8.269512e6,8.257389e6,8.25133e6,8.240189e6,8.225801e6,8.292529e6,8.288297e6,8.219055e6,8.23953e6,8.22364e6,8.244749e6,8.276967e6,8.268254e6,8.270706e6,8.177102e6,8.217557e6,8.24176e6,8.252974e6,8.304127e6,8.220748e6,8.215865e6,8.284589e6,8.24343e6,8.281913e6,8.224704e6,8.202702e6,8.27521e6,8.181974e6,8.237214e6,8.175482e6,8.594775e6,8.537442e6,8.382238e6,8.22431e6,8.145432e6,8.085787e6,8.285942e6,8.248649e6,8.261276e6,1.6880596e7,8.007696e6,7.969715e6,8.050069e6,8.029981e6,7.988615e6,8.043471e6,7.99293e6,8.00735e6,8.003322e6,7.970552e6,8.002923e6,7.996765e6,8.007413e6,8.002948e6,8.069314e6,8.045994e6,8.023674e6,8.050517e6,8.0541e6,8.08716e6,8.062822e6,8.048964e6,8.022536e6,8.035669e6,8.024276e6,7.995318e6,8.012762e6,8.004655e6,8.021204e6,8.031075e6,8.013737e6,8.018836e6,8.015701e6,8.082085e6,8.048341e6,8.059105e6,8.058792e6,8.07418e6,8.099644e6,8.016196e6,8.01783e6,8.003704e6,8.00799e6,8.000448e6,8.022228e6,8.052233e6,8.013417e6,7.990456e6,8.010172e6,7.974647e6,8.017381e6,8.041491e6,8.050001e6,7.985408e6,7.970742e6,8.05368e6,8.040196e6,7.991627e6,7.991163e6,7.992003e6,7.97659e6,7.973707e6,7.991954e6,8.057991e6,7.981924e6,8.040551e6,1.6851229e7,8.071687e6,7.986806e6,8.046724e6,8.009832e6,8.019795e6,7.998658e6,8.043019e6,8.047682e6,8.015565e6,8.024113e6,8.031337e6,8.074837e6,8.053828e6,8.006561e6,8.020512e6,8.017748e6,8.049316e6,8.081194e6,8.029895e6,8.040524e6,8.029524e6,