{"lengs":[10.0,21.544346900318832,46.4158883361278,100.0,215.44346900318845,464.15888336127773,1000.0],"benchmarks":[["Trial",{"allocs":8942,"gctimes":[0.0,0.0,0.0,0.0,0.0,0.0],"memory":96434864,"params":["Parameters",{"gctrial":true,"time_tolerance":0.05,"samples":10000,"evals":1,"gcsample":false,"seconds":5.0,"overhead":0.0,"memory_tolerance":0.01}],"times":[9.40214764e8,9.32658116e8,9.3329226e8,9.34088884e8,9.35539639e8,9.31232971e8]}],["Trial",{"allocs":9530,"gctimes":[0.0,0.0,0.0,0.0,0.0],"memory":102256512,"params":["Parameters",{"gctrial":true,"time_tolerance":0.05,"samples":10000,"evals":1,"gcsample":false,"seconds":5.0,"overhead":0.0,"memory_tolerance":0.01}],"times":[1.066647694e9,1.06377771e9,1.059348609e9,1.060223211e9,1.056249365e9]}],["Trial",{"allocs":10205,"gctimes":[0.0,0.0,0.0,0.0],"memory":109231008,"params":["Parameters",{"gctrial":true,"time_tolerance":0.05,"samples":10000,"evals":1,"gcsample":false,"seconds":5.0,"overhead":0.0,"memory_tolerance":0.01}],"times":[1.252546298e9,1.253198355e9,1.263589425e9,1.263986333e9]}],["Trial",{"allocs":10772,"gctimes":[0.0,0.0,0.0,0.0],"memory":115301936,"params":["Parameters",{"gctrial":true,"time_tolerance":0.05,"samples":10000,"evals":1,"gcsample":false,"seconds":5.0,"overhead":0.0,"memory_tolerance":0.01}],"times":[1.564606706e9,1.553336998e9,1.550812103e9,1.542725242e9]}],["Trial",{"allocs":11097,"gctimes":[0.0,0.0,0.0],"memory":118801968,"params":["Parameters",{"gctrial":true,"time_tolerance":0.05,"samples":10000,"evals":1,"gcsample":false,"seconds":5.0,"overhead":0.0,"memory_tolerance":0.01}],"times":[1.954836717e9,1.978585446e9,1.938536813e9]}],["Trial",{"allocs":12453,"gctimes":[0.0,0.0],"memory":133435008,"params":["Parameters",{"gctrial":true,"time_tolerance":0.05,"samples":10000,"evals":1,"gcsample":false,"seconds":5.0,"overhead":0.0,"memory_tolerance":0.01}],"times":[3.433030508e9,3.432186318e9]}],["Trial",{"allocs":14478,"gctimes":[0.0,0.0],"memory":155176384,"params":["Parameters",{"gctrial":true,"time_tolerance":0.05,"samples":10000,"evals":1,"gcsample":false,"seconds":5.0,"overhead":0.0,"memory_tolerance":0.01}],"times":[4.018998752e9,4.066290172e9]}]],"medians":[933.690572,1060.223211,1258.39389,1552.0745505,1954.836717,3432.608413,4042.644462]}