{"lengs":[19998.61869632745],"benchmarks":[["Trial",{"allocs":2593647,"gctimes":[4.87061428e8],"memory":16806763040,"params":["Parameters",{"gctrial":true,"time_tolerance":0.05,"samples":10000,"evals":1,"gcsample":false,"seconds":5.0,"overhead":0.0,"memory_tolerance":0.01}],"times":[5.33666357571e11]}]],"medians":[533666.357571]}