{"lengs":[10.0,21.544346900318832,46.4158883361278,100.0,215.44346900318845,464.15888336127773,1000.0],"benchmarks":[["Trial",{"allocs":11000,"gctimes":[0.0,0.0,0.0,0.0,0.0],"memory":5337088,"params":["Parameters",{"gctrial":true,"time_tolerance":0.05,"samples":10000,"evals":1,"gcsample":false,"seconds":5.0,"overhead":0.0,"memory_tolerance":0.01}],"times":[1.199324187e9,1.181583421e9,1.133204974e9,1.15052167e9,1.159882529e9]}],["Trial",{"allocs":11386,"gctimes":[0.0,0.0,0.0,0.0],"memory":6278784,"params":["Parameters",{"gctrial":true,"time_tolerance":0.05,"samples":10000,"evals":1,"gcsample":false,"seconds":5.0,"overhead":0.0,"memory_tolerance":0.01}],"times":[1.345304213e9,1.318836956e9,1.20225801e9,1.214556489e9]}],["Trial",{"allocs":31681,"gctimes":[0.0,0.0],"memory":18032288,"params":["Parameters",{"gctrial":true,"time_tolerance":0.05,"samples":10000,"evals":1,"gcsample":false,"seconds":5.0,"overhead":0.0,"memory_tolerance":0.01}],"times":[2.736261242e9,2.792763287e9]}],["Trial",{"allocs":37325,"gctimes":[0.0,0.0],"memory":20964096,"params":["Parameters",{"gctrial":true,"time_tolerance":0.05,"samples":10000,"evals":1,"gcsample":false,"seconds":5.0,"overhead":0.0,"memory_tolerance":0.01}],"times":[3.28176655e9,3.521700676e9]}],["Trial",{"allocs":43376,"gctimes":[0.0,0.0],"memory":24882432,"params":["Parameters",{"gctrial":true,"time_tolerance":0.05,"samples":10000,"evals":1,"gcsample":false,"seconds":5.0,"overhead":0.0,"memory_tolerance":0.01}],"times":[4.028981537e9,4.01044874e9]}],["Trial",{"allocs":63436,"gctimes":[0.0],"memory":35782944,"params":["Parameters",{"gctrial":true,"time_tolerance":0.05,"samples":10000,"evals":1,"gcsample":false,"seconds":5.0,"overhead":0.0,"memory_tolerance":0.01}],"times":[5.534502548e9]}],["Trial",{"allocs":73009,"gctimes":[0.0],"memory":42894688,"params":["Parameters",{"gctrial":true,"time_tolerance":0.05,"samples":10000,"evals":1,"gcsample":false,"seconds":5.0,"overhead":0.0,"memory_tolerance":0.01}],"times":[6.465862879e9]}]],"medians":[1159.882529,1266.6967225,2764.5122645,3401.733613,4019.7151385,5534.502548,6465.862879]}