{"lengs":[1.9998618696327441],"benchmarks":[["Trial",{"allocs":47534,"gctimes":[0.0,0.0,0.0,0.0,0.0,0.0,0.0,0.0,0.0,2.1948973e7,0.0,0.0,0.0,0.0,0.0,0.0,0.0,0.0,0.0,1.8454861e7,0.0,0.0,0.0,0.0,0.0,0.0,0.0,0.0,1.841933e7,0.0,0.0,0.0,0.0,0.0,0.0,0.0,0.0,0.0,1.8469366e7,0.0,0.0,0.0,0.0,0.0,0.0,0.0,0.0,0.0,1.9045537e7,0.0,0.0,0.0,0.0,0.0,0.0,0.0,0.0,1.8978896e7,0.0,0.0,0.0,0.0,0.0,0.0,0.0,0.0,0.0,1.8535174e7,0.0,0.0,0.0,0.0,0.0,0.0,0.0,0.0,1.8619556e7,0.0,0.0,0.0,0.0,0.0,0.0,0.0,0.0,0.0,1.8716889e7,0.0,0.0,0.0,0.0,0.0,0.0,0.0,0.0,0.0,1.9067569e7,0.0,0.0,0.0,0.0,0.0,0.0,0.0,0.0,1.9016787e7,0.0,0.0,0.0,0.0,0.0,0.0,0.0,0.0,0.0,1.9087389e7,0.0,0.0,0.0,0.0,0.0,0.0,0.0,0.0,0.0,1.9018982e7,0.0,0.0,0.0,0.0],"memory":21837424,"params":["Parameters",{"gctrial":true,"time_tolerance":0.05,"samples":10000,"evals":1,"gcsample":false,"seconds":5.0,"overhead":0.0,"memory_tolerance":0.01}],"times":[3.9412651e7,3.6823023e7,3.7066253e7,3.7047738e7,3.7056168e7,3.6793199e7,3.6931399e7,3.6618553e7,3.8350495e7,5.7728819e7,3.2199983e7,3.1993172e7,3.7051672e7,3.6984646e7,3.7217737e7,3.6614434e7,3.6471815e7,3.6363876e7,3.6441053e7,5.0537596e7,3.1492875e7,3.4159101e7,3.6820894e7,3.6780346e7,3.6697653e7,3.6357925e7,3.6358675e7,3.6406424e7,5.4078543e7,3.1684543e7,3.2805184e7,3.9743459e7,3.7564694e7,3.7305803e7,3.6575487e7,3.6411254e7,3.9385433e7,3.7393687e7,5.2223717e7,3.1567649e7,3.4338984e7,3.852576e7,3.8600919e7,3.8619568e7,3.8155395e7,3.8268785e7,3.8185872e7,3.8216845e7,5.2161588e7,3.3215331e7,3.6752161e7,3.8647707e7,3.8613903e7,3.85547e7,3.8079215e7,3.8116584e7,3.8198306e7,5.5698783e7,3.3419886e7,3.2888581e7,3.8662064e7,3.8614555e7,3.9949549e7,3.8110144e7,3.7176708e7,3.6474701e7,3.6787113e7,5.1625586e7,3.1707493e7,3.3512834e7,3.6791271e7,3.6862227e7,3.6793566e7,3.6331828e7,3.6455117e7,4.4247739e7,5.512521e7,3.1698535e7,3.1054813e7,3.5618997e7,3.6761991e7,3.6879788e7,3.6731895e7,3.6524586e7,3.6423384e7,3.6804383e7,5.3294565e7,3.2044343e7,3.214973e7,3.6786905e7,4.0139656e7,3.9368261e7,3.8403609e7,3.8076399e7,3.8111321e7,3.8286166e7,5.2899693e7,3.3299359e7,3.6123739e7,3.8632594e7,3.8609757e7,3.8706732e7,3.8372154e7,3.8209385e7,3.8276915e7,5.6275973e7,3.3292565e7,3.2601589e7,3.8395752e7,3.8614889e7,3.8779221e7,3.8646721e7,3.8276284e7,3.8271094e7,3.8232152e7,5.4174327e7,3.4946683e7,3.5780378e7,3.9622497e7,3.865227e7,3.8659989e7,3.8429738e7,3.8158603e7,3.8236495e7,3.8198804e7,5.1880392e7,3.3190744e7,3.6885453e7,3.8672063e7,3.8649487e7]}]],"medians":[37.349745]}