{"lengs":[10.0,21.544346900318832,46.4158883361278,100.0,215.44346900318845,464.15888336127773,1000.0],"benchmarks":[["Trial",{"allocs":12199,"gctimes":[0.0,0.0,0.0,0.0,0.0,0.0,0.0,0.0,0.0,0.0,1.0227142e7,0.0,0.0,0.0,0.0,0.0,0.0,0.0,0.0,0.0,0.0,1.0326326e7,0.0,0.0,0.0,0.0,0.0,0.0,0.0,0.0,0.0,0.0,1.4014476e7,0.0,0.0,0.0,0.0,0.0,0.0],"memory":23278784,"params":["Parameters",{"gctrial":true,"time_tolerance":0.05,"samples":10000,"evals":1,"gcsample":false,"seconds":5.0,"overhead":0.0,"memory_tolerance":0.01}],"times":[1.34636979e8,1.34262341e8,1.29953563e8,1.29566305e8,1.29274506e8,1.29504607e8,1.29870874e8,1.29667964e8,1.33908729e8,1.35431951e8,1.42188417e8,1.29520486e8,1.28716298e8,1.29311111e8,1.29715432e8,1.29475494e8,1.22814172e8,1.29411953e8,1.29583752e8,1.29033068e8,1.2873797e8,1.40476854e8,1.29553265e8,1.29475409e8,1.29744052e8,1.29453155e8,1.24241933e8,1.22547248e8,1.22415967e8,1.2287781e8,1.22745308e8,1.22248897e8,1.38035105e8,1.26567259e8,1.24188254e8,1.22430532e8,1.22626615e8,1.22771372e8,1.22619296e8]}],["Trial",{"allocs":15574,"gctimes":[0.0,0.0,0.0,0.0,0.0,0.0,0.0,0.0,1.0114923e7,0.0,0.0,0.0,0.0,0.0,0.0,0.0,1.0289781e7,0.0,0.0,0.0,0.0,0.0,0.0,0.0,0.0,1.1137641e7,0.0,0.0,0.0,0.0],"memory":29655584,"params":["Parameters",{"gctrial":true,"time_tolerance":0.05,"samples":10000,"evals":1,"gcsample":false,"seconds":5.0,"overhead":0.0,"memory_tolerance":0.01}],"times":[1.78842237e8,1.77921642e8,1.76029708e8,1.75626277e8,1.75932178e8,1.70344975e8,1.68794341e8,1.7046251e8,1.80382417e8,1.7491919e8,1.75320082e8,1.7553107e8,1.7645056e8,1.68745068e8,1.6674132e8,1.66399463e8,1.77023472e8,1.66982932e8,1.671918e8,1.69455658e8,1.66839572e8,1.67656473e8,1.67521823e8,1.66628014e8,1.65990139e8,1.81933596e8,1.66086664e8,1.66977686e8,1.66782269e8,1.6720617e8]}],["Trial",{"allocs":20793,"gctimes":[0.0,0.0,0.0,0.0,0.0,0.0,1.0153326e7,0.0,0.0,0.0,0.0,0.0,1.0403384e7,0.0,0.0,0.0,0.0,0.0,0.0,1.3425002e7,0.0],"memory":39518032,"params":["Parameters",{"gctrial":true,"time_tolerance":0.05,"samples":10000,"evals":1,"gcsample":false,"seconds":5.0,"overhead":0.0,"memory_tolerance":0.01}],"times":[2.4639141e8,2.42352509e8,2.41456777e8,2.40566318e8,2.45202681e8,2.39056499e8,2.47155473e8,2.35480716e8,2.38849519e8,2.3550474e8,2.34908011e8,2.43187005e8,2.56942402e8,2.39647554e8,2.35918498e8,2.35275644e8,2.36213923e8,2.4078665e8,2.38169549e8,2.50967073e8,2.35772269e8]}],["Trial",{"allocs":22604,"gctimes":[0.0,0.0,0.0,0.0,0.0,1.0211358e7,0.0,0.0,0.0,0.0,0.0,1.5867022e7,0.0,0.0,0.0,0.0,0.0,1.0445622e7],"memory":42998144,"params":["Parameters",{"gctrial":true,"time_tolerance":0.05,"samples":10000,"evals":1,"gcsample":false,"seconds":5.0,"overhead":0.0,"memory_tolerance":0.01}],"times":[2.8998737e8,2.9232324e8,2.92697428e8,2.92592978e8,2.80759791e8,2.88544729e8,2.78453095e8,2.79503328e8,2.78923317e8,2.77738705e8,2.78146161e8,2.98238167e8,2.77632069e8,2.79413877e8,2.77885889e8,2.80112612e8,2.76509543e8,2.8923118e8]}],["Trial",{"allocs":23831,"gctimes":[0.0,0.0,0.0,0.0,0.0,1.3783577e7,0.0,0.0,0.0,0.0,0.0,1.0389453e7,0.0,0.0,0.0,0.0],"memory":45511584,"params":["Parameters",{"gctrial":true,"time_tolerance":0.05,"samples":10000,"evals":1,"gcsample":false,"seconds":5.0,"overhead":0.0,"memory_tolerance":0.01}],"times":[3.15165051e8,3.18603963e8,3.13520428e8,3.13322933e8,3.1706794e8,3.27621868e8,3.11484036e8,3.16342731e8,3.152327e8,3.19983498e8,3.16347736e8,3.24719931e8,3.13642341e8,3.12173471e8,3.16740063e8,3.12343153e8]}],["Trial",{"allocs":24353,"gctimes":[0.0,0.0,0.0,0.0,0.0,1.791176e7,0.0,0.0,0.0,0.0,1.0410326e7,0.0,0.0,0.0,0.0],"memory":46568576,"params":["Parameters",{"gctrial":true,"time_tolerance":0.05,"samples":10000,"evals":1,"gcsample":false,"seconds":5.0,"overhead":0.0,"memory_tolerance":0.01}],"times":[3.29723773e8,3.28727309e8,3.33607303e8,3.28993647e8,3.29697547e8,3.49369329e8,3.27727654e8,3.27022028e8,3.26282541e8,3.31983217e8,3.3980076e8,3.26548195e8,3.51518534e8,3.54275591e8,3.54667285e8]}],["Trial",{"allocs":24528,"gctimes":[0.0,0.0,0.0,0.0,0.0,1.0104228e7,0.0,0.0,0.0,0.0,1.0315225e7,0.0,0.0,0.0,0.0],"memory":46925920,"params":["Parameters",{"gctrial":true,"time_tolerance":0.05,"samples":10000,"evals":1,"gcsample":false,"seconds":5.0,"overhead":0.0,"memory_tolerance":0.01}],"times":[3.35990687e8,3.5068359e8,3.38567153e8,3.33251483e8,3.33358606e8,3.49595591e8,3.31119702e8,3.30986415e8,3.36268079e8,3.31344232e8,3.44920874e8,3.35582275e8,3.31588102e8,3.30929659e8,3.34891133e8]}]],"medians":[129.453155,169.1249995,239.647554,279.80797,315.7877155,329.723773,334.891133]}