{"lengs":[10.0],"benchmarks":[["Trial",{"allocs":1211,"gctimes":[0.0,0.0,0.0,0.0,0.0,0.0,0.0,0.0,0.0,0.0,0.0,0.0,0.0,0.0,0.0,0.0,0.0,0.0,0.0,0.0,0.0,0.0,0.0,0.0,0.0,0.0,0.0,0.0,0.0,0.0,0.0,0.0,0.0,0.0,0.0,0.0,0.0,0.0,0.0,0.0,0.0,0.0,0.0,0.0,0.0,0.0,0.0,0.0,0.0,0.0,0.0,0.0,0.0,0.0,0.0,0.0,0.0,0.0,0.0,0.0,0.0,0.0,0.0,0.0,0.0,0.0,0.0,0.0,0.0,0.0,0.0,0.0,0.0,0.0,0.0,0.0,0.0,9.648047e6,0.0,0.0,0.0,0.0,0.0,0.0,0.0,0.0,0.0,0.0,0.0,0.0,0.0,0.0,0.0,0.0,0.0,0.0,0.0,0.0,0.0,0.0,0.0,0.0,0.0,0.0,0.0,0.0,0.0,0.0,0.0,0.0,0.0,0.0,0.0,0.0,0.0,0.0,0.0,0.0,0.0,0.0,0.0,0.0,0.0,0.0,0.0,0.0,0.0,0.0,0.0,0.0,0.0,0.0,0.0,0.0,0.0,0.0,0.0,0.0,0.0,0.0,0.0,0.0,0.0,0.0,0.0,0.0,0.0,0.0,0.0,0.0,0.0,0.0,0.0,0.0,9.356747e6,0.0,0.0,0.0,0.0,0.0,0.0,0.0,0.0,0.0,0.0,0.0,0.0,0.0,0.0,0.0,0.0,0.0,0.0,0.0,0.0,0.0,0.0,0.0,0.0,0.0,0.0,0.0,0.0,0.0,0.0,0.0,0.0,0.0,0.0,0.0,0.0,0.0,0.0,0.0,0.0,0.0,0.0,0.0,0.0,0.0,0.0,0.0,0.0,0.0,0.0,0.0,0.0,0.0,0.0,0.0,0.0,0.0,0.0,0.0,0.0,0.0,0.0,0.0,0.0,0.0,0.0,0.0,0.0,0.0,0.0,0.0,0.0,0.0,0.0,0.0,0.0,0.0,9.037081e6,0.0,0.0,0.0,0.0,0.0,0.0,0.0,0.0,0.0,0.0,0.0,0.0,0.0,0.0,0.0,0.0,0.0,0.0,0.0,0.0,0.0,0.0,0.0,0.0,0.0,0.0,0.0,0.0,0.0,0.0,0.0,0.0,0.0,0.0,0.0,0.0,0.0,0.0,0.0,0.0,0.0,0.0,0.0,0.0,0.0,0.0,0.0,0.0,0.0,0.0,0.0,0.0,0.0,0.0,0.0,0.0,0.0,0.0,0.0,0.0,0.0,0.0,0.0,0.0,0.0,0.0,0.0,0.0,0.0,0.0,0.0,0.0,0.0,0.0,0.0,0.0,0.0,8.856072e6,0.0,0.0,0.0,0.0,0.0,0.0,0.0,0.0,0.0,0.0,0.0,0.0,0.0,0.0,0.0,0.0,0.0,0.0,0.0,0.0,0.0,0.0,0.0,0.0,0.0,0.0,0.0,0.0,0.0,0.0,0.0,0.0,0.0,0.0,0.0,0.0,0.0,0.0,0.0,0.0,0.0,0.0,0.0,0.0,0.0,0.0,0.0,0.0,0.0,0.0,0.0,0.0,0.0,0.0,0.0,0.0,0.0,0.0,0.0,0.0,0.0,0.0,0.0,0.0,0.0,0.0,0.0,0.0,0.0,0.0,0.0,0.0,0.0,0.0,0.0,0.0,0.0,0.0,8.870996e6,0.0,0.0,0.0,0.0,0.0,0.0,0.0,0.0,0.0,0.0,0.0,0.0,0.0,0.0,0.0,0.0,0.0,0.0,0.0,0.0,0.0,0.0,0.0,0.0,0.0,0.0,0.0,0.0,0.0,0.0,0.0,0.0,0.0,0.0,0.0,0.0,0.0,0.0,0.0,0.0,0.0,0.0,0.0,0.0,0.0,0.0,0.0,0.0,0.0,0.0,0.0,0.0,0.0,0.0,0.0,0.0,0.0,0.0,0.0,0.0,0.0,0.0,0.0,0.0,0.0,0.0,0.0,0.0,0.0,0.0,0.0,0.0,0.0,0.0,0.0,0.0,0.0,8.896823e6,0.0,0.0,0.0,0.0,0.0,0.0,0.0,0.0,0.0,0.0,0.0,0.0,0.0,0.0,0.0,0.0,0.0,0.0,0.0,0.0,0.0,0.0,0.0,0.0,0.0,0.0,0.0,0.0,0.0,0.0,0.0,0.0,0.0,0.0,0.0,0.0,0.0,0.0,0.0,0.0,0.0,0.0,0.0,0.0,0.0,0.0,0.0,0.0,0.0,0.0,0.0,0.0,0.0,0.0,0.0,0.0,0.0,0.0,0.0,0.0,0.0,0.0,0.0,0.0,0.0,0.0,0.0,0.0,0.0,0.0,0.0,0.0,0.0,0.0,0.0,0.0,0.0,8.982848e6,0.0,0.0,0.0,0.0,0.0,0.0,0.0,0.0,0.0,0.0,0.0,0.0,0.0,0.0,0.0,0.0,0.0,0.0,0.0,0.0,0.0,0.0,0.0,0.0,0.0,0.0,0.0,0.0,0.0,0.0,0.0,0.0,0.0,0.0,0.0,0.0,0.0,0.0,0.0,0.0,0.0,0.0,0.0,0.0,0.0,0.0,0.0,0.0,0.0,0.0,0.0,0.0,0.0,0.0,0.0,0.0,0.0,0.0,0.0,0.0,0.0,0.0,0.0,0.0,0.0,0.0,0.0,0.0,0.0,0.0,0.0,0.0,0.0,0.0,0.0,0.0,0.0,8.90619e6,0.0,0.0,0.0,0.0,0.0,0.0,0.0,0.0,0.0,0.0,0.0,0.0,0.0,0.0,0.0,0.0,0.0,0.0,0.0,0.0,0.0,0.0,0.0,0.0,0.0,0.0,0.0,0.0,0.0,0.0,0.0,0.0,0.0,0.0,0.0,0.0,0.0,0.0,0.0,0.0,0.0,0.0,0.0,0.0,0.0,0.0,0.0,0.0,0.0,0.0,0.0,0.0,0.0,0.0,0.0,0.0,0.0,0.0,0.0,0.0,0.0,0.0,0.0,0.0,0.0,0.0,0.0,0.0,0.0,0.0,0.0,0.0,0.0,0.0,0.0,0.0,0.0,8.91153e6,0.0,0.0,0.0,0.0,0.0,0.0,0.0,0.0,0.0,0.0,0.0,0.0,0.0,0.0,0.0,0.0,0.0,0.0,0.0,0.0,0.0,0.0,0.0,0.0,0.0,0.0,0.0,0.0,0.0,0.0,0.0,0.0,0.0,0.0,0.0,0.0,0.0,0.0,0.0,0.0,0.0,0.0,0.0,0.0,0.0,0.0],"memory":3222368,"params":["Parameters",{"gctrial":true,"time_tolerance":0.05,"samples":10000,"evals":1,"gcsample":false,"seconds":5.0,"overhead":0.0,"memory_tolerance":0.01}],"times":[7.262077e6,6.65327e6,6.633671e6,6.657617e6,6.629623e6,6.600473e6,6.574353e6,6.575687e6,6.566317e6,6.647597e6,6.618892e6,6.595116e6,6.609017e6,6.579073e6,6.567217e6,6.566119e6,6.576043e6,6.623514e6,6.574093e6,6.566542e6,6.547251e6,6.6214e6,6.553906e6,6.690401e6,6.650754e6,6.557451e6,6.580831e6,6.567073e6,6.609109e6,6.609705e6,6.553726e6,6.57476e6,6.573535e6,6.541413e6,6.58442e6,6.56359e6,6.59349e6,6.557558e6,6.609765e6,6.56899e6,6.552519e6,6.559484e6,6.502262e6,6.583453e6,6.557021e6,6.596168e6,7.198451e6,7.019994e6,6.830561e6,6.847823e6,6.8656e6,6.751986e6,6.574917e6,6.802746e6,6.787025e6,6.629977e6,6.675785e6,6.593046e6,6.533626e6,6.656776e6,6.643905e6,6.621093e6,6.597995e6,6.584161e6,6.580374e6,6.592783e6,6.593211e6,6.571872e6,6.596683e6,6.549344e6,6.5887e6,6.668803e6,6.59981e6,6.60821e6,6.611246e6,6.583024e6,6.557168e6,1.6569765e7,6.706595e6,6.604382e6,6.596813e6,6.605931e6,6.569365e6,6.610613e6,6.547197e6,6.614711e6,6.584257e6,6.604736e6,6.56417e6,6.553095e6,6.548628e6,6.54618e6,6.552397e6,6.615149e6,6.560007e6,6.538011e6,6.555569e6,6.540852e6,6.532774e6,6.565038e6,6.568667e6,6.572567e6,6.580302e6,6.569392e6,6.572966e6,6.590792e6,6.56179e6,6.564636e6,6.612528e6,6.537002e6,6.600584e6,6.530171e6,6.557916e6,6.55078e6,6.61312e6,6.578279e6,6.762394e6,6.575315e6,6.63248e6,6.620155e6,6.551424e6,6.586416e6,6.576705e6,6.586747e6,6.598449e6,6.624282e6,6.569624e6,6.566438e6,6.582066e6,6.594294e6,6.610584e6,6.527969e6,6.585788e6,6.679086e6,6.539792e6,6.532349e6,6.637004e6,6.631831e6,6.581396e6,6.56003e6,6.547479e6,6.661259e6,6.59781e6,6.576092e6,6.596293e6,6.611517e6,6.50884e6,6.553755e6,6.495539e6,6.505831e6,6.586662e6,6.53423e6,6.563254e6,6.714269e6,1.6181068e7,6.60038e6,6.557862e6,6.561738e6,6.550241e6,6.584379e6,6.586863e6,6.591519e6,6.605757e6,6.560136e6,6.619339e6,6.573386e6,6.554471e6,6.558831e6,6.576266e6,6.557945e6,6.594481e6,6.662904e6,6.578618e6,6.606233e6,6.549859e6,6.550678e6,6.588587e6,6.589061e6,6.554194e6,6.596581e6,6.558897e6,6.596071e6,6.54348e6,6.56305e6,6.55501e6,6.55038e6,6.602259e6,6.545874e6,6.549287e6,6.554543e6,6.576817e6,6.561494e6,6.614981e6,6.634007e6,6.553039e6,6.571067e6,6.527385e6,6.546202e6,6.571722e6,6.577247e6,7.003236e6,6.827323e6,6.949631e6,6.913135e6,6.942662e6,6.552364e6,6.769283e6,6.759501e6,6.602638e6,6.742736e6,6.648089e6,6.58592e6,6.601412e6,6.612451e6,6.599128e6,6.596905e6,6.557883e6,6.553003e6,6.593058e6,6.640732e6,6.627147e6,6.576724e6,6.495336e6,6.514784e6,6.513477e6,6.567894e6,6.500684e6,6.519819e6,6.545492e6,6.52479e6,6.561566e6,6.559734e6,1.5860686e7,6.613372e6,6.529336e6,6.643148e6,6.538299e6,6.542229e6,6.588526e6,6.571416e6,6.588296e6,6.568264e6,6.556969e6,6.565942e6,6.535161e6,6.56788e6,6.533009e6,6.649006e6,6.630984e6,6.593082e6,6.533901e6,6.533326e6,6.585514e6,6.538936e6,6.582649e6,6.581744e6,6.549731e6,6.580559e6,6.546201e6,6.60188e6,6.520749e6,6.562009e6,6.561364e6,6.541126e6,6.679784e6,6.620572e6,6.536543e6,6.542728e6,6.573973e6,6.590578e6,6.561885e6,6.602381e6,6.541491e6,6.592135e6,6.511101e6,6.52647e6,6.553249e6,6.610859e6,6.590799e6,6.570269e6,6.603987e6,6.587513e6,6.554182e6,6.57082e6,6.55988e6,6.601324e6,6.552183e6,6.567167e6,6.588712e6,6.548397e6,6.561315e6,6.610408e6,6.606405e6,6.544527e6,6.53723e6,6.557234e6,6.603957e6,6.600348e6,6.556349e6,6.558129e6,6.525508e6,6.491338e6,6.543057e6,6.511019e6,6.578996e6,6.502581e6,6.521149e6,6.517226e6,6.494176e6,6.543324e6,1.5604163e7,6.56672e6,6.589387e6,6.534797e6,6.527692e6,6.538253e6,6.57907e6,6.544793e6,6.546258e6,6.635184e6,6.571338e6,6.56519e6,6.583864e6,6.562841e6,6.537697e6,6.560237e6,6.553509e6,6.580286e6,6.546404e6,6.539829e6,6.533941e6,6.552965e6,6.545825e6,6.594096e6,6.561799e6,6.58726e6,6.555087e6,6.603111e6,6.55087e6,6.576928e6,6.606255e6,6.552087e6,6.57301e6,6.648631e6,6.615285e6,6.566108e6,6.58793e6,6.554587e6,6.521462e6,6.572849e6,6.601312e6,6.607357e6,6.539004e6,6.602706e6,6.593877e6,6.99722e6,6.847469e6,6.919988e6,6.794432e6,6.786102e6,6.592482e6,6.643611e6,6.60273e6,6.587455e6,6.686261e6,6.607465e6,6.617304e6,6.65422e6,6.591565e6,6.59119e6,6.671504e6,6.589135e6,6.552564e6,6.565495e6,6.567775e6,6.553911e6,6.550731e6,6.501298e6,6.567507e6,6.540918e6,6.466322e6,6.483892e6,6.571165e6,6.501427e6,6.499291e6,6.524243e6,6.485925e6,6.56014e6,6.514061e6,1.5643111e7,6.579241e6,6.572312e6,6.528667e6,6.573046e6,6.527097e6,6.545387e6,6.581107e6,6.579969e6,6.548908e6,6.59602e6,6.560743e6,6.562557e6,6.571897e6,6.575659e6,6.594973e6,6.582032e6,6.569787e6,6.584353e6,6.578899e6,6.53942e6,6.574631e6,6.594245e6,6.574159e6,6.591251e6,6.673932e6,6.602514e6,6.543245e6,6.579464e6,6.599778e6,6.577797e6,6.565692e6,6.579938e6,6.567712e6,6.54838e6,6.531249e6,6.556156e6,6.598984e6,6.577014e6,6.630744e6,6.515406e6,6.602076e6,