{"lengs":[19998.61869632745],"benchmarks":[["Trial",{"allocs":1060579,"gctimes":[2.83501483e8],"memory":5271424864,"params":["Parameters",{"gctrial":true,"time_tolerance":0.05,"samples":10000,"evals":1,"gcsample":false,"seconds":5.0,"overhead":0.0,"memory_tolerance":0.01}],"times":[7.0227599127e11]}]],"medians":[702275.99127]}