{"lengs":[10.0,21.544346900318832,46.4158883361278,100.0,215.44346900318845,464.15888336127773,1000.0],"benchmarks":[["Trial",{"allocs":1113372,"gctimes":[0.0,0.0,0.0,2.3204708e7,0.0,0.0,2.3384451e7,0.0,0.0,0.0,2.3453619e7,0.0,0.0,2.3408524e7,0.0,0.0,2.6484948e7],"memory":78267032,"params":["Parameters",{"gctrial":true,"time_tolerance":0.05,"samples":10000,"evals":1,"gcsample":false,"seconds":5.0,"overhead":0.0,"memory_tolerance":0.01}],"times":[2.9600592e8,2.97766571e8,2.98595534e8,3.00989744e8,2.82414827e8,2.98777581e8,3.17351768e8,2.88649588e8,3.01489254e8,2.96164048e8,3.08641973e8,2.95148132e8,2.83426543e8,2.95824899e8,2.76532118e8,2.88373844e8,3.35165121e8]}],["Trial",{"allocs":1473018,"gctimes":[0.0,0.0,2.5164192e7,0.0,0.0,2.5068529e7,0.0,2.543444e7,0.0,0.0,2.3551081e7,0.0],"memory":103010072,"params":["Parameters",{"gctrial":true,"time_tolerance":0.05,"samples":10000,"evals":1,"gcsample":false,"seconds":5.0,"overhead":0.0,"memory_tolerance":0.01}],"times":[4.81653419e8,4.76864534e8,4.75877814e8,4.61275373e8,4.65202997e8,4.71588097e8,4.66215192e8,4.76506887e8,4.13956922e8,3.92107583e8,3.99769154e8,4.01760438e8]}],["Trial",{"allocs":2063865,"gctimes":[0.0,2.3483668e7,0.0,2.3452863e7,0.0,2.3582543e7,0.0,2.3630243e7,0.0,2.2941045e7],"memory":143659352,"params":["Parameters",{"gctrial":true,"time_tolerance":0.05,"samples":10000,"evals":1,"gcsample":false,"seconds":5.0,"overhead":0.0,"memory_tolerance":0.01}],"times":[5.59334459e8,5.59073089e8,5.2992963e8,5.53275071e8,5.32158352e8,5.53226714e8,5.42507995e8,5.23525198e8,5.27058267e8,5.30059494e8]}],["Trial",{"allocs":2286503,"gctimes":[0.0,2.5235887e7,0.0,2.3813478e7,2.3732271e7,0.0,2.3753068e7,0.0],"memory":158976472,"params":["Parameters",{"gctrial":true,"time_tolerance":0.05,"samples":10000,"evals":1,"gcsample":false,"seconds":5.0,"overhead":0.0,"memory_tolerance":0.01}],"times":[7.32650635e8,7.32187145e8,6.50905615e8,6.58885484e8,6.27766347e8,5.98832247e8,6.10774318e8,6.04581095e8]}],["Trial",{"allocs":2389259,"gctimes":[0.0,2.3483726e7,0.0,2.4728339e7,2.3763851e7,0.0,2.6448774e7,2.5482436e7],"memory":166045912,"params":["Parameters",{"gctrial":true,"time_tolerance":0.05,"samples":10000,"evals":1,"gcsample":false,"seconds":5.0,"overhead":0.0,"memory_tolerance":0.01}],"times":[6.26539892e8,6.34257778e8,6.27779816e8,6.41305974e8,6.34556634e8,6.06655267e8,7.75151993e8,7.69256948e8]}],["Trial",{"allocs":2449200,"gctimes":[0.0,2.2747178e7,0.0,2.2670176e7,2.2916427e7,0.0,2.2909224e7,2.295043e7],"memory":170169752,"params":["Parameters",{"gctrial":true,"time_tolerance":0.05,"samples":10000,"evals":1,"gcsample":false,"seconds":5.0,"overhead":0.0,"memory_tolerance":0.01}],"times":[6.64037832e8,6.19121471e8,6.34446346e8,6.3201138e8,6.25990476e8,6.19991568e8,6.17055239e8,6.35278374e8]}],["Trial",{"allocs":2466326,"gctimes":[0.0,2.2719268e7,0.0,2.267341e7,2.30125e7,0.0,2.388866e7,2.311743e7],"memory":171347992,"params":["Parameters",{"gctrial":true,"time_tolerance":0.05,"samples":10000,"evals":1,"gcsample":false,"seconds":5.0,"overhead":0.0,"memory_tolerance":0.01}],"times":[6.17923036e8,6.26362247e8,6.25333413e8,6.37173916e8,6.25467359e8,6.1408697e8,6.31415546e8,6.3114444e8]}]],"medians":[296.164048,465.7090945,537.3331735,639.335981,634.407206,629.000928,625.914803]}