{"lengs":[10.0,21.544346900318832,46.4158883361278,100.0,215.44346900318845,464.15888336127773,1000.0],"benchmarks":[["Trial",{"allocs":82242,"gctimes":[5.2642403e7],"memory":800065904,"params":["Parameters",{"gctrial":true,"time_tolerance":0.05,"samples":10000,"evals":1,"gcsample":false,"seconds":5.0,"overhead":0.0,"memory_tolerance":0.01}],"times":[3.40648319084e11]}],["Trial",{"allocs":99234,"gctimes":[5.2164683e7],"memory":959830352,"params":["Parameters",{"gctrial":true,"time_tolerance":0.05,"samples":10000,"evals":1,"gcsample":false,"seconds":5.0,"overhead":0.0,"memory_tolerance":0.01}],"times":[3.95865616146e11]}],["Trial",{"allocs":124634,"gctimes":[5.0537918e7],"memory":1202993408,"params":["Parameters",{"gctrial":true,"time_tolerance":0.05,"samples":10000,"evals":1,"gcsample":false,"seconds":5.0,"overhead":0.0,"memory_tolerance":0.01}],"times":[4.90097251702e11]}],["Trial",{"allocs":144999,"gctimes":[5.0662535e7],"memory":1409256560,"params":["Parameters",{"gctrial":true,"time_tolerance":0.05,"samples":10000,"evals":1,"gcsample":false,"seconds":5.0,"overhead":0.0,"memory_tolerance":0.01}],"times":[5.6040839591e11]}],["Trial",{"allocs":163869,"gctimes":[9.9922741e7],"memory":1601221328,"params":["Parameters",{"gctrial":true,"time_tolerance":0.05,"samples":10000,"evals":1,"gcsample":false,"seconds":5.0,"overhead":0.0,"memory_tolerance":0.01}],"times":[6.25242160777e11]}],["Trial",{"allocs":185148,"gctimes":[1.00191112e8],"memory":1808352752,"params":["Parameters",{"gctrial":true,"time_tolerance":0.05,"samples":10000,"evals":1,"gcsample":false,"seconds":5.0,"overhead":0.0,"memory_tolerance":0.01}],"times":[7.01861425622e11]}],["Trial",{"allocs":223228,"gctimes":[1.02221986e8],"memory":2176434032,"params":["Parameters",{"gctrial":true,"time_tolerance":0.05,"samples":10000,"evals":1,"gcsample":false,"seconds":5.0,"overhead":0.0,"memory_tolerance":0.01}],"times":[8.54258303441e11]}]],"medians":[340648.319084,395865.616146,490097.251702,560408.39591,625242.160777,701861.425622,854258.303441]}