{"lengs":[10.0,21.544346900318832,46.4158883361278,100.0,215.44346900318845,464.15888336127773,1000.0],"benchmarks":[["Trial",{"allocs":51407,"gctimes":[0.0,0.0,0.0,0.0,0.0,0.0,0.0,0.0,0.0,0.0,0.0,0.0,0.0,0.0,0.0,0.0,0.0,0.0,0.0,0.0,0.0,0.0,0.0,0.0,0.0,0.0,0.0,0.0,0.0,0.0,0.0,1.4505015e7,0.0,0.0,0.0,0.0,0.0,0.0,0.0,0.0,0.0,0.0,0.0,0.0],"memory":8222232,"params":["Parameters",{"gctrial":true,"time_tolerance":0.05,"samples":10000,"evals":1,"gcsample":false,"seconds":5.0,"overhead":0.0,"memory_tolerance":0.01}],"times":[1.20581661e8,1.16270637e8,1.19056522e8,1.17660311e8,1.20996994e8,1.18091739e8,1.19313587e8,1.19460005e8,1.15917992e8,1.18293808e8,1.18783913e8,1.21098733e8,1.14207551e8,1.14580326e8,1.13887948e8,1.13190829e8,1.13390443e8,1.13750094e8,1.16668668e8,1.10971443e8,1.1499347e8,1.12582058e8,1.1288051e8,1.13534514e8,1.15948881e8,1.15981552e8,1.11125724e8,1.1808375e8,1.13549578e8,1.14211612e8,1.17556468e8,1.29602602e8,1.11984678e8,1.11064998e8,1.13136059e8,1.12471183e8,1.10135775e8,1.12634233e8,1.11321205e8,1.14726828e8,1.10456121e8,1.08873413e8,1.08590919e8,1.14051357e8]}],["Trial",{"allocs":64619,"gctimes":[0.0,0.0,0.0,0.0,0.0,0.0,0.0,0.0,0.0,0.0,0.0,0.0,0.0,0.0,0.0,0.0,0.0,0.0,0.0,0.0,0.0,0.0,0.0,0.0,0.0,0.0,0.0,1.9820628e7,0.0,0.0,0.0,0.0,0.0,0.0,0.0,0.0,0.0,0.0],"memory":9454712,"params":["Parameters",{"gctrial":true,"time_tolerance":0.05,"samples":10000,"evals":1,"gcsample":false,"seconds":5.0,"overhead":0.0,"memory_tolerance":0.01}],"times":[1.35438354e8,1.33875441e8,1.37675608e8,1.2918304e8,1.32097449e8,1.32528496e8,1.33208302e8,1.32656736e8,1.36759852e8,1.30883346e8,1.32316204e8,1.36324839e8,1.34094126e8,1.32974947e8,1.35717792e8,1.37306804e8,1.34786278e8,1.34018558e8,1.34593113e8,1.32406746e8,1.30425093e8,1.31928042e8,1.35208536e8,1.39423598e8,1.33093826e8,1.3439103e8,1.33765457e8,1.514741e8,1.3355115e8,1.30682005e8,1.32338998e8,1.39500268e8,1.39465736e8,1.36272155e8,1.34976408e8,1.39978277e8,1.38729125e8,1.40162596e8]}],["Trial",{"allocs":92794,"gctimes":[0.0,0.0,0.0,0.0,0.0,0.0,0.0,0.0,0.0,0.0,0.0,0.0,0.0,0.0,0.0,0.0,0.0,0.0,0.0,0.0,0.0,1.8138392e7,0.0,0.0,0.0,0.0,0.0,0.0,0.0,0.0],"memory":11843944,"params":["Parameters",{"gctrial":true,"time_tolerance":0.05,"samples":10000,"evals":1,"gcsample":false,"seconds":5.0,"overhead":0.0,"memory_tolerance":0.01}],"times":[1.68141076e8,1.70441989e8,1.78804017e8,1.70402067e8,1.68829228e8,1.68054455e8,1.74375957e8,1.74885255e8,1.74842988e8,1.73152022e8,1.72193969e8,1.69086201e8,1.67637514e8,1.74712896e8,1.69384789e8,1.72721739e8,1.71980954e8,1.71515746e8,1.7507125e8,1.79489382e8,1.69222818e8,1.97008558e8,1.68104397e8,1.66142309e8,1.67322214e8,1.70983712e8,1.73045518e8,1.73356537e8,1.63883666e8,1.65317952e8]}],["Trial",{"allocs":108259,"gctimes":[0.0,0.0,0.0,0.0,0.0,0.0,0.0,0.0,0.0,0.0,0.0,0.0,0.0,0.0,0.0,0.0,0.0,0.0,0.0,1.8583849e7,0.0,0.0,0.0,0.0,0.0,0.0],"memory":13250552,"params":["Parameters",{"gctrial":true,"time_tolerance":0.05,"samples":10000,"evals":1,"gcsample":false,"seconds":5.0,"overhead":0.0,"memory_tolerance":0.01}],"times":[1.9073256e8,1.93008149e8,1.93727189e8,1.87236326e8,1.89775369e8,1.92297195e8,1.86311735e8,1.88778497e8,2.00870859e8,2.07759292e8,1.98729315e8,2.05304865e8,2.0199443e8,2.00783889e8,2.04776948e8,2.01722318e8,2.02434147e8,2.00281745e8,2.03434554e8,2.13037266e8,1.98559985e8,1.92089968e8,1.87376322e8,1.99795379e8,2.04670021e8,1.90015375e8]}],["Trial",{"allocs":119286,"gctimes":[0.0,0.0,0.0,0.0,0.0,0.0,0.0,0.0,0.0,0.0,0.0,0.0,0.0,0.0,0.0,0.0,0.0,1.8994699e7,0.0,0.0,0.0,0.0,0.0],"memory":14455144,"params":["Parameters",{"gctrial":true,"time_tolerance":0.05,"samples":10000,"evals":1,"gcsample":false,"seconds":5.0,"overhead":0.0,"memory_tolerance":0.01}],"times":[2.12717705e8,2.13306842e8,2.19401023e8,2.15642691e8,2.09289288e8,2.03848138e8,2.06123577e8,2.25168406e8,2.2319662e8,2.24640277e8,2.30467955e8,2.2243052e8,2.26248682e8,2.18655725e8,2.21608865e8,2.29467879e8,2.23852819e8,2.35191152e8,2.19895058e8,2.0764038e8,2.14395761e8,2.07866261e8,2.07103934e8]}],["Trial",{"allocs":124041,"gctimes":[0.0,0.0,0.0,0.0,0.0,0.0,0.0,0.0,0.0,0.0,0.0,0.0,0.0,0.0,0.0,0.0,0.0,1.8784202e7,0.0,0.0,0.0,0.0,0.0],"memory":14963384,"params":["Parameters",{"gctrial":true,"time_tolerance":0.05,"samples":10000,"evals":1,"gcsample":false,"seconds":5.0,"overhead":0.0,"memory_tolerance":0.01}],"times":[2.16057513e8,2.22026731e8,2.13299891e8,2.14774105e8,2.26914664e8,2.16639081e8,2.21540929e8,2.1477791e8,2.32450106e8,2.32243177e8,2.28804583e8,2.30550227e8,2.35400266e8,2.3095907e8,2.26943022e8,2.17767528e8,2.1290486e8,2.30478955e8,2.20831557e8,2.2688333e8,2.2548487e8,2.24364322e8,2.3075513e8]}],["Trial",{"allocs":125655,"gctimes":[0.0,0.0,0.0,0.0,0.0,0.0,0.0,0.0,0.0,0.0,0.0,0.0,0.0,0.0,0.0,0.0,1.8919928e7,0.0,0.0,0.0,0.0,0.0],"memory":15370136,"params":["Parameters",{"gctrial":true,"time_tolerance":0.05,"samples":10000,"evals":1,"gcsample":false,"seconds":5.0,"overhead":0.0,"memory_tolerance":0.01}],"times":[2.26356915e8,2.25146938e8,2.1873584e8,2.29487585e8,2.20628937e8,2.2280105e8,2.28423346e8,2.29459917e8,2.27692102e8,2.31286954e8,2.22732402e8,2.29236504e8,2.27726622e8,2.30276444e8,2.32482158e8,2.38084189e8,2.55749701e8,2.32858567e8,2.19328653e8,2.22839444e8,2.18482848e8,2.26495334e8]}]],"medians":[114.2095815,134.242578,171.249729,199.262347,219.401023,225.48487,227.709362]}