{"lengs":[149.9684835502374],"benchmarks":[["Trial",{"allocs":1010149,"gctimes":[1.269325994e9],"memory":13006155240,"params":["Parameters",{"gctrial":true,"time_tolerance":0.05,"samples":10000,"evals":1,"gcsample":false,"seconds":5.0,"overhead":0.0,"memory_tolerance":0.01}],"times":[4.7848925897e10]}]],"medians":[47848.925897]}