{"lengs":[1.9998618696327441],"benchmarks":[["Trial",{"allocs":2207,"gctimes":[0.0,0.0,0.0,0.0,0.0,0.0,0.0,0.0,0.0,0.0,0.0,0.0,0.0,0.0,0.0,0.0,0.0,0.0,0.0,0.0,0.0,0.0,0.0,0.0,0.0,0.0,0.0,0.0,0.0,0.0,0.0,0.0,0.0,0.0,0.0,0.0,0.0,0.0,0.0,0.0,0.0,0.0,0.0,0.0,0.0,0.0,0.0,0.0,0.0,0.0,0.0,0.0,0.0,0.0,0.0,0.0,0.0,0.0,0.0,0.0,0.0,0.0,0.0,0.0,0.0,0.0,0.0,0.0,0.0,0.0,0.0,0.0,0.0,0.0,0.0,0.0,0.0,0.0,0.0,0.0,0.0,0.0,0.0,0.0,0.0,0.0,0.0,0.0,0.0,0.0,0.0,0.0,0.0,0.0,0.0,0.0,0.0,0.0,0.0,0.0,0.0,0.0,0.0,0.0,0.0,0.0,0.0,0.0,0.0,0.0,0.0,0.0,0.0,0.0,0.0,0.0,0.0,0.0,0.0,0.0,0.0,0.0,0.0,0.0,0.0,0.0,0.0,0.0,0.0,0.0,0.0,0.0,0.0,0.0,0.0,0.0,0.0,0.0,0.0,0.0,0.0,0.0,0.0,0.0,0.0,0.0,0.0,0.0,0.0,0.0,0.0,0.0,0.0,0.0,0.0,0.0,0.0,0.0,0.0,0.0,0.0,0.0,0.0,0.0,0.0,0.0,0.0,0.0,0.0,0.0,0.0,0.0,0.0,0.0,0.0,0.0,0.0,0.0,0.0,0.0,0.0,0.0,0.0,0.0,0.0,0.0,0.0,0.0,0.0,0.0,0.0,0.0,0.0,0.0,0.0,0.0,0.0,0.0,0.0,0.0,0.0,0.0,0.0,0.0,1.784425e7,0.0,0.0,0.0,0.0,0.0,0.0,0.0,0.0,0.0,0.0,0.0,0.0,0.0,0.0,0.0,0.0,0.0,0.0,0.0,0.0,0.0,0.0,0.0,0.0,0.0,0.0,0.0,0.0,0.0,0.0,0.0,0.0,0.0,0.0,0.0,0.0,0.0,0.0,0.0,0.0,0.0,0.0,0.0,0.0,0.0,0.0,0.0,0.0,0.0,0.0,0.0,0.0,0.0,0.0,0.0,0.0,0.0,0.0,0.0,0.0,0.0,0.0,0.0,0.0,0.0,0.0,0.0,0.0,0.0,0.0,0.0,0.0,0.0,0.0,0.0,0.0,0.0,0.0,0.0,0.0,0.0,0.0,0.0,0.0,0.0,0.0,0.0,0.0,0.0,0.0,0.0,0.0,0.0,0.0,0.0,0.0,0.0,0.0,0.0,0.0,0.0,0.0,0.0,0.0,0.0,0.0,0.0,0.0,0.0,0.0,0.0,0.0,0.0,0.0,0.0,0.0,0.0,0.0,0.0,0.0,0.0,0.0,0.0,0.0,0.0,0.0,0.0,0.0,0.0,0.0,0.0,0.0,0.0,0.0,0.0,0.0,0.0,0.0,0.0,0.0,0.0,0.0,0.0,0.0,0.0,0.0,0.0,0.0,0.0,0.0,0.0,0.0,0.0,0.0,0.0,0.0,0.0,0.0,0.0,0.0,0.0,0.0,0.0,0.0,0.0,0.0,0.0,0.0,0.0,0.0,0.0,0.0,0.0,0.0,0.0,0.0,0.0,0.0,0.0,0.0,0.0,0.0,0.0,0.0,0.0,0.0,0.0,0.0,0.0,0.0,0.0,0.0,0.0,0.0,0.0,0.0,0.0,0.0,0.0,0.0,0.0,0.0,0.0,0.0,1.7768609e7,0.0,0.0,0.0,0.0,0.0,0.0,0.0,0.0,0.0,0.0,0.0,0.0,0.0,0.0,0.0,0.0,0.0,0.0,0.0,0.0,0.0,0.0,0.0,0.0,0.0,0.0,0.0,0.0,0.0,0.0,0.0,0.0,0.0,0.0,0.0,0.0,0.0,0.0,0.0,0.0,0.0,0.0,0.0,0.0,0.0,0.0,0.0,0.0,0.0,0.0,0.0,0.0,0.0,0.0,0.0,0.0,0.0,0.0,0.0,0.0,0.0,0.0,0.0,0.0,0.0,0.0,0.0,0.0,0.0,0.0,0.0,0.0,0.0,0.0,0.0,0.0,0.0,0.0,0.0,0.0,0.0,0.0,0.0,0.0,0.0,0.0,0.0,0.0,0.0,0.0,0.0,0.0,0.0,0.0,0.0,0.0,0.0,0.0,0.0,0.0,0.0,0.0,0.0,0.0,0.0,0.0,0.0,0.0,0.0,0.0,0.0,0.0,0.0,0.0,0.0,0.0,0.0,0.0,0.0,0.0,0.0,0.0,0.0,0.0,0.0,0.0,0.0,0.0,0.0,0.0,0.0,0.0,0.0,0.0,0.0,0.0,0.0,0.0,0.0,0.0,0.0,0.0,0.0,0.0,0.0,0.0,0.0,0.0,0.0,0.0,0.0,0.0,0.0,0.0,0.0,0.0,0.0,0.0,0.0,0.0,0.0,0.0,0.0,0.0,0.0,0.0,0.0,0.0,0.0,0.0,0.0,0.0,0.0,0.0,0.0,0.0,0.0,0.0,0.0,0.0,0.0,0.0,0.0,0.0,0.0,0.0,0.0,0.0,0.0,0.0,0.0,0.0,0.0,0.0,0.0,0.0,0.0,0.0,0.0,0.0,0.0,0.0,0.0,1.7666696e7,0.0,0.0,0.0,0.0,0.0,0.0,0.0,0.0,0.0,0.0,0.0,0.0,0.0,0.0,0.0,0.0,0.0,0.0,0.0,0.0,0.0,0.0,0.0,0.0,0.0,0.0,0.0,0.0,0.0,0.0,0.0,0.0,0.0,0.0,0.0,0.0,0.0,0.0,0.0,0.0,0.0,0.0,0.0,0.0,0.0,0.0,0.0,0.0,0.0,0.0,0.0,0.0,0.0,0.0,0.0,0.0,0.0,0.0,0.0,0.0,0.0,0.0,0.0,0.0,0.0,0.0,0.0,0.0,0.0,0.0,0.0,0.0,0.0,0.0,0.0,0.0,0.0,0.0,0.0,0.0,0.0,0.0,0.0,0.0,0.0,0.0,0.0,0.0,0.0,0.0,0.0,0.0,0.0,0.0,0.0,0.0,0.0,0.0,0.0,0.0,0.0,0.0,0.0,0.0,0.0,0.0,0.0,0.0,0.0,0.0,0.0,0.0,0.0,0.0,0.0,0.0,0.0,0.0,0.0,0.0,0.0,0.0,0.0,0.0,0.0,0.0,0.0,0.0,0.0,0.0,0.0,0.0,0.0,0.0,0.0,0.0,0.0,0.0,0.0,0.0,0.0,0.0,0.0,0.0,0.0,0.0,0.0,0.0,0.0,0.0,0.0,0.0,0.0,0.0,0.0,0.0,0.0,0.0,0.0,0.0,0.0,0.0,0.0,0.0,0.0,0.0,0.0,0.0,0.0,0.0,0.0,0.0,0.0,0.0,0.0,0.0,0.0,0.0,0.0,0.0,0.0,0.0,0.0,0.0,0.0,0.0,0.0,0.0,0.0,0.0,0.0,0.0,0.0,0.0,0.0,0.0,0.0,0.0,0.0,0.0,0.0,0.0,0.0,0.0,1.7703173e7,0.0,0.0,0.0,0.0,0.0,0.0,0.0,0.0,0.0,0.0,0.0,0.0,0.0,0.0,0.0,0.0,0.0,0.0,0.0,0.0,0.0,0.0,0.0,0.0,0.0,0.0,0.0,0.0,0.0,0.0,0.0,0.0,0.0,0.0,0.0,0.0,0.0,0.0,0.0,0.0,0.0,0.0,0.0,0.0,0.0,0.0,0.0,0.0,0.0,0.0,0.0,0.0,0.0,0.0,0.0,0.0,0.0,0.0,0.0,0.0,0.0,0.0,0.0,0.0,0.0,0.0,0.0,0.0,0.0],"memory":1014864,"params":["Parameters",{"gctrial":true,"time_tolerance":0.05,"samples":10000,"evals":1,"gcsample":false,"seconds":5.0,"overhead":0.0,"memory_tolerance":0.01}],"times":[6.190628e6,6.024687e6,5.613702e6,5.691556e6,5.650183e6,5.640539e6,5.617233e6,5.61158e6,5.667994e6,5.690426e6,5.621047e6,5.56845e6,5.566518e6,5.573139e6,5.572745e6,5.581789e6,5.579239e6,5.592776e6,5.608824e6,5.567405e6,5.580589e6,5.581707e6,5.585837e6,5.570006e6,5.572272e6,5.567996e6,5.553757e6,5.575056e6,5.558284e6,5.561729e6,5.587511e6,5.604281e6,5.563246e6,5.576159e6,5.606071e6,5.582059e6,5.57463e6,5.563016e6,5.563782e6,5.56366e6,5.573117e6,5.576569e6,5.580709e6,5.592943e6,5.610075e6,5.586052e6,5.567148e6,5.587849e6,5.589438e6,5.573585e6,5.558729e6,5.562369e6,5.557018e6,5.563964e6,5.585433e6,5.565674e6,5.600788e6,5.602666e6,5.576182e6,5.566749e6,5.58966e6,5.59925e6,5.582137e6,5.574244e6,5.567571e6,5.566239e6,5.566969e6,5.6672e6,5.578435e6,5.610271e6,5.608296e6,5.570948e6,5.584006e6,5.588591e6,5.602208e6,5.581777e6,5.57454e6,5.565843e6,5.568393e6,5.588121e6,5.578597e6,5.601774e6,5.598768e6,5.6331e6,5.578008e6,5.567072e6,5.585748e6,5.570451e6,5.566964e6,5.566252e6,5.542523e6,5.547529e6,5.564417e6,5.566467e6,5.558437e6,5.588817e6,5.589911e6,5.554226e6,5.56915e6,5.587905e6,5.573036e6,5.566319e6,5.585584e6,5.567698e6,5.564062e6,5.558448e6,5.547364e6,5.572617e6,5.571654e6,5.590073e6,6.401615e6,6.231276e6,5.882109e6,6.096436e6,5.919288e6,5.797184e6,5.805086e6,5.540497e6,5.821726e6,5.571961e6,5.696049e6,5.566566e6,5.71602e6,5.655228e6,5.64908e6,5.623116e6,5.753977e6,5.561144e6,5.544238e6,5.543291e6,5.556851e6,5.555992e6,5.550872e6,5.556506e6,5.561404e6,5.581601e6,5.55154e6,5.559765e6,5.739154e6,5.652263e6,5.595014e6,5.552611e6,5.547334e6,5.571769e6,5.54989e6,5.559903e6,5.566578e6,5.574375e6,5.609675e6,5.557558e6,5.645129e6,5.580046e6,5.580892e6,5.560152e6,5.556261e6,5.552927e6,5.550687e6,5.570412e6,5.583047e6,5.58499e6,5.631805e6,5.623317e6,5.583684e6,5.558085e6,5.564746e6,5.57368e6,5.641837e6,5.553654e6,5.540942e6,5.631473e6,5.543445e6,5.543234e6,5.565727e6,5.567151e6,5.588945e6,5.544163e6,5.546782e6,5.681374e6,5.569163e6,5.56984e6,5.546073e6,5.551737e6,5.554754e6,5.552352e6,5.541824e6,5.547043e6,5.567265e6,5.580156e6,5.558357e6,5.546448e6,5.562943e6,5.575211e6,5.547062e6,5.548217e6,5.53804e6,5.560061e6,5.545172e6,5.558501e6,5.550117e6,5.565615e6,5.593794e6,5.541845e6,5.565188e6,5.56733e6,2.3345306e7,6.331731e6,5.362755e6,5.458304e6,5.328828e6,5.322528e6,5.393222e6,5.385961e6,5.338407e6,5.331876e6,5.312533e6,5.331951e6,5.327369e6,5.318051e6,5.331191e6,5.352592e6,5.35562e6,5.438913e6,5.322507e6,5.344005e6,5.344371e6,5.333869e6,5.326465e6,5.306516e6,5.316469e6,5.325882e6,5.325405e6,5.329905e6,5.339244e6,5.355159e6,5.323876e6,5.326074e6,5.502202e6,5.34292e6,5.414811e6,5.316649e6,5.411787e6,5.361721e6,5.379024e6,5.404358e6,5.338517e6,5.465268e6,5.366848e6,5.416731e6,5.38026e6,5.483548e6,5.354876e6,5.429906e6,5.407651e6,5.410835e6,5.563155e6,5.551644e6,5.551943e6,5.660049e6,5.586295e6,5.600949e6,5.570047e6,5.573021e6,5.589807e6,5.59614e6,5.554502e6,5.567393e6,5.550435e6,5.576203e6,5.580019e6,5.5641e6,5.56861e6,5.598298e6,5.626075e6,5.558204e6,5.584734e6,5.577098e6,5.590052e6,5.566974e6,5.573476e6,5.610214e6,5.597991e6,5.583336e6,5.56524e6,5.57998e6,5.599904e6,5.600852e6,5.551095e6,5.563614e6,5.575621e6,5.580867e6,5.57391e6,5.644924e6,5.544059e6,5.54704e6,6.451985e6,6.182461e6,5.569936e6,5.706724e6,5.60354e6,5.682324e6,5.549114e6,5.700448e6,5.696019e6,5.584757e6,5.676145e6,5.552563e6,5.674174e6,5.55944e6,5.689836e6,5.632514e6,5.631559e6,5.680711e6,5.568377e6,5.594326e6,5.584804e6,5.577593e6,5.561321e6,5.54681e6,5.554489e6,5.567808e6,5.564722e6,5.554554e6,5.560281e6,5.600319e6,5.601229e6,5.551659e6,5.559643e6,5.596437e6,5.567152e6,5.572293e6,5.546547e6,5.540319e6,5.556271e6,5.563753e6,5.557452e6,5.56529e6,5.575303e6,5.586825e6,5.561827e6,5.551734e6,5.582792e6,5.574765e6,5.567731e6,5.560261e6,5.549908e6,5.556871e6,5.557008e6,5.564748e6,5.562549e6,5.599081e6,5.596299e6,5.557153e6,5.557399e6,5.568544e6,5.581292e6,5.553665e6,5.573276e6,5.545132e6,5.556965e6,5.561989e6,5.557891e6,5.562839e6,5.574771e6,5.601332e6,5.547468e6,5.554637e6,5.585106e6,5.570597e6,5.554627e6,5.554583e6,5.552365e6,5.548995e6,5.556777e6,5.544184e6,5.552875e6,5.559717e6,5.594695e6,5.566229e6,5.56048e6,5.569167e6,