{"lengs":[10.0],"benchmarks":[["Trial",{"allocs":26314,"gctimes":[0.0,0.0,0.0,0.0,0.0,0.0,0.0,0.0,0.0,0.0,0.0,0.0,0.0,0.0,0.0,0.0,0.0,0.0,0.0,0.0,0.0,0.0,0.0,0.0,0.0,0.0,0.0,0.0,0.0,0.0,9.44063e6,0.0,0.0,0.0,0.0,0.0,0.0,0.0,0.0],"memory":8504504,"params":["Parameters",{"gctrial":true,"time_tolerance":0.05,"samples":10000,"evals":1,"gcsample":false,"seconds":5.0,"overhead":0.0,"memory_tolerance":0.01}],"times":[1.31237373e8,1.2757898e8,1.2821244e8,1.36038651e8,1.33236228e8,1.33204335e8,1.35770729e8,1.34144135e8,1.33806391e8,1.26374456e8,1.29959917e8,1.31190161e8,1.27934127e8,1.27634797e8,1.30132541e8,1.27605066e8,1.30054444e8,1.28066089e8,1.28492452e8,1.29354687e8,1.26274535e8,1.27422693e8,1.28172775e8,1.26543203e8,1.29265012e8,1.28421548e8,1.26861445e8,1.30869317e8,1.2723057e8,1.31436593e8,1.41603889e8,1.26721025e8,1.27418284e8,1.29737135e8,1.28252284e8,1.32098147e8,1.34522466e8,1.31158763e8,1.24978801e8]}]],"medians":[129.265012]}