{"lengs":[10.0,21.544346900318832,46.4158883361278,100.0,215.44346900318845,464.15888336127773,1000.0],"benchmarks":[["Trial",{"allocs":5516,"gctimes":[0.0,0.0,0.0,0.0,0.0,0.0,0.0,0.0,0.0,0.0,0.0,0.0,0.0,0.0,0.0,0.0,0.0,0.0,0.0,0.0,0.0,0.0,0.0,0.0,9.961344e6,0.0,0.0,0.0,0.0,0.0,0.0,0.0,0.0,0.0,0.0,0.0,0.0,0.0,0.0,0.0,0.0,0.0,0.0,0.0,0.0,0.0,0.0,0.0,0.0,1.027948e7,0.0,0.0,0.0],"memory":10214464,"params":["Parameters",{"gctrial":true,"time_tolerance":0.05,"samples":10000,"evals":1,"gcsample":false,"seconds":5.0,"overhead":0.0,"memory_tolerance":0.01}],"times":[9.9791139e7,1.00134736e8,1.01118523e8,9.8445104e7,9.802385e7,9.8062726e7,9.8118504e7,9.8090287e7,9.8246265e7,9.8187195e7,9.8023911e7,9.8111068e7,9.8273722e7,9.306201e7,9.2907846e7,9.3751766e7,9.3571402e7,9.3517784e7,9.4715029e7,9.5279931e7,9.5563037e7,9.5295144e7,9.5330364e7,1.00089748e8,1.06218626e8,9.3065136e7,9.3280265e7,9.3372545e7,9.2843433e7,9.3313353e7,9.3881843e7,9.7916803e7,9.775905e7,9.8171732e7,1.01895048e8,9.8016956e7,9.8392102e7,9.3229466e7,9.2830652e7,9.2946977e7,9.2759004e7,9.445479e7,9.4465744e7,9.3010083e7,9.2743101e7,9.8311931e7,9.2924975e7,9.2949091e7,9.3053599e7,1.0464143e8,9.329051e7,9.3025731e7,9.2862968e7]}],["Trial",{"allocs":7238,"gctimes":[0.0,0.0,0.0,0.0,0.0,0.0,0.0,0.0,0.0,0.0,0.0,0.0,0.0,0.0,0.0,0.0,0.0,0.0,1.0019204e7,0.0,0.0,0.0,0.0,0.0,0.0,0.0,0.0,0.0,0.0,0.0,0.0,0.0,0.0,0.0,0.0,0.0,0.0,1.0385727e7],"memory":13403776,"params":["Parameters",{"gctrial":true,"time_tolerance":0.05,"samples":10000,"evals":1,"gcsample":false,"seconds":5.0,"overhead":0.0,"memory_tolerance":0.01}],"times":[1.32635999e8,1.31872742e8,1.31318914e8,1.35383705e8,1.31488785e8,1.30752936e8,1.30902542e8,1.3125601e8,1.31445296e8,1.31074228e8,1.32945473e8,1.34613245e8,1.31843223e8,1.31516787e8,1.34372137e8,1.34099717e8,1.34305565e8,1.34172549e8,1.46478473e8,1.32445745e8,1.3115998e8,1.30717299e8,1.30885549e8,1.30894891e8,1.30469235e8,1.30548308e8,1.34396616e8,1.31618439e8,1.308487e8,1.30487107e8,1.30481629e8,1.30753843e8,1.31148322e8,1.30924723e8,1.37604385e8,1.38169238e8,1.38291059e8,1.49842592e8]}],["Trial",{"allocs":10067,"gctimes":[0.0,0.0,0.0,0.0,0.0,0.0,0.0,0.0,0.0,0.0,0.0,0.0,0.0,9.820537e6,0.0,0.0,0.0,0.0,0.0,0.0,0.0,0.0,0.0,0.0,0.0],"memory":18643360,"params":["Parameters",{"gctrial":true,"time_tolerance":0.05,"samples":10000,"evals":1,"gcsample":false,"seconds":5.0,"overhead":0.0,"memory_tolerance":0.01}],"times":[1.98008818e8,1.94330102e8,1.9366575e8,1.93497637e8,1.93211588e8,2.02557439e8,2.04104821e8,2.03792702e8,2.0362265e8,2.03981849e8,2.08019374e8,1.98388213e8,1.97775966e8,2.06753185e8,1.9427494e8,1.99818426e8,1.99581404e8,1.95848793e8,1.99615276e8,2.05578273e8,2.09888223e8,2.07833749e8,2.05105308e8,2.01700547e8,1.97131531e8]}],["Trial",{"allocs":11271,"gctimes":[0.0,0.0,0.0,0.0,0.0,0.0,0.0,0.0,0.0,0.0,0.0,1.0440761e7,0.0,0.0,0.0,0.0,0.0,0.0,0.0,0.0,0.0],"memory":20954592,"params":["Parameters",{"gctrial":true,"time_tolerance":0.05,"samples":10000,"evals":1,"gcsample":false,"seconds":5.0,"overhead":0.0,"memory_tolerance":0.01}],"times":[2.44537904e8,2.49542104e8,2.49657891e8,2.49944486e8,2.47616176e8,2.37523469e8,2.4914441e8,2.49236765e8,2.5133727e8,2.38695284e8,2.43646224e8,2.50703893e8,2.42405771e8,2.35837349e8,2.35851213e8,2.35791738e8,2.38635136e8,2.36659985e8,2.36056049e8,2.35683585e8,2.3580311e8]}],["Trial",{"allocs":12055,"gctimes":[0.0,0.0,0.0,0.0,0.0,0.0,0.0,0.0,0.0,0.0,0.0,1.000036e7,0.0,0.0,0.0,0.0,0.0,0.0,0.0],"memory":22736560,"params":["Parameters",{"gctrial":true,"time_tolerance":0.05,"samples":10000,"evals":1,"gcsample":false,"seconds":5.0,"overhead":0.0,"memory_tolerance":0.01}],"times":[2.77084109e8,2.71297952e8,2.71173028e8,2.72634491e8,2.72692659e8,2.70810703e8,2.70337618e8,2.76531131e8,2.85947961e8,2.86002171e8,2.85094978e8,2.91500407e8,2.70988416e8,2.69918578e8,2.6981686e8,2.75671558e8,2.69701953e8,2.70967345e8,2.69785363e8]}],["Trial",{"allocs":12450,"gctimes":[0.0,0.0,0.0,0.0,0.0,0.0,0.0,0.0,0.0,0.0,1.214036e7,0.0,0.0,0.0,0.0,0.0,0.0,0.0],"memory":23580944,"params":["Parameters",{"gctrial":true,"time_tolerance":0.05,"samples":10000,"evals":1,"gcsample":false,"seconds":5.0,"overhead":0.0,"memory_tolerance":0.01}],"times":[2.89013939e8,2.89962984e8,2.91815657e8,2.87387723e8,2.87087124e8,2.87565569e8,2.91774155e8,2.87695042e8,2.88934267e8,2.95119707e8,3.00791242e8,2.87117376e8,2.86184411e8,2.94450119e8,2.8622039e8,2.86431308e8,2.90600704e8,2.87297218e8]}],["Trial",{"allocs":12562,"gctimes":[0.0,0.0,0.0,0.0,0.0,0.0,0.0,0.0,0.0,0.0,9.6596e6,0.0,0.0,0.0,0.0,0.0,0.0],"memory":23805008,"params":["Parameters",{"gctrial":true,"time_tolerance":0.05,"samples":10000,"evals":1,"gcsample":false,"seconds":5.0,"overhead":0.0,"memory_tolerance":0.01}],"times":[2.93391735e8,2.94468874e8,2.91327677e8,2.91057097e8,2.9528901e8,2.91641147e8,2.92666392e8,2.91015527e8,2.97403014e8,2.92607926e8,3.03205116e8,2.96256305e8,2.92029644e8,2.91400597e8,2.91125978e8,3.04944627e8,3.07509227e8]}]],"medians":[95.279931,131.502786,199.818426,242.405771,271.297952,288.3146545,292.666392]}