{"lengs":[10.0],"benchmarks":[["Trial",{"allocs":6177,"gctimes":[0.0,0.0,0.0,0.0,0.0,0.0,0.0,0.0,0.0,0.0,0.0,0.0,0.0,0.0,0.0,0.0,0.0,0.0,0.0,0.0,0.0,9.97135e6,0.0,0.0,0.0,0.0,0.0,0.0,0.0,0.0,0.0,0.0,0.0,0.0,0.0,0.0,0.0,0.0,0.0,0.0,0.0,0.0,1.4769493e7,0.0,0.0,0.0,0.0,0.0,0.0,0.0,0.0,0.0,0.0,0.0],"memory":11815728,"params":["Parameters",{"gctrial":true,"time_tolerance":0.05,"samples":10000,"evals":1,"gcsample":false,"seconds":5.0,"overhead":0.0,"memory_tolerance":0.01}],"times":[9.4837598e7,9.3541393e7,9.3245639e7,9.6087931e7,9.3031877e7,9.3066925e7,9.3113859e7,9.3467859e7,9.3803622e7,9.2975858e7,9.3011383e7,9.2950171e7,9.2900194e7,9.3049095e7,9.7166585e7,9.3706805e7,9.5409827e7,9.6080422e7,9.6251653e7,9.6376747e7,9.6112843e7,1.04536782e8,9.3336972e7,9.2882987e7,9.277468e7,9.5949103e7,9.2954673e7,9.2882734e7,9.2928983e7,9.3436686e7,9.2755077e7,9.2860559e7,9.2666823e7,9.2607102e7,9.2789657e7,9.2822676e7,9.7709976e7,9.3598484e7,9.3250053e7,9.2657695e7,9.4004049e7,9.2808903e7,1.0951382e8,9.3208724e7,9.3165973e7,9.2729085e7,9.2872671e7,9.6989824e7,9.3020899e7,9.3009942e7,9.3061279e7,9.3137092e7,9.277544e7,9.3116586e7]}]],"medians":[93.1152225]}