{"lengs":[10.0,21.544346900318832,46.4158883361278,100.0,215.44346900318845,464.15888336127773,1000.0],"benchmarks":[["Trial",{"allocs":2674,"gctimes":[0.0,0.0,0.0,0.0,0.0,0.0,0.0,0.0],"memory":3759184,"params":["Parameters",{"gctrial":true,"time_tolerance":0.05,"samples":10000,"evals":1,"gcsample":false,"seconds":5.0,"overhead":0.0,"memory_tolerance":0.01}],"times":[5.83083957e8,5.83617341e8,6.06333879e8,5.95727753e8,7.8626476e8,8.63773963e8,8.68532949e8,8.48855248e8]}],["Trial",{"allocs":3388,"gctimes":[0.0,0.0,0.0,0.0,0.0,0.0],"memory":3917776,"params":["Parameters",{"gctrial":true,"time_tolerance":0.05,"samples":10000,"evals":1,"gcsample":false,"seconds":5.0,"overhead":0.0,"memory_tolerance":0.01}],"times":[1.064816236e9,1.007172417e9,7.97188872e8,8.04701546e8,8.03429454e8,7.84016241e8]}],["Trial",{"allocs":4561,"gctimes":[0.0,0.0,0.0,0.0],"memory":4178320,"params":["Parameters",{"gctrial":true,"time_tolerance":0.05,"samples":10000,"evals":1,"gcsample":false,"seconds":5.0,"overhead":0.0,"memory_tolerance":0.01}],"times":[1.488669642e9,1.326552485e9,1.24863469e9,1.116317725e9]}],["Trial",{"allocs":5003,"gctimes":[0.0,0.0,0.0,0.0,0.0],"memory":4276496,"params":["Parameters",{"gctrial":true,"time_tolerance":0.05,"samples":10000,"evals":1,"gcsample":false,"seconds":5.0,"overhead":0.0,"memory_tolerance":0.01}],"times":[1.185095067e9,1.191522443e9,1.24650261e9,1.248239893e9,1.196194425e9]}],["Trial",{"allocs":5207,"gctimes":[0.0,0.0,0.0,0.0,0.0],"memory":4321808,"params":["Parameters",{"gctrial":true,"time_tolerance":0.05,"samples":10000,"evals":1,"gcsample":false,"seconds":5.0,"overhead":0.0,"memory_tolerance":0.01}],"times":[1.232787443e9,1.234701219e9,1.272780549e9,1.241517845e9,1.235627564e9]}],["Trial",{"allocs":5326,"gctimes":[0.0,0.0,0.0,0.0],"memory":4348240,"params":["Parameters",{"gctrial":true,"time_tolerance":0.05,"samples":10000,"evals":1,"gcsample":false,"seconds":5.0,"overhead":0.0,"memory_tolerance":0.01}],"times":[1.264753728e9,1.264052947e9,1.655913284e9,1.899420457e9]}],["Trial",{"allocs":5360,"gctimes":[0.0,0.0,0.0,0.0],"memory":4355792,"params":["Parameters",{"gctrial":true,"time_tolerance":0.05,"samples":10000,"evals":1,"gcsample":false,"seconds":5.0,"overhead":0.0,"memory_tolerance":0.01}],"times":[1.335656723e9,1.340056584e9,1.329125603e9,1.268044595e9]}]],"medians":[696.2993195,804.0655,1287.5935875,1196.194425,1235.627564,1460.333506,1332.391163]}