{"lengs":[1.9998618696327441],"benchmarks":[["Trial",{"allocs":60445,"gctimes":[0.0,0.0,0.0,0.0,0.0,0.0,0.0,0.0,0.0,0.0,0.0,0.0,0.0,0.0,0.0,0.0,0.0,0.0,0.0,0.0,0.0,0.0,0.0,0.0,0.0,0.0,0.0,0.0,0.0,0.0,0.0,0.0,0.0,0.0,0.0,0.0,0.0,0.0,0.0,0.0,2.0546379e7,0.0,0.0,0.0,0.0,0.0,0.0,0.0,0.0,0.0,0.0,0.0,0.0,0.0,0.0,0.0,0.0,0.0,0.0,0.0,0.0,0.0,0.0,0.0,0.0,0.0,0.0,0.0,0.0,0.0,0.0,0.0,0.0,0.0,0.0,0.0,0.0,0.0,0.0,0.0,0.0,2.0446308e7,0.0,0.0,0.0,0.0,0.0,0.0,0.0,0.0,0.0,0.0,0.0,0.0,0.0,0.0,0.0,0.0,0.0,0.0,0.0,0.0,0.0,0.0,0.0,0.0,0.0,0.0,0.0,0.0,0.0,0.0,0.0,0.0,0.0,0.0,0.0,0.0,0.0,0.0,0.0,0.0,0.0,2.0565195e7,0.0,0.0,0.0,0.0,0.0,0.0,0.0,0.0,0.0,0.0,0.0,0.0,0.0,0.0,0.0,0.0,0.0,0.0,0.0,0.0,0.0,0.0,0.0,0.0,0.0,0.0,0.0,0.0,0.0,0.0,0.0,0.0,0.0,0.0,0.0,0.0,0.0,0.0,0.0,0.0,2.0509021e7,0.0,0.0,0.0,0.0,0.0,0.0,0.0,0.0,0.0,0.0,0.0,0.0,0.0,0.0,0.0,0.0,0.0,0.0,0.0,0.0,0.0,0.0,0.0,0.0,0.0,0.0,0.0,0.0,0.0,0.0,0.0,0.0,0.0,0.0,0.0,0.0,0.0,0.0,0.0,0.0,2.0417564e7,0.0,0.0,0.0,0.0,0.0,0.0,0.0,0.0,0.0,0.0,0.0,0.0,0.0,0.0,0.0,0.0,0.0,0.0,0.0,0.0,0.0,0.0,0.0,0.0,0.0,0.0,0.0,0.0,0.0,0.0,0.0,0.0,0.0,0.0,0.0,0.0,0.0,0.0,0.0,0.0,2.0644446e7,0.0,0.0,0.0,0.0,0.0,0.0,0.0,0.0,0.0,0.0,0.0,0.0,0.0,0.0,0.0,0.0,0.0,0.0,0.0,0.0,0.0,0.0,0.0,0.0,0.0,0.0,0.0,0.0,0.0,0.0,0.0,0.0,0.0,0.0,0.0,0.0,0.0,0.0,0.0,0.0,2.0473725e7,0.0,0.0,0.0,0.0,0.0,0.0,0.0,0.0,0.0,0.0,0.0,0.0,0.0,0.0,0.0,0.0,0.0,0.0,0.0,0.0,0.0,0.0,0.0,0.0,0.0,0.0,0.0,0.0,0.0,0.0,0.0,0.0,0.0,0.0,0.0,0.0,0.0,0.0,0.0,0.0,0.0,2.0466252e7,0.0,0.0,0.0,0.0,0.0,0.0,0.0,0.0,0.0,0.0,0.0,0.0,0.0,0.0,0.0,0.0,0.0,0.0,0.0,0.0,0.0,0.0,0.0,0.0,0.0,0.0,0.0,0.0,0.0,0.0,0.0,0.0,0.0,0.0,0.0,0.0,0.0,0.0,0.0,0.0,2.0464659e7,0.0,0.0,0.0,0.0,0.0,0.0,0.0,0.0,0.0,0.0,0.0,0.0,0.0,0.0,0.0,0.0,0.0,0.0,0.0,0.0,0.0,0.0,0.0,0.0,0.0,0.0,0.0,0.0,0.0,0.0,0.0,0.0,0.0,0.0,0.0,0.0,0.0,0.0,0.0,0.0,2.0432689e7,0.0,0.0,0.0,0.0,0.0,0.0,0.0,0.0,0.0,0.0,0.0,0.0,0.0,0.0,0.0,0.0,0.0,0.0,0.0,0.0,0.0,0.0,0.0,0.0,0.0,0.0,0.0,0.0,0.0,0.0,0.0,0.0,0.0,0.0,0.0,0.0,0.0,0.0,0.0,0.0,2.050821e7,0.0,0.0,0.0,0.0,0.0,0.0,0.0,0.0,0.0,0.0,0.0,0.0,0.0,0.0,0.0,0.0,0.0,0.0,0.0,0.0,0.0,0.0,0.0,0.0,0.0,0.0,0.0,0.0,0.0,0.0,0.0,0.0,0.0,0.0,0.0,0.0,0.0,0.0,0.0,0.0,2.0456043e7,0.0,0.0,0.0,0.0,0.0,0.0,0.0,0.0,0.0,0.0,0.0,0.0,0.0,0.0,0.0,0.0,0.0,0.0,0.0,0.0,0.0,0.0,0.0,0.0,0.0,0.0,0.0],"memory":5138408,"params":["Parameters",{"gctrial":true,"time_tolerance":0.05,"samples":10000,"evals":1,"gcsample":false,"seconds":5.0,"overhead":0.0,"memory_tolerance":0.01}],"times":[9.708154e6,9.30576e6,9.260432e6,9.443518e6,9.570342e6,9.679291e6,9.572236e6,9.946644e6,9.639722e6,9.546535e6,9.641296e6,9.657709e6,9.736759e6,9.747804e6,9.70651e6,9.676637e6,9.733638e6,9.593312e6,9.681602e6,9.645542e6,9.623891e6,9.621243e6,9.61305e6,9.697702e6,9.598278e6,9.629516e6,9.748568e6,9.927207e6,9.603225e6,9.656659e6,9.622069e6,9.673504e6,1.0388984e7,1.0257285e7,9.878869e6,1.0241156e7,1.0218464e7,9.962136e6,1.0118989e7,1.026968e7,3.179926e7,9.042108e6,8.62091e6,8.589843e6,8.63364e6,8.672671e6,8.578776e6,8.547181e6,8.745192e6,8.591538e6,8.59411e6,8.677275e6,8.570951e6,8.566653e6,8.554124e6,8.818021e6,8.591843e6,8.57172e6,8.515649e6,8.622518e6,8.562233e6,9.24399e6,9.647108e6,9.789422e6,9.554122e6,9.411347e6,9.716871e6,9.574268e6,9.564303e6,9.75489e6,9.554696e6,9.589765e6,9.678141e6,9.726529e6,9.618993e6,9.689857e6,9.925794e6,9.937236e6,9.598936e6,9.99688e6,9.991668e6,3.1410203e7,8.709554e6,8.560074e6,8.537325e6,8.62204e6,8.914526e6,8.714001e6,8.618949e6,8.626336e6,8.635139e6,8.589835e6,8.619e6,8.579584e6,8.554459e6,8.560297e6,8.543088e6,8.567818e6,8.58555e6,8.867253e6,8.61398e6,8.620696e6,9.262028e6,9.549944e6,9.603236e6,9.606358e6,9.530244e6,9.527316e6,9.508004e6,9.703393e6,9.957571e6,9.561409e6,9.64286e6,9.585416e6,9.636182e6,9.583788e6,9.674372e6,9.889355e6,9.897048e6,9.584198e6,1.0109829e7,9.94791e6,1.0231032e7,3.0343219e7,8.761e6,8.657123e6,8.679425e6,8.637974e6,8.71325e6,8.737332e6,8.595998e6,8.648008e6,8.826651e6,8.718493e6,8.686921e6,8.779991e6,8.62762e6,8.644444e6,8.988593e6,8.912542e6,8.755783e6,8.916526e6,8.518903e6,9.385366e6,9.777588e6,9.800993e6,9.820606e6,9.616065e6,9.516433e6,9.51721e6,9.604177e6,9.586085e6,9.625916e6,9.611567e6,1.0012333e7,9.615499e6,9.565615e6,9.781533e6,9.827349e6,9.891899e6,9.599534e6,9.867565e6,9.951788e6,1.0188833e7,3.0753011e7,8.688579e6,8.593826e6,8.664123e6,8.657705e6,8.81137e6,8.667615e6,8.765182e6,8.595623e6,8.582853e6,8.7234e6,8.568726e6,8.584444e6,8.569537e6,8.580794e6,8.689904e6,8.676696e6,8.556593e6,8.53824e6,8.667643e6,9.069336e6,9.628677e6,9.613869e6,9.686044e6,9.591377e6,9.885652e6,9.607448e6,9.587369e6,9.633661e6,9.622087e6,9.628457e6,9.645805e6,9.736064e6,9.635133e6,9.702852e6,9.911717e6,1.0005413e7,9.717612e6,1.0079782e7,9.935088e6,1.0204748e7,3.0873522e7,8.612918e6,8.635271e6,8.642956e6,8.577168e6,8.667214e6,8.750655e6,8.639288e6,8.64005e6,8.890112e6,8.709312e6,8.633068e6,8.635619e6,8.648773e6,8.579953e6,8.530074e6,8.591775e6,8.540298e6,8.552085e6,8.549215e6,8.766709e6,9.49705e6,9.546091e6,9.681035e6,9.489306e6,9.543672e6,9.62191e6,9.582069e6,9.528975e6,9.54993e6,9.550601e6,9.592488e6,9.660315e6,9.58103e6,9.789013e6,9.64291e6,9.91706e6,9.672369e6,9.793287e6,9.844236e6,1.0273064e7,3.15514e7,8.705525e6,8.313292e6,8.60099e6,8.8137e6,8.439416e6,8.374431e6,8.30684e6,8.730899e6,8.44837e6,8.300652e6,8.366884e6,8.338007e6,8.348705e6,8.316355e6,8.303717e6,8.304879e6,8.475122e6,8.262324e6,8.285663e6,8.420795e6,9.198535e6,9.280761e6,9.462701e6,9.249039e6,9.189098e6,9.251475e6,9.244888e6,9.266807e6,9.278233e6,9.268573e6,9.279266e6,9.357808e6,9.312142e6,9.454856e6,9.365399e6,9.645963e6,9.508895e6,9.47323e6,9.591615e6,9.659167e6,3.1176108e7,8.449257e6,8.37051e6,8.574363e6,8.475667e6,8.368593e6,8.288579e6,8.306863e6,8.511913e6,8.327663e6,8.363827e6,8.361971e6,8.324706e6,8.308746e6,8.336136e6,8.30578e6,8.294922e6,8.291401e6,8.288715e6,8.266048e6,8.266277e6,9.131377e6,9.311567e6,9.357186e6,9.367347e6,9.168853e6,9.36558e6,9.29148e6,9.274382e6,9.254058e6,9.299037e6,9.311303e6,9.301946e6,9.332431e6,9.486271e6,9.385961e6,9.605708e6,9.588495e6,9.391992e6,9.640289e6,9.622389e6,9.921839e6,2.9858849e7,8.417255e6,8.422397e6,8.377166e6,8.33101e6,8.435258e6,8.55851e6,8.340824e6,8.392712e6,8.5054e6,8.368227e6,8.30524e6,8.331932e6,8.334234e6,8.302715e6,8.335273e6,8.31258e6,8.275891e6,8.255195e6,8.28715e6,9.180766e6,9.314091e6,9.414372e6,9.415237e6,9.297551e6,9.320236e6,9.500483e6,9.872239e6,9.768564e6,9.530738e6,9.449543e6,9.493845e6,9.487527e6,9.539867e6,9.520815e6,9.770286e6,9.727622e6,9.537854e6,9.66481e6,9.751354e6,9.965065e6,3.0275825e7,8.445556e6,8.682053e6,8.704124e6,8.26918e6,8.538415e6,8.434763e6,8.316039e6,8.32991e6,8.34803e6,8.421e6,8.544735e6,8.398875e6,8.388935e6,8.359962e6,8.368894e6,8.36832e6,8.336212e6,8.490734e6,8.336444e6,8.852376e6,9.330899e6,9.353242e6,9.380593e6,9.398643e6,9.334077e6,9.29825e6,9.313388e6,9.536607e6,9.368561e6,9.380265e6,9.385702e6,9.395152e6,9.414571e6,9.74473e6,9.55038e6,9.726224e6,9.386759e6,9.552358e6,9.713496e6,9.983106e6,3.0412354e7,8.389358e6,8.547889e6,8.393034e6,8.342348e6,8.307618e6,8.313295e6,8.290427e6,8.32582e6,8.327733e6,8.475453e6,8.321741e6,8.3201e6,8.333555e6,8.303068e6,8.296631e6,8.350169e6,8.284074e6,8.297601e6,8.276484e6,8.728277e6,9.45917e6,9.286935e6,9.399587e6,9.238263e6,9.241315e6,9.299982e6,9.52835e6,9.286422e6,9.324518e6,9.333196e6,9.649379e6,9.422581e6,9.331228e6,9.423159e6,9.403468e6,9.662016e6,9.414597e6,9.961033e6,9.569014e6,9.841333e6,3.0761679e7,8.480473e6,8.390801e6,8.413024e6,8.326827e6,8.402533e6,8.409932e6,8.399046e6,8.380006e6,8.771796e6,8.351612e6,8.357516e6,8.988957e6,9.541811e6,9.730054e6,9.395873e6,8.5284e6,8.747674e6,8.445773e6,8.449863e6,8.629703e6,9.31343e6,9.28271e6,9.508566e6,9.206948e6,9.257509e6,9.298462e6,9.2715e6,9.283232e6,9.300321e6,9.308427e6,9.298569e6,9.588936e6,9.438725e6,9.37483e6,9.348609e6,9.811846e6,9.487156e6,9.49725e6,9.68047e6,9.717532e6,3.1024821e7,8.468773e6,8.309943e6,8.333118e6,8.366218e6,8.339678e6,8.440528e6,8.300556e6,8.521731e6,8.347825e6,8.322163e6,8.408488e6,8.348787e6,8.352509e6,8.368916e6,8.56717e6,8.296453e6,