{"lengs":[19.998618696327437],"benchmarks":[["Trial",{"allocs":17881,"gctimes":[0.0,0.0,0.0,0.0,0.0,0.0,0.0,0.0,0.0,0.0,0.0,0.0,0.0,0.0,0.0,0.0,0.0,0.0,0.0,0.0,0.0,0.0,0.0,0.0,0.0,0.0,0.0,0.0,0.0,0.0,0.0,0.0,0.0,0.0,0.0,0.0,0.0,0.0,0.0,0.0,0.0,0.0,0.0,0.0,0.0,0.0,0.0,0.0,0.0,0.0,0.0,0.0,0.0,0.0,0.0,0.0,0.0,0.0,0.0,0.0,0.0,0.0,0.0,0.0,0.0,0.0,0.0,0.0,0.0,0.0,0.0,0.0,0.0,0.0,0.0,0.0,0.0,0.0,0.0,0.0,0.0,0.0,0.0,0.0,0.0,0.0,0.0,0.0,0.0,0.0,0.0,0.0,0.0,0.0,0.0,0.0,0.0,0.0,1.9014224e7,0.0,0.0,0.0,0.0,0.0,0.0,0.0,0.0,0.0,0.0,0.0,0.0,0.0,0.0,0.0,0.0,0.0,0.0,0.0,0.0,0.0,0.0,0.0,0.0,0.0,0.0,0.0,0.0,0.0,0.0,0.0,0.0,0.0,0.0,0.0,0.0,0.0,0.0,0.0,0.0,0.0,0.0,0.0,0.0,0.0,0.0,0.0,0.0,0.0,0.0,0.0,0.0,0.0,0.0,0.0,0.0,0.0,0.0,0.0,0.0,0.0,0.0,0.0,0.0,0.0,0.0,0.0,0.0,0.0,0.0,0.0,0.0,0.0,0.0,0.0,0.0,0.0,0.0,0.0,0.0,0.0,0.0,0.0,0.0,0.0,0.0,0.0,0.0,0.0,0.0,0.0,0.0,0.0,0.0,0.0,0.0,0.0,0.0,1.9488543e7,0.0,0.0,0.0,0.0,0.0,0.0,0.0,0.0,0.0,0.0,0.0,0.0,0.0,0.0,0.0,0.0,0.0,0.0,0.0,0.0,0.0,0.0,0.0,0.0,0.0,0.0,0.0,0.0,0.0,0.0,0.0,0.0,0.0,0.0,0.0,0.0,0.0,0.0,0.0,0.0,0.0,0.0,0.0,0.0,0.0,0.0,0.0,0.0,0.0,0.0,0.0,0.0,0.0,0.0,0.0,0.0,0.0,0.0,0.0,0.0,0.0,0.0,0.0,0.0,0.0,0.0,0.0,0.0,0.0,0.0,0.0,0.0,0.0,0.0,0.0,0.0,0.0,0.0,0.0,0.0,0.0,0.0,0.0,0.0,0.0,0.0,0.0,0.0,0.0,0.0,0.0,0.0,0.0,0.0,0.0,0.0,0.0,0.0,1.8844146e7,0.0,0.0,0.0,0.0,0.0,0.0,0.0,0.0,0.0,0.0,0.0,0.0,0.0,0.0,0.0,0.0,0.0,0.0,0.0,0.0,0.0,0.0,0.0,0.0,0.0,0.0,0.0,0.0,0.0,0.0,0.0,0.0,0.0,0.0,0.0,0.0,0.0,0.0,0.0,0.0,0.0,0.0,0.0,0.0,0.0,0.0,0.0,0.0,0.0,0.0,0.0,0.0,0.0,0.0,0.0,0.0,0.0,0.0,0.0,0.0,0.0,0.0,0.0,0.0,0.0,0.0,0.0,0.0,0.0,0.0,0.0,0.0,0.0,0.0,0.0,0.0,0.0,0.0,0.0,0.0,0.0,0.0,0.0,0.0,0.0,0.0,0.0,0.0,0.0,0.0,0.0,0.0,0.0,0.0,0.0,0.0,0.0,0.0,1.8599879e7,0.0,0.0,0.0,0.0,0.0,0.0,0.0,0.0,0.0,0.0,0.0,0.0,0.0,0.0,0.0,0.0,0.0,0.0,0.0,0.0,0.0,0.0,0.0,0.0,0.0,0.0,0.0,0.0,0.0,0.0,0.0,0.0,0.0,0.0,0.0,0.0,0.0,0.0,0.0,0.0,0.0,0.0,0.0,0.0,0.0,0.0,0.0,0.0,0.0,0.0,0.0,0.0,0.0,0.0,0.0,0.0,0.0,0.0,0.0,0.0,0.0,0.0,0.0,0.0,0.0,0.0,0.0,0.0,0.0,0.0,0.0,0.0,0.0,0.0,0.0,0.0,0.0,0.0,0.0,0.0,0.0,0.0,0.0,0.0,0.0,0.0,0.0,0.0,0.0,0.0,0.0,0.0,0.0,0.0,0.0,0.0,0.0,0.0,1.875473e7,0.0,0.0,0.0,0.0,0.0,0.0,0.0,0.0,0.0,0.0,0.0,0.0,0.0,0.0,0.0,0.0,0.0,0.0,0.0,0.0,0.0,0.0,0.0,0.0,0.0,0.0,0.0,0.0,0.0,0.0,0.0,0.0,0.0,0.0,0.0,0.0,0.0,0.0,0.0,0.0,0.0,0.0,0.0,0.0,0.0,0.0,0.0,0.0,0.0,0.0,0.0,0.0,0.0,0.0,0.0,0.0,0.0,0.0,0.0,0.0,0.0,0.0,0.0,0.0,0.0,0.0,0.0,0.0,0.0,0.0,0.0,0.0,0.0,0.0,0.0,0.0,0.0,0.0,0.0,0.0,0.0,0.0,0.0,0.0,0.0,0.0,0.0,0.0,0.0,0.0,0.0,0.0,0.0,0.0,0.0,0.0,0.0,0.0,1.8809857e7,0.0,0.0,0.0,0.0,0.0,0.0,0.0,0.0,0.0,0.0,0.0,0.0,0.0,0.0,0.0,0.0,0.0,0.0,0.0,0.0,0.0,0.0,0.0,0.0,0.0,0.0,0.0,0.0,0.0,0.0,0.0,0.0,0.0,0.0,0.0,0.0,0.0,0.0,0.0,0.0,0.0,0.0,0.0,0.0,0.0,0.0,0.0,0.0,0.0,0.0,0.0,0.0,0.0,0.0,0.0,0.0,0.0,0.0,0.0,0.0,0.0,0.0,0.0,0.0,0.0,0.0,0.0,0.0,0.0,0.0,0.0,0.0,0.0,0.0,0.0,0.0,0.0,0.0,0.0,0.0,0.0,0.0,0.0,0.0,0.0,0.0,0.0,0.0,0.0,0.0,0.0,0.0,0.0,0.0,0.0,0.0,0.0,0.0,1.8756937e7,0.0,0.0,0.0,0.0,0.0,0.0,0.0,0.0,0.0,0.0,0.0,0.0,0.0,0.0,0.0,0.0,0.0,0.0,0.0,0.0,0.0,0.0,0.0,0.0,0.0,0.0,0.0,0.0,0.0,0.0,0.0,0.0,0.0,0.0,0.0,0.0,0.0,0.0,0.0,0.0,0.0,0.0,0.0,0.0,0.0,0.0,0.0,0.0,0.0,0.0,0.0,0.0,0.0,0.0,0.0,0.0,0.0,0.0,0.0,0.0,0.0,0.0,0.0,0.0,0.0,0.0,0.0,0.0,0.0,0.0],"memory":2086480,"params":["Parameters",{"gctrial":true,"time_tolerance":0.05,"samples":10000,"evals":1,"gcsample":false,"seconds":5.0,"overhead":0.0,"memory_tolerance":0.01}],"times":[6.707621e6,6.914193e6,6.557251e6,6.566184e6,6.732183e6,6.577052e6,6.576824e6,6.565457e6,6.543062e6,6.56699e6,6.566136e6,6.563191e6,6.557075e6,6.560858e6,6.554133e6,6.567907e6,6.576775e6,6.561242e6,6.561602e6,6.55037e6,6.548035e6,6.555127e6,6.560991e6,6.570693e6,6.561185e6,6.562205e6,6.564197e6,6.567491e6,6.562128e6,6.567429e6,6.57472e6,6.571582e6,6.571565e6,6.562246e6,6.568471e6,6.564661e6,6.58073e6,6.553254e6,6.525638e6,6.544821e6,6.53717e6,6.561729e6,6.538619e6,6.511217e6,6.532713e6,6.522208e6,6.519909e6,6.54091e6,6.506962e6,6.520214e6,6.519256e6,6.535735e6,6.514254e6,6.527285e6,6.530153e6,6.517027e6,6.525247e6,6.527416e6,6.521614e6,6.518043e6,6.540146e6,6.541283e6,6.530626e6,6.520424e6,6.513511e6,6.52282e6,6.515464e6,6.51943e6,6.556059e6,6.519301e6,6.53302e6,6.523698e6,6.521175e6,6.521234e6,6.518548e6,6.514985e6,6.519966e6,6.515798e6,6.521795e6,6.528053e6,6.535733e6,6.523938e6,6.528812e6,6.533184e6,6.520161e6,6.513706e6,6.508008e6,6.523649e6,6.522473e6,6.505348e6,6.509622e6,6.508765e6,6.492011e6,6.508929e6,6.527386e6,6.503259e6,6.504231e6,6.504744e6,2.5426265e7,7.787595e6,6.377448e6,5.860156e6,6.180801e6,5.865137e6,6.180521e6,6.185644e6,5.854354e6,6.182884e6,5.862415e6,6.185534e6,6.169583e6,5.867521e6,6.03298e6,5.85407e6,5.86811e6,5.878723e6,5.845319e6,5.858259e6,5.854091e6,5.860281e6,5.855135e6,5.864832e6,5.87413e6,5.8581e6,5.862634e6,5.859793e6,5.892e6,6.440673e6,6.56415e6,6.56309e6,6.553812e6,6.552728e6,6.551952e6,6.558372e6,6.571676e6,6.583675e6,6.568021e6,6.517761e6,6.534661e6,6.530722e6,6.503054e6,6.505578e6,6.525959e6,6.50834e6,6.524229e6,6.528914e6,6.513344e6,6.511998e6,6.507347e6,6.524862e6,6.539022e6,6.517595e6,6.538904e6,6.505458e6,6.512669e6,6.505649e6,6.511861e6,6.512977e6,6.517934e6,6.532032e6,6.508899e6,6.521315e6,6.504134e6,6.518535e6,6.517017e6,6.517599e6,6.496705e6,6.514416e6,6.510924e6,6.51711e6,6.522542e6,6.522913e6,6.515822e6,6.522284e6,6.503981e6,6.512247e6,6.501535e6,6.526548e6,6.511259e6,6.515626e6,6.510824e6,6.521959e6,6.508327e6,6.496723e6,6.509912e6,6.5139e6,6.512779e6,6.530193e6,6.514125e6,6.501925e6,6.500125e6,6.495185e6,6.511137e6,6.503389e6,6.490563e6,6.491996e6,6.512406e6,2.5755551e7,6.758176e6,5.880115e6,5.848238e6,5.877748e6,5.857368e6,5.875508e6,5.885898e6,5.855911e6,5.868354e6,5.854841e6,5.879896e6,5.858792e6,5.856722e6,5.87084e6,5.839914e6,5.866839e6,5.884878e6,5.856684e6,5.855597e6,5.851507e6,5.856619e6,5.845274e6,5.916094e6,5.879354e6,5.858742e6,5.859427e6,5.851334e6,6.082545e6,6.539785e6,6.551813e6,6.561587e6,6.552034e6,6.547958e6,6.561484e6,6.558259e6,6.559649e6,6.570252e6,6.545065e6,6.510638e6,6.528667e6,6.507869e6,6.512525e6,6.506905e6,6.519448e6,6.514394e6,6.534073e6,6.506126e6,6.526613e6,6.503254e6,6.498829e6,6.505317e6,6.519227e6,6.505868e6,6.522363e6,6.516112e6,6.520409e6,6.505258e6,6.510948e6,6.522104e6,6.502674e6,6.532406e6,6.521922e6,7.082104e6,6.53149e6,6.857267e6,6.832075e6,6.6337e6,6.712902e6,6.814255e6,6.672859e6,6.65314e6,6.811348e6,6.526534e6,6.507462e6,6.52305e6,6.517612e6,6.513945e6,6.515188e6,6.533731e6,6.527418e6,6.522544e6,6.506793e6,6.515909e6,6.519469e6,6.510617e6,6.527751e6,6.530211e6,6.515342e6,6.529922e6,6.517268e6,6.491129e6,6.500591e6,6.50199e6,6.510644e6,6.514257e6,6.505569e6,6.49886e6,6.501195e6,2.4946484e7,6.589784e6,5.795486e6,5.771107e6,5.736963e6,5.709795e6,5.787381e6,5.711388e6,5.749188e6,5.708074e6,5.684457e6,5.77748e6,5.68534e6,5.696249e6,5.690537e6,5.701537e6,5.699273e6,5.706282e6,5.690295e6,5.67556e6,5.696503e6,5.677137e6,5.694076e6,5.770954e6,5.691957e6,5.768521e6,5.687668e6,5.698632e6,6.007919e6,6.374386e6,6.38279e6,6.376817e6,6.375101e6,6.392688e6,6.372684e6,6.395e6,6.402056e6,6.38362e6,6.368119e6,6.34869e6,6.342943e6,6.341448e6,6.318534e6,6.406243e6,6.385532e6,6.394658e6,6.354248e6,6.348747e6,6.333945e6,6.347399e6,6.34776e6,6.335328e6,6.343579e6,6.361823e6,6.345656e6,6.351047e6,6.337109e6,6.342572e6,6.326305e6,6.345709e6,6.344739e6,6.354504e6,6.336222e6,6.342935e6,6.339509e6,6.342535e6,6.356169e6,6.344815e6,6.350904e6,6.355715e6,6.34292e6,6.349387e6,6.342134e6,6.348038e6,6.355124e6,6.34794e6,6.412938e6,6.342905e6,6.341782e6,6.391256e6,6.345241e6,6.329615e6,6.338025e6,6.345479e6,6.374328e6,6.372992e6,6.331607e6,6.37734e6,6.341946e6,6.340719e6,6.336966e6,6.317384e6,6.311869e6,6.330713e6,6.349724e6,6.321306e6,6.323968e6,6.319243e6,6.329522e6,2.4659634e7,6.538707e6,5.713307e6,5.694872e6,5.715371e6,5.689598e6,5.722207e6,5.756659e6,5.696722e6,5.697657e6,5.677497e6,5.771375e6,5.701091e6,5.704816e6,5.715844e6,5.686708e6,5.703801e6,5.703835e6,5.685728e6,5.675593e6,5.689569e6,5.686342e6,5.689031e6,5.721508e6,5.752379e6,5.713872e6,5.680629e6,6.96542e6,7.381787e6,