{"lengs":[10.0,21.544346900318832,46.4158883361278,100.0,215.44346900318845,464.15888336127773,1000.0],"benchmarks":[["Trial",{"allocs":9128,"gctimes":[0.0,0.0,0.0,0.0,0.0,0.0,0.0,0.0,0.0,0.0,0.0,0.0,0.0,0.0,1.0612849e7,0.0,0.0,0.0,0.0,0.0,0.0,0.0,0.0,0.0,0.0,0.0,0.0,0.0,0.0,1.0616683e7,0.0,0.0,0.0,0.0,0.0,0.0,0.0,0.0,0.0,0.0,0.0,0.0,0.0,0.0,1.6741581e7,0.0,0.0,0.0,0.0,0.0],"memory":16922512,"params":["Parameters",{"gctrial":true,"time_tolerance":0.05,"samples":10000,"evals":1,"gcsample":false,"seconds":5.0,"overhead":0.0,"memory_tolerance":0.01}],"times":[1.0107896e8,1.0021164e8,9.9850829e7,9.9803694e7,1.00805384e8,1.00723023e8,1.05464559e8,1.00765037e8,1.00137537e8,9.9475063e7,9.9660588e7,9.9616303e7,9.9538711e7,9.9433957e7,1.1074376e8,9.9980967e7,1.00735123e8,1.02636234e8,9.9368245e7,9.9370933e7,9.931095e7,9.9361297e7,9.9241611e7,1.02295656e8,9.9416588e7,9.9348929e7,9.9322412e7,1.03084983e8,9.9738854e7,1.10858412e8,9.985465e7,9.9655731e7,9.9553862e7,9.9449745e7,9.9302727e7,9.9367373e7,9.9280197e7,1.03320326e8,1.00369234e8,9.9365235e7,1.0039984e8,1.0072189e8,9.957556e7,9.9816912e7,1.17011301e8,9.9729765e7,9.9639495e7,1.01624421e8,1.05597184e8,1.03914863e8]}],["Trial",{"allocs":11260,"gctimes":[0.0,0.0,0.0,0.0,0.0,0.0,0.0,0.0,0.0,0.0,0.0,0.0,1.0683661e7,0.0,0.0,0.0,0.0,0.0,0.0,0.0,0.0,0.0,0.0,0.0,2.9128929e7,0.0,0.0,0.0,0.0,0.0,0.0,0.0,0.0,0.0,0.0,0.0,1.0686783e7],"memory":20871184,"params":["Parameters",{"gctrial":true,"time_tolerance":0.05,"samples":10000,"evals":1,"gcsample":false,"seconds":5.0,"overhead":0.0,"memory_tolerance":0.01}],"times":[1.36240529e8,1.35105696e8,1.35636622e8,1.35914382e8,1.34918104e8,1.38993316e8,1.35248664e8,1.34668699e8,1.35381438e8,1.35174726e8,1.37206473e8,1.38106427e8,1.46117845e8,1.39297855e8,1.3451672e8,1.34310565e8,1.34351554e8,1.36009647e8,1.3528117e8,1.37820508e8,1.3883934e8,1.36712009e8,1.35509315e8,1.34382277e8,1.6472129e8,1.34406613e8,1.3508247e8,1.34154349e8,1.42502047e8,1.41734898e8,1.42020047e8,1.41780715e8,1.41970852e8,1.41658864e8,1.41702961e8,1.43752348e8,1.46222779e8]}],["Trial",{"allocs":15320,"gctimes":[0.0,0.0,0.0,0.0,0.0,0.0,0.0,0.0,1.118116e7,0.0,0.0,0.0,0.0,0.0,0.0,0.0,0.0,1.0749152e7,0.0,0.0,0.0,0.0,0.0,0.0,0.0],"memory":28389184,"params":["Parameters",{"gctrial":true,"time_tolerance":0.05,"samples":10000,"evals":1,"gcsample":false,"seconds":5.0,"overhead":0.0,"memory_tolerance":0.01}],"times":[2.04363532e8,1.9790018e8,1.98065874e8,1.97455855e8,1.97357104e8,2.02173376e8,1.97778916e8,1.98255395e8,2.13272231e8,1.9725375e8,2.01231199e8,1.97449542e8,1.96888645e8,1.96821234e8,2.06600407e8,2.10614761e8,2.09418287e8,2.19566419e8,2.08436625e8,2.08578529e8,2.11438548e8,2.0819435e8,2.08348492e8,2.07501859e8,2.08377205e8]}],["Trial",{"allocs":18232,"gctimes":[0.0,0.0,0.0,0.0,0.0,0.0,0.0,1.0781488e7,0.0,0.0,0.0,0.0,0.0,0.0,1.0671901e7,0.0,0.0,0.0,0.0,0.0],"memory":33788928,"params":["Parameters",{"gctrial":true,"time_tolerance":0.05,"samples":10000,"evals":1,"gcsample":false,"seconds":5.0,"overhead":0.0,"memory_tolerance":0.01}],"times":[2.61347422e8,2.64582277e8,2.6117081e8,2.60994259e8,2.60754275e8,2.66088099e8,2.59935823e8,2.71740109e8,2.59130002e8,2.64035021e8,2.59126607e8,2.62956822e8,2.5949159e8,2.6322653e8,2.70939887e8,2.60170196e8,2.58934009e8,2.65817096e8,2.60092268e8,2.59480041e8]}],["Trial",{"allocs":20577,"gctimes":[0.0,0.0,0.0,0.0,0.0,0.0,1.0479136e7,0.0,0.0,0.0,0.0,0.0,0.0,1.0520988e7,0.0],"memory":38239200,"params":["Parameters",{"gctrial":true,"time_tolerance":0.05,"samples":10000,"evals":1,"gcsample":false,"seconds":5.0,"overhead":0.0,"memory_tolerance":0.01}],"times":[3.41308727e8,3.33401401e8,3.32853218e8,3.36576166e8,3.3380828e8,3.3309924e8,3.50176003e8,3.3221617e8,3.32219366e8,3.36364622e8,3.37172792e8,3.31951951e8,3.34530082e8,3.46757974e8,3.32462393e8]}],["Trial",{"allocs":21392,"gctimes":[0.0,0.0,0.0,0.0,0.0,0.0,1.0414635e7,0.0,0.0,0.0,0.0,0.0,1.0369706e7,0.0,0.0],"memory":39824896,"params":["Parameters",{"gctrial":true,"time_tolerance":0.05,"samples":10000,"evals":1,"gcsample":false,"seconds":5.0,"overhead":0.0,"memory_tolerance":0.01}],"times":[3.55134235e8,3.53866191e8,3.45830991e8,3.36447636e8,3.35208581e8,3.47898535e8,3.64683414e8,3.37995514e8,3.3949257e8,3.47053322e8,3.37970392e8,3.36765559e8,3.46391568e8,3.35402547e8,3.45923762e8]}],["Trial",{"allocs":21504,"gctimes":[0.0,0.0,0.0,0.0,0.0,0.0,1.0225424e7,0.0,0.0,0.0,0.0,0.0,1.2653099e7,0.0,0.0],"memory":40054976,"params":["Parameters",{"gctrial":true,"time_tolerance":0.05,"samples":10000,"evals":1,"gcsample":false,"seconds":5.0,"overhead":0.0,"memory_tolerance":0.01}],"times":[3.45026759e8,3.39875828e8,3.39446794e8,3.44288176e8,3.39317669e8,3.40855745e8,3.55218982e8,3.40539824e8,3.38176759e8,3.43087719e8,3.57923399e8,3.57103626e8,3.69976235e8,3.41605679e8,3.56362002e8]}]],"medians":[99.810303,136.240529,204.363532,261.0825345,333.80828,345.830991,343.087719]}