{"lengs":[10.0],"benchmarks":[["Trial",{"allocs":2674,"gctimes":[0.0,0.0,0.0,0.0,0.0,0.0,0.0,0.0,0.0],"memory":3759184,"params":["Parameters",{"gctrial":true,"time_tolerance":0.05,"samples":10000,"evals":1,"gcsample":false,"seconds":5.0,"overhead":0.0,"memory_tolerance":0.01}],"times":[5.75462539e8,5.76129793e8,5.72828269e8,5.75436584e8,5.68553554e8,5.95560707e8,5.97400731e8,5.80938156e8,6.0466438e8]}]],"medians":[576.129793]}