{"lengs":[1.9998618696327441],"benchmarks":[["Trial",{"allocs":1497,"gctimes":[0.0,0.0,0.0,0.0,0.0,0.0,0.0,0.0,0.0,0.0,0.0,0.0,0.0,0.0,0.0,0.0,0.0,0.0,0.0,0.0,0.0,0.0,0.0,0.0,0.0,0.0,0.0,0.0,0.0,0.0,0.0,0.0,0.0,0.0,0.0,0.0,0.0,0.0,0.0,0.0,0.0,0.0,0.0,0.0,0.0,0.0,0.0,0.0,0.0,0.0,0.0,0.0,0.0,0.0,0.0,0.0,0.0,0.0,0.0,0.0,0.0,0.0,0.0,0.0,0.0,0.0,0.0,0.0,0.0,0.0,0.0,0.0,0.0,0.0,0.0,0.0,0.0,0.0,0.0,0.0,0.0,0.0,0.0,0.0,0.0,0.0,0.0,0.0,0.0,0.0,0.0,0.0,0.0,0.0,0.0,0.0,0.0,0.0,0.0,0.0,0.0,0.0,0.0,0.0,0.0,0.0,0.0,0.0,0.0,0.0,0.0,0.0,0.0,0.0,0.0,0.0,0.0,0.0,0.0,0.0,0.0,0.0,0.0,0.0,0.0,0.0,0.0,0.0,0.0,0.0,0.0,0.0,0.0,0.0,0.0,0.0,0.0,0.0,0.0,0.0,0.0,0.0,0.0,0.0,0.0,0.0,0.0,0.0,0.0,0.0,0.0,0.0,0.0,0.0,0.0,0.0,0.0,0.0,0.0,0.0,0.0,0.0,0.0,0.0,0.0,0.0,0.0,0.0,0.0,0.0,0.0,0.0,0.0,0.0,0.0,0.0,0.0,0.0,0.0,0.0,0.0,0.0,0.0,0.0,0.0,0.0,0.0,0.0,0.0,0.0,0.0,0.0,0.0,0.0,0.0,0.0,0.0,0.0,0.0,0.0,0.0,0.0,0.0,0.0,0.0,0.0,0.0,0.0,0.0,0.0,0.0,0.0,0.0,0.0,0.0,0.0,0.0,0.0,0.0,0.0,0.0,0.0,0.0,0.0,0.0,0.0,0.0,0.0,0.0,0.0,0.0,0.0,0.0,0.0,0.0,0.0,0.0,0.0,0.0,0.0,0.0,0.0,0.0,0.0,0.0,0.0,0.0,0.0,0.0,0.0,0.0,0.0,0.0,0.0,0.0,0.0,0.0,0.0,0.0,0.0,0.0,0.0,0.0,0.0,0.0,0.0,0.0,0.0,0.0,0.0,0.0,0.0,0.0,0.0,0.0,0.0,0.0,0.0,0.0,0.0,0.0,0.0,0.0,0.0,0.0,0.0,0.0,0.0,0.0,0.0,0.0,0.0,0.0,0.0,0.0,0.0,0.0,0.0,0.0,0.0,0.0,0.0,0.0,0.0,0.0,0.0,0.0,0.0,0.0,0.0,1.7263496e7,0.0,0.0,0.0,0.0,0.0,0.0,0.0,0.0,0.0,0.0,0.0,0.0,0.0,0.0,0.0,0.0,0.0,0.0,0.0,0.0,0.0,0.0,0.0,0.0,0.0,0.0,0.0,0.0,0.0,0.0,0.0,0.0,0.0,0.0,0.0,0.0,0.0,0.0,0.0,0.0,0.0,0.0,0.0,0.0,0.0,0.0,0.0,0.0,0.0,0.0,0.0,0.0,0.0,0.0,0.0,0.0,0.0,0.0,0.0,0.0,0.0,0.0,0.0,0.0,0.0,0.0,0.0,0.0,0.0,0.0,0.0,0.0,0.0,0.0,0.0,0.0,0.0,0.0,0.0,0.0,0.0,0.0,0.0,0.0,0.0,0.0,0.0,0.0,0.0,0.0,0.0,0.0,0.0,0.0,0.0,0.0,0.0,0.0,0.0,0.0,0.0,0.0,0.0,0.0,0.0,0.0,0.0,0.0,0.0,0.0,0.0,0.0,0.0,0.0,0.0,0.0],"memory":666304,"params":["Parameters",{"gctrial":true,"time_tolerance":0.05,"samples":10000,"evals":1,"gcsample":false,"seconds":5.0,"overhead":0.0,"memory_tolerance":0.01}],"times":[1.2373928e7,1.1683787e7,1.1613914e7,1.1555592e7,1.2066718e7,1.1673604e7,1.1636815e7,1.1755423e7,1.1713936e7,1.1647541e7,1.1569487e7,1.1610664e7,1.1579169e7,1.1577703e7,1.1543415e7,1.1601246e7,1.164297e7,1.1556228e7,1.1664799e7,1.1528392e7,1.1604105e7,1.1582497e7,1.1550585e7,1.1576364e7,1.1527896e7,1.1544556e7,1.1642968e7,1.155619e7,1.1583027e7,1.1670734e7,1.156539e7,1.1567869e7,1.1518995e7,1.1576943e7,1.1654474e7,1.1551579e7,1.1590872e7,1.1538872e7,1.1561556e7,1.1525354e7,1.1645192e7,1.15958e7,1.158146e7,1.1564619e7,1.1590236e7,1.1642799e7,1.1570584e7,1.157716e7,1.1743227e7,1.1588848e7,1.1530944e7,1.1727015e7,1.1669726e7,1.1649845e7,1.1699828e7,1.1578492e7,1.1754171e7,1.1788562e7,1.1637986e7,1.157731e7,1.1573123e7,1.1633347e7,1.1682085e7,1.1629807e7,1.1554287e7,1.1812008e7,1.1550946e7,1.156903e7,1.1588477e7,1.1670063e7,1.1680785e7,1.1636104e7,1.1900573e7,1.1600928e7,1.1559049e7,1.1669979e7,1.1551302e7,1.1611593e7,1.1560418e7,1.1562146e7,1.1662483e7,1.1671019e7,1.2551235e7,1.3750873e7,1.2883321e7,1.2839145e7,1.2583409e7,1.2435234e7,1.2678774e7,1.225345e7,1.2241573e7,1.2237859e7,1.2220615e7,1.2270185e7,1.2244163e7,1.2221393e7,1.2259111e7,1.222988e7,1.2258671e7,1.4099596e7,1.1565014e7,1.1627232e7,1.262063e7,1.1583294e7,1.1591784e7,1.1566689e7,1.1603556e7,1.1613306e7,1.1671319e7,1.1588328e7,1.156555e7,1.1594751e7,1.1614446e7,1.1563286e7,1.1592818e7,1.1624215e7,1.1573377e7,1.1573339e7,1.1589977e7,1.1634577e7,1.1591839e7,1.1582812e7,1.1596512e7,1.1554076e7,1.1613149e7,1.1598375e7,1.1562308e7,1.1599e7,1.1553346e7,1.1560624e7,1.1555657e7,1.1552061e7,1.1619685e7,1.1585438e7,1.1565801e7,1.1602816e7,1.1537025e7,1.1585073e7,1.1606687e7,1.1581671e7,1.1619673e7,1.1550282e7,1.1565047e7,1.1544866e7,1.1548841e7,1.162113e7,1.1594404e7,1.1577706e7,1.1571953e7,1.1567735e7,1.1585903e7,1.1669845e7,1.1571444e7,1.1618903e7,1.1565028e7,1.1563552e7,1.1559517e7,1.1632795e7,1.159044e7,1.1581129e7,1.1580185e7,1.1593657e7,1.1541192e7,1.159159e7,1.1575654e7,1.1531669e7,1.1611433e7,1.15468e7,1.1587182e7,1.1541544e7,1.2249007e7,1.2946694e7,1.2588784e7,1.1976703e7,1.2104801e7,1.1857601e7,1.1701069e7,1.1744796e7,1.1550867e7,1.1579503e7,1.1570823e7,1.1587963e7,1.1557595e7,1.1559939e7,1.1627003e7,1.156904e7,1.1579388e7,1.1675909e7,1.1579728e7,1.1703018e7,1.158088e7,1.1558038e7,1.1574375e7,1.1532011e7,1.1590615e7,1.1650067e7,1.1558721e7,1.1653707e7,1.1593836e7,1.1570395e7,1.1660869e7,1.1563136e7,1.1706507e7,1.168717e7,1.1549806e7,1.1693233e7,1.1534659e7,1.1567528e7,1.1581537e7,1.1569923e7,1.1721158e7,1.1585388e7,1.1576031e7,1.1669055e7,1.1540071e7,1.1614655e7,1.1594516e7,1.1573635e7,1.168471e7,1.1550434e7,1.1572349e7,1.1631645e7,1.1649552e7,1.1768187e7,1.1769488e7,1.1672511e7,1.1680289e7,1.1624615e7,1.1573484e7,1.1798479e7,1.1572255e7,1.1713937e7,1.1620531e7,1.1572502e7,1.1549454e7,1.1751327e7,1.1616924e7,1.16002e7,1.157128e7,1.1580007e7,1.1551153e7,1.1751732e7,1.1593716e7,1.1553151e7,1.1610592e7,1.1552278e7,1.1656465e7,1.1568238e7,1.1540348e7,1.1683252e7,1.1577295e7,1.1568236e7,1.1579063e7,1.1632846e7,1.1596962e7,1.1576157e7,1.1544457e7,1.1583573e7,1.1541086e7,1.1572272e7,1.3353046e7,1.2324961e7,1.1986317e7,1.1981544e7,1.2100122e7,1.1732226e7,1.1702795e7,1.1576723e7,1.1590264e7,1.155362e7,1.1576821e7,1.1546301e7,1.1581251e7,1.1566202e7,1.1541171e7,1.161824e7,1.1583286e7,1.1551212e7,1.1596271e7,1.1553209e7,1.5597285e7,1.1646561e7,1.1611673e7,1.1617567e7,1.1586936e7,1.1612406e7,1.1597637e7,1.1612795e7,1.1641232e7,1.1624596e7,1.1592854e7,1.1616869e7,1.1590521e7,1.1631908e7,1.1615151e7,1.1567377e7,1.160434e7,1.1571201e7,1.1601014e7,1.1598925e7,1.1589075e7,1.1652195e7,1.1594059e7,1.1596745e7,1.1598704e7,1.1563303e7,1.162172e7,1.1584776e7,1.1563471e7,1.1603002e7,2.8861441e7,1.2209151e7,1.1401246e7,1.1407308e7,1.1541185e7,1.1552749e7,1.145249e7,1.1424044e7,1.1412926e7,1.1435153e7,1.1376825e7,1.142457e7,1.1450654e7,1.1416188e7,1.1453149e7,1.1403863e7,1.1418231e7,1.1399272e7,1.1382022e7,1.1443483e7,1.1424716e7,1.1422703e7,1.1425499e7,1.1440568e7,1.1485952e7,1.1430631e7,1.1401953e7,1.1458602e7,1.137167e7,1.1423825e7,1.1406881e7,1.1394592e7,1.143459e7,1.1426544e7,1.1397959e7,1.1432541e7,1.154627e7,1.1755674e7,1.3072728e7,1.2689706e7,1.2091768e7,1.197103e7,1.1975753e7,1.1890413e7,1.1655788e7,1.1582495e7,1.1521264e7,1.1434985e7,1.1428794e7,1.1493159e7,1.145712e7,1.1432798e7,1.1389646e7,1.1472997e7,1.1403144e7,1.1401771e7,1.1504271e7,1.1383451e7,1.1491993e7,1.1429442e7,1.152918e7,1.1436567e7,1.1404672e7,1.1453285e7,1.1521287e7,1.1399532e7,1.2497881e7,1.1405104e7,1.1395273e7,1.1395732e7,1.139663e7,1.151117e7,1.1523326e7,1.1401608e7,1.1545942e7,1.1543638e7,1.1544224e7,1.1545195e7,1.1817093e7,1.1809857e7,1.1544361e7,1.1536665e7,1.1716459e7,1.1616737e7,1.1637243e7,1.1616126e7,1.1824804e7,1.1660769e7,1.164839e7,1.1707616e7,1.1585111e7,1.1554606e7,1.1750346e7,1.1580216e7,1.1619903e7,1.1557937e7,1.1720698e7,1.1614603e7,1.1728846e7,1.1605116e7,1.1700551e7,1.1557124e7,1.1685296e7,1.1601438e7,1.1527866e7,1.1531652e7,1.1498882e7,1.1509495e7,1.150054e7,1.1505298e7,1.1576909e7,1.1621855e7,1.1531189e7,1.1668541e7,1.1646532e7,1.1570787e7,1.1663241e7]}]],"medians":[11.585073]}