{"lengs":[10.0,21.544346900318832,46.4158883361278,100.0,215.44346900318845,464.15888336127773,1000.0],"benchmarks":[["Trial",{"allocs":3787,"gctimes":[0.0,0.0,0.0,0.0,0.0,0.0,0.0],"memory":19982080,"params":["Parameters",{"gctrial":true,"time_tolerance":0.05,"samples":10000,"evals":1,"gcsample":false,"seconds":5.0,"overhead":0.0,"memory_tolerance":0.01}],"times":[7.61889528e8,7.59746303e8,7.61065659e8,7.61009092e8,7.53263083e8,7.40890973e8,7.3857924e8]}],["Trial",{"allocs":4052,"gctimes":[0.0,0.0,0.0,0.0,0.0],"memory":21367792,"params":["Parameters",{"gctrial":true,"time_tolerance":0.05,"samples":10000,"evals":1,"gcsample":false,"seconds":5.0,"overhead":0.0,"memory_tolerance":0.01}],"times":[1.166036606e9,1.15003058e9,1.149102366e9,1.148874533e9,1.127911289e9]}],["Trial",{"allocs":7932,"gctimes":[0.0,0.0],"memory":41892672,"params":["Parameters",{"gctrial":true,"time_tolerance":0.05,"samples":10000,"evals":1,"gcsample":false,"seconds":5.0,"overhead":0.0,"memory_tolerance":0.01}],"times":[4.762580181e9,4.728718706e9]}],["Trial",{"allocs":8582,"gctimes":[0.0],"memory":46262512,"params":["Parameters",{"gctrial":true,"time_tolerance":0.05,"samples":10000,"evals":1,"gcsample":false,"seconds":5.0,"overhead":0.0,"memory_tolerance":0.01}],"times":[9.397884296e9]}],["Trial",{"allocs":9439,"gctimes":[0.0],"memory":52184752,"params":["Parameters",{"gctrial":true,"time_tolerance":0.05,"samples":10000,"evals":1,"gcsample":false,"seconds":5.0,"overhead":0.0,"memory_tolerance":0.01}],"times":[1.4564782469e10]}],["Trial",{"allocs":12457,"gctimes":[0.0],"memory":69436480,"params":["Parameters",{"gctrial":true,"time_tolerance":0.05,"samples":10000,"evals":1,"gcsample":false,"seconds":5.0,"overhead":0.0,"memory_tolerance":0.01}],"times":[2.1562508879e10]}],["Trial",{"allocs":14112,"gctimes":[0.0],"memory":78084352,"params":["Parameters",{"gctrial":true,"time_tolerance":0.05,"samples":10000,"evals":1,"gcsample":false,"seconds":5.0,"overhead":0.0,"memory_tolerance":0.01}],"times":[2.2414615149e10]}]],"medians":[759.746303,1149.102366,4745.6494435,9397.884296,14564.782469,21562.508879,22414.615149]}