{"lengs":[10.0,21.544346900318832,46.4158883361278,100.0,215.44346900318845,464.15888336127773,1000.0],"benchmarks":[["Trial",{"allocs":24847,"gctimes":[0.0,0.0,0.0],"memory":99165264,"params":["Parameters",{"gctrial":true,"time_tolerance":0.05,"samples":10000,"evals":1,"gcsample":false,"seconds":5.0,"overhead":0.0,"memory_tolerance":0.01}],"times":[2.00843275e9,2.002325333e9,2.000260143e9]}],["Trial",{"allocs":38864,"gctimes":[0.0,0.0],"memory":165744912,"params":["Parameters",{"gctrial":true,"time_tolerance":0.05,"samples":10000,"evals":1,"gcsample":false,"seconds":5.0,"overhead":0.0,"memory_tolerance":0.01}],"times":[3.783085241e9,3.774190131e9]}],["Trial",{"allocs":214433,"gctimes":[9.377702e6],"memory":838733296,"params":["Parameters",{"gctrial":true,"time_tolerance":0.05,"samples":10000,"evals":1,"gcsample":false,"seconds":5.0,"overhead":0.0,"memory_tolerance":0.01}],"times":[2.0317993578e10]}],["Trial",{"allocs":303194,"gctimes":[1.8500889e7],"memory":1304696016,"params":["Parameters",{"gctrial":true,"time_tolerance":0.05,"samples":10000,"evals":1,"gcsample":false,"seconds":5.0,"overhead":0.0,"memory_tolerance":0.01}],"times":[3.2791617808e10]}],["Trial",{"allocs":397807,"gctimes":[6.366064e7],"memory":1871813360,"params":["Parameters",{"gctrial":true,"time_tolerance":0.05,"samples":10000,"evals":1,"gcsample":false,"seconds":5.0,"overhead":0.0,"memory_tolerance":0.01}],"times":[4.9475152626e10]}],["Trial",{"allocs":592133,"gctimes":[5.0272589e7],"memory":2980713488,"params":["Parameters",{"gctrial":true,"time_tolerance":0.05,"samples":10000,"evals":1,"gcsample":false,"seconds":5.0,"overhead":0.0,"memory_tolerance":0.01}],"times":[8.0289000637e10]}],["Trial",{"allocs":660314,"gctimes":[5.6805128e7],"memory":3377870656,"params":["Parameters",{"gctrial":true,"time_tolerance":0.05,"samples":10000,"evals":1,"gcsample":false,"seconds":5.0,"overhead":0.0,"memory_tolerance":0.01}],"times":[9.2826700315e10]}]],"medians":[2002.325333,3778.637686,20317.993578,32791.617808,49475.152626,80289.000637,92826.700315]}