{"lengs":[10.0,21.544346900318832,46.4158883361278,100.0,215.44346900318845,464.15888336127773,1000.0],"benchmarks":[["Trial",{"allocs":3449257,"gctimes":[0.0,0.0],"memory":204294320,"params":["Parameters",{"gctrial":true,"time_tolerance":0.05,"samples":10000,"evals":1,"gcsample":false,"seconds":5.0,"overhead":0.0,"memory_tolerance":0.01}],"times":[3.76971711e9,3.744336889e9]}],["Trial",{"allocs":4625685,"gctimes":[0.0],"memory":270911024,"params":["Parameters",{"gctrial":true,"time_tolerance":0.05,"samples":10000,"evals":1,"gcsample":false,"seconds":5.0,"overhead":0.0,"memory_tolerance":0.01}],"times":[5.020587979e9]}],["Trial",{"allocs":19945986,"gctimes":[1.30305535e8],"memory":1138442192,"params":["Parameters",{"gctrial":true,"time_tolerance":0.05,"samples":10000,"evals":1,"gcsample":false,"seconds":5.0,"overhead":0.0,"memory_tolerance":0.01}],"times":[2.2132331554e10]}],["Trial",{"allocs":24116958,"gctimes":[1.23238525e8],"memory":1374628688,"params":["Parameters",{"gctrial":true,"time_tolerance":0.05,"samples":10000,"evals":1,"gcsample":false,"seconds":5.0,"overhead":0.0,"memory_tolerance":0.01}],"times":[2.6460033118e10]}],["Trial",{"allocs":28287930,"gctimes":[1.88721962e8],"memory":1610815184,"params":["Parameters",{"gctrial":true,"time_tolerance":0.05,"samples":10000,"evals":1,"gcsample":false,"seconds":5.0,"overhead":0.0,"memory_tolerance":0.01}],"times":[3.1001247629e10]}],["Trial",{"allocs":41148427,"gctimes":[2.07889408e8],"memory":2339056880,"params":["Parameters",{"gctrial":true,"time_tolerance":0.05,"samples":10000,"evals":1,"gcsample":false,"seconds":5.0,"overhead":0.0,"memory_tolerance":0.01}],"times":[4.5122165436e10]}],["Trial",{"allocs":45533295,"gctimes":[2.59741028e8],"memory":2587355504,"params":["Parameters",{"gctrial":true,"time_tolerance":0.05,"samples":10000,"evals":1,"gcsample":false,"seconds":5.0,"overhead":0.0,"memory_tolerance":0.01}],"times":[4.9840154931e10]}]],"medians":[3757.0269995,5020.587979,22132.331554,26460.033118,31001.247629,45122.165436,49840.154931]}