{"lengs":[19998.61869632745],"benchmarks":[["Trial",{"allocs":369191,"gctimes":[1.68891941e8],"memory":3364807136,"params":["Parameters",{"gctrial":true,"time_tolerance":0.05,"samples":10000,"evals":1,"gcsample":false,"seconds":5.0,"overhead":0.0,"memory_tolerance":0.01}],"times":[5.04709022571e11]}]],"medians":[504709.022571]}