{"lengs":[10.0],"benchmarks":[["Trial",{"allocs":2697,"gctimes":[0.0,0.0,0.0,0.0,0.0,0.0,0.0,0.0,0.0,0.0,0.0,0.0,0.0,0.0,0.0,0.0,0.0,0.0,0.0,0.0,0.0,0.0,0.0,0.0,0.0,0.0,0.0,0.0,0.0,0.0,0.0,0.0,0.0,0.0,0.0,0.0,0.0,0.0,0.0,0.0,0.0,0.0,0.0,0.0,0.0,0.0,0.0,0.0,0.0,0.0,0.0,0.0,0.0,0.0,0.0,0.0,0.0,0.0,0.0,0.0,0.0,0.0,0.0,0.0,0.0,0.0,0.0,0.0,0.0,0.0,0.0,0.0,0.0,0.0,0.0,0.0,0.0,0.0,0.0,0.0,0.0,1.1339319e7,0.0,0.0,0.0,0.0,0.0,0.0,0.0,0.0,0.0,0.0,0.0,0.0,0.0,0.0,0.0,0.0,0.0,0.0,0.0,0.0,0.0,0.0,0.0,0.0,0.0,0.0,0.0,0.0,0.0,0.0,0.0,0.0,0.0,0.0,0.0,0.0,0.0,0.0,0.0,0.0,0.0,0.0,0.0,0.0,0.0,0.0,0.0,0.0,0.0,0.0,0.0,0.0,0.0,0.0,0.0,0.0,0.0,0.0,0.0,0.0,0.0,0.0,0.0,0.0,0.0,0.0,0.0,0.0,0.0,0.0,0.0,0.0,0.0,0.0,0.0,0.0,0.0,0.0,0.0,0.0,1.125576e7,0.0,0.0,0.0,0.0,0.0,0.0,0.0,0.0,0.0,0.0,0.0,0.0,0.0,0.0,0.0,0.0,0.0,0.0,0.0,0.0,0.0,0.0,0.0,0.0,0.0,0.0,0.0,0.0,0.0,0.0,0.0,0.0,0.0,0.0,0.0,0.0,0.0,0.0,0.0,0.0,0.0,0.0,0.0,0.0,0.0,0.0,0.0,0.0,0.0,0.0,0.0,0.0,0.0,0.0,0.0,0.0,0.0,0.0,0.0,0.0,0.0,0.0,0.0,0.0,0.0,0.0,0.0,0.0,0.0,0.0,0.0,0.0,0.0,0.0,0.0,0.0,0.0,0.0,0.0],"memory":3080112,"params":["Parameters",{"gctrial":true,"time_tolerance":0.05,"samples":10000,"evals":1,"gcsample":false,"seconds":5.0,"overhead":0.0,"memory_tolerance":0.01}],"times":[1.8020264e7,1.7643373e7,1.7519819e7,1.7560417e7,1.8472919e7,1.8745232e7,1.8530594e7,1.8452215e7,1.8475009e7,1.9754371e7,1.9302854e7,1.9042028e7,1.8820111e7,1.8749027e7,1.8440201e7,1.8469184e7,1.8429605e7,1.8436062e7,1.8412093e7,1.8501696e7,1.8546617e7,1.8398964e7,1.8569562e7,1.8395196e7,1.8422048e7,1.8418444e7,1.8466062e7,1.8410866e7,1.8505002e7,1.8431288e7,1.8426788e7,1.8505748e7,1.8539883e7,1.8628896e7,1.8649418e7,1.8612952e7,1.8440601e7,1.8443162e7,1.842874e7,1.8458237e7,1.8599057e7,1.8440591e7,1.8495635e7,1.857115e7,1.842064e7,1.8520015e7,1.8487043e7,1.8404678e7,1.8508177e7,1.8513034e7,1.8408165e7,1.8453195e7,1.8417596e7,1.8497162e7,1.845124e7,1.8416438e7,1.8424538e7,1.8406415e7,1.8529324e7,1.835574e7,1.8456189e7,1.8436025e7,1.8460543e7,1.8435623e7,1.8398872e7,1.9248487e7,1.8890678e7,1.889592e7,1.8703571e7,1.8587493e7,1.8672352e7,1.8411589e7,1.8608343e7,1.8386428e7,1.8498468e7,1.8481777e7,1.844847e7,1.8493931e7,1.8502102e7,1.8565209e7,1.8512921e7,3.0083168e7,2.4561044e7,2.4719731e7,2.4700335e7,2.4741116e7,2.4781842e7,2.4687589e7,2.4752009e7,2.4792246e7,2.4655234e7,2.469557e7,2.476499e7,2.4653744e7,2.4746606e7,2.4666852e7,2.4682422e7,2.4675501e7,2.4652927e7,2.4637258e7,2.4674161e7,2.4698917e7,2.4741684e7,2.4638298e7,2.4694841e7,2.4782131e7,2.4741372e7,2.4746184e7,2.471626e7,2.4606347e7,2.4748952e7,2.4452862e7,2.3961155e7,2.4018824e7,2.3848823e7,2.3750484e7,2.3746888e7,2.3873792e7,2.3726845e7,2.3740567e7,2.3910658e7,2.3782041e7,2.3763719e7,2.3743345e7,2.3866143e7,2.3751332e7,2.3758124e7,2.3764637e7,2.3796807e7,2.3696885e7,2.3713492e7,2.3724139e7,2.3723321e7,2.3805289e7,2.2770231e7,1.9557995e7,1.9481345e7,1.9489824e7,1.9459847e7,1.9463855e7,1.947747e7,1.9455289e7,1.9461708e7,1.9462203e7,1.958028e7,1.960067e7,1.9558658e7,1.9521889e7,1.9474451e7,1.9552601e7,1.9570848e7,1.9462097e7,1.9487231e7,1.9589063e7,1.9450089e7,1.9469758e7,1.9499916e7,1.9555147e7,1.9522005e7,2.2187983e7,2.1905915e7,2.1923657e7,3.3048778e7,2.1616783e7,2.1591884e7,2.1477917e7,2.1420383e7,2.1548645e7,2.1439401e7,2.1490005e7,2.1522015e7,2.1532739e7,2.1423992e7,2.1492764e7,2.1402604e7,2.1512439e7,2.1418069e7,2.1390968e7,2.1438146e7,2.1526218e7,2.1471114e7,2.1473592e7,2.1405596e7,2.1442502e7,2.1415431e7,2.1453242e7,2.1532864e7,2.1508402e7,2.1471979e7,2.1496184e7,2.1428136e7,2.1430486e7,2.138138e7,2.1420204e7,2.1577623e7,2.1429622e7,2.1393806e7,2.1506681e7,2.1509124e7,2.1372741e7,2.1420297e7,2.1396555e7,2.1449827e7,2.1434573e7,2.1425815e7,2.1467349e7,2.1408646e7,2.190354e7,1.9959706e7,2.005915e7,1.9819539e7,1.9470946e7,1.9437905e7,1.9485758e7,1.9493031e7,1.9527169e7,1.9465625e7,1.9569042e7,1.9444848e7,1.9446525e7,1.9502622e7,1.9517081e7,1.9564241e7,1.9551523e7,1.9457872e7,1.9540515e7,1.9506632e7,1.9551851e7,1.9535036e7,1.9526217e7,1.9526689e7,1.9523811e7,1.9461137e7,1.971156e7,1.9491594e7,1.9595424e7,1.9524912e7,1.95225e7,1.9603903e7,1.951049e7,1.9462132e7,1.9526892e7]}]],"medians":[19.551687]}