{"lengs":[19.998618696327437],"benchmarks":[["Trial",{"allocs":136816,"gctimes":[0.0,0.0,0.0,0.0,0.0,0.0,0.0,0.0,0.0,0.0,0.0,0.0,0.0,0.0,0.0,0.0,0.0,0.0,0.0,0.0,2.2067624e7,0.0,0.0,0.0,0.0,0.0,0.0,0.0,0.0,0.0,0.0,0.0,0.0,0.0,0.0,0.0,0.0,0.0,0.0,0.0,0.0,2.189122e7,0.0,0.0,0.0,0.0,0.0,0.0,0.0,0.0,0.0,0.0,0.0,0.0,0.0,0.0,0.0,0.0,0.0,0.0,0.0,2.1906856e7,0.0,0.0,0.0,0.0,0.0,0.0,0.0,0.0,0.0,0.0,0.0,0.0,0.0,0.0,0.0,0.0,0.0,0.0,0.0,0.0,2.1863624e7,0.0,0.0,0.0,0.0,0.0,0.0,0.0,0.0,0.0,0.0,0.0,0.0,0.0,0.0,0.0,0.0,0.0,0.0,0.0,0.0,2.1849799e7,0.0,0.0,0.0,0.0,0.0,0.0,0.0,0.0,0.0,0.0,0.0,0.0,0.0,0.0,0.0,0.0,0.0,0.0,0.0,2.1796264e7,0.0,0.0,0.0,0.0,0.0,0.0,0.0,0.0,0.0,0.0,0.0,0.0,0.0,0.0,0.0,0.0,0.0,0.0,0.0,0.0,2.1842662e7,0.0,0.0,0.0,0.0,0.0,0.0,0.0,0.0,0.0,0.0,0.0,0.0,0.0,0.0,0.0,0.0,0.0,0.0,0.0,0.0,2.1787291e7,0.0,0.0,0.0,0.0,0.0,0.0,0.0,0.0,0.0,0.0,0.0,0.0,0.0,0.0,0.0,0.0,0.0,0.0,0.0,2.1785192e7,0.0,0.0,0.0,0.0,0.0,0.0,0.0,0.0,0.0,0.0,0.0,0.0,0.0,0.0,0.0,0.0,0.0,0.0,0.0,0.0,2.1786376e7,0.0,0.0,0.0,0.0,0.0,0.0,0.0,0.0,0.0,0.0,0.0,0.0,0.0,0.0,0.0,0.0,0.0,0.0,0.0,0.0,2.1912888e7,0.0,0.0,0.0,0.0,0.0,0.0,0.0,0.0,0.0,0.0,0.0,0.0,0.0,0.0,0.0,0.0,0.0,0.0,0.0,2.2789978e7,0.0,0.0,0.0,0.0,0.0,0.0,0.0,0.0,0.0,0.0,0.0,0.0,0.0,0.0,0.0,0.0,0.0,0.0,0.0,0.0,2.1142878e7,0.0,0.0,0.0,0.0,0.0,0.0,0.0,0.0,0.0,0.0,0.0,0.0,0.0,0.0,0.0,0.0,0.0,0.0,0.0,2.1116988e7,0.0,0.0,0.0,0.0,0.0,0.0,0.0,0.0,0.0,0.0,0.0,0.0,0.0,0.0,0.0,0.0,0.0,0.0,0.0,0.0,2.1082684e7,0.0,0.0,0.0,0.0,0.0,0.0,0.0,0.0,0.0,0.0,0.0,0.0,0.0,0.0,0.0,0.0,0.0,0.0,0.0,0.0,2.1726366e7,0.0,0.0,0.0,0.0,0.0,0.0,0.0,0.0,0.0,0.0,0.0,0.0,0.0,0.0,0.0,0.0,0.0,0.0,0.0,2.1087002e7,0.0,0.0,0.0,0.0,0.0,0.0,0.0,0.0,0.0,0.0,0.0,0.0,0.0,0.0,0.0,0.0,0.0,0.0,0.0,0.0,2.1139506e7,0.0,0.0,0.0,0.0,0.0,0.0,0.0,0.0,0.0,0.0,0.0,0.0,0.0,0.0,0.0,0.0,0.0,0.0,0.0,0.0,2.1056984e7,0.0,0.0,0.0,0.0,0.0,0.0,0.0,0.0,0.0,0.0,0.0,0.0,0.0,0.0,0.0,0.0,0.0,0.0,0.0,2.1039519e7,0.0,0.0,0.0,0.0,0.0,0.0,0.0,0.0,0.0,0.0,0.0,0.0,0.0,0.0,0.0,0.0,0.0,0.0,0.0,0.0,2.1258985e7,0.0,0.0,0.0,0.0,0.0,0.0,0.0,0.0,0.0,0.0,0.0,0.0,0.0,0.0,0.0,0.0,0.0,0.0,0.0,0.0,2.1081189e7,0.0,0.0,0.0,0.0,0.0,0.0,0.0,0.0,0.0,0.0,0.0,0.0,0.0,0.0,0.0,0.0,0.0,0.0,0.0,2.1134857e7,0.0,0.0,0.0,0.0,0.0,0.0,0.0,0.0,0.0,0.0,0.0],"memory":10053384,"params":["Parameters",{"gctrial":true,"time_tolerance":0.05,"samples":10000,"evals":1,"gcsample":false,"seconds":5.0,"overhead":0.0,"memory_tolerance":0.01}],"times":[1.0743101e7,1.0929938e7,1.1371117e7,1.1533609e7,1.1484496e7,1.1474705e7,1.1484107e7,1.1781876e7,1.182532e7,1.1674701e7,1.1556535e7,1.1595643e7,1.1608017e7,1.169788e7,1.1824976e7,1.19193e7,1.2117893e7,1.234958e7,1.1998668e7,1.2329443e7,3.3458302e7,9.67663e6,9.037922e6,9.02572e6,9.035684e6,8.999326e6,8.925485e6,8.959639e6,8.986572e6,1.0003482e7,1.1375019e7,1.0917298e7,1.0605702e7,1.0714994e7,1.0823882e7,1.076663e7,1.0827529e7,1.1288634e7,1.119499e7,1.1183338e7,1.1333696e7,3.1164399e7,8.836608e6,8.210649e6,8.18872e6,8.077122e6,8.118113e6,8.147241e6,8.240515e6,8.173421e6,1.0011059e7,1.0109445e7,1.0184627e7,1.0344721e7,1.0499531e7,1.0622958e7,1.0706414e7,1.076051e7,1.1328645e7,1.1079245e7,1.1355035e7,3.3186341e7,8.920793e6,8.184955e6,8.150173e6,8.201461e6,8.183486e6,8.160636e6,8.201343e6,8.153452e6,8.499165e6,1.0351098e7,1.016516e7,1.0278708e7,1.0407313e7,1.0575394e7,1.0587642e7,1.0659584e7,1.0918194e7,1.1388503e7,1.1064814e7,1.1426218e7,3.2016811e7,8.780653e6,8.113564e6,8.201786e6,8.137682e6,8.125822e6,8.200966e6,8.156271e6,8.180139e6,9.370006e6,1.0213134e7,1.0158305e7,1.0302602e7,1.050371e7,1.0530577e7,1.0670049e7,1.0690187e7,1.1218251e7,1.1097311e7,1.1242947e7,1.1336469e7,3.0853719e7,8.782623e6,8.163749e6,8.128228e6,8.102711e6,8.096001e6,7.979677e6,8.152207e6,8.122481e6,1.0164435e7,1.0115898e7,1.0214925e7,1.0341164e7,1.0579403e7,1.0577954e7,1.0641961e7,1.0713674e7,1.1265237e7,1.0689556e7,1.1047021e7,3.2552903e7,8.62159e6,8.442197e6,8.326074e6,8.128392e6,8.246304e6,8.128099e6,8.07472e6,8.043826e6,8.415486e6,1.0091785e7,9.807167e6,9.971072e6,1.0116898e7,1.0336091e7,1.0369655e7,1.0482199e7,1.0734057e7,1.1066158e7,1.0863267e7,1.1076292e7,3.1434377e7,8.525623e6,7.904857e6,7.936081e6,7.861195e6,7.916145e6,7.884186e6,7.929045e6,7.928141e6,9.336236e6,9.809984e6,9.96526e6,9.98876e6,1.0192524e7,1.0288255e7,1.0381384e7,1.039478e7,1.0934971e7,1.0847633e7,1.0957284e7,1.1009876e7,3.0298252e7,8.504809e6,7.973004e6,7.933364e6,7.900696e6,7.839707e6,7.866638e6,7.929968e6,7.847391e6,1.005691e7,9.797357e6,9.948855e6,1.0028442e7,1.0202888e7,1.0224618e7,1.0400154e7,1.0634713e7,1.1139593e7,1.0685107e7,1.1067482e7,3.2234677e7,8.589796e6,7.894026e6,7.879577e6,7.89274e6,7.830651e6,7.894292e6,7.867133e6,7.864212e6,8.581908e6,9.989388e6,9.903789e6,1.0004213e7,1.0110265e7,1.0314374e7,1.032658e7,1.0496052e7,1.0806938e7,1.1038354e7,1.0849285e7,1.1061216e7,3.1190843e7,8.573016e6,7.991597e6,7.976666e6,7.908799e6,7.95717e6,7.925001e6,7.925612e6,7.888625e6,9.485133e6,9.865755e6,9.85169e6,1.0026672e7,1.021983e7,1.0314649e7,1.0329357e7,1.0339259e7,1.1062552e7,1.0807019e7,1.1018974e7,1.1616045e7,3.0713661e7,8.761737e6,8.152995e6,8.050195e6,8.243673e6,8.158164e6,8.212823e6,8.025792e6,8.032215e6,1.006095e7,9.805137e6,1.004246e7,1.0191076e7,1.0295002e7,1.0367283e7,1.0419713e7,1.0592267e7,1.111255e7,1.0738126e7,1.2352018e7,3.3419748e7,8.701896e6,8.034964e6,7.990898e6,7.946788e6,7.861332e6,7.974575e6,7.999731e6,7.88529e6,8.787558e6,1.0109245e7,1.0123601e7,1.0361478e7,1.0429447e7,1.046556e7,1.0409299e7,1.0013807e7,1.0043935e7,1.0189515e7,1.0167252e7,1.0316892e7,2.9654841e7,7.886212e6,7.321737e6,7.3666e6,7.289994e6,7.28581e6,7.281299e6,7.304202e6,7.345113e6,8.954653e6,9.111818e6,9.200136e6,9.376676e6,9.599065e6,9.565467e6,9.718727e6,9.67723e6,1.0341081e7,1.00258e7,1.0297863e7,3.1471632e7,8.004633e6,7.312809e6,7.282872e6,7.314175e6,7.229849e6,7.237733e6,7.281011e6,7.281651e6,7.575707e6,9.408502e6,9.175855e6,9.397948e6,9.339682e6,9.529411e6,9.632228e6,9.732463e6,9.905634e6,1.0464216e7,9.985578e6,1.0344216e7,3.0482713e7,7.96725e6,7.334682e6,7.301189e6,7.294848e6,7.323848e6,7.273283e6,7.354878e6,7.367614e6,8.309957e6,9.245724e6,9.148707e6,9.258591e6,9.512672e6,9.516877e6,9.616928e6,9.723323e6,1.0219586e7,1.0185977e7,1.0201916e7,1.0366944e7,3.0956317e7,8.022399e6,7.576268e6,7.4655e6,7.464508e6,7.264934e6,7.451778e6,7.371475e6,7.274598e6,9.092881e6,9.09541e6,9.224861e6,9.312474e6,9.482176e6,9.60135e6,9.670296e6,9.783035e6,1.0325121e7,1.0025721e7,1.0309282e7,3.1267998e7,7.971817e6,7.34615e6,7.330486e6,7.291555e6,7.312755e6,7.282016e6,7.268899e6,7.331035e6,7.640693e6,9.368906e6,9.179609e6,9.455156e6,9.492554e6,9.623695e6,9.586333e6,9.918492e6,9.93684e6,1.0455893e7,1.0008661e7,1.066951e7,3.0223839e7,7.889146e6,7.247211e6,7.279327e6,7.273802e6,7.265468e6,7.265549e6,7.330181e6,7.295209e6,8.517578e6,9.19683e6,9.187352e6,9.304628e6,9.500898e6,9.54574e6,9.663235e6,9.616901e6,1.0203725e7,1.0090677e7,1.0268915e7,1.0331672e7,2.9137391e7,7.897111e6,7.315436e6,7.338551e6,7.279098e6,7.233735e6,7.26324e6,7.317551e6,7.333525e6,9.241083e6,9.206877e6,9.263548e6,9.327253e6,9.54521e6,9.626668e6,9.704714e6,9.817307e6,1.0408883e7,1.0034533e7,1.0308494e7,3.0899005e7,7.930551e6,7.264378e6,7.288713e6,7.311877e6,7.264899e6,7.254203e6,7.429474e6,7.385416e6,7.795475e6,9.324351e6,9.066079e6,9.25738e6,9.38714e6,9.530089e6,9.561961e6,9.747625e6,1.0085527e7,1.029889e7,1.0031349e7,1.0326217e7,3.0152857e7,8.594945e6,8.030776e6,7.837606e6,7.330423e6,7.41353e6,7.433249e6,7.433399e6,7.297351e6,8.842397e6,9.243333e6,9.322035e6,9.371383e6,9.521875e6,9.587659e6,9.681414e6,9.674369e6,1.0262026e7,1.0067601e7,1.0267737e7,1.0424323e7,2.8938476e7,7.851934e6,7.252391e6,7.356734e6,7.292511e6,7.26547e6,7.293538e6,7.324547e6,7.248294e6,9.327171e6,9.06022e6,9.358796e6,9.299787e6,9.508108e6,9.595127e6,9.683768e6,9.827518e6,1.0359712e7,9.894919e6,1.0399808e7,3.0880794e7,7.89257e6,7.318281e6,7.32877e6,7.254452e6,7.246431e6,7.323745e6,7.273593e6,7.288596e6,7.949918e6,9.35824e6,9.134868e6]}]],"medians":[9.52975]}