{"lengs":[10.0,21.544346900318832,46.4158883361278,100.0,215.44346900318845,464.15888336127773,1000.0],"benchmarks":[["Trial",{"allocs":21557,"gctimes":[0.0],"memory":220730336,"params":["Parameters",{"gctrial":true,"time_tolerance":0.05,"samples":10000,"evals":1,"gcsample":false,"seconds":5.0,"overhead":0.0,"memory_tolerance":0.01}],"times":[9.327231436e9]}],["Trial",{"allocs":35491,"gctimes":[0.0],"memory":379045408,"params":["Parameters",{"gctrial":true,"time_tolerance":0.05,"samples":10000,"evals":1,"gcsample":false,"seconds":5.0,"overhead":0.0,"memory_tolerance":0.01}],"times":[1.7606914934e10]}],["Trial",{"allocs":52737,"gctimes":[0.0],"memory":591694800,"params":["Parameters",{"gctrial":true,"time_tolerance":0.05,"samples":10000,"evals":1,"gcsample":false,"seconds":5.0,"overhead":0.0,"memory_tolerance":0.01}],"times":[3.0459896519e10]}],["Trial",{"allocs":75187,"gctimes":[1.0609449e7],"memory":885273312,"params":["Parameters",{"gctrial":true,"time_tolerance":0.05,"samples":10000,"evals":1,"gcsample":false,"seconds":5.0,"overhead":0.0,"memory_tolerance":0.01}],"times":[4.9265575777e10]}],["Trial",{"allocs":112310,"gctimes":[2.5739973e7],"memory":1379359040,"params":["Parameters",{"gctrial":true,"time_tolerance":0.05,"samples":10000,"evals":1,"gcsample":false,"seconds":5.0,"overhead":0.0,"memory_tolerance":0.01}],"times":[8.2859947215e10]}],["Trial",{"allocs":179870,"gctimes":[6.0307317e7],"memory":2318812496,"params":["Parameters",{"gctrial":true,"time_tolerance":0.05,"samples":10000,"evals":1,"gcsample":false,"seconds":5.0,"overhead":0.0,"memory_tolerance":0.01}],"times":[1.50025615097e11]}],["Trial",{"allocs":212387,"gctimes":[6.8447877e7],"memory":2807808112,"params":["Parameters",{"gctrial":true,"time_tolerance":0.05,"samples":10000,"evals":1,"gcsample":false,"seconds":5.0,"overhead":0.0,"memory_tolerance":0.01}],"times":[2.01778003757e11]}]],"medians":[9327.231436,17606.914934,30459.896519,49265.575777,82859.947215,150025.615097,201778.003757]}