{"lengs":[10.0],"benchmarks":[["Trial",{"allocs":1228,"gctimes":[0.0,0.0,0.0,0.0,0.0,0.0,0.0,0.0,0.0,0.0,0.0,0.0,0.0,0.0,0.0,0.0,0.0,0.0,0.0,0.0,0.0,0.0,0.0,0.0,0.0,0.0,0.0,0.0,0.0,0.0,0.0,0.0,0.0,0.0,0.0,0.0,0.0,0.0,0.0,0.0,0.0,0.0,0.0,0.0,0.0,0.0,0.0,0.0,0.0,0.0,0.0,0.0,0.0,0.0,0.0,0.0,0.0,0.0,0.0,0.0,0.0,0.0,0.0,0.0,0.0,0.0,0.0,0.0,0.0,0.0,0.0,0.0,0.0,0.0,0.0,9.581166e6,0.0,0.0,0.0,0.0,0.0,0.0,0.0,0.0,0.0,0.0,0.0,0.0,0.0,0.0,0.0,0.0,0.0,0.0,0.0,0.0,0.0,0.0,0.0,0.0,0.0,0.0,0.0,0.0,0.0,0.0,0.0,0.0,0.0,0.0,0.0,0.0,0.0,0.0,0.0,0.0,0.0,0.0,0.0,0.0,0.0,0.0,0.0,0.0,0.0,0.0,0.0,0.0,0.0,0.0,0.0,0.0,0.0,0.0,0.0,0.0,0.0,0.0,0.0,0.0,0.0,0.0,0.0,0.0,0.0,0.0,0.0,0.0,0.0,0.0,9.17929e6,0.0,0.0,0.0,0.0,0.0,0.0,0.0,0.0,0.0,0.0,0.0,0.0,0.0,0.0,0.0,0.0,0.0,0.0,0.0,0.0,0.0,0.0,0.0,0.0,0.0,0.0,0.0,0.0,0.0,0.0,0.0,0.0,0.0,0.0,0.0,0.0,0.0,0.0,0.0,0.0,0.0,0.0,0.0,0.0,0.0,0.0,0.0,0.0,0.0,0.0,0.0,0.0,0.0,0.0,0.0,0.0,0.0,0.0,0.0,0.0,0.0,0.0,0.0,0.0,0.0,0.0,0.0,0.0,0.0,0.0,0.0,0.0,0.0,0.0,8.82783e6,0.0,0.0,0.0,0.0,0.0,0.0,0.0,0.0,0.0,0.0,0.0,0.0,0.0,0.0,0.0,0.0,0.0,0.0,0.0,0.0,0.0,0.0,0.0,0.0,0.0,0.0,0.0,0.0,0.0,0.0,0.0,0.0,0.0,0.0,0.0,0.0,0.0,0.0,0.0,0.0,0.0,0.0,0.0,0.0,0.0,0.0,0.0,0.0,0.0,0.0,0.0,0.0,0.0,0.0,0.0,0.0,0.0,0.0,0.0,0.0,0.0,0.0,0.0,0.0,0.0,0.0,0.0,0.0,0.0,0.0,0.0,0.0,0.0,0.0,0.0,8.686678e6,0.0,0.0,0.0,0.0,0.0,0.0,0.0,0.0,0.0,0.0,0.0,0.0,0.0,0.0,0.0,0.0,0.0,0.0,0.0,0.0,0.0,0.0,0.0,0.0,0.0,0.0,0.0,0.0,0.0,0.0,0.0,0.0,0.0,0.0,0.0,0.0,0.0,0.0,0.0,0.0,0.0,0.0,0.0,0.0,0.0,0.0,0.0,0.0,0.0,0.0,0.0,0.0,0.0,0.0,0.0,0.0,0.0,0.0,0.0,0.0,0.0,0.0,0.0,0.0,0.0,0.0,0.0,0.0,0.0,0.0,0.0,0.0,0.0,0.0,0.0,8.655249e6,0.0,0.0,0.0,0.0,0.0,0.0,0.0,0.0,0.0,0.0,0.0,0.0,0.0,0.0,0.0,0.0,0.0,0.0,0.0,0.0,0.0,0.0,0.0,0.0,0.0,0.0,0.0,0.0,0.0,0.0,0.0,0.0,0.0,0.0,0.0,0.0,0.0,0.0,0.0,0.0,0.0,0.0,0.0,0.0,0.0,0.0,0.0,0.0,0.0,0.0,0.0,0.0,0.0,0.0,0.0,0.0,0.0,0.0,0.0,0.0,0.0,0.0,0.0,0.0,0.0,0.0,0.0,0.0,0.0,0.0,0.0,0.0,0.0,0.0,8.687251e6,0.0,0.0,0.0,0.0,0.0,0.0,0.0,0.0,0.0,0.0,0.0,0.0,0.0,0.0,0.0,0.0,0.0,0.0,0.0,0.0,0.0,0.0,0.0,0.0,0.0,0.0,0.0,0.0,0.0,0.0,0.0,0.0,0.0,0.0,0.0,0.0,0.0,0.0,0.0,0.0,0.0,0.0,0.0,0.0,0.0,0.0,0.0,0.0,0.0,0.0,0.0,0.0,0.0,0.0,0.0,0.0,0.0,0.0,0.0,0.0,0.0,0.0,0.0,0.0,0.0,0.0,0.0,0.0,0.0,0.0,0.0,0.0,0.0,0.0,0.0,8.758603e6,0.0,0.0,0.0,0.0,0.0,0.0,0.0,0.0,0.0,0.0,0.0,0.0,0.0,0.0,0.0,0.0,0.0,0.0,0.0,0.0,0.0,0.0,0.0,0.0,0.0,0.0,0.0,0.0,0.0,0.0,0.0,0.0,0.0,0.0,0.0,0.0,0.0,0.0,0.0,0.0,0.0,0.0,0.0,0.0,0.0,0.0,0.0,0.0,0.0,0.0,0.0,0.0,0.0,0.0,0.0,0.0,0.0,0.0,0.0,0.0,0.0,0.0,0.0,0.0,0.0,0.0,0.0,0.0,0.0,0.0,0.0,0.0,0.0,0.0,0.0,8.74811e6,0.0,0.0,0.0,0.0,0.0,0.0,0.0,0.0,0.0,0.0,0.0,0.0,0.0,0.0,0.0,0.0,0.0,0.0,0.0,0.0,0.0,0.0,0.0,0.0,0.0],"memory":3325296,"params":["Parameters",{"gctrial":true,"time_tolerance":0.05,"samples":10000,"evals":1,"gcsample":false,"seconds":5.0,"overhead":0.0,"memory_tolerance":0.01}],"times":[8.962098e6,8.204012e6,8.257674e6,8.220508e6,8.155048e6,8.145548e6,8.154019e6,9.169017e6,9.104879e6,8.542543e6,8.365755e6,8.363333e6,8.417939e6,8.10733e6,8.38116e6,8.11867e6,8.20354e6,8.145792e6,8.118521e6,8.157745e6,8.139028e6,8.140829e6,8.138974e6,8.191982e6,8.108262e6,8.133098e6,8.197528e6,8.164161e6,8.136075e6,8.11872e6,8.121647e6,8.160788e6,8.172011e6,8.190232e6,8.120831e6,8.056192e6,8.145237e6,8.153276e6,8.173734e6,8.116067e6,8.114951e6,8.143913e6,8.192331e6,8.130082e6,8.136922e6,8.13794e6,8.099296e6,8.175064e6,8.076596e6,8.188479e6,8.125743e6,8.123663e6,8.125297e6,8.132631e6,8.190325e6,8.161872e6,8.160163e6,8.126382e6,8.175272e6,8.123366e6,8.180561e6,8.1776e6,8.122039e6,8.222151e6,8.218474e6,8.165421e6,8.10892e6,8.143547e6,8.183247e6,8.145198e6,8.143188e6,8.18494e6,8.201716e6,8.151657e6,8.209224e6,1.8093942e7,8.943732e6,8.008412e6,7.981338e6,8.501551e6,7.699151e6,7.766184e6,7.695514e6,7.820434e6,7.756893e6,7.697298e6,7.740365e6,7.744302e6,7.714868e6,7.728128e6,7.915371e6,7.711542e6,7.721546e6,7.75952e6,7.765157e6,7.698208e6,7.70514e6,7.700904e6,7.698432e6,7.707925e6,7.713167e6,7.655552e6,7.684665e6,7.684127e6,7.68438e6,7.672032e6,7.78157e6,7.765679e6,7.664251e6,7.628334e6,7.704925e6,7.653258e6,7.677433e6,7.721801e6,7.676118e6,7.722436e6,7.686995e6,7.690645e6,7.684895e6,7.721949e6,7.655599e6,7.671036e6,7.65554e6,7.679104e6,7.700437e6,7.751145e6,7.637712e6,7.708372e6,7.722907e6,7.709793e6,7.757424e6,7.699739e6,7.73285e6,7.70257e6,7.679456e6,8.185889e6,7.842485e6,8.196983e6,8.022425e6,7.939868e6,7.897756e6,7.674485e6,7.918324e6,7.892727e6,7.905502e6,7.840477e6,7.740831e6,7.72442e6,7.785517e6,7.712588e6,1.7176783e7,7.77556e6,7.706388e6,7.775952e6,7.717119e6,7.746222e6,7.692641e6,7.705254e6,7.68542e6,7.720808e6,7.67796e6,7.684383e6,7.693818e6,7.67852e6,7.683888e6,7.748592e6,7.706743e6,7.68666e6,7.747e6,7.695794e6,7.696172e6,7.6991e6,7.735961e6,7.723983e6,7.686913e6,7.755412e6,7.67954e6,7.715209e6,7.665413e6,7.718361e6,7.716813e6,7.688792e6,7.698369e6,7.68904e6,7.671711e6,7.686923e6,7.684821e6,7.683473e6,7.667071e6,7.711087e6,7.672593e6,7.721834e6,7.733021e6,7.718328e6,7.668013e6,7.654708e6,7.67352e6,7.69362e6,7.707124e6,7.659727e6,7.669664e6,7.639561e6,7.668344e6,7.711491e6,7.738271e6,7.699199e6,7.719183e6,7.681364e6,7.673473e6,7.704418e6,7.686787e6,7.694564e6,7.612123e6,7.721404e6,7.724913e6,7.73651e6,7.686398e6,7.75343e6,7.649347e6,7.635172e6,7.64547e6,7.639185e6,7.746401e6,7.640995e6,7.706903e6,1.6778483e7,7.703054e6,7.680177e6,7.667997e6,7.668672e6,7.676794e6,7.721629e6,7.718859e6,7.765966e6,7.71873e6,7.66805e6,7.679441e6,7.691436e6,7.733581e6,7.680289e6,7.669466e6,7.711052e6,7.723615e6,7.702999e6,7.671394e6,7.696724e6,7.667824e6,7.702697e6,7.702387e6,7.681658e6,7.680083e6,7.719134e6,7.721622e6,7.725214e6,7.733741e6,7.701582e6,7.671234e6,7.674942e6,7.706958e6,7.677249e6,7.691227e6,7.737314e6,7.700581e6,7.667738e6,7.706148e6,7.664139e6,7.686963e6,7.695438e6,8.37881e6,8.167493e6,8.039999e6,8.046571e6,7.729476e6,7.807783e6,7.778486e6,7.758177e6,7.773533e6,7.705804e6,7.72783e6,7.766612e6,7.773824e6,7.689037e6,7.689021e6,7.713981e6,7.757389e6,7.695321e6,7.659696e6,7.67607e6,7.64719e6,7.626326e6,7.628717e6,7.637713e6,7.63004e6,7.629383e6,7.68998e6,7.649747e6,7.704715e6,7.590589e6,7.679517e6,7.658731e6,7.785746e6,1.6645114e7,7.723945e6,7.719856e6,7.674459e6,7.679971e6,7.672997e6,7.70205e6,7.778163e6,7.676684e6,7.69185e6,7.676437e6,7.697731e6,7.700391e6,7.69242e6,7.753878e6,7.675834e6,7.679195e6,7.69827e6,7.685276e6,7.696106e6,7.692245e6,7.691573e6,7.666681e6,7.683865e6,7.736586e6,7.704538e6,7.694723e6,7.703169e6,7.708819e6,7.711488e6,7.722705e6,7.713401e6,7.660974e6,7.681718e6,7.684782e6,7.687347e6,7.681414e6,7.75619e6,7.754717e6,7.717223e6,7.663542e6,7.656341e6,7.689756e6,7.709337e6,7.685795e6,7.650477e6,7.705207e6,7.741167e6,7.768859e6,7.666131e6,7.657004e6,7.671634e6,7.680663e6,7.706749e6,7.709293e6,7.752292e6,7.710515e6,7.744538e6,7.671626e6,7.723605e6,7.667623e6,7.669771e6,7.628388e6,7.626036e6,7.642785e6,7.688217e6,7.622959e6,7.691535e6,7.735762e6,7.695366e6,7.662119e6,7.61824e6,7.650587e6,7.731307e6,7.724209e6,7.691108e6,1.6586315e7,7.692717e6,7.669994e6,7.631011e6,7.658399e6,7.656739e6,7.669966e6,7.680293e6,7.718656e6,7.663209e6,7.676337e6,7.702999e6,7.732953e6,7.684502e6,7.725709e6,7.690188e6,7.740805e6,7.684149e6,7.675862e6,7.693842e6,7.678022e6,7.674028e6,7.673175e6,8.224651e6,8.182495e6,7.925224e6,8.058469e6,8.065997e6,8.039704e6,8.088088e6,7.906645e6,8.011162e6,8.138416e6,7.976348e6,7.881875e6,7.870389e6,7.866929e6,7.932892e6,7.89771e6,7.908471e6,7.876297e6,7.929155e6,7.892852e6,7.986047e6,7.929314e6,7.841893e6,7.865782e6,7.91274e6,7.892484e6,7.884305e6,7.857811e6,7.846052e6,7.911279e6,7.910395e6,7.928794e6,7.92832e6,7.925796e6,7.914045e6,7.892851e6,7.871412e6,7.90921e6,7.863557e6,7.826499e6,7.87106e6,7.88954e6,7.834078e6,7.891909e6,7.82469e6,7.847007e6,7.84459e6,7.868661e6,7.887146e6,7.805303e6,7.867706e6,7.865224e6,1.6881641e7,7.928939e6,7.874985e6,7.869994e6,7.892264e6,7.930986e6,7.924773e6,7.919423e6,7.884106e6,7.885796e6,7.936655e6,7.892364e6,7.880332e6,7.903645e6,7.920251e6,7.894253e6,7.903209e6,7.882329e6,7.910455e6,7.962653e6,7.895603e6,7.911729e6,7.883855e6,