{"lengs":[10.0],"benchmarks":[["Trial",{"allocs":5361,"gctimes":[0.0,0.0,0.0,0.0,0.0,0.0,0.0,0.0,0.0,0.0,0.0,0.0,0.0,0.0,0.0,0.0,0.0,0.0,0.0,0.0,0.0,0.0,0.0,0.0,0.0,0.0,0.0,0.0,0.0,0.0,0.0,0.0],"memory":2197344,"params":["Parameters",{"gctrial":true,"time_tolerance":0.05,"samples":10000,"evals":1,"gcsample":false,"seconds":5.0,"overhead":0.0,"memory_tolerance":0.01}],"times":[1.56434077e8,1.54948542e8,1.54747518e8,1.64998693e8,1.64737197e8,1.57220612e8,1.59841023e8,1.57170296e8,1.57529395e8,1.57771417e8,1.5771879e8,1.55744849e8,1.5527399e8,1.55537256e8,1.57144636e8,1.54603989e8,1.56830783e8,1.56490022e8,1.57876745e8,1.60062052e8,1.61848624e8,1.61455073e8,1.60733713e8,1.58715269e8,1.59802254e8,1.59593638e8,1.59808033e8,1.596682e8,1.60278239e8,1.59691672e8,1.59456649e8,1.59901562e8]}]],"medians":[158.296007]}