{"lengs":[10.0],"benchmarks":[["Trial",{"allocs":9128,"gctimes":[0.0,0.0,0.0,0.0,0.0,0.0,0.0,0.0,0.0,0.0,0.0,0.0,0.0,0.0,1.0136758e7,0.0,0.0,0.0,0.0,0.0,0.0,0.0,0.0,0.0,0.0,0.0,0.0,0.0,0.0,1.0098186e7,0.0,0.0,0.0,0.0,0.0,0.0,0.0,0.0,0.0,0.0,0.0,0.0,0.0,0.0,1.0053018e7,0.0,0.0,0.0,0.0,0.0],"memory":16922512,"params":["Parameters",{"gctrial":true,"time_tolerance":0.05,"samples":10000,"evals":1,"gcsample":false,"seconds":5.0,"overhead":0.0,"memory_tolerance":0.01}],"times":[1.0227849e8,9.9436283e7,9.9809684e7,9.9911948e7,9.9589598e7,9.9129171e7,9.9414866e7,9.9266e7,9.9797385e7,1.02093042e8,1.05190506e8,9.9356131e7,1.00029209e8,9.9731091e7,1.10077273e8,1.00159161e8,9.9216037e7,9.8965736e7,9.9680924e7,9.9041885e7,1.04375485e8,9.8934487e7,1.00011288e8,9.9067591e7,9.9300332e7,9.9046712e7,9.8989726e7,9.8800664e7,9.9285092e7,1.10165645e8,1.04335787e8,1.00669155e8,1.00101298e8,9.9299777e7,9.9614177e7,9.9023117e7,9.942498e7,9.8820095e7,9.9344339e7,9.9109281e7,1.00691473e8,1.03038595e8,9.9564115e7,9.9292296e7,1.102664e8,9.9252355e7,9.9328692e7,9.9798999e7,9.9340273e7,9.8967728e7]}]],"medians":[99.4306315]}