{"lengs":[10.0,21.544346900318832,46.4158883361278,100.0,215.44346900318845,464.15888336127773,1000.0],"benchmarks":[["Trial",{"allocs":1906,"gctimes":[0.0,0.0,0.0,0.0,0.0,0.0,0.0,0.0,0.0,0.0,0.0,0.0,0.0,0.0,0.0,0.0,0.0,0.0,0.0,0.0,0.0,0.0,0.0,0.0,0.0,0.0,0.0,0.0,0.0,0.0,0.0,0.0,0.0,0.0,0.0,0.0,0.0,0.0,0.0,0.0,0.0,0.0,0.0,0.0,0.0,0.0,0.0,0.0,0.0,0.0,0.0,0.0,0.0,0.0,0.0,0.0,0.0,0.0,0.0,0.0,0.0,0.0,0.0,0.0],"memory":3354992,"params":["Parameters",{"gctrial":true,"time_tolerance":0.05,"samples":10000,"evals":1,"gcsample":false,"seconds":5.0,"overhead":0.0,"memory_tolerance":0.01}],"times":[7.8675599e7,8.0177572e7,8.0795832e7,8.0792613e7,7.9641306e7,7.9588077e7,7.9897767e7,7.9876853e7,7.9941749e7,8.0381016e7,8.0813695e7,7.9575322e7,8.0211425e7,7.9304947e7,8.0145694e7,7.9693341e7,7.7083579e7,7.6514316e7,7.6654964e7,7.6281045e7,7.7415699e7,7.7244557e7,7.9557615e7,8.0206339e7,7.8407362e7,7.9638663e7,7.8362408e7,7.937086e7,7.9210133e7,7.6652918e7,7.513701e7,7.5664815e7,7.5429678e7,7.5170934e7,7.7599688e7,7.9255146e7,7.9625602e7,7.9805606e7,7.9811055e7,7.9935736e7,7.9967726e7,7.9988969e7,8.017854e7,7.6919355e7,7.6350746e7,7.7074221e7,7.6625062e7,7.6455096e7,7.6537415e7,7.6754278e7,7.6481109e7,7.7306289e7,7.6734788e7,7.6713579e7,7.6727338e7,7.7313704e7,7.7418396e7,7.6289124e7,7.6841221e7,7.6190062e7,7.6396937e7,7.6180353e7,7.621165e7,7.704605e7]}],["Trial",{"allocs":2263,"gctimes":[0.0,0.0,0.0,0.0,0.0,0.0,0.0,0.0,0.0,0.0,0.0,0.0,0.0,0.0,0.0,0.0,0.0,0.0,0.0,0.0,0.0,0.0,0.0,0.0,0.0,0.0,0.0,0.0,0.0,0.0,0.0,0.0,0.0,0.0,0.0,0.0,0.0,0.0,0.0,0.0,0.0,0.0,0.0,0.0,0.0,0.0,0.0,0.0,0.0,0.0,0.0,0.0,0.0,0.0,0.0,0.0,0.0,0.0,0.0,0.0],"memory":3372128,"params":["Parameters",{"gctrial":true,"time_tolerance":0.05,"samples":10000,"evals":1,"gcsample":false,"seconds":5.0,"overhead":0.0,"memory_tolerance":0.01}],"times":[8.4549814e7,8.4021423e7,8.3545157e7,8.3852962e7,8.3059586e7,8.2684382e7,8.3618116e7,8.3981601e7,8.3733517e7,8.3653692e7,8.522123e7,8.6460748e7,8.3834862e7,8.263476e7,8.4046872e7,8.3030097e7,8.3555275e7,8.3291807e7,8.3225244e7,8.3217349e7,8.4564533e7,8.7632103e7,8.4142739e7,8.5972436e7,8.2318815e7,8.3002169e7,8.184378e7,8.3038546e7,8.5242454e7,8.1685923e7,8.1967714e7,8.2561969e7,8.2290909e7,8.2072749e7,8.3635956e7,8.3672206e7,8.508556e7,8.3586124e7,8.3574379e7,8.3351943e7,8.3463211e7,8.366871e7,8.3918163e7,8.3924945e7,8.2870584e7,8.4197988e7,8.3225108e7,8.2744733e7,8.6519372e7,8.3580128e7,8.3356517e7,8.4216552e7,8.3100824e7,8.3222824e7,8.2960124e7,8.370717e7,8.3510296e7,8.2682895e7,8.4086997e7,8.3005319e7]}],["Trial",{"allocs":3332,"gctimes":[0.0,0.0,0.0,0.0,0.0,0.0,0.0,0.0,0.0,0.0,0.0,0.0,0.0,0.0,0.0,0.0,0.0,0.0,0.0,0.0,0.0,0.0,0.0,0.0,0.0,0.0,0.0,0.0,0.0,0.0,0.0,0.0,0.0,0.0,0.0,0.0,0.0,0.0,0.0,0.0,0.0,0.0,0.0,0.0,0.0,0.0,0.0,0.0],"memory":3423440,"params":["Parameters",{"gctrial":true,"time_tolerance":0.05,"samples":10000,"evals":1,"gcsample":false,"seconds":5.0,"overhead":0.0,"memory_tolerance":0.01}],"times":[1.04187077e8,1.01127725e8,1.04569881e8,1.03877985e8,1.06719553e8,1.06354005e8,1.04604287e8,1.04897452e8,1.07718677e8,1.07859634e8,1.08939638e8,1.07351164e8,1.07222557e8,1.05661195e8,1.1078327e8,1.06519242e8,1.05122669e8,1.03167571e8,1.02606742e8,1.02064918e8,1.04457044e8,1.06386291e8,1.06615772e8,1.0751587e8,1.07641824e8,1.06790637e8,1.05159739e8,1.07446283e8,1.05980454e8,1.04848258e8,1.04829218e8,1.0573342e8,1.0514891e8,1.06369209e8,1.08368826e8,1.06565836e8,1.06836496e8,1.06430346e8,1.0762761e8,1.07129986e8,1.07156184e8,1.07679013e8,1.07371975e8,1.08443092e8,1.0645227e8,1.07601501e8,1.0689094e8,1.05675889e8]}],["Trial",{"allocs":3742,"gctimes":[0.0,0.0,0.0,0.0,0.0,0.0,0.0,0.0,0.0,0.0,0.0,0.0,0.0,0.0,0.0,0.0,0.0,0.0,0.0,0.0,0.0,0.0,0.0,0.0,0.0,0.0,0.0,0.0,0.0,0.0,0.0,0.0,0.0,0.0,0.0,0.0,0.0,0.0,0.0,0.0,0.0],"memory":3446080,"params":["Parameters",{"gctrial":true,"time_tolerance":0.05,"samples":10000,"evals":1,"gcsample":false,"seconds":5.0,"overhead":0.0,"memory_tolerance":0.01}],"times":[1.24771702e8,1.25816466e8,1.23706671e8,1.24334662e8,1.23687862e8,1.22310477e8,1.21012035e8,1.21159607e8,1.23921436e8,1.26169585e8,1.26365421e8,1.24167817e8,1.23853935e8,1.22313495e8,1.24444611e8,1.23255296e8,1.23991897e8,1.2374631e8,1.27721927e8,1.25327489e8,1.27561377e8,1.25129698e8,1.23607281e8,1.2358508e8,1.21364074e8,1.23440753e8,1.25077651e8,1.25492354e8,1.25113711e8,1.24062442e8,1.23918524e8,1.24844847e8,1.23857686e8,1.16915055e8,1.22382432e8,1.25102926e8,1.2385621e8,1.23492165e8,1.24286337e8,1.23774162e8,1.23872713e8]}],["Trial",{"allocs":3882,"gctimes":[0.0,0.0,0.0,0.0,0.0,0.0,0.0,0.0,0.0,0.0,0.0,0.0,0.0,0.0,0.0,0.0,0.0,0.0,0.0,0.0,0.0,0.0,0.0,0.0,0.0,0.0,0.0,0.0,0.0,0.0,0.0,0.0,0.0,0.0,0.0,0.0,0.0,0.0,0.0,0.0,0.0],"memory":3452800,"params":["Parameters",{"gctrial":true,"time_tolerance":0.05,"samples":10000,"evals":1,"gcsample":false,"seconds":5.0,"overhead":0.0,"memory_tolerance":0.01}],"times":[1.23188699e8,1.22080754e8,1.24840027e8,1.25063753e8,1.2390314e8,1.27371161e8,1.2175996e8,1.21729703e8,1.24557822e8,1.2471919e8,1.26848786e8,1.26378618e8,1.24251699e8,1.24944063e8,1.26040519e8,1.23769254e8,1.24201721e8,1.2408427e8,1.24746708e8,1.22161665e8,1.22212954e8,1.25485039e8,1.25362451e8,1.24951138e8,1.21860784e8,1.24032577e8,1.22195485e8,1.23612962e8,1.23227439e8,1.22147824e8,1.25005559e8,1.22918123e8,1.22071935e8,1.22244114e8,1.24423898e8,1.23541012e8,1.2415888e8,1.24152635e8,1.27182053e8,1.24810398e8,1.25700354e8]}],["Trial",{"allocs":3970,"gctimes":[0.0,0.0,0.0,0.0,0.0,0.0,0.0,0.0,0.0,0.0,0.0,0.0,0.0,0.0,0.0,0.0,0.0,0.0,0.0,0.0,0.0,0.0,0.0,0.0,0.0,0.0,0.0,0.0,0.0,0.0,0.0,0.0,0.0,0.0,0.0,0.0,0.0,0.0,0.0],"memory":3465904,"params":["Parameters",{"gctrial":true,"time_tolerance":0.05,"samples":10000,"evals":1,"gcsample":false,"seconds":5.0,"overhead":0.0,"memory_tolerance":0.01}],"times":[1.30012937e8,1.28476669e8,1.29104748e8,1.32206994e8,1.31106598e8,1.3038059e8,1.29829358e8,1.30151089e8,1.31449448e8,1.31559953e8,1.288198e8,1.30921296e8,1.31625124e8,1.29399033e8,1.33669289e8,1.30968745e8,1.30715008e8,1.30608189e8,1.30654716e8,1.2831469e8,1.28573397e8,1.30452055e8,1.33710477e8,1.39025026e8,1.33474047e8,1.36295571e8,1.33490581e8,1.36043063e8,1.35417364e8,1.33463081e8,1.34618231e8,1.29907644e8,1.28748546e8,1.29037532e8,1.31733664e8,1.31276167e8,1.31920412e8,1.31669967e8,1.35949129e8]}],["Trial",{"allocs":3982,"gctimes":[0.0,0.0,0.0,0.0,0.0,0.0,0.0,0.0,0.0,0.0,0.0,0.0,0.0,0.0,0.0,0.0,0.0,0.0,0.0,0.0,0.0,0.0,0.0,0.0,0.0,0.0,0.0,0.0,0.0,0.0,0.0,0.0,0.0,0.0,0.0,0.0,0.0,0.0],"memory":3466480,"params":["Parameters",{"gctrial":true,"time_tolerance":0.05,"samples":10000,"evals":1,"gcsample":false,"seconds":5.0,"overhead":0.0,"memory_tolerance":0.01}],"times":[1.36011338e8,1.35130865e8,1.35840558e8,1.38525772e8,1.37737348e8,1.36487827e8,1.36888738e8,1.36693603e8,1.34645805e8,1.33258409e8,1.29947193e8,1.31693916e8,1.29940845e8,1.30663529e8,1.36275536e8,1.38056253e8,1.37549054e8,1.36733821e8,1.36957084e8,1.35283062e8,1.34688581e8,1.36619433e8,1.36451243e8,1.33502872e8,1.31865112e8,1.31951445e8,1.29665234e8,1.31618695e8,1.30706542e8,1.29341611e8,1.31752598e8,1.3057614e8,1.29973563e8,1.29216391e8,1.32619387e8,1.31532826e8,1.32241665e8,1.31350313e8]}]],"medians":[77.509042,83.564827,106.485756,123.918524,124.15888,131.106598,133.3806405]}