{"lengs":[10.0,31.622776601683793,100.0,316.22776601683796,1000.0,3162.2776601683795,10000.0,31622.776601683792,100000.0],"benchmarks":[["Trial",{"allocs":13478,"gctimes":[0.0,0.0,0.0,0.0,0.0,0.0,0.0,0.0,0.0,0.0,0.0,0.0,0.0,0.0,0.0,0.0,0.0,0.0,0.0,0.0,0.0,0.0,0.0,0.0,0.0,0.0,0.0,0.0,0.0,0.0,0.0,0.0,0.0,0.0,0.0,0.0,0.0,0.0,0.0,0.0,0.0,0.0,0.0,0.0,0.0,0.0,0.0,0.0,0.0,0.0,0.0,0.0,0.0,0.0,0.0,0.0,0.0,1.6473979e7,0.0,0.0,0.0,0.0,0.0,0.0,0.0,0.0,0.0,0.0,0.0,0.0,0.0],"memory":3653312,"params":["Parameters",{"gctrial":true,"time_tolerance":0.05,"samples":10000,"evals":1,"gcsample":false,"seconds":5.0,"overhead":0.0,"memory_tolerance":0.01}],"times":[7.1256858e7,7.040223e7,7.0292376e7,7.5219603e7,7.0853794e7,7.0429414e7,7.032707e7,7.3115653e7,7.2326684e7,7.0542122e7,7.0721135e7,7.0319856e7,7.0789161e7,7.0573612e7,7.0965923e7,7.037858e7,7.1935425e7,7.1212478e7,7.0792313e7,7.0427329e7,7.0430579e7,7.0330082e7,7.3510224e7,7.0508274e7,7.0562138e7,7.0519054e7,7.0171365e7,7.0188565e7,7.0188746e7,7.1933876e7,7.0339923e7,7.0235344e7,7.0273512e7,7.0764633e7,7.0339833e7,6.989363e7,7.028183e7,7.4293103e7,7.0214242e7,7.0290705e7,7.0764591e7,7.05742e7,7.1693454e7,7.0027335e7,7.0123381e7,7.0130276e7,7.0400005e7,7.025188e7,7.0214819e7,7.0064337e7,7.046376e7,7.3169099e7,7.1655133e7,7.0337138e7,7.0420486e7,7.1954034e7,7.0275969e7,8.7128924e7,6.9057775e7,7.068999e7,6.9174549e7,6.9396027e7,6.9274654e7,6.9296973e7,6.8895242e7,6.9303847e7,7.2818827e7,7.0047475e7,6.8834002e7,6.9275383e7,6.9317012e7]}],["Trial",{"allocs":13489,"gctimes":[0.0,0.0,0.0,0.0,0.0,0.0,0.0,0.0,0.0,0.0,0.0,0.0,0.0,0.0,0.0,0.0,0.0,0.0,0.0,0.0,0.0,0.0,0.0,0.0,0.0,0.0,0.0,0.0,0.0,0.0,0.0,0.0,0.0,0.0,0.0,0.0,0.0,0.0,0.0,0.0,0.0,0.0,0.0,0.0,0.0,0.0,0.0,0.0,0.0,0.0,0.0,0.0,0.0,0.0,0.0,0.0,0.0,2.5831515e7,0.0,0.0,0.0,0.0,0.0,0.0,0.0,0.0,0.0,0.0,0.0],"memory":3656160,"params":["Parameters",{"gctrial":true,"time_tolerance":0.05,"samples":10000,"evals":1,"gcsample":false,"seconds":5.0,"overhead":0.0,"memory_tolerance":0.01}],"times":[7.1016182e7,7.0861632e7,7.0166301e7,7.1852678e7,7.061936e7,7.1003664e7,7.1488655e7,7.1090081e7,7.1048223e7,7.144644e7,7.4852602e7,7.2353486e7,7.1056229e7,7.0333169e7,7.0491106e7,7.0645159e7,7.1530592e7,7.0517523e7,7.0593835e7,7.1040028e7,7.139061e7,7.0782173e7,7.1033507e7,7.1111453e7,7.2927266e7,7.1177394e7,7.034822e7,7.1198286e7,7.0858271e7,7.048927e7,7.0154839e7,7.0275e7,7.1294241e7,7.097579e7,7.1077091e7,7.0334874e7,7.079093e7,7.3358903e7,7.3149618e7,7.5836256e7,7.5238561e7,7.4827606e7,7.5367019e7,7.4920917e7,7.5273249e7,7.5593055e7,7.4315043e7,7.4218728e7,7.5025563e7,7.5522438e7,7.4548838e7,7.5155307e7,7.3974127e7,7.8129435e7,7.4273308e7,7.5530523e7,7.5133509e7,1.00897332e8,7.3926272e7,7.3668707e7,7.4835538e7,7.431594e7,7.4686063e7,7.5203257e7,7.3603871e7,7.3918717e7,7.5793933e7,7.1516508e7,6.9867278e7]}],["Trial",{"allocs":13500,"gctimes":[0.0,0.0,0.0,0.0,0.0,0.0,0.0,0.0,0.0,0.0,0.0,0.0,0.0,0.0,0.0,0.0,0.0,0.0,0.0,0.0,0.0,0.0,0.0,0.0,0.0,0.0,0.0,0.0,0.0,0.0,0.0,0.0,0.0,0.0,0.0,0.0,0.0,0.0,0.0,0.0,0.0,0.0,0.0,0.0,0.0,0.0,0.0,0.0,0.0,0.0,0.0,0.0,0.0,0.0,0.0,0.0,0.0,1.7304768e7,0.0,0.0,0.0,0.0,0.0,0.0,0.0,0.0,0.0,0.0,0.0,0.0],"memory":3659008,"params":["Parameters",{"gctrial":true,"time_tolerance":0.05,"samples":10000,"evals":1,"gcsample":false,"seconds":5.0,"overhead":0.0,"memory_tolerance":0.01}],"times":[7.10091e7,7.0477164e7,7.0351029e7,7.1535863e7,7.1245784e7,7.1450446e7,7.1033457e7,7.0576612e7,7.0620376e7,7.1264733e7,7.0680307e7,7.1258061e7,7.1527402e7,7.4439331e7,7.1556255e7,7.1616857e7,7.057019e7,7.1238418e7,7.1541123e7,7.0930154e7,7.0759634e7,7.0824563e7,7.0993234e7,7.0527412e7,7.0469069e7,7.0202977e7,7.0938378e7,7.3522515e7,7.0957279e7,7.0979528e7,7.1255985e7,7.0310767e7,7.1282724e7,7.1847866e7,7.0474406e7,7.0411154e7,7.0932259e7,7.0732133e7,7.0246922e7,7.038175e7,7.1346793e7,7.1649373e7,7.34618e7,7.1160414e7,7.6772619e7,7.1008162e7,7.1030323e7,7.084413e7,7.0936833e7,7.1000344e7,7.60626e7,7.3606635e7,7.113333e7,7.3983087e7,7.4509e7,7.5546427e7,7.734803e7,9.2998071e7,7.3025066e7,7.3082336e7,7.4046827e7,7.3986653e7,7.4305092e7,7.0449208e7,7.0094021e7,7.0392954e7,6.9343768e7,6.9745875e7,6.9306188e7,6.9835589e7]}],["Trial",{"allocs":13511,"gctimes":[0.0,0.0,0.0,0.0,0.0,0.0,0.0,0.0,0.0,0.0,0.0,0.0,0.0,0.0,0.0,0.0,0.0,0.0,0.0,0.0,0.0,0.0,0.0,0.0,0.0,0.0,0.0,0.0,0.0,0.0,0.0,0.0,0.0,0.0,0.0,0.0,0.0,0.0,0.0,0.0,0.0,0.0,0.0,0.0,0.0,0.0,0.0,0.0,0.0,0.0,0.0,0.0,0.0,0.0,0.0,0.0,0.0,1.6797578e7,0.0,0.0,0.0,0.0,0.0,0.0,0.0,0.0,0.0,0.0,0.0,0.0],"memory":3661856,"params":["Parameters",{"gctrial":true,"time_tolerance":0.05,"samples":10000,"evals":1,"gcsample":false,"seconds":5.0,"overhead":0.0,"memory_tolerance":0.01}],"times":[8.0175994e7,7.0915109e7,7.5681506e7,7.6473815e7,7.3560573e7,7.1565546e7,7.1093741e7,7.1040428e7,7.0626199e7,7.1709526e7,7.1854583e7,7.0375825e7,7.1169034e7,7.1765681e7,7.4729183e7,7.2837955e7,7.1202738e7,7.0606357e7,7.0597711e7,7.0300364e7,7.1389543e7,7.0901404e7,7.11125e7,7.1020624e7,7.0621371e7,7.0815263e7,7.1036651e7,7.0581051e7,7.0964034e7,7.6920884e7,7.6008144e7,7.4369336e7,7.5426053e7,7.5880509e7,7.461233e7,7.4160423e7,7.5138051e7,7.4933183e7,7.4243818e7,7.4358172e7,7.537115e7,7.6108692e7,7.4649058e7,7.4046082e7,7.1108865e7,7.1036862e7,7.1567687e7,7.088217e7,7.1009053e7,7.1333845e7,7.023237e7,7.1095517e7,7.1219766e7,7.0747621e7,7.0872876e7,7.06208e7,7.0190414e7,9.1931635e7,6.9611366e7,6.9226864e7,7.0551461e7,7.0117085e7,7.0234809e7,6.9426705e7,7.01179e7,7.0848585e7,6.923308e7,6.9459108e7,6.9543879e7,6.9980119e7]}],["Trial",{"allocs":13511,"gctimes":[0.0,0.0,0.0,0.0,0.0,0.0,0.0,0.0,0.0,0.0,0.0,0.0,0.0,0.0,0.0,0.0,0.0,0.0,0.0,0.0,0.0,0.0,0.0,0.0,0.0,0.0,0.0,0.0,0.0,0.0,0.0,0.0,0.0,0.0,0.0,0.0,0.0,0.0,0.0,0.0,0.0,0.0,0.0,0.0,0.0,0.0,0.0,0.0,0.0,0.0,0.0,0.0,0.0,0.0,0.0,0.0,0.0,1.8442021e7,0.0,0.0,0.0,0.0,0.0,0.0,0.0,0.0,0.0,0.0,0.0,0.0],"memory":3661856,"params":["Parameters",{"gctrial":true,"time_tolerance":0.05,"samples":10000,"evals":1,"gcsample":false,"seconds":5.0,"overhead":0.0,"memory_tolerance":0.01}],"times":[7.1034194e7,7.2015145e7,7.1960348e7,7.0326799e7,7.1207453e7,7.1471314e7,7.0318568e7,7.164446e7,7.166359e7,7.1202143e7,7.1576126e7,7.0854962e7,7.041486e7,7.0566711e7,7.0396412e7,7.1325671e7,7.3469066e7,7.2459525e7,7.0375669e7,7.0872083e7,7.0890478e7,7.1143084e7,7.0918838e7,7.0715717e7,7.0575561e7,7.0358029e7,7.3274165e7,7.4503024e7,7.4852398e7,7.4957994e7,7.6230502e7,7.1677551e7,7.1246075e7,7.1825447e7,7.0491998e7,7.0252538e7,7.1195978e7,7.0856209e7,7.2356218e7,7.0677378e7,7.1568518e7,7.2184908e7,7.0325891e7,7.1192205e7,7.1156275e7,7.4716839e7,7.2089689e7,7.0874524e7,7.1102727e7,7.1038138e7,7.0184712e7,7.104695e7,7.1215118e7,7.0562695e7,7.0980508e7,7.0498549e7,7.0952587e7,8.9182157e7,6.9190911e7,7.208929e7,7.1171275e7,7.036516e7,7.0215569e7,6.9600983e7,7.03812e7,7.0511038e7,6.9382077e7,6.9527589e7,6.939417e7,7.0647906e7]}],["Trial",{"allocs":13522,"gctimes":[0.0,0.0,0.0,0.0,0.0,0.0,0.0,0.0,0.0,0.0,0.0,0.0,0.0,0.0,0.0,0.0,0.0,0.0,0.0,0.0,0.0,0.0,0.0,0.0,0.0,0.0,0.0,0.0,0.0,0.0,0.0,0.0,0.0,0.0,0.0,0.0,0.0,0.0,0.0,0.0,0.0,0.0,0.0,0.0,0.0,0.0,0.0,0.0,0.0,0.0,0.0,0.0,0.0,0.0,0.0,0.0,0.0,1.6937477e7,0.0,0.0,0.0,0.0,0.0,0.0,0.0,0.0,0.0],"memory":3664704,"params":["Parameters",{"gctrial":true,"time_tolerance":0.05,"samples":10000,"evals":1,"gcsample":false,"seconds":5.0,"overhead":0.0,"memory_tolerance":0.01}],