{"benchmarks": [[0.5261776219122112, 0.5233308342285454, 0.5201127049513161, 0.5177395609207451, 0.5186461010016501, 0.5273945550434291, 0.5197508209384978, 0.5186024000868201, 0.5191956469789147, 0.5215923632495105]], "medians": [519.931762944907], "lengs": [10.0]}