{"benchmarks": [[3193.367695000954, 3071.695029112976, 3073.5265591770876, 3261.522778871935, 3333.589980914956, 3334.8384867459536, 3337.5799856020603, 3332.7178820539266, 3333.8898124031257, 3335.748335913988]], "medians": [3333153.9314844413], "lengs": [19998.61869632745]}