{"benchmarks": [[0.6484635258093476, 0.6610409081913531, 0.6593912588432431, 0.6599596091546118, 0.6266569970175624, 0.6346514611504972, 0.6345467260107398, 0.6313925548456609, 0.6359306229278445, 0.6304302331991494], [1.665850313846022, 1.656355274375528, 1.6738849729299545, 1.6522350148297846, 1.657590340822935, 1.6670502722263336, 1.697320408653468, 1.6561196371912956, 1.5623034685850143, 1.540593545883894], [4.556968521792442, 4.602506696712226, 4.558801405131817, 4.549833633005619, 4.571994707919657, 4.5859421622008085, 4.607536384835839, 4.606780726928264, 4.634275514166802, 4.552661253139377], [14.490374003071338, 15.988278256729245, 15.089562313165516, 14.32443940313533, 14.094873608089983, 14.179785684682429, 14.104265539906919, 15.12918689288199, 15.700745834968984, 14.289192094001919], [46.2820908986032, 46.82345456117764, 44.935786673333496, 46.171115377917886, 45.0892223790288, 44.983829700853676, 45.11690318863839, 47.94377946481109, 47.6955458750017, 50.04764050710946], [147.85462744906545, 141.80453028902411, 148.49701256817207, 149.20934951491654, 145.7914473139681, 146.356431000866, 147.12458350136876, 155.65881875623018, 149.4719063229859, 149.51691936003044], [473.1982032181695, 450.4507454931736, 470.7026532939635, 468.35937627684325, 450.8268446959555, 461.35426585609093, 472.74870250420645, 466.7519349991344, 446.7589359888807, 447.2705293837935]], "medians": [635.2910420391709, 1656.9728075992316, 4578.968435060233, 14407.406703103334, 46226.60313826054, 148175.82000861876, 464053.10042761266], "lengs": [10.0, 31.622776601683796, 100.0, 316.2277660168379, 1000.0, 3162.277660168379, 10000.0]}