{"benchmarks": [[0.23412947682663798, 0.004678225144743919, 0.0044807568192481995, 0.004452470224350691, 0.00448655104264617, 0.004398036282509565, 0.004436903167515993, 0.0043942611664533615, 0.004478334914892912, 0.00449812738224864], [0.009464318864047527, 0.009429567959159613, 0.009454224724322557, 0.009456438012421131, 0.009438271168619394, 0.00933826481923461, 0.009425899013876915, 0.009399647824466228, 0.009445422794669867, 0.009521858766674995], [0.02511941222473979, 0.025184098165482283, 0.025139075238257647, 0.027797198854386806, 0.025614815764129162, 0.02552262507379055, 0.025314239785075188, 0.025260050781071186, 0.02516189217567444, 0.02523526269942522], [0.07513523614034057, 0.07511039823293686, 0.07491388591006398, 0.07516526617109776, 0.07541814399883151, 0.07566732726991177, 0.0757755539380014, 0.07529051089659333, 0.07487669121474028, 0.0753878396935761], [0.23382193688303232, 0.2334365132264793, 0.23406419903039932, 0.2467404301278293, 0.24638410983607173, 0.24614884285256267, 0.24564108904451132, 0.24665246112272143, 0.24685050221160054, 0.2461048080585897], [0.7738831909373403, 0.7725962935946882, 0.7745434180833399, 0.7737132171168923, 0.756493769120425, 0.7345733568072319, 0.7370082568377256, 0.7530199182219803, 0.7351350458338857, 0.7362768459133804], [2.320963949896395, 2.3194262189790606, 2.3188533429056406, 2.3231668351218104, 2.322338696103543, 2.3207719549536705, 2.3195947762578726, 2.324194659013301, 2.321348048746586, 2.4270003992132843], [7.6037510870955884, 7.542819396127015, 7.411272705998272, 7.607141218148172, 7.560216028243303, 7.3586453553289175, 7.591837543062866, 7.355041165836155, 7.425413299817592, 7.382211624179035], [23.200208617839962, 23.437127027194947, 23.281958010978997, 23.296882385853678, 23.797770291101187, 23.374094996135682, 23.255341846030205, 23.18290930893272, 22.757005596067756, 22.89258325798437]], "medians": [4.479545867070556, 9.44184698164463, 25.247656740248203, 75.22788853384554, 246.12682545557618, 754.7568436712027, 2321.1559993214905, 7484.116347972304, 23268.6499285046], "lengs": [10.0, 31.622776601683796, 100.0, 316.2277660168379, 1000.0, 3162.277660168379, 10000.0, 31622.776601683796, 100000.0]}