{"benchmarks": [[5778.146665804088, 5524.99607448373, 5512.131978690159, 5496.924859749153, 5501.775545124896], [5515.151096297894, 5514.475590867922, 5506.87475984497, 5495.772453342099, 5472.2923758239485], [5481.596572476905, 5505.674055177718, 5509.493160990067, 5514.908724306151, 5479.320298387203], [5500.60549441725, 5498.815931734163, 5528.616594640072, 5521.541557879187, 5525.624528146815]], "medians": [5512131.978690159, 5506874.75984497, 5505674.055177718, 5521541.557879187], "lengs": [10.0, 21.544346900318832, 46.41588833612778, 100.0]}