{"benchmarks": [[0.26706208707764745, 0.0008602337911725044, 0.0008507631719112396, 0.0008682659827172756, 0.0008609830401837826, 0.0008386676199734211, 0.0008349069394171238, 0.0008381758816540241, 0.0008459151722490788, 0.0008301408961415291], [0.0008761310018599033, 0.0008769109845161438, 0.0008986019529402256, 0.0008981488645076752, 0.0008764690719544888, 0.0008809003047645092, 0.0008841110393404961, 0.0009012622758746147, 0.000872293021529913, 0.0008800406940281391], [0.0009372550994157791, 0.0009253490716218948, 0.0009228130802512169, 0.0009317160584032536, 0.0009359223768115044, 0.0009142318740487099, 0.0009177932515740395, 0.0009314841590821743, 0.000919559970498085, 0.0009092842228710651], [0.0009689582511782646, 0.0009695379994809628, 0.000956373754888773, 0.0009592981077730656, 0.0009677279740571976, 0.0009493092074990273, 0.0009665293619036674, 0.0009683310054242611, 0.0009522777982056141, 0.0009671542793512344], [0.000977925956249237, 0.0009781629778444767, 0.0009761499240994453, 0.0009761080145835876, 0.000987042672932148, 0.0009851949289441109, 0.0009712651371955872, 0.000969788059592247, 0.0009751031175255775, 0.0009967857040464878], [0.00099101010710001, 0.0009840410202741623, 0.000978149939328432, 0.0009682350791990757, 0.0009898897260427475, 0.000978283118456602, 0.0009881183505058289, 0.0009856601245701313, 0.0009969482198357582, 0.0009792568162083626], [0.0009871399961411953, 0.0010080598294734955, 0.0009834719821810722, 0.0009772749617695808, 0.0010090209543704987, 0.0009869709610939026, 0.0009791827760636806, 0.0009783371351659298, 0.0009750369936227798, 0.0009758481755852699], [0.0009934441186487675, 0.000993720255792141, 0.0010052090510725975, 0.0009794929064810276, 0.0010950658470392227, 0.0011182921007275581, 0.0010510659776628017, 0.0010586157441139221, 0.00105991680175066, 0.0010853121057152748], [0.0011002463288605213, 0.0010651582852005959, 0.0010789507068693638, 0.0011199009604752064, 0.001144559122622013, 0.00106875691562891, 0.0010546981357038021, 0.0010581351816654205, 0.001057530753314495, 0.00105326808989048]], "medians": [0.8483391720801592, 0.8804704993963242, 0.9240810759365559, 0.9668418206274509, 0.9770379401743412, 0.9848505724221468, 0.9813273791223764, 1.054840860888362, 1.066957600414753], "lengs": [10.0, 31.622776601683796, 100.0, 316.2277660168379, 1000.0, 3162.277660168379, 10000.0, 31622.776601683796, 100000.0]}