{"benchmarks": [[0.0293537019751966, 0.028004164807498455, 0.027909912867471576, 0.02800875692628324, 0.0285988780669868, 0.02858873107470572, 0.027897128835320473, 0.028318630065768957, 0.028047447791323066, 0.02803749404847622], [0.030344010097905993, 0.029915024060755968, 0.030677021015435457, 0.030606369953602552, 0.029998746002092957, 0.030683342134580016, 0.030093907844275236, 0.030191585887223482, 0.029921631095930934, 0.030103903030976653], [0.030884322011843324, 0.030888365115970373, 0.030959434108808637, 0.03083752514794469, 0.03093107999302447, 0.030842351960018277, 0.03085569106042385, 0.03086589719168842, 0.03085179510526359, 0.03085247497074306], [0.032413146924227476, 0.03231425583362579, 0.032135078916326165, 0.03185241902247071, 0.03188368817791343, 0.03191971010528505, 0.03346482687629759, 0.03313983301632106, 0.031891191843897104, 0.03192189708352089], [0.03190135699696839, 0.03185230609960854, 0.032143111107870936, 0.03193793003447354, 0.031859183916822076, 0.03193681500852108, 0.03183681215159595, 0.03184676100499928, 0.03192579699680209, 0.032427521888166666], [0.032917210133746266, 0.03280049096792936, 0.032824556110426784, 0.032875996083021164, 0.03285476192831993, 0.032867633970454335, 0.03280520299449563, 0.033057119930163026, 0.032845288049429655, 0.0328465870115906], [0.032984242076054215, 0.032830625073984265, 0.03456045500934124, 0.03331361012533307, 0.03318156790919602, 0.03294692002236843, 0.03284638002514839, 0.03282013791613281, 0.03287194180302322, 0.03282070392742753]], "medians": [28.042470919899642, 30.147744459100068, 30.860794126056135, 32.02848799992353, 31.91357699688524, 32.850674469955266, 32.909430912695825], "lengs": [10.0, 31.622776601683796, 100.0, 316.2277660168379, 1000.0, 3162.277660168379, 10000.0]}