{"benchmarks": [[79.32860528491437, 78.65196403907612, 78.92569951573387, 78.88767192093655, 79.01507549080998, 78.8512458265759, 79.10173173062503, 78.9365963069722, 79.02307502226904, 79.39698009006679], [94.25508535467088, 94.6493298439309, 94.71943057142198, 94.8722260077484, 92.55307500995696, 86.41770395170897, 90.90534082287923, 86.05872513726354, 86.01919798133895, 85.8178123771213], [366.59215808007866, 364.9277898739092, 365.8017060686834, 365.54377990495414, 365.0909426622093, 366.17178277717903, 365.7682955493219, 374.6494202921167, 366.5268566906452, 365.29669337905943], [445.30068900389597, 447.30134957190603, 441.93999834917486, 440.55151461204514, 441.9808821841143, 448.4422045852989, 444.28596469108015, 440.6043496360071, 442.7665735222399, 443.574062010739]], "medians": [78975.83589889109, 91729.20791641809, 365785.00080900267, 443170.31776648946], "lengs": [10.0, 21.544346900318832, 46.41588833612778, 100.0]}