{"benchmarks": [[0.5519664650782943, 0.5424895610194653, 0.550902838120237, 0.5602307729423046, 0.5553866061381996, 0.5422404620330781, 0.5445138358045369, 0.5419912249781191, 0.5482537900097668, 0.5433259890414774]], "medians": [546.3838129071519], "lengs": [10.0]}