{"benchmarks": [[0.013705615419894457, 0.01311113080009818, 0.01304577337577939, 0.013014269061386585, 0.01301258709281683, 0.01302083907648921, 0.013044852763414383, 0.013027698267251253, 0.013047636020928621, 0.0130207110196352]], "medians": [13.036275515332818], "lengs": [1.9998618696327441]}