{"benchmarks": [[0.02536916173994541, 0.02490846300497651, 0.02474953792989254, 0.02556859515607357, 0.02768036676570773, 0.025116863194853067, 0.024792171083390713, 0.02480792487040162, 0.02472268370911479, 0.02479708380997181], [0.02715771133080125, 0.027090052142739296, 0.026969614904373884, 0.026922272983938456, 0.02678303001448512, 0.026905128732323647, 0.02688527200371027, 0.026781869120895863, 0.026894586160779, 0.026794467121362686], [0.02819246891885996, 0.028467082884162664, 0.027782026678323746, 0.027713495306670666, 0.027866984251886606, 0.028012412134557962, 0.028030769899487495, 0.027905861381441355, 0.02775789611041546, 0.027812114916741848], [0.030701289884746075, 0.030711654108017683, 0.03041759505867958, 0.030223640147596598, 0.030272322241216898, 0.030310311820358038, 0.030296199023723602, 0.030229322146624327, 0.03036386426538229, 0.030385668855160475], [0.030686322133988142, 0.030304713640362024, 0.03027123585343361, 0.030353591311722994, 0.030762249138206244, 0.030313221737742424, 0.03098979825153947, 0.030304432846605778, 0.030325104016810656, 0.03030305076390505], [0.0314245093613863, 0.03152045188471675, 0.03127317922189832, 0.03131556883454323, 0.03135823970660567, 0.03134744893759489, 0.03127668285742402, 0.031315647065639496, 0.03127576922997832, 0.03137608338147402], [0.031301713082939386, 0.03137620026245713, 0.03133592288941145, 0.03138495469465852, 0.032353704795241356, 0.030108849983662367, 0.030021322891116142, 0.02982886927202344, 0.02974452404305339, 0.029727789107710123]], "medians": [24.858193937689066, 26.899857446551323, 27.88642281666398, 30.337088042870164, 30.31916287727654, 31.331548001617193, 30.705281533300877], "lengs": [10.0, 31.622776601683796, 100.0, 316.2277660168379, 1000.0, 3162.277660168379, 10000.0]}