{"benchmarks": [[2047.4010364660062, 1988.6894115558825, 1988.3441386562772, 1989.6029735389166, 1989.3027979107574, 1990.438880759757, 1989.7782566486858, 1990.4154420187697, 1989.895185476169, 1991.1378309247084]], "medians": [1989836.7210624274], "lengs": [149.96848355023738]}