{"benchmarks": [[0.6311833681538701, 0.6292487089522183, 0.6274018441326916, 0.6593021550215781, 0.6415469059720635, 0.6269696173258126, 0.6378172058612108, 0.6339146909303963, 0.6248988499864936, 0.6303301332518458], [1.6319922348484397, 1.6418919279240072, 1.637577312067151, 1.6360985841602087, 1.631192950066179, 1.627069966867566, 1.632315918803215, 1.6641535363160074, 1.637158714234829, 1.6895258952863514], [4.523939365055412, 4.544842701870948, 4.69033719971776, 4.835916835814714, 4.497154453303665, 4.533069930970669, 4.55545421782881, 4.632781459949911, 4.624506922904402, 4.483163088094443], [14.163034027907997, 14.376137929037213, 14.186266297940165, 13.901148759294301, 13.925192746333778, 14.08218658901751, 13.839936688076705, 14.000629640184343, 14.00408010929823, 13.9577745962888], [46.26790520129725, 43.97426709299907, 47.12037300365046, 44.408599365036935, 45.23426718311384, 44.57235454302281, 44.3469535978511, 44.840186334215105, 45.167503322009, 43.93361322116107], [138.87182368105277, 139.52262517809868, 138.92677379818633, 139.22106843907386, 139.48081119498238, 139.847095226869, 139.4745208923705, 140.16507972590625, 139.9186763917096, 138.94843805907294], [444.46965081291273, 439.74953943816945, 441.8190021952614, 441.65782250417396, 441.9384224675596, 448.2202369789593, 469.77133032726124, 454.1911094360985, 451.54971073009074, 458.86242365883663]], "medians": [630.756750702858, 1636.6286491975188, 4550.148459849879, 14002.354874741286, 44706.27043861896, 139477.66604367644, 446344.943895936], "lengs": [10.0, 31.622776601683796, 100.0, 316.2277660168379, 1000.0, 3162.277660168379, 10000.0]}