{"benchmarks": [[1220.971264488995, 1116.0048342971131, 1108.8227050241549, 1109.6695006298833, 1108.895821016049, 1114.241004915908, 1109.2752280530985, 1109.1663895458914, 1109.2743358279113, 1109.112404523883], [1159.7924508450087, 1158.012452126015, 1157.922356799012, 1158.3825421009678, 1158.2143336010631, 1158.045604261104, 1158.4089826189447, 1158.574579545064, 1159.1824582200497, 1158.70307570789], [1448.6313520660624, 1453.4492896320298, 1454.6334764410276, 1458.2408334959764, 1456.8350229430944, 1450.6195078289602, 1448.3734321310185, 1453.9117372890469, 1451.0621604530606, 1459.0419049640186], [1912.9703311759513, 1893.3524762601592, 1887.882821452804, 1892.4226612199564, 1887.237740949029, 1889.1042463851627, 1885.8100894461386, 1886.6664096058812, 1889.9384898189455, 1885.451150313951]], "medians": [1109274.781940505, 1158395.7623599563, 1453680.5134605384, 1888493.5339189833], "lengs": [10.0, 21.544346900318832, 46.41588833612778, 100.0]}