{"benchmarks": [[5480.986760663101, 5233.6010397050995, 5230.461616999004, 5160.659875341924, 5163.7966307899915, 5162.5083025719505, 5160.315936976112, 5230.742346692132, 5231.197186338017, 5236.433416525135], [5238.674005099805, 5238.244113877416, 5240.704850564245, 5240.561431931797, 5235.086321167182, 5236.869150400162, 5196.051581752952, 5272.951047665905, 5359.18901535077, 5371.888059276156], [5385.773764012847, 5388.514144121204, 5385.300916469656, 5387.970928086899, 5383.888058742974, 5380.831702217925, 5384.982454557903, 5379.586032392923, 5387.217413820792, 5381.9221300613135], [5406.227080086712, 5341.199882674031, 5339.760543692857, 5331.77683197055, 5347.695662180893, 5344.43108775327, 5337.705072213896, 5334.370223336853, 5318.608565931208, 5319.452580056619]], "medians": [5230601.981845568, 5239617.718515801, 5385141.6855137795, 5338732.807953376], "lengs": [10.0, 21.544346900318832, 46.41588833612778, 100.0]}