{"benchmarks": [[1156.3644015113823, 1156.5599578730762, 1155.0890456880443, 1155.9545137807727, 1041.7634673439898, 1033.2868897779845, 1033.5165132209659, 1032.954251731746, 1032.010580659844, 1031.3300955947489], [1077.6294558681548, 1077.4655523388647, 1078.1313766129315, 1079.0102006788366, 1077.6329096043482, 1077.283137760125, 1078.092261993792, 1079.55950397579, 1079.958886908833, 1078.7508119628765], [1348.8075852212496, 1348.9941964368336, 1348.4224250270054, 1347.5991197871044, 1349.5809878231958, 1349.598266677931, 1348.331889190711, 1349.8923069112934, 1348.740940067917, 1348.4300856580958], [1756.1214434839785, 1756.0806365418248, 1754.800039992202, 1754.6630539949983, 1754.628893210087, 1755.5427037170157, 1753.4416985316202, 1755.5583304879256, 1757.3619275661185, 1757.1722736749798]], "medians": [1037639.9902824778, 1078111.8193033617, 1348774.2626445834, 1755550.5171024706], "lengs": [10.0, 21.544346900318832, 46.41588833612778, 100.0]}