{"benchmarks": [[0.12790147215127945, 0.004754695110023022, 0.004631089046597481, 0.0046595982275903225, 0.0046158297918736935, 0.004688472952693701, 0.004630192182958126, 0.004698522854596376, 0.004665510728955269, 0.004641456995159388], [0.009866262320429087, 0.009914551861584187, 0.00991412391886115, 0.009904027916491032, 0.009996694978326559, 0.009975322056561708, 0.009843071922659874, 0.00994482496753335, 0.009966072160750628, 0.00993485702201724], [0.026534424163401127, 0.02657023910433054, 0.02638955693691969, 0.026427663397043943, 0.027853203006088734, 0.026521191000938416, 0.026704303920269012, 0.02667142217978835, 0.02639272389933467, 0.026565087027847767], [0.07903329422697425, 0.07892365241423249, 0.08025868609547615, 0.07613551896065474, 0.07693360093981028, 0.07537651108577847, 0.074942572042346, 0.07489509601145983, 0.07497160974889994, 0.0751693369820714], [0.23249942203983665, 0.23338647931814194, 0.24640349904075265, 0.24632086791098118, 0.24603315396234393, 0.24577784771099687, 0.2467676568776369, 0.2459491710178554, 0.24683131696656346, 0.24739712197333574], [0.7733688079752028, 0.7773915827274323, 0.7741111218929291, 0.773449850268662, 0.7747990000061691, 0.7562194089405239, 0.7391060953959823, 0.7358647896908224, 0.7381798597052693, 0.7362773129716516], [2.3229466038756073, 2.3237403659150004, 2.320529207121581, 2.3363462961278856, 2.3270329451188445, 2.332972620613873, 2.3206067639403045, 2.361535425297916, 2.326522415969521, 2.3255452630110085], [7.376556258648634, 7.4059637831524014, 7.627748831175268, 7.762848064303398, 7.644253904931247, 7.637357838917524, 7.491457037162036, 7.527688380796462, 8.144845325034112, 9.134466885123402], [29.31866709003225, 25.1194491609931, 23.199276571162045, 27.508797448594123, 28.47522085206583, 23.54812135687098, 23.572862730827183, 23.535462133120745, 24.064746975898743, 25.13225177116692]], "medians": [4.662554478272796, 9.924704441800714, 26.549755595624447, 75.7560150232166, 246.17701093666255, 764.7941084578633, 2326.0338394902647, 7632.553335046396, 24592.09806844592], "lengs": [10.0, 31.622776601683796, 100.0, 316.2277660168379, 1000.0, 3162.277660168379, 10000.0, 31622.776601683796, 100000.0]}