{"benchmarks": [[0.5333176380954683, 0.5292159970849752, 0.5253794477321208, 0.5360352308489382, 0.5552040510810912, 0.5373153663240373, 0.5286596077494323, 0.5369867109693587, 0.5409535672515631, 0.528498605825007], [1.382427891716361, 1.3779208180494606, 1.3805080498568714, 1.3738458040170372, 1.372781620360911, 1.3856051713228226, 1.3739330801181495, 1.4041578019969165, 1.4106993321329355, 1.3733274186961353], [2.4770105280913413, 2.515592287760228, 2.489166561048478, 2.486095742788166, 2.482995345722884, 2.5120723634026945, 2.4884472559206188, 2.4929441031999886, 2.496454232838005, 2.5433581001125276], [3.5513226771727204, 3.4895022357814014, 3.4506079968996346, 3.463766742963344, 3.465245740953833, 3.4459364279173315, 3.4516369942575693, 3.4549981961026788, 3.4457655120640993, 3.450988010969013], [3.725467232055962, 3.7665011952631176, 3.702584853861481, 3.7946512512862682, 3.7704844498075545, 3.747649380005896, 3.7864147718064487, 3.729239925276488, 3.8025102000683546, 3.7578196143731475], [4.586443455889821, 4.667155037168413, 4.602468580007553, 4.5799473552033305, 4.535273129120469, 4.598789767827839, 4.526152372825891, 4.5302743799984455, 4.525769589934498, 4.558939481154084], [4.829610331915319, 4.76358440797776, 4.756892662029713, 4.7894893498159945, 4.811612547840923, 4.785449710208923, 4.756833258550614, 4.757205966860056, 4.7651211260817945, 4.774196655955166]], "medians": [534.6764344722033, 1379.214433953166, 2491.0553321242332, 3453.317595180124, 3762.1604048181325, 4569.443418178707, 4769.65889101848], "lengs": [10.0, 21.544346900318832, 46.41588833612778, 100.0, 215.44346900318823, 464.15888336127773, 1000.0]}