{"benchmarks": [[0.017140496987849474, 0.016569901956245303, 0.016536565963178873, 0.01649259403347969, 0.01648285798728466, 0.01643864205107093, 0.016442221822217107, 0.016445596935227513, 0.016447165980935097, 0.016412224853411317]], "medians": [16.46501198410988], "lengs": [1.9998618696327441]}