{"benchmarks": [[85.79086547903717, 85.76229008683003, 86.03558056009933, 86.22189576318488, 85.88059487496503, 87.24299437808804, 88.72047216887586, 88.84546483587474, 88.41695099300705, 88.29973109485582], [105.70521186105907, 106.48260461608879, 106.84165790188126, 105.90456360508688, 101.84922048286535, 96.1474101562053, 96.24872849113308, 93.96856286399998, 93.48596683191136, 93.15222537680529], [395.26436949986964, 395.42181528382935, 395.0206150689628, 395.2699687459972, 396.1959972339682, 399.56650798092596, 395.87048767204396, 395.5622464120388, 394.5010016479064, 395.12281838897616], [480.2955029469449, 494.8260505129583, 495.8243570048362, 498.1125395919662, 497.14367132703774, 496.5242656939663, 495.43973715999164, 495.9085929868743, 496.1451549991034, 496.88051202194765]], "medians": [86732.44507063646, 99048.97448699921, 395345.89201491326, 496026.87399298884], "lengs": [10.0, 21.544346900318832, 46.41588833612778, 100.0]}