{"benchmarks": [[42639.009921075776, 42745.67082069814], [51296.69851862127, 51833.04854389792]], "medians": [42692340.37088696, 51564873.5312596], "lengs": [2500.345361696432, 15995.58028614668]}