{"benchmarks": [[0.19477730616927147, 0.001297317910939455, 0.0012592009734362364, 0.0012525799684226513, 0.0013056208845227957, 0.0012769191525876522, 0.0012472160160541534, 0.001254539005458355, 0.0012477110140025616, 0.001251355977728963]], "medians": [1.2568699894472957], "lengs": [19.998618696327437]}