{"benchmarks": [[2287.6459215278737, 2035.8177741160616, 2006.6808890129905, 2006.161979554221, 2006.5684444759972, 2005.905577122001, 2005.8797928530257, 2006.5850988798775, 2005.5451152820606, 2005.352080608951]], "medians": [2006365.2120151091], "lengs": [149.96848355023738]}