{"benchmarks": [[0.07334980415180326, 0.0012234970927238464, 0.001184498192742467, 0.001207015011459589, 0.001198688056319952, 0.0011981739662587643, 0.001256170915439725, 0.001236580079421401, 0.0011865301057696342, 0.0011917140800505877], [0.001242591068148613, 0.0012319530360400677, 0.0012228537816554308, 0.001222850987687707, 0.001298743998631835, 0.0012721959501504898, 0.0012138490565121174, 0.0012130679097026587, 0.0012276810593903065, 0.0012247711420059204], [0.0012671789154410362, 0.001252081012353301, 0.0013435820583254099, 0.0013059219345450401, 0.0012651172000914812, 0.0012737121433019638, 0.0012632689904421568, 0.0012673651799559593, 0.0012738390360027552, 0.0012672850862145424], [0.001416715094819665, 0.0013082330115139484, 0.0013021340128034353, 0.0013014688156545162, 0.0013044530060142279, 0.0013074390590190887, 0.0012969709932804108, 0.001342613948509097, 0.0013729899656027555, 0.0013010648544877768], [0.0013348569627851248, 0.0013183769769966602, 0.0013159040827304125, 0.00130328512750566, 0.0013166700955480337, 0.0013207748997956514, 0.0013266890309751034, 0.001311733154579997, 0.0013211260084062815, 0.0013047249522060156], [0.0013301919680088758, 0.0013143918476998806, 0.0013257740065455437, 0.0013254189398139715, 0.0013261828571557999, 0.0013220647815614939, 0.0013200121466070414, 0.00132074486464262, 0.0013073410373181105, 0.0013206691946834326], [0.0013198750093579292, 0.0013256429228931665, 0.0013225830625742674, 0.001320600975304842, 0.0013245989102870226, 0.0013243199791759253, 0.0013235209044069052, 0.001334609929472208, 0.0013247029855847359, 0.0013139480724930763], [0.001315407920628786, 0.0013352399691939354, 0.0013317109551280737, 0.0013164039701223373, 0.001327770994976163, 0.0013374921400099993, 0.001324955141171813, 0.0013164619449526072, 0.0013257660903036594, 0.0013213278725743294], [0.0013360748998820782, 0.0013380760792642832, 0.00131491688080132, 0.0013248580507934093, 0.0013328921049833298, 0.0013132051099091768, 0.0013274119701236486, 0.0013266669120639563, 0.0013263160362839699, 0.0013251220807433128]], "medians": [1.2028515338897705, 1.2262261006981134, 1.2673251330852509, 1.3059460325166583, 1.317523536272347, 1.321404823102057, 1.3239204417914152, 1.3253606157377362, 1.326491474173963], "lengs": [10.0, 31.622776601683796, 100.0, 316.2277660168379, 1000.0, 3162.277660168379, 10000.0, 31622.776601683796, 100000.0]}