{"benchmarks": [[0.5867255958728492, 0.5804139559622854, 0.5779703638982028, 0.5765029629692435, 0.5956543970387429, 0.5961705250665545, 0.5841199280694127, 0.5803522560745478, 0.578048462048173, 0.5770935909822583], [1.441038099117577, 1.450093043036759, 1.4423746059183031, 1.4400150938890874, 1.4458477881271392, 1.4426714978180826, 1.4502421289216727, 1.4416890880092978, 1.4409935039002448, 1.4414038718678057], [2.577435194980353, 2.5662006540223956, 2.5692270880099386, 2.570118049858138, 2.568095806054771, 2.565679915016517, 2.5729824430309236, 2.5726826700847596, 2.5685753419529647, 2.5779759399592876], [3.58102761185728, 3.5830150889232755, 3.574927348876372, 3.55501058883965, 3.6202020740602165, 3.5621413059998304, 3.551980532007292, 3.554221048951149, 3.553953344002366, 3.5529161440208554], [3.803751832107082, 3.8152032480575144, 3.810673762112856, 3.839118272997439, 3.8063141761813313, 3.8261725099291652, 3.8046358411666006, 3.8040974200703204, 3.8023031409829855, 3.825205120956525], [4.6698048890102655, 4.652264427160844, 4.658865354023874, 4.657109399093315, 4.688125666230917, 4.65577651001513, 4.765097077935934, 4.655787606956437, 4.6570419010240585, 4.687357887858525], [4.891356350854039, 4.910206139087677, 4.895785787142813, 4.998665538150817, 4.893812565132976, 4.924981144024059, 4.89471685490571, 4.910646556178108, 4.927928882883862, 4.93149030697532]], "medians": [580.3831060184166, 1442.0318469638005, 2569.6725689340383, 3558.5759474197403, 3808.4939691470936, 4657.987376558594, 4910.426347632892], "lengs": [10.0, 21.544346900318832, 46.41588833612778, 100.0, 215.44346900318823, 464.15888336127773, 1000.0]}