{"benchmarks": [[35.94905581464991, 35.55136312870309, 35.585842720232904, 35.22477601421997, 35.68482781900093, 35.50757337687537, 36.42964364401996, 37.80185591895133, 37.833431095350534, 37.15435776207596], [63.97389547713101, 60.23123385524377, 59.83585871523246, 60.12177154282108, 59.75151336658746, 59.823185747954994, 59.943416954018176, 59.59755530534312, 60.07866341480985, 60.74684231262654], [106.45367652596906, 106.6362430988811, 107.67479404294863, 106.37664942396805, 107.21352388709784, 106.6190974349156, 106.78407766064629, 107.5786145599559, 106.5254733087495, 106.65566748380661], [205.52727434504777, 203.96156046818942, 205.13801708212122, 204.2759571080096, 207.36677675507963, 206.02720325673, 204.79244337417185, 206.15621163323522, 203.83979002712294, 205.60065031703562]], "medians": [35816.94181682542, 60011.040184414014, 106645.95529134385, 205332.6457135845], "lengs": [10.0, 21.544346900318832, 46.41588833612778, 100.0]}