{"benchmarks": [[3211.0447602309287, 3104.7514364467934, 3111.0424985401332, 3124.417380076833, 3129.6100911409594, 3127.5925587639213, 3115.10818697419, 3108.108874232974, 3106.2802955228835, 3111.43752577994]], "medians": [3113272.856377065], "lengs": [19998.61869632745]}