{"benchmarks": [[0.10768507374450564, 0.000896751880645752, 0.0008589131757616997, 0.0008666249923408031, 0.0008472632616758347, 0.0008480548858642578, 0.0008468902669847012, 0.0008478211238980293, 0.0008507869206368923, 0.0008457191288471222]], "medians": [0.8494209032505751], "lengs": [19.998618696327437]}