{"benchmarks": [[37.08408550499007, 37.20989209692925, 36.97250241274014, 34.84831550018862, 36.20053363777697, 34.85607966920361, 33.34997136564925, 33.99150408804417, 33.24401291506365, 33.3912941487506], [58.57114365370944, 58.57134597096592, 58.811220582108945, 58.90976853389293, 59.739567902404815, 59.03222432686016, 58.465328600257635, 58.106048052199185, 59.55691763013601, 59.010090318042785], [104.41425491170958, 104.35597922280431, 105.51590163214132, 105.27455461816862, 104.89558754488826, 105.37587877828628, 104.36723685218021, 104.3644936750643, 104.5213060718961, 103.81909651588649], [202.42058134404942, 201.12736346106976, 204.22917297808453, 204.74808218004182, 200.91321910731494, 201.1941471300088, 203.01958753773943, 201.39402633113787, 201.09196112817153, 204.81989206606522]], "medians": [34852.197584696114, 58860.49455800094, 104467.78049180284, 201907.30383759364], "lengs": [10.0, 21.544346900318832, 46.41588833612778, 100.0]}