{"benchmarks": [[0.5713463248685002, 0.5676271012052894, 0.5579962772317231, 0.5590424123220146, 0.5522114639170468, 0.5565423588268459, 0.5536470860242844, 0.5546963210217655, 0.5547748119570315, 0.550974179059267], [0.5802831277251244, 0.5869748508557677, 0.5837636566720903, 0.5775251509621739, 0.5936666131019592, 0.605741280131042, 0.5808999487198889, 0.574935844168067, 0.5886469692923129, 0.5796981118619442], [0.6028024312108755, 0.6089130020700395, 0.6073095286265016, 0.6093226363882422, 0.6057792757637799, 0.6109835687093437, 0.6106982477940619, 0.6036024768836796, 0.6073973467573524, 0.6044584331102669], [0.6097433785907924, 0.6103658298961818, 0.6134937382303178, 0.6230968721210957, 0.6082974439486861, 0.6408741320483387, 0.603063428774476, 0.641081505920738, 0.6129341120831668, 0.6047076350077987], [0.6367872818373144, 0.6336018778383732, 0.6333648120053113, 0.6344541190192103, 0.6371301719918847, 0.635379598941654, 0.6329772723838687, 0.6327160950750113, 0.6504303272813559, 0.6408141893334687], [0.6670378297567368, 0.6377547080628574, 0.6343198888935149, 0.6328869182616472, 0.6343886372633278, 0.636380641721189, 0.6376573070883751, 0.6264583100564778, 0.6365657849237323, 0.6319034583866596], [0.6622662767767906, 0.6584505117498338, 0.6551904589869082, 0.6657022410072386, 0.6678559007123113, 0.6611326551064849, 0.6745319431647658, 0.6661426899954677, 0.6652802829630673, 0.6664496334269643]], "medians": [555.6585853919387, 582.3318026959896, 607.353437691927, 611.6499709896743, 634.9168589804322, 635.3846394922584, 665.491261985153], "lengs": [10.0, 31.622776601683796, 100.0, 316.2277660168379, 1000.0, 3162.277660168379, 10000.0]}