{"benchmarks": [[0.3166852369904518, 0.31433078087866306, 0.32023116294294596, 0.3118494041264057, 0.3158864136785269, 0.3140165670774877, 0.31586642004549503, 0.31052797520533204, 0.31501685036346316, 0.316341086756438]], "medians": [315.4416352044791], "lengs": [1.9998618696327441]}