{"benchmarks": [[6.558362307026982, 6.377621834166348, 6.256689175032079, 6.200813035946339, 6.183483467902988, 6.254830623976886, 6.228949142154306, 6.078483683988452, 6.256977858021855, 6.1494258008897305], [12.936392143834382, 12.735764508135617, 12.746209790930152, 12.686959768179804, 12.742134918924421, 12.425986188929528, 12.489264623261988, 12.296561217866838, 12.187447440810502, 12.335345026105642], [20.58630545809865, 20.59865916101262, 20.600375812035054, 20.60280994605273, 20.529918651096523, 20.687366812955588, 20.565045822877437, 20.59970842814073, 20.922515616752207, 20.665636354591697], [39.88731893990189, 39.124106699135154, 39.33689550869167, 38.973030203953385, 38.880057604052126, 39.43834371259436, 39.40328524867073, 39.36899126600474, 39.3945648688823, 40.91629930771887]], "medians": [6241.889883065596, 12588.112195720896, 20600.04212008789, 39381.77806744352], "lengs": [10.0, 21.544346900318832, 46.41588833612778, 100.0]}