{"benchmarks": [[24427.734028567094, 24432.46127699595, 24389.406775637064, 24383.767959259916, 24485.74183346005]], "medians": [24427734.028567094], "lengs": [19998.61869632745]}