{"benchmarks": [[224.40160554507747, 224.1569488272071, 225.2860403652303, 227.26056366600096, 227.4537574998103, 223.1515162428841, 223.48705076612532, 224.5074396491982, 224.3369695399888, 226.1627022298053], [278.721312050242, 284.4007617221214, 282.01755972299725, 286.51029745908454, 278.5103487223387, 280.16693388996646, 279.8154452731833, 282.98476949101314, 280.94976154575124, 281.3158888039179], [406.5825553731993, 396.8137231520377, 398.45380716305226, 397.865924437996, 400.42293407022953, 396.66684136306867, 404.53083030087873, 403.91445779195055, 402.3742500762455, 399.02632416179404], [656.392372565344, 649.8643052098341, 664.1422055652365, 659.8653448382393, 654.4630444310606, 656.5125764119439, 653.2839274620637, 647.6191914239898, 647.1631382633932, 643.1521517392248]], "medians": [224454.52259713784, 281132.8251748346, 399724.6291160118, 653873.4859465621], "lengs": [10.0, 21.544346900318832, 46.41588833612778, 100.0]}