{"benchmarks": [[3.98105009784922, 3.9831924149766564, 3.9908529692329466, 4.020379453897476, 4.012389366980642, 4.015934778377414, 4.082707549910992, 3.984996108803898, 3.979071151930839, 3.970916143618524], [4.008280691225082, 4.01053472282365, 4.018152615055442, 3.9862097152508795, 3.9867735337466, 4.063972068019211, 4.07533081388101, 3.9882858600467443, 4.0159025667235255, 4.031195904593915], [4.300095336977392, 4.32132926909253, 4.388677006121725, 4.3495738338679075, 4.307046277914196, 4.3984589437022805, 4.305534703657031, 4.305770515929908, 4.286089424975216, 4.319116915110499], [4.104419656097889, 4.117124351207167, 4.101955595891923, 4.099295900203288, 4.097661001142114, 4.122175456024706, 4.101402271073312, 4.097833226900548, 4.137716897763312, 4.089101929683238], [4.1355722127482295, 4.116867267061025, 4.152295837178826, 4.135082472115755, 4.2144980151206255, 4.185537227895111, 4.16071163630113, 4.145899349823594, 4.160093405749649, 4.115081368014216], [4.044973212759942, 4.071373593062162, 4.057496560737491, 4.131870855111629, 4.131654096301645, 4.058610177133232, 4.0888966070488095, 4.081390502862632, 4.1012157360091805, 4.036571932025254], [4.111597236245871, 4.07478137081489, 4.134870416019112, 4.089918307028711, 4.101256869267672, 4.093828892800957, 4.071799871046096, 4.086566280107945, 4.07417314266786, 4.083814546000212]], "medians": [3987.9245390184224, 4013.2186447735876, 4313.0815965123475, 4101.678933482617, 4149.09759350121, 4076.3820479623973, 4088.242293568328], "lengs": [10.0, 31.622776601683796, 100.0, 316.2277660168379, 1000.0, 3162.277660168379, 10000.0]}