{"benchmarks": [[39486.02244859701, 40857.64595214836, 40951.781822482124, 40568.78939808812, 40353.513612587005]], "medians": [40568789.39808812], "lengs": [19998.61869632745]}