{"benchmarks": [[202.36935906577855, 201.1410304447636, 202.02562020579353, 203.21067726472393, 201.6501901340671, 202.61460996279493, 200.90004488406703, 202.25893039163202, 202.1429857192561, 203.09324740385637]], "medians": [202200.95805544406], "lengs": [10.0]}