{"benchmarks": [[0.3225901380646974, 0.31426075589843094, 0.3140951928216964, 0.3184562760870904, 0.3157266441266984, 0.3268295091111213, 0.3133323369547725, 0.32447939296253026, 0.3211601919028908, 0.31159629486501217]], "medians": [317.0914601068944], "lengs": [1.9998618696327441]}