{"benchmarks": [[5.8148828176781535, 2.791371255647391, 2.77706703171134, 2.779939246363938, 2.7616538568399847, 2.7153883641585708, 2.7203016909770668, 2.701518587768078, 2.7458570152521133, 2.6992338309064507]], "medians": [2753.755436046049], "lengs": [19.998618696327437]}