{"benchmarks": [[0.03909195913001895, 0.016223927028477192, 0.016080350149422884, 0.016266978345811367, 0.016384053975343704, 0.015799961984157562, 0.016241269186139107, 0.015917942859232426, 0.01647460414096713, 0.01566941011697054], [0.018217947334051132, 0.017989992164075375, 0.018008092883974314, 0.01785237342119217, 0.018294855020940304, 0.017859687097370625, 0.018088542856276035, 0.017681190744042397, 0.018016004003584385, 0.01782321371138096], [0.020539918914437294, 0.020885910373181105, 0.020004181191325188, 0.020104655995965004, 0.019967174157500267, 0.02006297279149294, 0.0199361490085721, 0.019908548798412085, 0.019891358446329832, 0.019799031782895327], [0.021582549903541803, 0.021506869234144688, 0.021672643721103668, 0.021558136213570833, 0.02248711884021759, 0.021284611895680428, 0.022514325566589832, 0.023087479174137115, 0.02281030686572194, 0.021756137255579233], [0.02300585899502039, 0.022395753767341375, 0.023004713002592325, 0.022151030134409666, 0.022990738973021507, 0.022269519045948982, 0.02301171002909541, 0.022437491454184055, 0.022344673052430153, 0.022334336768835783], [0.02239216212183237, 0.022514304146170616, 0.0227955081500113, 0.0221995422616601, 0.022085746750235558, 0.022150573786348104, 0.022373328916728497, 0.022304127924144268, 0.022002478130161762, 0.022043496370315552], [0.022392542101442814, 0.022694576997309923, 0.02227681176736951, 0.02280312729999423, 0.022260020952671766, 0.022587743122130632, 0.022393276914954185, 0.022799143102020025, 0.024533506017178297, 0.02405380178242922], [0.02274392917752266, 0.02382672717794776, 0.022684869822114706, 0.02372659696266055, 0.022902572993189096, 0.02376412693411112, 0.022446233313530684, 0.024032657966017723, 0.02249981788918376, 0.023885171860456467], [0.022975072730332613, 0.024040422402322292, 0.023145010694861412, 0.02317782584577799, 0.024095107801258564, 0.02328647766262293, 0.02290939586237073, 0.024053487926721573, 0.02271038293838501, 0.023665381129831076]], "medians": [16.23259810730815, 17.999042524024844, 19.985677674412727, 21.71439048834145, 22.416622610762715, 22.251835092902184, 22.641160059720278, 23.314584977924824, 23.23215175420046], "lengs": [10.0, 31.622776601683796, 100.0, 316.2277660168379, 1000.0, 3162.277660168379, 10000.0, 31622.776601683796, 100000.0]}