{"benchmarks": [[206.7865993422456, 202.65464494004846, 201.05698866397142, 201.1428693230264, 201.8841116372496, 203.15952768502757, 208.0556878540665, 205.5710047231987, 202.5337608247064, 204.9636739930138]], "medians": [202907.086312538], "lengs": [10.0]}