{"benchmarks": [[3.8985114730894566, 3.9268569839186966, 3.8834346011281013, 3.947943384293467, 3.896965646650642, 3.8779397448524833, 3.9273867891170084, 3.901260627899319, 3.8543047541752458, 3.9086296800523996]], "medians": [3899.8860504943877], "lengs": [1.9998618696327441]}