{"benchmarks": [[3.5912862992845476, 2.7371762809343636, 2.741612859070301, 2.77143446682021, 2.743382337037474, 2.6868698950856924, 2.6742423293180764, 2.6939762057736516, 2.6880885609425604, 2.693320117890835]], "medians": [2715.5762433540076], "lengs": [19.998618696327437]}