{"benchmarks": [[8.577499277889729, 2.763268476817757, 2.7637364310212433, 2.728632152080536, 2.7278204853646457, 2.732941336929798, 2.688624366186559, 2.703473416157067, 2.7018473939970136, 2.750577953644097], [2.696044777985662, 2.716287952847779, 2.697406637016684, 2.7087328378111124, 2.6739933229982853, 2.7223281767219305, 2.7513048509135842, 2.699539631139487, 2.73610150301829, 2.6798113309778273], [2.71160702733323, 2.7174648009240627, 2.684207912068814, 2.686511317268014, 2.7012623278424144, 2.7312298067845404, 2.6939767356961966, 2.7219832967966795, 2.6879204250872135, 2.7365402108989656], [2.7106038331985474, 2.70748091628775, 2.7092136731371284, 2.686310017015785, 2.698623572010547, 2.6823634640313685, 2.69429353158921, 2.692233215086162, 2.6960761970840394, 2.6781216277740896], [2.680110275745392, 2.7193340701051056, 2.703997503966093, 2.6990585890598595, 2.6845236318185925, 2.701465968042612, 2.7472281991504133, 2.704529957845807, 2.7134060580283403, 2.7396754189394414], [2.708792062010616, 2.700987117830664, 2.696117280051112, 2.731809256132692, 2.7208595271222293, 2.734787514898926, 2.7000751201994717, 2.6983312889933586, 2.710590198636055, 2.69194737682119], [2.694660810753703, 2.7076629167422652, 2.692849315237254, 2.7107011820189655, 2.69539397303015, 2.699298722203821, 2.6886140978895128, 2.7052383245900273, 2.7070593032985926, 2.6998710450716317], [2.6876558088697493, 2.6763073122128844, 2.6991029549390078, 2.6834811619482934, 2.7002158812247217, 2.6984796980395913, 2.7027340070344508, 2.690832680091262, 2.695256563834846, 2.6849245969206095], [2.7156197242438793, 2.710185769945383, 2.711727140005678, 2.805913049262017, 2.6974290828220546, 2.6945603829808533, 2.714223064016551, 2.7237599128857255, 2.7103886851109564, 2.7167414762079716]], "medians": [2730.786744505167, 2704.1362344752997, 2706.434677587822, 2695.1848643366247, 2704.26373090595, 2704.88958992064, 2699.5848836377263, 2693.044621963054, 2712.9751020111144], "lengs": [10.0, 31.622776601683796, 100.0, 316.2277660168379, 1000.0, 3162.277660168379, 10000.0, 31622.776601683796, 100000.0]}