{"benchmarks": [[26638.76991858217, 26659.889899276197, 26795.20027112309, 26570.352807819843, 26709.135931227356, 26741.05498597212, 26741.580319616012, 26408.94621794112, 26895.85430746898, 27190.709124409594]], "medians": [26725095.45859974], "lengs": [149.96848355023738]}