{"benchmarks": [[6.230195499956608, 7.945621006190777, 6.312757526990026, 6.221424083225429, 7.873581086751074, 6.153321004007012, 6.25466596474871, 7.223129380960017, 6.192791596055031, 7.3944899453781545]], "medians": [6283.711745869368], "lengs": [10.0]}