{"benchmarks": [[0.037740872241556644, 0.017331093084067106, 0.017038244754076004, 0.01707774167880416, 0.017208272125571966, 0.01727732177823782, 0.017387570813298225, 0.017101160250604153, 0.017109965905547142, 0.017458039801567793]], "medians": [17.242796951904893], "lengs": [19.998618696327437]}