{"benchmarks": [[0.03727020416408777, 0.017145846039056778, 0.016691619995981455, 0.016980934888124466, 0.01650082296691835, 0.016794349998235703, 0.016659596003592014, 0.01702296594157815, 0.016536148032173514, 0.016900282120332122], [0.01859844895079732, 0.018688780954107642, 0.01842954196035862, 0.018926171818748116, 0.018647816963493824, 0.018940634094178677, 0.01855436386540532, 0.0186817510984838, 0.01931307394988835, 0.019874502904713154], [0.021579823922365904, 0.020494781900197268, 0.021302388980984688, 0.0206665291916579, 0.021195119014009833, 0.020676033105701208, 0.021304034860804677, 0.020498594036325812, 0.02108770003542304, 0.020059610018506646], [0.023048919858410954, 0.022006578976288438, 0.02208692394196987, 0.022101802984252572, 0.022139461943879724, 0.022336688125506043, 0.022207882022485137, 0.022099212044849992, 0.0221409909427166, 0.02220083400607109], [0.02290963986888528, 0.022808807203546166, 0.022651110775768757, 0.02276612911373377, 0.022949998965486884, 0.022947523975744843, 0.022595635149627924, 0.02302320022135973, 0.023006774950772524, 0.02291807415895164], [0.023208654951304197, 0.02330255601555109, 0.022996094077825546, 0.023044461850076914, 0.02336812997236848, 0.02309357188642025, 0.023441476980224252, 0.02332347398623824, 0.023270020028576255, 0.023099286016076803], [0.023607728071510792, 0.023317286977544427, 0.02334424387663603, 0.023685939144343138, 0.023516182089224458, 0.02512561297044158, 0.024633179185912013, 0.024629828985780478, 0.02460562903434038, 0.024273940827697515], [0.024320567026734352, 0.02418829989619553, 0.024498569080606103, 0.024135592859238386, 0.024204256013035774, 0.024499573977664113, 0.02417320292443037, 0.024369620019569993, 0.024334002984687686, 0.024416428059339523], [0.02464362606406212, 0.02447053394280374, 0.024861162062734365, 0.0244534770026803, 0.024882256984710693, 0.024494802812114358, 0.024461203953251243, 0.02462404011748731, 0.024785149842500687, 0.02471183892339468]], "medians": [16.847316059283912, 18.68526602629572, 20.881866570562124, 22.14022644329816, 22.91385701391846, 23.239337489940226, 23.979939986020327, 24.32728500571102, 24.633833090774715], "lengs": [10.0, 31.622776601683796, 100.0, 316.2277660168379, 1000.0, 3162.277660168379, 10000.0, 31622.776601683796, 100000.0]}