{"benchmarks": [[201.33222071407363, 200.4886145251803, 200.51461478928104, 201.85799912922084, 201.21820407407358, 200.58494728896767, 200.93977861013263, 200.51341929798946, 202.13279100880027, 199.689845118206], [207.6816754778847, 207.30099344113842, 206.8397912797518, 207.88480248721316, 207.75936134485528, 206.48068861709908, 207.58207363495603, 207.66255219001323, 206.8580842181109, 208.10106986016035], [219.90828203875571, 218.59457841189578, 219.20016353204846, 219.86474887887016, 220.41831741668284, 218.1855295728892, 219.96615322493017, 219.92428016196936, 220.79718167195097, 219.69036062061787], [232.09503033477813, 231.19206512905657, 232.37381235091016, 233.48401806410402, 231.54677773173898, 232.48143784701824, 230.28860833402723, 232.01277119200677, 230.21089906618, 231.63787884125486]], "medians": [200762.36294955015, 207622.31291248463, 219886.51545881294, 231825.3250166308], "lengs": [10.0, 21.544346900318832, 46.41588833612778, 100.0]}