{"benchmarks": [[4.80043578427285, 1.8590348889119923, 1.882461099885404, 1.8643286828882992, 1.8835428357124329, 1.794073322787881, 1.7967573152855039, 1.806136489380151, 1.8420532359741628, 1.8211587299592793], [1.8399882530793548, 1.8233585059642792, 1.8453502259217203, 1.8095542378723621, 1.816211089026183, 1.8306861110031605, 1.8150680102407932, 1.8199504329822958, 1.8197729880921543, 1.8345021838322282], [1.8685632520355284, 1.85802194615826, 1.854704124853015, 1.867610099259764, 1.8988545811735094, 1.9003102299757302, 1.8581530381925404, 1.844507445115596, 1.8884020647965372, 1.8660026118159294], [1.979670497123152, 1.9903658460825682, 2.0000880700536072, 1.985553708858788, 2.028519263025373, 1.9880442316643894, 1.9943322069011629, 1.9926222111098468, 1.9786276137456298, 1.9950607819482684], [2.4013690506108105, 2.4224471780471504, 2.424724383279681, 2.434097283054143, 2.413486944977194, 2.4024284249171615, 2.3994349017739296, 2.401521170977503, 2.4199166749604046, 2.4037093208171427], [3.7015034360811114, 3.756351134274155, 3.7397941891103983, 3.717242888174951, 3.7298452337272465, 3.7310695610940456, 3.70346303563565, 3.7887203050777316, 3.709564045071602, 3.7025314890779555], [7.863100782968104, 8.030074915383011, 7.8438860210590065, 7.8431053957901895, 7.871457992121577, 8.033813553862274, 7.949790042359382, 7.859984070062637, 8.084437875077128, 7.894928477704525], [21.30108541296795, 21.33836449123919, 21.126899600960314, 21.099860980641097, 21.082327893935144, 21.108297898899764, 21.10223474074155, 21.376883618999273, 21.431886052712798, 21.149427567142993], [62.587992364075035, 63.77128116833046, 63.86105034407228, 63.23275803308934, 62.8545637158677, 63.22730510821566, 62.935639690142125, 64.61457123793662, 63.732824221719056, 62.5135920541361]], "medians": [1850.5440624430776, 1821.6544694732875, 1866.8063555378467, 1991.4940285962075, 2408.5981328971684, 3723.544060951099, 7883.193234913051, 21138.163584051654, 63230.0315706525], "lengs": [10.0, 31.622776601683796, 100.0, 316.2277660168379, 1000.0, 3162.277660168379, 10000.0, 31622.776601683796, 100000.0]}