{"benchmarks": [[3.3318503899499774, 3.357370941201225, 3.351290995022282, 3.3311961689032614, 3.3294772999361157, 3.32930176705122, 3.355116806924343, 3.3955930680967867, 3.3875642500352114, 3.3140467840712517], [5.120976369129494, 5.0629391190595925, 5.1530945538543165, 5.058213674928993, 5.065611148020253, 5.094910070998594, 5.12640844611451, 5.160666172159836, 5.086700967978686, 5.050770804984495], [10.700027883984149, 10.738009167136624, 10.880800433922559, 10.65405512182042, 10.910323938820511, 10.953143457882106, 10.855681130895391, 10.637197641888633, 10.57699917582795, 10.679506292799488], [28.172928784042597, 28.121944436104968, 28.490203195018694, 28.590955677907914, 28.166258122073486, 28.26884178700857, 28.057314172852784, 28.01310337195173, 28.687638928880915, 28.365920315030962], [83.62878073798493, 83.96938548493199, 83.61645893799141, 83.5220410330221, 83.70766439894214, 83.17468368518166, 83.711507484084, 84.43764687189832, 84.14117461186834, 83.77674724604003], [258.6442929911427, 260.33076608902775, 259.63428912987, 259.04644011706114, 260.9233544829767, 259.51277928519994, 258.85295004420914, 261.20856153196655, 261.7635549439583, 258.4976656399667], [814.4045680081472, 818.9397647031583, 821.2798503800295, 815.9234328030143, 815.0368940390181, 813.0213089038152, 820.1682633638848, 810.0155971911736, 817.1216916930862, 812.4755366409663]], "medians": [3341.5706924861297, 5090.80551948864, 10719.018525560386, 28220.885285525583, 83709.58594151307, 259573.53420753498, 815480.1634210162], "lengs": [10.0, 31.622776601683796, 100.0, 316.2277660168379, 1000.0, 3162.277660168379, 10000.0]}