{"benchmarks": [[4.055462936870754, 4.026562564074993, 4.090834754984826, 4.038468683604151, 4.077984158881009, 4.0192354479804635, 4.018659395165741, 4.0544350179843605, 4.026981222908944, 4.021820295136422], [4.042549743317068, 3.969623927026987, 4.012531125918031, 4.035447827074677, 4.052570911124349, 3.9942350522615016, 4.003914675209671, 4.0660510212183, 4.013212768360972, 3.9881248958408833], [4.038336862809956, 4.055173500906676, 4.07354221213609, 4.050250405911356, 4.047680665273219, 4.089527951087803, 4.050005924887955, 4.070181318093091, 4.034395637921989, 4.100928467698395], [4.338062196969986, 4.329199626576155, 4.313287403900176, 4.270305362064391, 4.338546697050333, 4.325192759744823, 4.331031521316618, 4.270001831930131, 4.316141739953309, 4.296690402086824], [4.057240596041083, 4.090507362037897, 4.059991138987243, 4.1314936289563775, 4.0710602146573365, 4.104726701974869, 4.050078542903066, 4.0724086333066225, 4.090662389993668, 4.126061049755663], [4.045575020834804, 4.0665453700348735, 4.091539562679827, 4.048692233860493, 4.0273206499405205, 4.0454669701866806, 4.071726793888956, 4.065269339829683, 4.055703659076244, 4.026869221590459], [4.094203327316791, 4.091090586036444, 4.122784134931862, 4.099518924951553, 4.107561492361128, 4.094537973869592, 4.135344778187573, 4.094282243866473, 4.098495488986373, 4.1254216600209475]], "medians": [4032.7249532565475, 4012.8719471395016, 4052.711953409016, 4320.667249849066, 4081.45799767226, 4052.197946468368, 4099.007206968963], "lengs": [10.0, 31.622776601683796, 100.0, 316.2277660168379, 1000.0, 3162.277660168379, 10000.0]}