{"benchmarks": [[6.482864098856226, 6.279687768081203, 6.515261001884937, 6.539717699866742, 6.593716721050441, 6.374331041937694, 6.280199227156118, 6.1500628150533885, 6.059281772002578, 6.078135972144082]], "medians": [6327.265134546906], "lengs": [10.0]}