{"benchmarks": [[3.86894920328632, 3.8619316648691893, 3.8512288192287087, 3.8825846281833947, 3.8804624751210213, 3.907018391881138, 3.885104440152645, 3.854165742173791, 3.9679546770639718, 3.8811777280643582]], "medians": [3880.8201015926898], "lengs": [1.9998618696327441]}