{"benchmarks": [[26458.483955285046, 26689.763707109727, 26552.855124413036, 26803.74293831503, 26734.839077897836, 26667.76331691118, 26866.241976308636, 27217.105709933676, 27181.20410896605, 27061.10523816198]], "medians": [26769291.008106433], "lengs": [149.96848355023738]}