{"benchmarks": [[0.2985329912044108, 0.29429933009669185, 0.29672751436010003, 0.29651489201933146, 0.3077922100201249, 0.29457498574629426, 0.30929779494181275, 0.3030013511888683, 0.29838256211951375, 0.2936066840775311], [0.7366484100930393, 0.7796309031546116, 0.7549794670194387, 0.7430823231115937, 0.7269035559147596, 0.7388891209848225, 0.7174803391098976, 0.7668140777386725, 0.7191236647777259, 0.7546782311983407], [2.050825870130211, 2.094093315768987, 2.06326457997784, 2.1192848281934857, 2.0221527540124953, 2.0616511800326407, 2.056012372020632, 2.114571667276323, 2.048479920718819, 2.125752178952098], [6.343252005055547, 6.422007770743221, 6.300157607067376, 6.261351875960827, 6.802784314844757, 6.470145897008479, 6.239251204300672, 6.397700854111463, 6.294019541237503, 6.327488707844168], [19.562204235233366, 19.649942252319306, 19.583808538038284, 19.825649967882782, 19.65699068782851, 19.719492714852095, 19.58373219985515, 19.751717031933367, 19.78705539321527, 19.796071216929704], [62.59812823170796, 62.18829795671627, 63.45156296109781, 62.70942576788366, 62.3644788172096, 63.910930431913584, 61.78193487925455, 62.793754250276834, 62.28110552811995, 62.03384282393381], [197.42634549504146, 197.94085401669145, 196.3101397077553, 198.24501017760485, 199.90230383211747, 202.4013115130365, 198.1625599679537, 201.49579419987276, 196.41589780384675, 199.18129180092365], [631.1215605172329, 628.7111588050611, 667.3044105852023, 675.2865433106199, 665.578852572944, 686.203193273861, 677.5458603077568, 669.3083914672025, 671.4370999438688, 669.6522858780809], [2133.429649341386, 2136.010115385987, 2144.4453949281015, 1969.3258334361017, 2010.8144896370359, 1994.6488515241072, 1973.7314574741758, 1990.603447349742, 1992.8765699393116, 2000.3663781769574]], "medians": [297.5550382398069, 740.9857220482081, 2062.4578800052404, 6335.370356449857, 19688.241701340303, 62481.30352445878, 198203.78507277928, 669480.3386726417, 1997507.6148505323], "lengs": [10.0, 31.622776601683796, 100.0, 316.2277660168379, 1000.0, 3162.277660168379, 10000.0, 31622.776601683796, 100000.0]}