{"benchmarks": [[221.21901779598556, 220.9136631458532, 221.9534049781505, 222.03214859217405, 221.98462512693368, 221.791391847888, 220.0507270412054, 221.0849395741243, 220.8541824950371, 221.44916486297734], [277.1989349981304, 277.74895049701445, 279.0362014749553, 275.5563624019269, 275.46661858516745, 276.2716229048092, 277.967887212988, 277.9079737791326, 277.4148244110402, 277.71391574689187], [391.94210162200034, 390.80058972002007, 391.47994293808006, 392.0849364148453, 391.3689997619949, 390.07469590799883, 391.70877879601903, 388.91081316093914, 389.5381605338771, 391.0147520508617], [640.5642531150952, 633.7006503520533, 639.8964132710826, 635.6349015929736, 633.3478926410899, 633.3402505060658, 633.4126440009568, 634.6829683559481, 638.2243603321258, 635.384988124948]], "medians": [221334.09132948145, 277564.370078966, 391191.8759064283, 635033.978240448], "lengs": [10.0, 21.544346900318832, 46.41588833612778, 100.0]}