{"benchmarks": [[7.816972040571272, 2.7531154942698777, 2.7696812292560935, 2.7354277982376516, 2.7384326150640845, 2.6774827879853547, 2.6681945440359414, 2.6659578420221806, 2.6785491821356118, 2.681901309173554], [2.6888426397927105, 2.7225566608831286, 2.6970631051808596, 2.6873737326823175, 2.680684555787593, 2.708922387100756, 2.6754206740297377, 2.67419862607494, 2.673387946560979, 2.6732440660707653], [2.685896940063685, 2.67504161875695, 2.718598823994398, 2.69007076183334, 2.669194439891726, 2.6947681070305407, 2.684772489592433, 2.6798295066691935, 2.669131745118648, 2.704380719922483], [2.6911539169959724, 2.6953099300153553, 2.7035323353484273, 2.696167516987771, 2.687153429724276, 2.6890714447945356, 2.682206867262721, 2.7050553881563246, 2.670516121201217, 2.6739641581662], [2.6821699859574437, 2.6684363400563598, 2.724292915314436, 2.687099802773446, 2.697235596831888, 2.6817723480053246, 2.694012197200209, 2.666405657771975, 2.678759006783366, 2.6876794607378542], [2.6629467038437724, 2.712094461079687, 2.682724403683096, 2.6752332067117095, 2.6931916046887636, 2.6825281102210283, 2.706015494186431, 2.677256111986935, 2.681592426262796, 2.66731298295781], [2.685268967412412, 2.6694105840288103, 2.6781893027946353, 2.669778543058783, 2.6730901948176324, 2.6876028650440276, 2.7117871339432895, 2.6807609288953245, 2.686225701123476, 2.669749038759619], [2.700068105943501, 2.7131126360036433, 2.6853954102844, 2.6757652699016035, 2.67496490618214, 2.686982805840671, 2.677987052127719, 2.6900397781282663, 2.6862229867838323, 2.679335920140147], [2.681926826015115, 2.682668244931847, 2.67752830311656, 2.713367272168398, 2.702906358987093, 2.689188373275101, 2.6846529990434647, 2.686509581282735, 2.669461546931416, 2.6720925108529627]], "medians": [2708.664553705603, 2684.0291442349553, 2685.334714828059, 2690.112680895254, 2684.634894365445, 2682.060268241912, 2679.47511584498, 2685.809198534116, 2683.6606219876558], "lengs": [10.0, 31.622776601683796, 100.0, 316.2277660168379, 1000.0, 3162.277660168379, 10000.0, 31622.776601683796, 100000.0]}