{"benchmarks": [[3.3751692520454526, 3.343816711101681, 3.346120188012719, 3.4052616069093347, 3.4030891060829163, 3.337559093721211, 3.368838075082749, 3.3629890931770205, 3.340981960762292, 3.345213513355702], [5.1784026571549475, 5.1508352174423635, 5.1180177899077535, 5.198220484890044, 5.111747471615672, 5.1209415080957115, 5.059169655200094, 5.187934075016528, 5.253089120145887, 5.117571052629501], [10.526356643997133, 10.608780181966722, 10.644618802238256, 10.828511297237128, 10.768888039048761, 10.71692722197622, 10.764708453323692, 10.575292772613466, 11.033353773877025, 10.593903933651745], [28.331382940988988, 28.480731629766524, 28.275398997124285, 28.467766439076513, 28.69102098280564, 28.239193288143724, 28.306586637161672, 28.189055825117975, 28.43830925691873, 28.46153870318085], [83.96025311527774, 85.4073987309821, 85.1206647339277, 85.06486602220684, 88.10396514227614, 83.52853370504454, 89.72391843004152, 84.26969885919243, 87.48300611181185, 86.11634598299861], [260.3563461173326, 262.19583964394405, 262.19275436736643, 266.59547639498487, 260.2024577409029, 273.6007532123476, 267.84790935833007, 277.14011503430083, 270.9281927240081, 271.28490264574066], [817.1199603895657, 831.4812864731066, 846.598012804985, 835.128208855167, 847.0516989068128, 852.7336386437528, 858.3398867789656, 863.1160077261738, 850.601254190784, 844.2448126017116]], "medians": [3354.55464059487, 5135.8883627690375, 10680.773012107238, 28384.846098953858, 85264.0317324549, 267221.6928766575, 846824.8558558989], "lengs": [10.0, 31.622776601683796, 100.0, 316.2277660168379, 1000.0, 3162.277660168379, 10000.0]}