{"benchmarks": [[0.5833304191473871, 0.5936786369420588, 0.6051289439201355, 0.5747959071304649, 0.5800401831511408, 0.5784494658000767, 0.5790246690157801, 0.572432158049196, 0.5772064300253987, 0.5723169110715389], [0.6093719168566167, 0.5891327080316842, 0.5919289218727499, 0.5945713960099965, 0.592640221118927, 0.5908119878731668, 0.591460163006559, 0.5933618638664484, 0.5902960489038378, 0.5899690131191164], [0.6169451088644564, 0.6304307859390974, 0.6175572890788317, 0.6171440309844911, 0.6183613881003112, 0.6153913680464029, 0.6136878340039402, 0.6203593341633677, 0.6143221620004624, 0.623102905927226], [0.6201940081082284, 0.6208104700781405, 0.619361971039325, 0.6191058189142495, 0.6270002210512757, 0.63290473097004, 0.6209647709038109, 0.6343158590607345, 0.6178899561055005, 0.6222977500874549], [0.6487665029708296, 0.6484805000945926, 0.6484070129226893, 0.6450169540476054, 0.6530453469604254, 0.6508159569930285, 0.6611975119449198, 0.6755255558528006, 0.6779369320720434, 0.6802478518802673], [0.6496935558971018, 0.6446024489123374, 0.659806665033102, 0.6464393050409853, 0.6532231490127742, 0.651331972097978, 0.6502716920804232, 0.6471948460675776, 0.657726920209825, 0.6434488571248949], [0.6717487431596965, 0.6948231440037489, 0.6730891389306635, 0.67222581198439, 0.7016065488569438, 0.7050328170880675, 0.6750586708076298, 0.6753937629982829, 0.6635437349323183, 0.6807276129256934]], "medians": [578.7370674079284, 591.6945424396545, 617.3506600316614, 620.8876204909757, 651.930651976727, 649.9826239887625, 675.2262169029564], "lengs": [10.0, 31.622776601683796, 100.0, 316.2277660168379, 1000.0, 3162.277660168379, 10000.0]}