{"benchmarks": [[199.9496270851232, 201.4657227648422, 200.307611359749, 202.01153106195852, 199.89106705365703, 201.4695053230971, 200.66859915992245, 200.20462455274537, 200.29501720471308, 200.04825739003718], [207.3127115741372, 210.20849322341383, 209.72350502107292, 209.43243709160015, 210.1743905581534, 209.29188089398667, 209.08438875107095, 207.83089810609818, 207.64880335284397, 208.6534967981279], [219.2424484109506, 218.3737945081666, 218.2229066719301, 218.87069278024137, 219.89437693497166, 217.62418864993379, 218.27055406430736, 218.5521013457328, 219.72313731675968, 219.3869706131518], [232.85798556683585, 232.27523598633707, 229.17376840114594, 232.8020120281726, 229.8343583252281, 231.46316177397966, 230.32445637974888, 232.7849306021817, 230.38480399595574, 231.32158297486603]], "medians": [200301.31428223103, 209188.1348225288, 218711.3970629871, 231392.37237442285], "lengs": [10.0, 21.544346900318832, 46.41588833612778, 100.0]}