{"benchmarks": [[6.349439344136044, 6.537642771843821, 6.225675544934347, 6.548496161121875, 6.223373854998499, 6.31806630291976, 6.2681546087842435, 6.282149384031072, 6.219999367138371, 6.216884203022346], [12.644579965155572, 12.995221005985513, 14.964363494189456, 12.823980252956972, 12.7337768280413, 12.9084120800253, 12.930630086921155, 12.867555582895875, 12.938744836021215, 15.82646557316184], [22.05633008503355, 21.686297435080633, 21.66273229708895, 21.1109927368816, 21.183773900847882, 22.23393357405439, 21.078058051876724, 21.043658151989803, 21.439256076933816, 19.925016209017485], [37.5794739399571, 37.92763622896746, 37.66606786288321, 37.64238464599475, 38.46106441109441, 38.435531106079, 38.09532896289602, 37.72283855592832, 38.26706629921682, 38.30879216478206]], "medians": [6275.151996407658, 12919.521083473228, 21311.51498889085, 38011.48259593174], "lengs": [10.0, 21.544346900318832, 46.41588833612778, 100.0]}