{"benchmarks": [[0.0388406440615654, 0.018190301954746246, 0.017459311988204718, 0.017457698937505484, 0.017902464140206575, 0.01754331891424954, 0.017585715977475047, 0.017402384895831347, 0.018056383822113276, 0.017567510018125176]], "medians": [17.57661299780011], "lengs": [19.998618696327437]}