{"benchmarks": [[6.7895726568531245, 1.8364648760762066, 1.8808783339336514, 1.8457912851590663, 1.841007072944194, 1.7867047782056034, 1.7957179080694914, 1.7895923929754645, 1.7859122299123555, 1.7904488339554518], [1.825617941096425, 1.8298663049936295, 1.8374312699306756, 1.8304348948877305, 1.8231540420092642, 1.8490869831293821, 1.798607830191031, 1.8195436331443489, 1.8640927970409393, 1.8277870020829141], [1.8596532461233437, 1.8875034770462662, 1.8532749528530985, 1.8464849551673979, 1.8324450328946114, 1.8350469858851284, 1.8756778710521758, 1.842798673082143, 1.8797923978418112, 1.841136229922995], [1.983943014871329, 1.9897598400712013, 1.9794904089067131, 1.991663709981367, 2.0246198191307485, 1.9941125670447946, 2.0111776751000434, 2.0034933360293508, 1.976887899916619, 2.027180449105799], [2.40216673607938, 2.419319224078208, 2.38439658889547, 2.4151302869431674, 2.406965294154361, 2.4034859919920564, 2.395304176956415, 2.4384455899707973, 2.4421261160168797, 2.406621754169464], [3.7509328068699688, 3.828297257889062, 3.709053872851655, 3.7456274030264467, 3.7071828939951956, 3.7171174539253116, 3.707187262130901, 3.7322489079087973, 3.698536611860618, 3.6948981559835374], [7.916391785023734, 7.910534944850951, 7.823173489887267, 7.9870652242098, 7.861526492983103, 7.975391163956374, 8.003507621120661, 7.931799920042977, 7.908899503061548, 7.882142228074372], [21.083918547956273, 21.00513928500004, 21.08349418011494, 21.24147298000753, 20.90275443601422, 20.999199859099463, 21.25677172280848, 21.108907388988882, 21.086682812077925, 21.10407887212932], [63.52582158893347, 62.82836227491498, 62.78110825805925, 63.42508436110802, 62.5572450121399, 62.778902323916554, 62.89798404299654, 63.43781204498373, 63.29598572989926, 63.43825727305375]], "medians": [1816.091392072849, 1828.8266535382718, 1849.8799540102482, 1992.8881385130808, 2406.7935241619125, 3713.085663388483, 7913.463364937343, 21085.3006800171, 63096.9848864479], "lengs": [10.0, 31.622776601683796, 100.0, 316.2277660168379, 1000.0, 3162.277660168379, 10000.0, 31622.776601683796, 100000.0]}