{"benchmarks": [[1219.30975614395, 1184.0388804222457, 1205.772030735854, 1203.2531931228004, 1206.8164759459905], [1581.6405949350446, 1587.2874057241715, 1574.0067727612332, 1581.0029721995816, 1572.9640109371394], [4205.16017263988, 4160.427102404181, 4223.519868248608, 4210.189734387677, 4193.685946950689], [5908.296172773, 5892.587018366903, 5849.416595040355, 5885.345801059157, 5904.155868313275]], "medians": [1205772.030735854, 1581002.9721995816, 4205160.17263988, 5892587.018366903], "lengs": [10.0, 21.544346900318832, 46.41588833612778, 100.0]}