{"lengs":[10,31.622776601683793,100,316.2277660168379,1000,3162.2776601683795,10000,31622.776601683792,100000],"medians":[8.1068185,8.3378185000000009,8.1398185,9.0018184999999988,8.491818499999999,8.6128185000000013,8.1598185,7.7838185000000006,7.5218185]}