{"lengs":[10,21.544346900318835,46.415888336127772,100],"medians":[8104.0778054999992,18556.1298055,39166.754805500008,79873.7338055]}