{"lengs":[10,21.544346900318835,46.415888336127772,100,215.44346900318823,464.15888336127819,1000],"medians":[253334.90981100002,277499.508811,305635.53081100003,398674.949811,395329.230811,430111.837811,489573.529811]}