{"lengs":[10,21.544346900318835,46.415888336127772,100,215.44346900318823,464.15888336127819,1000],"medians":[12348.744819999998,13433.89482,21806.94182,24367.875819999997,28105.04082,36780.01582,37453.19482]}