{"lengs":1.9998618696327441,"medians":47.4308275}