{"lengs":[10,31.622776601683793,100,316.2277660168379,1000,3162.2776601683795,10000],"medians":[820.378823,2524.025823,7762.948823,29239.344823,76842.379823,246602.79382299999,838726.440823]}