{"lengs":[10,31.622776601683793,100,316.2277660168379,1000,3162.2776601683795,10000],"medians":[54.5217995,50.675799500000004,51.6277995,49.7177995,50.5787995,51.1307995,45.7407995]}