{"lengs":[10,31.622776601683793,100,316.2277660168379,1000,3162.2776601683795,10000,31622.776601683792,100000],"medians":[10.7518405,22.7388405,65.4678405,198.3908405,586.5278405,1833.9078405,5887.7568405,19277.559840500002,56531.964840500004]}