{"lengs":[10,21.544346900318835,46.415888336127772,100,215.44346900318823,464.15888336127819,1000],"medians":[860.5957835,1019.4637835,1222.4147835,1282.5657835000002,1275.9837835,1366.1237835,1376.6867835]}