{"lengs":19.998618696327437,"medians":8.303802000000001}