{"lengs":[10,21.544346900318835,46.415888336127772,100,215.44346900318823,464.15888336127819,1000],"medians":[179754.27882349998,207350.57582349997,235119.3558235,325726.3168235,323731.0318235,358432.7718235,414944.1118235]}