{"lengs":149.96848355023741,"medians":348614.86181050004}