{"lengs":[10,31.622776601683793,100,316.2277660168379,1000,3162.2776601683795,10000,31622.776601683792,100000],"medians":[13.240824,28.200824,83.370824,255.95882399999996,806.173824,2533.049824,8229.362824,25971.307824,79550.131824000011]}