{"lengs":19998.618696327449,"medians":100971.065833}